,text,labels_0,labels_1,labels_2,labels_3,labels_4,labels_5,labels_6,labels_7,labels_8,labels_9,labels_10,labels_11,labels_12,labels_13,labels_14,labels_15
0," Sooft nach LOC und noch nie hier Essen, was für eine Zeitverschwendung!","('GENERAL-IMPRESSION', 'NEGATIVE', 'NULL')",,,,,,,,,,,,,,,
1," Sooft nach LOC und noch nie hier Essen, was für eine Zeitverschwendung!",,,,,,,,,,,,,,,,
2,"!Auch wenn die Bedienung sich dafür entschuldigt hat, war es kein schönes Erlebnis.","('SERVICE', 'POSITIVE', 'Bedienung')","('GENERAL-IMPRESSION', 'NEGATIVE', 'NULL')",,,,,,,,,,,,,,
3,"!Auch wenn die Bedienung sich dafür entschuldigt hat, war es kein schönes Erlebnis.",,,,,,,,,,,,,,,,
4,!Dieses Lokal können wir sehr guten Gewissens nur empfehlen (und wir empfehlen nur selten Restaurants).,"('GENERAL-IMPRESSION', 'POSITIVE', 'Lokal')",,,,,,,,,,,,,,,
5,!Dieses Lokal können wir sehr guten Gewissens nur empfehlen (und wir empfehlen nur selten Restaurants).,,,,,,,,,,,,,,,,
6,!Mit Abstand der lächerlichste laden in LOC!,"('GENERAL-IMPRESSION', 'NEGATIVE', 'laden')",,,,,,,,,,,,,,,
7,!Mit Abstand der lächerlichste laden in LOC!,,,,,,,,,,,,,,,,
8,!Nur zu empfehlen!,"('GENERAL-IMPRESSION', 'POSITIVE', 'NULL')",,,,,,,,,,,,,,,
9,!Nur zu empfehlen!,,,,,,,,,,,,,,,,
10,"""Übrigens, das Ehepaar, welches nach uns an unserem Tisch Platz nahm, sah sich genötigt, sich persönlich auf die Suche nach einen/r Servicemitarbeiter/in zu begeben.","('SERVICE', 'NEGATIVE', 'Servicemitarbeiter/in')",,,,,,,,,,,,,,,
11,"""Übrigens, das Ehepaar, welches nach uns an unserem Tisch Platz nahm, sah sich genötigt, sich persönlich auf die Suche nach einen/r Servicemitarbeiter/in zu begeben.",,,,,,,,,,,,,,,,
12,- Es war schon mal deutlich besser.,"('GENERAL-IMPRESSION', 'NEGATIVE', 'NULL')",,,,,,,,,,,,,,,
13,- Es war schon mal deutlich besser.,,,,,,,,,,,,,,,,
14,23 abends dann doch etwas frisch auf der Terrasse.,"('AMBIENCE', 'NEGATIVE', 'Terrasse')",,,,,,,,,,,,,,,
15,23 abends dann doch etwas frisch auf der Terrasse.,,,,,,,,,,,,,,,,
16,"2x umgesetzt werden, nach 45 min immer noch keine Bestellung aufgenommen.","('SERVICE', 'NEGATIVE', 'NULL')",,,,,,,,,,,,,,,
17,"2x umgesetzt werden, nach 45 min immer noch keine Bestellung aufgenommen.",,,,,,,,,,,,,,,,
18,"30% - ausreichend Personal, System der Annahme von Bestellungen nicht erkennbar.","('SERVICE', 'NEGATIVE', 'System der Annahme von Bestellungen')",,,,,,,,,,,,,,,
19,"30% - ausreichend Personal, System der Annahme von Bestellungen nicht erkennbar.",,,,,,,,,,,,,,,,
20,":)Großer Dank gilt hier unserer Bedienung Susanna, die höflichst und in bester italienischer Manier auf unsere Wünsche eingegangen ist!","('SERVICE', 'POSITIVE', 'Susanna')",,,,,,,,,,,,,,,
21,":)Großer Dank gilt hier unserer Bedienung Susanna, die höflichst und in bester italienischer Manier auf unsere Wünsche eingegangen ist!",,,,,,,,,,,,,,,,
22,= Brauhaus - Service = unterste Schublade,"('SERVICE', 'NEGATIVE', 'Brauhaus - Service')",,,,,,,,,,,,,,,
23,= Brauhaus - Service = unterste Schublade,,,,,,,,,,,,,,,,
24,"Aber Fernet Branca aus einem Grappaglas, das ist Stilbruch.","('FOOD', 'NEGATIVE', 'Fernet Branca aus einem Grappaglas')",,,,,,,,,,,,,,,
25,"Aber Fernet Branca aus einem Grappaglas, das ist Stilbruch.",,,,,,,,,,,,,,,,
26,Aber das Essen ist einfach nichts besonderes.,"('FOOD', 'NEUTRAL', 'Essen')",,,,,,,,,,,,,,,
27,Aber das Essen ist einfach nichts besonderes.,,,,,,,,,,,,,,,,
28,"Aber das Saure Lüngerl (eine der Spezialitäten des Hauses) war so sauer, dass es leider nicht essbar war, außerdem war es lauwarm.","('FOOD', 'NEGATIVE', 'Saure Lüngerl')",,,,,,,,,,,,,,,
29,"Aber das Saure Lüngerl (eine der Spezialitäten des Hauses) war so sauer, dass es leider nicht essbar war, außerdem war es lauwarm.",,,,,,,,,,,,,,,,
30,"Aber die Bedienung war schon sehr unfreundlich und wollte das Menu nicht ein klein wenig erklären, was bei den Preisen schon ganz nett wäre.","('SERVICE', 'NEGATIVE', 'Bedienung')",,,,,,,,,,,,,,,
31,"Aber die Bedienung war schon sehr unfreundlich und wollte das Menu nicht ein klein wenig erklären, was bei den Preisen schon ganz nett wäre.",,,,,,,,,,,,,,,,
32,Aber die Kellner schaffen es sehr gut sich dort durchzuwinden und trotz des brechend vollen Hauses kam unser Essen nach normaler Wartezeit.,"('SERVICE', 'POSITIVE', 'Kellner')",,,,,,,,,,,,,,,
33,Aber die Kellner schaffen es sehr gut sich dort durchzuwinden und trotz des brechend vollen Hauses kam unser Essen nach normaler Wartezeit.,,,,,,,,,,,,,,,,
34,Aber er war nicht ganz schlecht.,"('GENERAL-IMPRESSION', 'NEUTRAL', 'NULL')",,,,,,,,,,,,,,,
35,Aber er war nicht ganz schlecht.,,,,,,,,,,,,,,,,
36,"Aber es gab zu viele ""aber"" man ist freundlich, hat sich hier aber doch sehr vom Ruf des Fernsehkochs abhängig gemacht.","('GENERAL-IMPRESSION', 'NEGATIVE', 'NULL')",,,,,,,,,,,,,,,
37,"Aber es gab zu viele ""aber"" man ist freundlich, hat sich hier aber doch sehr vom Ruf des Fernsehkochs abhängig gemacht.",,,,,,,,,,,,,,,,
38,Aber freundliche und schnelle Bedienung.,"('SERVICE', 'POSITIVE', 'Bedienung')",,,,,,,,,,,,,,,
39,Aber freundliche und schnelle Bedienung.,,,,,,,,,,,,,,,,
40,Aber leider lässt die Qualität des Essens zu wünschen übrig.,"('FOOD', 'NEGATIVE', 'Essens')",,,,,,,,,,,,,,,
41,Aber leider lässt die Qualität des Essens zu wünschen übrig.,,,,,,,,,,,,,,,,
42,Aber trotzdem ist der Besuch lohnend und zu empfehlen.,"('GENERAL-IMPRESSION', 'POSITIVE', 'Besuch')",,,,,,,,,,,,,,,
43,Aber trotzdem ist der Besuch lohnend und zu empfehlen.,,,,,,,,,,,,,,,,
44,Aber was hier aktuell kredenzt wird und vor allem das unprofessionelle Ambiente schreckt ab.,"('FOOD', 'NEGATIVE', 'NULL')","('AMBIENCE', 'NEGATIVE', 'Ambiente')",,,,,,,,,,,,,,
45,Aber was hier aktuell kredenzt wird und vor allem das unprofessionelle Ambiente schreckt ab.,,,,,,,,,,,,,,,,
46,Absolut freundlicher Kellner ( Chef ?,"('SERVICE', 'POSITIVE', 'Kellner')",,,,,,,,,,,,,,,
47,Absolut freundlicher Kellner ( Chef ?,,,,,,,,,,,,,,,,
48,Absolut schlechte Küche!,"('FOOD', 'NEGATIVE', 'Küche')",,,,,,,,,,,,,,,
49,Absolut schlechte Küche!,,,,,,,,,,,,,,,,
50,Absolut weiterzuempfehlen.,"('GENERAL-IMPRESSION', 'POSITIVE', 'NULL')",,,,,,,,,,,,,,,
51,Absolut weiterzuempfehlen.,,,,,,,,,,,,,,,,
52,"Absolute Empfehlung, hier gehe ich gerne wieder hin.","('GENERAL-IMPRESSION', 'POSITIVE', 'NULL')",,,,,,,,,,,,,,,
53,"Absolute Empfehlung, hier gehe ich gerne wieder hin.",,,,,,,,,,,,,,,,
54,Alle Personal sehr freundlich.,"('SERVICE', 'POSITIVE', 'Personal')",,,,,,,,,,,,,,,
55,Alle Personal sehr freundlich.,,,,,,,,,,,,,,,,
56,Allein wegen ihr würden wir wiederkommen :),"('GENERAL-IMPRESSION', 'POSITIVE', 'NULL')",,,,,,,,,,,,,,,
57,Allein wegen ihr würden wir wiederkommen :),,,,,,,,,,,,,,,,
58,"Allerdings dauerte es ewig bis das Essen kam, obwohl das Lokal nur zu 1/3 gefüllt war.","('SERVICE', 'NEGATIVE', 'NULL')",,,,,,,,,,,,,,,
59,"Allerdings dauerte es ewig bis das Essen kam, obwohl das Lokal nur zu 1/3 gefüllt war.",,,,,,,,,,,,,,,,
60,"Allerdings gab man uns, trotz Reservierung wochenlang im Voraus, einen Tisch hinter dem ständig das dreckige Geschirr von abgeräumten Tischen deponiert wurde.","('AMBIENCE', 'NEGATIVE', 'Tisch')",,,,,,,,,,,,,,,
61,"Allerdings gab man uns, trotz Reservierung wochenlang im Voraus, einen Tisch hinter dem ständig das dreckige Geschirr von abgeräumten Tischen deponiert wurde.",,,,,,,,,,,,,,,,
62,Allerdings ist das Restaurant kein Schnäppchen.,"('PRICE', 'NEGATIVE', 'Restaurant')",,,,,,,,,,,,,,,
63,Allerdings ist das Restaurant kein Schnäppchen.,,,,,,,,,,,,,,,,
64,"Allerdings sahen die präsentierten frischen Fische an diesem Abend absolut nicht mehr frisch aus, weshalb ich mich nur für eine Fischsuppe entschieden habe.","('FOOD', 'NEGATIVE', 'Fische')",,,,,,,,,,,,,,,
65,"Allerdings sahen die präsentierten frischen Fische an diesem Abend absolut nicht mehr frisch aus, weshalb ich mich nur für eine Fischsuppe entschieden habe.",,,,,,,,,,,,,,,,
66,Allerdings waren die Bedienungen sehr aufmerksam.,"('SERVICE', 'POSITIVE', 'Bedienungen')",,,,,,,,,,,,,,,
67,Allerdings waren die Bedienungen sehr aufmerksam.,,,,,,,,,,,,,,,,
68,Alles in allem eine Unverschämtheit.,"('GENERAL-IMPRESSION', 'NEGATIVE', 'NULL')",,,,,,,,,,,,,,,
69,Alles in allem eine Unverschämtheit.,,,,,,,,,,,,,,,,
70,"Alles perfekt, eindeutig griechisch lecker, ok., der Reihe nach, im Detail:die sehr gute Vorspeise weckt den Appetit auf das Hauptgericht, das sowohl als Fleisch- und als Fischvariante absolut Klasse war, Ambiente angenehme Schlichtheit und das Personal in seiner waschechten, gastfreundlichen, griechischen Art einfach super!!","('FOOD', 'POSITIVE', 'Vorspeise')","('FOOD', 'POSITIVE', 'Fleisch- und als Fischvariante')","('AMBIENCE', 'POSITIVE', 'Ambiente')","('SERVICE', 'POSITIVE', 'Personal')",,,,,,,,,,,,
71,"Alles perfekt, eindeutig griechisch lecker, ok., der Reihe nach, im Detail:die sehr gute Vorspeise weckt den Appetit auf das Hauptgericht, das sowohl als Fleisch- und als Fischvariante absolut Klasse war, Ambiente angenehme Schlichtheit und das Personal in seiner waschechten, gastfreundlichen, griechischen Art einfach super!!",,,,,,,,,,,,,,,,
72,Alles wie immer frisch zu bereitet.,"('FOOD', 'POSITIVE', 'NULL')",,,,,,,,,,,,,,,
73,Alles wie immer frisch zu bereitet.,,,,,,,,,,,,,,,,
74,Als Hauptgericht war haben ein Steinbutt bestellt aber der Fish der serviert wurde hatte vielleicht mal ein Steinbutt von weitem gesehen.,"('FOOD', 'NEGATIVE', 'Fish')",,,,,,,,,,,,,,,
75,Als Hauptgericht war haben ein Steinbutt bestellt aber der Fish der serviert wurde hatte vielleicht mal ein Steinbutt von weitem gesehen.,,,,,,,,,,,,,,,,
76,"Als Kommentar kam nur der freche Spruch: das ist ebenso, da die Toilette im Untergeschoss sei.","('SERVICE', 'NEGATIVE', 'NULL')",,,,,,,,,,,,,,,
77,"Als Kommentar kam nur der freche Spruch: das ist ebenso, da die Toilette im Untergeschoss sei.",,,,,,,,,,,,,,,,
78,"Als nach einer dreiviertel Stunde endlich das Essen kam, war das sehr enttäuschend.","('FOOD', 'NEGATIVE', 'Essen')",,,,,,,,,,,,,,,
79,"Als nach einer dreiviertel Stunde endlich das Essen kam, war das sehr enttäuschend.",,,,,,,,,,,,,,,,
80,"Also versuchten wir zu bezahlen, was auch nicht sehr einfach war, weil ca.","('SERVICE', 'NEGATIVE', 'NULL')",,,,,,,,,,,,,,,
81,"Also versuchten wir zu bezahlen, was auch nicht sehr einfach war, weil ca.",,,,,,,,,,,,,,,,
82,Also wer großen Hunger hat wird wahrscheinlich nicht zufrieden gestellt.,"('FOOD', 'NEGATIVE', 'NULL')",,,,,,,,,,,,,,,
83,Also wer großen Hunger hat wird wahrscheinlich nicht zufrieden gestellt.,,,,,,,,,,,,,,,,
84,"Am Eingang ist niemand der einem die Abrechnungskarze übergibt, Warten !","('SERVICE', 'NEGATIVE', 'NULL')",,,,,,,,,,,,,,,
85,"Am Eingang ist niemand der einem die Abrechnungskarze übergibt, Warten !",,,,,,,,,,,,,,,,
86,"Am Ende waren wir sehr enttäuscht von dem sehr unfreundlichen Service, weshalb wir kein Trinkgeld gegeben haben, daraufhin bekamen wir zum Abschied nicht Mal ein Tschüss.","('SERVICE', 'NEGATIVE', 'Service')",,,,,,,,,,,,,,,
87,"Am Ende waren wir sehr enttäuscht von dem sehr unfreundlichen Service, weshalb wir kein Trinkgeld gegeben haben, daraufhin bekamen wir zum Abschied nicht Mal ein Tschüss.",,,,,,,,,,,,,,,,
88,"Am LOC gelegen, wird hier leckeres Bier und zünftiges Essen serviert.","('FOOD', 'POSITIVE', 'Bier')","('FOOD', 'POSITIVE', 'Essen')",,,,,,,,,,,,,,
89,"Am LOC gelegen, wird hier leckeres Bier und zünftiges Essen serviert.",,,,,,,,,,,,,,,,
90,"Ambiente gut, Wetter gut, Bedienung flink und freundlich.","('AMBIENCE', 'POSITIVE', 'Ambiente')","('AMBIENCE', 'POSITIVE', 'Wetter')","('SERVICE', 'POSITIVE', 'Bedienung')",,,,,,,,,,,,,
91,"Ambiente gut, Wetter gut, Bedienung flink und freundlich.",,,,,,,,,,,,,,,,
92,Ambiente und Essen sind sehr stimmig.,"('FOOD', 'POSITIVE', 'Essen')","('AMBIENCE', 'POSITIVE', 'Ambiente')",,,,,,,,,,,,,,
93,Ambiente und Essen sind sehr stimmig.,,,,,,,,,,,,,,,,
94,An den Getränken gibt es nichts auszusetzen.,"('FOOD', 'POSITIVE', 'Getränken')",,,,,,,,,,,,,,,
95,An den Getränken gibt es nichts auszusetzen.,,,,,,,,,,,,,,,,
96,"Anschließend hatte jeder ein Maß bestellt, wo die fast die Hälfte des Bieres aus Schaum bestand, allein das grenzte an Betrug.","('FOOD', 'NEGATIVE', 'Bieres')",,,,,,,,,,,,,,,
97,"Anschließend hatte jeder ein Maß bestellt, wo die fast die Hälfte des Bieres aus Schaum bestand, allein das grenzte an Betrug.",,,,,,,,,,,,,,,,
98,Anschließend war die Bedienung völlig mit jeglicher Weinempfehlung überfordert.,"('SERVICE', 'NEGATIVE', 'Bedienung')",,,,,,,,,,,,,,,
99,Anschließend war die Bedienung völlig mit jeglicher Weinempfehlung überfordert.,,,,,,,,,,,,,,,,
100,"Anstatt es einfach auszutauschen wurde mir gesagt, das ich da eben Pech habe.","('SERVICE', 'NEGATIVE', 'NULL')",,,,,,,,,,,,,,,
101,"Anstatt es einfach auszutauschen wurde mir gesagt, das ich da eben Pech habe.",,,,,,,,,,,,,,,,
102,"Aschenbecher vom Personal auf den Tisch gestellt, wo alte Zigaretten enthalten waren.","('AMBIENCE', 'NEGATIVE', 'Aschenbecher')","('SERVICE', 'NEGATIVE', 'Personal')",,,,,,,,,,,,,,
103,"Aschenbecher vom Personal auf den Tisch gestellt, wo alte Zigaretten enthalten waren.",,,,,,,,,,,,,,,,
104,"Atmosphäre des Lokals ist gut, Personal reagierte auf den Wunsch, beim Salat eine Zutat wegzulassen allerdings unflexibel und der Inhaber ist mehr als unfreundlich.","('AMBIENCE', 'POSITIVE', 'Atmosphäre')","('SERVICE', 'NEGATIVE', 'Inhaber')","('SERVICE', 'NEGATIVE', 'Personal')",,,,,,,,,,,,,
105,"Atmosphäre des Lokals ist gut, Personal reagierte auf den Wunsch, beim Salat eine Zutat wegzulassen allerdings unflexibel und der Inhaber ist mehr als unfreundlich.",,,,,,,,,,,,,,,,
106,Atmosphäre sehr gut.,"('AMBIENCE', 'POSITIVE', 'Atmosphäre')",,,,,,,,,,,,,,,
107,Atmosphäre sehr gut.,,,,,,,,,,,,,,,,
108,Auch Getränke überteuert.,"('PRICE', 'NEGATIVE', 'Getränke')",,,,,,,,,,,,,,,
109,Auch Getränke überteuert.,,,,,,,,,,,,,,,,
110,Auch das Kalbsschnitzel mit warmen Kartoffel-Gurkensalat sehr schön auf einem Holzbrett und einem Töpfchen serviert war sehr lecker.,"('FOOD', 'POSITIVE', 'Kalbsschnitzel mit warmen Kartoffel-Gurkensalat')",,,,,,,,,,,,,,,
111,Auch das Kalbsschnitzel mit warmen Kartoffel-Gurkensalat sehr schön auf einem Holzbrett und einem Töpfchen serviert war sehr lecker.,,,,,,,,,,,,,,,,
112,"Auch das Personal ist sehr freundlich, hilfsbereit und zuvorkommend!","('SERVICE', 'POSITIVE', 'Personal')",,,,,,,,,,,,,,,
113,"Auch das Personal ist sehr freundlich, hilfsbereit und zuvorkommend!",,,,,,,,,,,,,,,,
114,Auch der Murrejubbel Knödel und vor allem das LOC mit Apfelreduktion war ein Highlight.,"('FOOD', 'POSITIVE', 'Murrejubbel Knödel')","('FOOD', 'POSITIVE', 'LOC mit Apfelreduktion')",,,,,,,,,,,,,,
115,Auch der Murrejubbel Knödel und vor allem das LOC mit Apfelreduktion war ein Highlight.,,,,,,,,,,,,,,,,
116,"Auch der Service war aufmerksam, freundlich und kompetent","('SERVICE', 'POSITIVE', 'Service')",,,,,,,,,,,,,,,
117,"Auch der Service war aufmerksam, freundlich und kompetent",,,,,,,,,,,,,,,,
118,Auch der bestellte Wein kam erst nach dem Essen.,"('SERVICE', 'NEGATIVE', 'Wein')",,,,,,,,,,,,,,,
119,Auch der bestellte Wein kam erst nach dem Essen.,,,,,,,,,,,,,,,,
120,Auch die Ansprache Süßmaus bei der nächsten Gelegenheit war eher unpassend.,"('SERVICE', 'NEGATIVE', 'NULL')",,,,,,,,,,,,,,,
121,Auch die Ansprache Süßmaus bei der nächsten Gelegenheit war eher unpassend.,,,,,,,,,,,,,,,,
122,"Auch die Gaststube verströmt ein gewachsenes authentisches Ambiente, wie es in LOC nur noch selten zu finden ist.","('AMBIENCE', 'POSITIVE', 'Ambiente')",,,,,,,,,,,,,,,
123,"Auch die Gaststube verströmt ein gewachsenes authentisches Ambiente, wie es in LOC nur noch selten zu finden ist.",,,,,,,,,,,,,,,,
124,Auch die Lage ist wie in „ bella Italia“.,"('AMBIENCE', 'POSITIVE', 'Lage')",,,,,,,,,,,,,,,
125,Auch die Lage ist wie in „ bella Italia“.,,,,,,,,,,,,,,,,
126,Auch die Schnitzel kamen innerhalb einer 5-Minuten Frist und waren Massenware.,"('FOOD', 'NEGATIVE', 'Schnitzel')",,,,,,,,,,,,,,,
127,Auch die Schnitzel kamen innerhalb einer 5-Minuten Frist und waren Massenware.,,,,,,,,,,,,,,,,
128,Auch die Wein Empfehlung war super.,"('FOOD', 'POSITIVE', 'Wein Empfehlung')",,,,,,,,,,,,,,,
129,Auch die Wein Empfehlung war super.,,,,,,,,,,,,,,,,
130,"Auch wenn das Ambiente nicht so ansprechend war, hat uns doch das Konzept und die Frische der Speisen überzeugt.","('AMBIENCE', 'NEGATIVE', 'Ambiente')","('FOOD', 'POSITIVE', 'Speisen')",,,,,,,,,,,,,,
131,"Auch wenn das Ambiente nicht so ansprechend war, hat uns doch das Konzept und die Frische der Speisen überzeugt.",,,,,,,,,,,,,,,,
132,Auch wirklich gut und habe ich auch noch nie gegessen.,"('FOOD', 'POSITIVE', 'NULL')",,,,,,,,,,,,,,,
133,Auch wirklich gut und habe ich auch noch nie gegessen.,,,,,,,,,,,,,,,,
134,Auf diesen recht lieblos angerichteten - und gerade so : essbaren Burger mussten wir über eine Stunde (!!!),"('SERVICE', 'NEGATIVE', 'NULL')","('FOOD', 'NEGATIVE', 'Burger')",,,,,,,,,,,,,,
135,Auf diesen recht lieblos angerichteten - und gerade so : essbaren Burger mussten wir über eine Stunde (!!!),,,,,,,,,,,,,,,,
136,"Auf ein zwei schöne Biere kommen wir sicher wieder, essen werden wir vermutlich nicht mehr.","('FOOD', 'POSITIVE', 'Biere')","('FOOD', 'NEGATIVE', 'essen')",,,,,,,,,,,,,,
137,"Auf ein zwei schöne Biere kommen wir sicher wieder, essen werden wir vermutlich nicht mehr.",,,,,,,,,,,,,,,,
138,"Auf meine Beschwerde hin wurde mir gesagt, dass das bayrische Bier eben viel Schaum habe.","('SERVICE', 'NEGATIVE', 'NULL')",,,,,,,,,,,,,,,
139,"Auf meine Beschwerde hin wurde mir gesagt, dass das bayrische Bier eben viel Schaum habe.",,,,,,,,,,,,,,,,
140,Auf übermäßig Freundlichkeit des Service verzichtet man.,"('SERVICE', 'NEGATIVE', 'Service')",,,,,,,,,,,,,,,
141,Auf übermäßig Freundlichkeit des Service verzichtet man.,,,,,,,,,,,,,,,,
142,Authentisches griechisches Essen für einen super Preis.,"('FOOD', 'POSITIVE', 'Essen')","('PRICE', 'POSITIVE', 'Essen')",,,,,,,,,,,,,,
143,Authentisches griechisches Essen für einen super Preis.,,,,,,,,,,,,,,,,
144,Außerordentlich freundliches und aufmerksames Personal.,"('SERVICE', 'POSITIVE', 'Personal')",,,,,,,,,,,,,,,
145,Außerordentlich freundliches und aufmerksames Personal.,,,,,,,,,,,,,,,,
146,"Bahnhofs-Atmosphäre.. 19:35 kam die Vorspeise, wir mussten nach Besteck fragen… 19:45 kam die Hauptspeise, obwohl wir noch mit der Vorspeise beschäftigt waren.","('AMBIENCE', 'NEGATIVE', 'Bahnhofs-Atmosphäre')","('SERVICE', 'NEGATIVE', 'NULL')",,,,,,,,,,,,,,
147,"Bahnhofs-Atmosphäre.. 19:35 kam die Vorspeise, wir mussten nach Besteck fragen… 19:45 kam die Hauptspeise, obwohl wir noch mit der Vorspeise beschäftigt waren.",,,,,,,,,,,,,,,,
148,Bald wieder!,"('GENERAL-IMPRESSION', 'POSITIVE', 'NULL')",,,,,,,,,,,,,,,
149,Bald wieder!,,,,,,,,,,,,,,,,
150,Bedienung leider nicht aufmerksam.,"('SERVICE', 'NEGATIVE', 'Bedienung')",,,,,,,,,,,,,,,
151,Bedienung leider nicht aufmerksam.,,,,,,,,,,,,,,,,
152,"Bedienung sehr freundlich, top!","('SERVICE', 'POSITIVE', 'Bedienung')",,,,,,,,,,,,,,,
153,"Bedienung sehr freundlich, top!",,,,,,,,,,,,,,,,
154,Bedienung war zuvorkommend und schnell.,"('SERVICE', 'POSITIVE', 'Bedienung')",,,,,,,,,,,,,,,
155,Bedienung war zuvorkommend und schnell.,,,,,,,,,,,,,,,,
156,"Bedienungen sprechen teilweise nur gebrochen deutsch, ich wurde trotz vieler freier Tische abgewiesen mit der Begründung „nicht genügend Personal“ …..","('SERVICE', 'NEGATIVE', 'Bedienungen')",,,,,,,,,,,,,,,
157,"Bedienungen sprechen teilweise nur gebrochen deutsch, ich wurde trotz vieler freier Tische abgewiesen mit der Begründung „nicht genügend Personal“ …..",,,,,,,,,,,,,,,,
158,Bei einer sehr freundlichen Kellnerin zwei Kölsch bestellt.,"('SERVICE', 'POSITIVE', 'Kellnerin')",,,,,,,,,,,,,,,
159,Bei einer sehr freundlichen Kellnerin zwei Kölsch bestellt.,,,,,,,,,,,,,,,,
160,Bei mir war es nicht viel besser.,"('GENERAL-IMPRESSION', 'NEGATIVE', 'NULL')",,,,,,,,,,,,,,,
161,Bei mir war es nicht viel besser.,,,,,,,,,,,,,,,,
162,Beides sehr gut.,"('GENERAL-IMPRESSION', 'POSITIVE', 'NULL')",,,,,,,,,,,,,,,
163,Beides sehr gut.,,,,,,,,,,,,,,,,
164,Beides wurde einzeln gebracht mit einer Verzögerung von 10min.,"('SERVICE', 'NEGATIVE', 'Verzögerung')",,,,,,,,,,,,,,,
165,Beides wurde einzeln gebracht mit einer Verzögerung von 10min.,,,,,,,,,,,,,,,,
166,"Beim Bezahlen gaben wir dem Kellner dann Trinkgeld, was scheinbar nicht ausreichend war, weil er uns mit den Worten „ach heute ist nicht mehr drin?“ verabschiedete.","('SERVICE', 'NEGATIVE', 'Kellner')",,,,,,,,,,,,,,,
167,"Beim Bezahlen gaben wir dem Kellner dann Trinkgeld, was scheinbar nicht ausreichend war, weil er uns mit den Worten „ach heute ist nicht mehr drin?“ verabschiedete.",,,,,,,,,,,,,,,,
168,Beim Cheeseburger war nur eine Spur Cheese aufgelegt.,"('FOOD', 'NEGATIVE', 'Cheeseburger')","('FOOD', 'NEGATIVE', 'Cheese')",,,,,,,,,,,,,,
169,Beim Cheeseburger war nur eine Spur Cheese aufgelegt.,,,,,,,,,,,,,,,,
170,"Beim Schweinebraten hat die Würze gefehlt, der dazugehörige Salat war fantastisch, die Kruste auch, der Kartoffelknödel war essbar, der Semmelknödel weniger.","('FOOD', 'NEGATIVE', 'Schweinebraten')","('FOOD', 'POSITIVE', 'Salat')","('FOOD', 'POSITIVE', 'Kruste')","('FOOD', 'POSITIVE', 'Kartoffelknödel')","('FOOD', 'NEGATIVE', 'Semmelknödel')",,,,,,,,,,,
171,"Beim Schweinebraten hat die Würze gefehlt, der dazugehörige Salat war fantastisch, die Kruste auch, der Kartoffelknödel war essbar, der Semmelknödel weniger.",,,,,,,,,,,,,,,,
172,Beim Thai mixed Starter fehlten unkommentiert zwei auf der Speisekarte angekündigte Komponenten.,"('FOOD', 'NEGATIVE', 'Thai mixed Starter')",,,,,,,,,,,,,,,
173,Beim Thai mixed Starter fehlten unkommentiert zwei auf der Speisekarte angekündigte Komponenten.,,,,,,,,,,,,,,,,
174,Beim dritten Versuch war das Fleisch schon wieder kalt.,"('FOOD', 'NEGATIVE', 'Fleisch')",,,,,,,,,,,,,,,
175,Beim dritten Versuch war das Fleisch schon wieder kalt.,,,,,,,,,,,,,,,,
176,Beim zweiten Mal waren wir uns einig - so geht‘s nicht.,"('GENERAL-IMPRESSION', 'NEGATIVE', 'NULL')",,,,,,,,,,,,,,,
177,Beim zweiten Mal waren wir uns einig - so geht‘s nicht.,,,,,,,,,,,,,,,,
178,Belag teilweise Tiefkühlware.,"('FOOD', 'NEGATIVE', 'Belag')",,,,,,,,,,,,,,,
179,Belag teilweise Tiefkühlware.,,,,,,,,,,,,,,,,
180,Bereits die Online-Reservierung war komplett unkompliziert.,"('SERVICE', 'POSITIVE', 'NULL')",,,,,,,,,,,,,,,
181,Bereits die Online-Reservierung war komplett unkompliziert.,,,,,,,,,,,,,,,,
182,Besonders das Lachsfilet war sehr lecker.,"('FOOD', 'POSITIVE', 'Lachsfilet')",,,,,,,,,,,,,,,
183,Besonders das Lachsfilet war sehr lecker.,,,,,,,,,,,,,,,,
184,"Besonders für die liebe Bedienung , den netten Kellner und den aufmerksamen Service von (Luca) waren wir total dankbar 🤗 und das Dessert ( Cassata Siciliana) mmm unglaublich lecker 😋","('SERVICE', 'POSITIVE', 'Bedienung')","('SERVICE', 'POSITIVE', 'Kellner')","('FOOD', 'POSITIVE', 'Dessert')","('SERVICE', 'POSITIVE', 'Luca')",,,,,,,,,,,,
185,"Besonders für die liebe Bedienung , den netten Kellner und den aufmerksamen Service von (Luca) waren wir total dankbar 🤗 und das Dessert ( Cassata Siciliana) mmm unglaublich lecker 😋",,,,,,,,,,,,,,,,
186,"Besonders hervorzuheben, war der Kellner Jacques.","('SERVICE', 'POSITIVE', 'Jacques')",,,,,,,,,,,,,,,
187,"Besonders hervorzuheben, war der Kellner Jacques.",,,,,,,,,,,,,,,,
188,Besser nicht!,"('GENERAL-IMPRESSION', 'NEGATIVE', 'NULL')",,,,,,,,,,,,,,,
189,Besser nicht!,,,,,,,,,,,,,,,,
190,Bier wird zwischenzeitlich warm.,"('FOOD', 'NEGATIVE', 'Bier')",,,,,,,,,,,,,,,
191,Bier wird zwischenzeitlich warm.,,,,,,,,,,,,,,,,
192,"Bifteki nicht gefüllt, aber dafür mit guter Schafskäse Sauce, Lammmediallions zäh und doch eher trocken.","('FOOD', 'NEGATIVE', 'Lammmediallions')","('FOOD', 'NEGATIVE', 'Bifteki')","('FOOD', 'POSITIVE', 'Schafskäse Sauce')",,,,,,,,,,,,,
193,"Bifteki nicht gefüllt, aber dafür mit guter Schafskäse Sauce, Lammmediallions zäh und doch eher trocken.",,,,,,,,,,,,,,,,
194,Bin total enttäuscht dieses Restaurant zu so einen besonderen Tag rausgesucht zu haben.,"('GENERAL-IMPRESSION', 'NEGATIVE', 'Restaurant')",,,,,,,,,,,,,,,
195,Bin total enttäuscht dieses Restaurant zu so einen besonderen Tag rausgesucht zu haben.,,,,,,,,,,,,,,,,
196,"Bis Pasta fertig ist, ist das Bier endgültig warm.","('SERVICE', 'NEGATIVE', 'NULL')",,,,,,,,,,,,,,,
197,"Bis Pasta fertig ist, ist das Bier endgültig warm.",,,,,,,,,,,,,,,,
198,"Bis endlich die Rechnung kam, dauerte es wieder ca.30min.","('SERVICE', 'NEGATIVE', 'Rechnung')",,,,,,,,,,,,,,,
199,"Bis endlich die Rechnung kam, dauerte es wieder ca.30min.",,,,,,,,,,,,,,,,
200,Brandy rundeten diesen einmaligen Abend ab.,"('FOOD', 'POSITIVE', 'Brandy')",,,,,,,,,,,,,,,
201,Brandy rundeten diesen einmaligen Abend ab.,,,,,,,,,,,,,,,,
202,Bratkartoffeln waren etwas arg hell ind die Zwiebeln auf dem Rostbraten etwas arg dunkel… aber ansonsten ein ordentliches Lokal im Herzen von LOC,"('FOOD', 'NEGATIVE', 'Bratkartoffeln')","('FOOD', 'NEGATIVE', 'Zwiebeln')","('GENERAL-IMPRESSION', 'POSITIVE', 'Lokal')",,,,,,,,,,,,,
203,Bratkartoffeln waren etwas arg hell ind die Zwiebeln auf dem Rostbraten etwas arg dunkel… aber ansonsten ein ordentliches Lokal im Herzen von LOC,,,,,,,,,,,,,,,,
204,"Bravo, wir kommen gerne wieder","('GENERAL-IMPRESSION', 'POSITIVE', 'NULL')",,,,,,,,,,,,,,,
205,"Bravo, wir kommen gerne wieder",,,,,,,,,,,,,,,,
206,"Carpaccio ein Traum 😍 Leider war bei einem Steak der Gargrad falsch, darf eigentlich nicht passieren in so einem Haus.","('FOOD', 'POSITIVE', 'Carpaccio')","('FOOD', 'NEGATIVE', 'Steak')",,,,,,,,,,,,,,
207,"Carpaccio ein Traum 😍 Leider war bei einem Steak der Gargrad falsch, darf eigentlich nicht passieren in so einem Haus.",,,,,,,,,,,,,,,,
208,"Da gibt es in LOC diverse Restaurants, wo es besser schmeckt und sich als Gast auch wohlfühlen kann.","('AMBIENCE', 'NEGATIVE', 'NULL')","('FOOD', 'NEGATIVE', 'NULL')",,,,,,,,,,,,,,
209,"Da gibt es in LOC diverse Restaurants, wo es besser schmeckt und sich als Gast auch wohlfühlen kann.",,,,,,,,,,,,,,,,
210,Da gibt es überhaupt nichts zu meckern.,"('GENERAL-IMPRESSION', 'NEGATIVE', 'NULL')",,,,,,,,,,,,,,,
211,Da gibt es überhaupt nichts zu meckern.,,,,,,,,,,,,,,,,
212,Da kann auch der Service für unsere 50-köpfige Truppe noch so verbesserungswürdig sein ...,"('SERVICE', 'NEGATIVE', 'Service')",,,,,,,,,,,,,,,
213,Da kann auch der Service für unsere 50-köpfige Truppe noch so verbesserungswürdig sein ...,,,,,,,,,,,,,,,,
214,Da passt das unverschämte Servicepersonal ideal dazu.,"('SERVICE', 'NEGATIVE', 'Servicepersonal')",,,,,,,,,,,,,,,
215,Da passt das unverschämte Servicepersonal ideal dazu.,,,,,,,,,,,,,,,,
216,"Da war dann immer noch ordentlich Salz drin, aber es war essbar.","('FOOD', 'NEUTRAL', 'NULL')",,,,,,,,,,,,,,,
217,"Da war dann immer noch ordentlich Salz drin, aber es war essbar.",,,,,,,,,,,,,,,,
218,Dafür ist die Auswahl an Getränken sehr ordentlich.,"('FOOD', 'POSITIVE', 'Auswahl an Getränken')",,,,,,,,,,,,,,,
219,Dafür ist die Auswahl an Getränken sehr ordentlich.,,,,,,,,,,,,,,,,
220,Danach ging allerdings alles im Schneckentempo.,"('SERVICE', 'NEGATIVE', 'NULL')",,,,,,,,,,,,,,,
221,Danach ging allerdings alles im Schneckentempo.,,,,,,,,,,,,,,,,
222,Dank Lena haben wir den ersten Abend in LOC sehr genossen!,"('GENERAL-IMPRESSION', 'POSITIVE', 'NULL')",,,,,,,,,,,,,,,
223,Dank Lena haben wir den ersten Abend in LOC sehr genossen!,,,,,,,,,,,,,,,,
224,Danke für die tolle Zeit bei Euch!,"('GENERAL-IMPRESSION', 'POSITIVE', 'NULL')",,,,,,,,,,,,,,,
225,Danke für die tolle Zeit bei Euch!,,,,,,,,,,,,,,,,
226,"Dann LOC Knipp - Knipp, Gurken und Apfelmus fein, kann man nicht viel falsch machen.","('FOOD', 'POSITIVE', 'Gurken')","('FOOD', 'POSITIVE', 'Apfelmus')",,,,,,,,,,,,,,
227,"Dann LOC Knipp - Knipp, Gurken und Apfelmus fein, kann man nicht viel falsch machen.",,,,,,,,,,,,,,,,
228,"Dann war leider auch noch mein Schwertfisch nicht essbar, weil noch roh ( damit meine ich nicht glasig, sondern wirklich noch komplett roh auf einer Seite) und musste reklamiert werden.","('FOOD', 'NEGATIVE', 'Schwertfisch')",,,,,,,,,,,,,,,
229,"Dann war leider auch noch mein Schwertfisch nicht essbar, weil noch roh ( damit meine ich nicht glasig, sondern wirklich noch komplett roh auf einer Seite) und musste reklamiert werden.",,,,,,,,,,,,,,,,
230,"Darauf angesprochen meint der „Oberkellner“ nur: „Ich habe alles bestellt, ich bin aus dem Schneider.","('SERVICE', 'NEGATIVE', 'Oberkellner')",,,,,,,,,,,,,,,
231,"Darauf angesprochen meint der „Oberkellner“ nur: „Ich habe alles bestellt, ich bin aus dem Schneider.",,,,,,,,,,,,,,,,
232,"Daraufhin hat sie mich angepamt, ich würde an einem Tisch sitzen der gesperrt sei.","('SERVICE', 'NEGATIVE', 'NULL')",,,,,,,,,,,,,,,
233,"Daraufhin hat sie mich angepamt, ich würde an einem Tisch sitzen der gesperrt sei.",,,,,,,,,,,,,,,,
234,Das Abendmenü hat uns sehr überzeugt und wir haben noch einen passenden Rotwein für den Hauptgang bestellt.,"('FOOD', 'POSITIVE', 'Abendmenü')",,,,,,,,,,,,,,,
235,Das Abendmenü hat uns sehr überzeugt und wir haben noch einen passenden Rotwein für den Hauptgang bestellt.,,,,,,,,,,,,,,,,
236,"Das Ambiente ist charmant, das Essen köstlich und das Personal freundlich.","('AMBIENCE', 'POSITIVE', 'Ambiente')","('FOOD', 'POSITIVE', 'Essen')","('SERVICE', 'POSITIVE', 'Personal')",,,,,,,,,,,,,
237,"Das Ambiente ist charmant, das Essen köstlich und das Personal freundlich.",,,,,,,,,,,,,,,,
238,Das Ambiente ist natürlich besonders.,"('AMBIENCE', 'POSITIVE', 'Ambiente')",,,,,,,,,,,,,,,
239,Das Ambiente ist natürlich besonders.,,,,,,,,,,,,,,,,
240,"Das Ambiente ist ok, aber für die Preislage nichts Besonderes.","('PRICE', 'NEUTRAL', 'Preislage')","('AMBIENCE', 'NEUTRAL', 'Ambiente')",,,,,,,,,,,,,,
241,"Das Ambiente ist ok, aber für die Preislage nichts Besonderes.",,,,,,,,,,,,,,,,
242,Das Ambiente war dementsprechend durchschnittlich und die Umgebungsgeräusche sehr laut.,"('AMBIENCE', 'NEUTRAL', 'Ambiente')","('AMBIENCE', 'NEGATIVE', 'Umgebungsgeräusche')",,,,,,,,,,,,,,
243,Das Ambiente war dementsprechend durchschnittlich und die Umgebungsgeräusche sehr laut.,,,,,,,,,,,,,,,,
244,Das Bier im RESTAURANT_NAME ist einfach top.,"('FOOD', 'POSITIVE', 'Bier')",,,,,,,,,,,,,,,
245,Das Bier im RESTAURANT_NAME ist einfach top.,,,,,,,,,,,,,,,,
246,"Das Bier mit 3,60€/ 0,3l zu teuer.","('PRICE', 'NEGATIVE', 'Bier')",,,,,,,,,,,,,,,
247,"Das Bier mit 3,60€/ 0,3l zu teuer.",,,,,,,,,,,,,,,,
248,Das Bier schmeckt und die Köbes haben die liebenswerte witzige Art.,"('SERVICE', 'POSITIVE', 'Bier')","('SERVICE', 'POSITIVE', 'Köbes')",,,,,,,,,,,,,,
249,Das Bier schmeckt und die Köbes haben die liebenswerte witzige Art.,,,,,,,,,,,,,,,,
250,Das Brot war total altbacken und überhaupt nicht frisch.,"('FOOD', 'NEGATIVE', 'Brot')",,,,,,,,,,,,,,,
251,Das Brot war total altbacken und überhaupt nicht frisch.,,,,,,,,,,,,,,,,
252,Das Cafe ist eine Augenweide,"('GENERAL-IMPRESSION', 'POSITIVE', 'Cafe')",,,,,,,,,,,,,,,
253,Das Cafe ist eine Augenweide,,,,,,,,,,,,,,,,
254,Das Carpaccio war sehr lecker.,"('FOOD', 'POSITIVE', 'Carpaccio')",,,,,,,,,,,,,,,
255,Das Carpaccio war sehr lecker.,,,,,,,,,,,,,,,,
256,Das Eis dazu war zu dominant.,"('FOOD', 'NEGATIVE', 'Eis')",,,,,,,,,,,,,,,
257,Das Eis dazu war zu dominant.,,,,,,,,,,,,,,,,
258,Das Essen (Tapas und zwei Fleischgerichte) waren alle sehr frisch zubereitet und ausnahmslos lecker.,"('FOOD', 'POSITIVE', 'Essen')","('FOOD', 'POSITIVE', 'Tapas')","('FOOD', 'POSITIVE', 'Fleischgerichte')",,,,,,,,,,,,,
259,Das Essen (Tapas und zwei Fleischgerichte) waren alle sehr frisch zubereitet und ausnahmslos lecker.,,,,,,,,,,,,,,,,
260,Das Essen gegenüber im LOC war hervorragend.,"('FOOD', 'POSITIVE', 'Essen')",,,,,,,,,,,,,,,
261,Das Essen gegenüber im LOC war hervorragend.,,,,,,,,,,,,,,,,
262,Das Essen ist ebenfalls gut.,"('FOOD', 'POSITIVE', 'Essen')",,,,,,,,,,,,,,,
263,Das Essen ist ebenfalls gut.,,,,,,,,,,,,,,,,
264,Das Essen ist mega.,"('FOOD', 'POSITIVE', 'Essen')",,,,,,,,,,,,,,,
265,Das Essen ist mega.,,,,,,,,,,,,,,,,
266,"Das Essen ist mit sehr viel Deko streckenweise stark überlastet, was leider beim Rindertartar dazu führte, dass das Fleisch geschmacklich komplett unter Perlzwiebeln, Sauce und Sprossen unterging.","('FOOD', 'NEGATIVE', 'Deko')","('FOOD', 'NEGATIVE', 'Essen')","('FOOD', 'NEGATIVE', 'Rindertartar')",,,,,,,,,,,,,
267,"Das Essen ist mit sehr viel Deko streckenweise stark überlastet, was leider beim Rindertartar dazu führte, dass das Fleisch geschmacklich komplett unter Perlzwiebeln, Sauce und Sprossen unterging.",,,,,,,,,,,,,,,,
268,Das Essen ist okay mehr aber auch nicht.,"('FOOD', 'NEUTRAL', 'Essen')",,,,,,,,,,,,,,,
269,Das Essen ist okay mehr aber auch nicht.,,,,,,,,,,,,,,,,
270,"Das Essen ist zwar etwas teurer als sonst beim LOC, aber auch um mindestens 2 Klassen besser.","('FOOD', 'POSITIVE', 'Essen')",,,,,,,,,,,,,,,
271,"Das Essen ist zwar etwas teurer als sonst beim LOC, aber auch um mindestens 2 Klassen besser.",,,,,,,,,,,,,,,,
272,Das Essen schmeckte wirklich herrvorragend und das Personal war sehr aufmerksam und freundlich.,"('FOOD', 'POSITIVE', 'Essen')","('SERVICE', 'POSITIVE', 'Personal')",,,,,,,,,,,,,,
273,Das Essen schmeckte wirklich herrvorragend und das Personal war sehr aufmerksam und freundlich.,,,,,,,,,,,,,,,,
274,Das Essen und der Service war ausgesprochen gut.,"('FOOD', 'POSITIVE', 'Essen')","('SERVICE', 'POSITIVE', 'Service')",,,,,,,,,,,,,,
275,Das Essen und der Service war ausgesprochen gut.,,,,,,,,,,,,,,,,
276,Das Essen und die Bedienung ist wunderbar.,"('FOOD', 'POSITIVE', 'Essen')","('SERVICE', 'POSITIVE', 'Bedienung')",,,,,,,,,,,,,,
277,Das Essen und die Bedienung ist wunderbar.,,,,,,,,,,,,,,,,
278,Das Essen verdient das Prädikat gut.,"('FOOD', 'POSITIVE', 'Essen')",,,,,,,,,,,,,,,
279,Das Essen verdient das Prädikat gut.,,,,,,,,,,,,,,,,
280,"Das Essen war auch nur ok, für den Preis eine Frechheit.","('FOOD', 'NEUTRAL', 'Essen')","('PRICE', 'NEGATIVE', 'Essen')",,,,,,,,,,,,,,
281,"Das Essen war auch nur ok, für den Preis eine Frechheit.",,,,,,,,,,,,,,,,
282,"Das Essen war außerdem nicht warm genug, die Gambas trocken und der Lauch war alt und hart und ungenießbar.","('FOOD', 'NEGATIVE', 'Essen')","('FOOD', 'NEGATIVE', 'Gambas')","('FOOD', 'NEGATIVE', 'Lauch')",,,,,,,,,,,,,
283,"Das Essen war außerdem nicht warm genug, die Gambas trocken und der Lauch war alt und hart und ungenießbar.",,,,,,,,,,,,,,,,
284,Das Essen war bisher immer Klasse.,"('FOOD', 'POSITIVE', 'Essen')",,,,,,,,,,,,,,,
285,Das Essen war bisher immer Klasse.,,,,,,,,,,,,,,,,
286,Das Essen war ein Genuß.,"('FOOD', 'POSITIVE', 'Essen')",,,,,,,,,,,,,,,
287,Das Essen war ein Genuß.,,,,,,,,,,,,,,,,
288,Das Essen war ganz in Ordnung.,"('FOOD', 'NEUTRAL', 'Essen')",,,,,,,,,,,,,,,
289,Das Essen war ganz in Ordnung.,,,,,,,,,,,,,,,,
290,Das Essen war großartig und in guten Portionen.,"('FOOD', 'POSITIVE', 'Essen')","('FOOD', 'POSITIVE', 'Portionen')",,,,,,,,,,,,,,
291,Das Essen war großartig und in guten Portionen.,,,,,,,,,,,,,,,,
292,Das Essen war guter Standard.,"('FOOD', 'POSITIVE', 'Essen')",,,,,,,,,,,,,,,
293,Das Essen war guter Standard.,,,,,,,,,,,,,,,,
294,"Das Essen war in Ordnung, der Service Durchschnitt, der Preis mittel.","('FOOD', 'NEUTRAL', 'Essen')","('SERVICE', 'NEUTRAL', 'Service')","('PRICE', 'NEUTRAL', 'Preis')",,,,,,,,,,,,,
295,"Das Essen war in Ordnung, der Service Durchschnitt, der Preis mittel.",,,,,,,,,,,,,,,,
296,Das Essen war in Ordnung.,"('FOOD', 'NEUTRAL', 'Essen')",,,,,,,,,,,,,,,
297,Das Essen war in Ordnung.,,,,,,,,,,,,,,,,
298,"Das Essen war lecker, auch die Bedienung hat uns sehr freundlich bedient.","('FOOD', 'POSITIVE', 'Essen')","('SERVICE', 'POSITIVE', 'Bedienung')",,,,,,,,,,,,,,
299,"Das Essen war lecker, auch die Bedienung hat uns sehr freundlich bedient.",,,,,,,,,,,,,,,,
300,"Das Essen war maximal auf Burger King Niveau - das sollte allerdings für solch ein großes bekanntes Restaurant bzw. ""Café"" nicht der Anspruch sein.","('FOOD', 'NEGATIVE', 'Essen')",,,,,,,,,,,,,,,
301,"Das Essen war maximal auf Burger King Niveau - das sollte allerdings für solch ein großes bekanntes Restaurant bzw. ""Café"" nicht der Anspruch sein.",,,,,,,,,,,,,,,,
302,Das Essen war sehr gut (grosse Portionen).,"('FOOD', 'POSITIVE', 'Essen')",,,,,,,,,,,,,,,
303,Das Essen war sehr gut (grosse Portionen).,,,,,,,,,,,,,,,,
304,Das Essen war sehr gut!,"('FOOD', 'POSITIVE', 'Essen')",,,,,,,,,,,,,,,
305,Das Essen war sehr gut!,,,,,,,,,,,,,,,,
306,"Das Essen war selbstverständlich ausgezeichnet, aber meine größte Überraschung war, dass es für mich (Autofahrer) eine alkoholfreie „Wein“begleitung zum Menü gab, die der echten in nichts nachstand.","('FOOD', 'POSITIVE', 'Essen')","('FOOD', 'POSITIVE', '„Wein“begleitung')",,,,,,,,,,,,,,
307,"Das Essen war selbstverständlich ausgezeichnet, aber meine größte Überraschung war, dass es für mich (Autofahrer) eine alkoholfreie „Wein“begleitung zum Menü gab, die der echten in nichts nachstand.",,,,,,,,,,,,,,,,
308,"Das Essen war soweit in Ordnung, Standard würde ich sagen dafür aber 2-3 Euro zu teuer.","('FOOD', 'NEUTRAL', 'Essen')","('PRICE', 'NEGATIVE', 'Essen')",,,,,,,,,,,,,,
309,"Das Essen war soweit in Ordnung, Standard würde ich sagen dafür aber 2-3 Euro zu teuer.",,,,,,,,,,,,,,,,
310,Das Essen war super.,"('FOOD', 'POSITIVE', 'Essen')",,,,,,,,,,,,,,,
311,Das Essen war super.,,,,,,,,,,,,,,,,
312,"Das Essen war, wie nicht anders zu erwarten, wieder ein Gedicht.","('FOOD', 'POSITIVE', 'Essen')",,,,,,,,,,,,,,,
313,"Das Essen war, wie nicht anders zu erwarten, wieder ein Gedicht.",,,,,,,,,,,,,,,,
314,"Das Essen wird auf heißen Tellern serviert, ist frisch und sehr lecker.","('FOOD', 'POSITIVE', 'Essen')",,,,,,,,,,,,,,,
315,"Das Essen wird auf heißen Tellern serviert, ist frisch und sehr lecker.",,,,,,,,,,,,,,,,
316,Das Fleisch des Brauhaustellers war ungenießbar!,"('FOOD', 'NEGATIVE', 'Fleisch')",,,,,,,,,,,,,,,
317,Das Fleisch des Brauhaustellers war ungenießbar!,,,,,,,,,,,,,,,,
318,"Das Fleisch ist toll, die Sauce raffiniert.","('FOOD', 'POSITIVE', 'Fleisch')","('FOOD', 'POSITIVE', 'Sauce')",,,,,,,,,,,,,,
319,"Das Fleisch ist toll, die Sauce raffiniert.",,,,,,,,,,,,,,,,
320,"Das Fleisch war in Ordnung, die Bratkartoffeln waren jedoch nicht knusprig, sondern trieften vor Fett.","('FOOD', 'NEUTRAL', 'Fleisch')","('FOOD', 'NEGATIVE', 'Bratkartoffeln')",,,,,,,,,,,,,,
321,"Das Fleisch war in Ordnung, die Bratkartoffeln waren jedoch nicht knusprig, sondern trieften vor Fett.",,,,,,,,,,,,,,,,
322,"Das Fleisch war trocken, weil es fast durchgebraten war.","('FOOD', 'NEGATIVE', 'Fleisch')",,,,,,,,,,,,,,,
323,"Das Fleisch war trocken, weil es fast durchgebraten war.",,,,,,,,,,,,,,,,
324,Das Frühstück ist sehr schmackhaft und vielfältig.,"('FOOD', 'POSITIVE', 'Frühstück')",,,,,,,,,,,,,,,
325,Das Frühstück ist sehr schmackhaft und vielfältig.,,,,,,,,,,,,,,,,
326,Das Gasthaus lebt von der Atmosphäre.,"('AMBIENCE', 'POSITIVE', 'Atmosphäre')",,,,,,,,,,,,,,,
327,Das Gasthaus lebt von der Atmosphäre.,,,,,,,,,,,,,,,,
328,Das Kartoffelgratin war ebenfalls von trockener Konsistenz.,"('FOOD', 'NEGATIVE', 'Kartoffelgratin')",,,,,,,,,,,,,,,
329,Das Kartoffelgratin war ebenfalls von trockener Konsistenz.,,,,,,,,,,,,,,,,
330,Das LOC ist ein Haus mit Tradition (seit 1765) und damit für jeden Dresden-Besucher ein absolutes Muss.,"('GENERAL-IMPRESSION', 'POSITIVE', 'LOC')",,,,,,,,,,,,,,,
331,Das LOC ist ein Haus mit Tradition (seit 1765) und damit für jeden Dresden-Besucher ein absolutes Muss.,,,,,,,,,,,,,,,,
332,Das LOC ist sicherlich eines der besten in LOC.,"('GENERAL-IMPRESSION', 'POSITIVE', 'LOC')",,,,,,,,,,,,,,,
333,Das LOC ist sicherlich eines der besten in LOC.,,,,,,,,,,,,,,,,
334,"Das LOC schmeckte sehr gut, die hausgemachten Spätzle exzellent.","('FOOD', 'POSITIVE', 'LOC')","('FOOD', 'POSITIVE', 'Spätzle')",,,,,,,,,,,,,,
335,"Das LOC schmeckte sehr gut, die hausgemachten Spätzle exzellent.",,,,,,,,,,,,,,,,
336,"Das LOC verbrannt,ungenießbar.","('FOOD', 'NEGATIVE', 'LOC')",,,,,,,,,,,,,,,
337,"Das LOC verbrannt,ungenießbar.",,,,,,,,,,,,,,,,
338,"Das LOC war kalt, daher zäh und komplett versalzen.","('FOOD', 'NEGATIVE', 'LOC')",,,,,,,,,,,,,,,
339,"Das LOC war kalt, daher zäh und komplett versalzen.",,,,,,,,,,,,,,,,
340,"Das Lokal war trotz Wochenende wirklich schlecht besucht, so hoch wie ich die Preise in Erinnerung hatte, waren sie aber gar nicht.","('PRICE', 'NEUTRAL', 'Preise')",,,,,,,,,,,,,,,
341,"Das Lokal war trotz Wochenende wirklich schlecht besucht, so hoch wie ich die Preise in Erinnerung hatte, waren sie aber gar nicht.",,,,,,,,,,,,,,,,
342,Das Personal - drei Personen- diskutierte lautstark eigene Probleme und saß dabei phasenweise mit dem Rücken zu den wenigen Gästen an einem Tisch.,"('SERVICE', 'NEGATIVE', 'Personal')",,,,,,,,,,,,,,,
343,Das Personal - drei Personen- diskutierte lautstark eigene Probleme und saß dabei phasenweise mit dem Rücken zu den wenigen Gästen an einem Tisch.,,,,,,,,,,,,,,,,
344,Das Personal freundlich.,"('SERVICE', 'POSITIVE', 'Personal')",,,,,,,,,,,,,,,
345,Das Personal freundlich.,,,,,,,,,,,,,,,,
346,"Das Personal ist kompetent, aber auch hier geht es dem Restaurantbetreiber wohl inzwischen mehr um die Gewinn Maximierung, als um die Zufriedenheit der verwöhnten Gästen.","('SERVICE', 'POSITIVE', 'Personal')","('SERVICE', 'NEGATIVE', 'Restaurantbetreiber')","('PRICE', 'NEGATIVE', 'Gewinn Maximierung')",,,,,,,,,,,,,
347,"Das Personal ist kompetent, aber auch hier geht es dem Restaurantbetreiber wohl inzwischen mehr um die Gewinn Maximierung, als um die Zufriedenheit der verwöhnten Gästen.",,,,,,,,,,,,,,,,
348,Das Personal ist leicht arrogant und nicht besonders freundlich.,"('SERVICE', 'NEGATIVE', 'Personal')",,,,,,,,,,,,,,,
349,Das Personal ist leicht arrogant und nicht besonders freundlich.,,,,,,,,,,,,,,,,
350,"Das Personal ist nur aufgesetzt freundlich, das Essen Durchschnitt, die Speisenauswahl wenig attraktiv.","('FOOD', 'NEUTRAL', 'Essen')","('FOOD', 'NEGATIVE', 'Speisenauswahl')","('SERVICE', 'NEGATIVE', 'Personal')",,,,,,,,,,,,,
351,"Das Personal ist nur aufgesetzt freundlich, das Essen Durchschnitt, die Speisenauswahl wenig attraktiv.",,,,,,,,,,,,,,,,
352,Das Personal ist sehr nett und freundlich.,"('SERVICE', 'POSITIVE', 'Personal')",,,,,,,,,,,,,,,
353,Das Personal ist sehr nett und freundlich.,,,,,,,,,,,,,,,,
354,"Das Personal sehr nett und aufmerksam, größtenteils viel jünger als wir.","('SERVICE', 'POSITIVE', 'Personal')",,,,,,,,,,,,,,,
355,"Das Personal sehr nett und aufmerksam, größtenteils viel jünger als wir.",,,,,,,,,,,,,,,,
356,"Das Personal war entspannt und freundlich und das Interieur genau so, wie wir es erhofft hatten.","('SERVICE', 'POSITIVE', 'Personal')","('AMBIENCE', 'POSITIVE', 'Interieur')",,,,,,,,,,,,,,
357,"Das Personal war entspannt und freundlich und das Interieur genau so, wie wir es erhofft hatten.",,,,,,,,,,,,,,,,
358,Das Personal war extrem gehetzt und relativ kurz angebunden.,"('SERVICE', 'NEGATIVE', 'Personal')",,,,,,,,,,,,,,,
359,Das Personal war extrem gehetzt und relativ kurz angebunden.,,,,,,,,,,,,,,,,
360,Das Personal war herzlich und aufmerksam.,"('SERVICE', 'POSITIVE', 'Personal')",,,,,,,,,,,,,,,
361,Das Personal war herzlich und aufmerksam.,,,,,,,,,,,,,,,,
362,Das Personal war sehr freundlich und aufmerksam.,"('SERVICE', 'POSITIVE', 'Personal')",,,,,,,,,,,,,,,
363,Das Personal war sehr freundlich und aufmerksam.,,,,,,,,,,,,,,,,
364,Das Personal war sehr freundlich.,"('SERVICE', 'POSITIVE', 'Personal')",,,,,,,,,,,,,,,
365,Das Personal war sehr freundlich.,,,,,,,,,,,,,,,,
366,Das Preis- Leistungsverhältnis ist für die LOC eher günstig.,"('PRICE', 'POSITIVE', 'Preis- Leistungsverhältnis')",,,,,,,,,,,,,,,
367,Das Preis- Leistungsverhältnis ist für die LOC eher günstig.,,,,,,,,,,,,,,,,
368,Das Preis-Leistungsverhältnis nach unserem Empfinden nicht in Ordnung.,"('PRICE', 'NEGATIVE', 'Preis-Leistungsverhältnis')",,,,,,,,,,,,,,,
369,Das Preis-Leistungsverhältnis nach unserem Empfinden nicht in Ordnung.,,,,,,,,,,,,,,,,
370,Das Restaurant bietet für jeden Geschmack etwas.,"('FOOD', 'POSITIVE', 'Geschmack')",,,,,,,,,,,,,,,
371,Das Restaurant bietet für jeden Geschmack etwas.,,,,,,,,,,,,,,,,
372,"Das Restaurant ist laut, der Kellner hatte schlechte Laune und das Essen war mittelmässig.","('AMBIENCE', 'NEGATIVE', 'Restaurant')","('SERVICE', 'NEGATIVE', 'Kellner')","('FOOD', 'NEUTRAL', 'Essen')",,,,,,,,,,,,,
373,"Das Restaurant ist laut, der Kellner hatte schlechte Laune und das Essen war mittelmässig.",,,,,,,,,,,,,,,,
374,"Das Restaurant ist sehr zentral gelegen, gerade beim LOC.","('GENERAL-IMPRESSION', 'POSITIVE', 'Restaurant')",,,,,,,,,,,,,,,
375,"Das Restaurant ist sehr zentral gelegen, gerade beim LOC.",,,,,,,,,,,,,,,,
376,Das Schnitzel (zwei längliche Schnitzelstücke) war von Form und Beschaffenheit der Panade ein Convenient-Produkt.,"('FOOD', 'NEGATIVE', 'Schnitzel')","('FOOD', 'NEGATIVE', 'Schnitzelstücke')",,,,,,,,,,,,,,
377,Das Schnitzel (zwei längliche Schnitzelstücke) war von Form und Beschaffenheit der Panade ein Convenient-Produkt.,,,,,,,,,,,,,,,,
378,"Das Schnitzel meiner Frau war aus der Fritteuse, die Bratkartoffeln geschmacklos und kaum angebraten.","('FOOD', 'NEGATIVE', 'Bratkartoffeln')",,,,,,,,,,,,,,,
379,"Das Schnitzel meiner Frau war aus der Fritteuse, die Bratkartoffeln geschmacklos und kaum angebraten.",,,,,,,,,,,,,,,,
380,Das Steak hatte mindestens 300 g (ich hatte gut zu kämpfen) und die Pfifferlinge waren - wie ich es am Liebsten mag - in Speck gebraten.,"('FOOD', 'POSITIVE', 'Pfifferlinge')","('FOOD', 'POSITIVE', 'Speck')",,,,,,,,,,,,,,
381,Das Steak hatte mindestens 300 g (ich hatte gut zu kämpfen) und die Pfifferlinge waren - wie ich es am Liebsten mag - in Speck gebraten.,,,,,,,,,,,,,,,,
382,Das Stück Torte war handwerklich fehlerfrei.,"('FOOD', 'POSITIVE', 'Torte')",,,,,,,,,,,,,,,
383,Das Stück Torte war handwerklich fehlerfrei.,,,,,,,,,,,,,,,,
384,"Das Terrassenambiente war eine Katastrophe, viel zu eng alles und viel zu laut.","('AMBIENCE', 'NEGATIVE', 'Terrassenambiente')",,,,,,,,,,,,,,,
385,"Das Terrassenambiente war eine Katastrophe, viel zu eng alles und viel zu laut.",,,,,,,,,,,,,,,,
386,Das Tischbuffet wird immer nach Wunsch zubereitet und schmeckt wunderbar.,"('FOOD', 'POSITIVE', 'Tischbuffet')",,,,,,,,,,,,,,,
387,Das Tischbuffet wird immer nach Wunsch zubereitet und schmeckt wunderbar.,,,,,,,,,,,,,,,,
388,"Das allerbeste, obwohl wir recht kurzfristig reservierten und das Lokal ausgebucht war, fand der Wirt noch ein Plätzchen für uns.","('SERVICE', 'POSITIVE', 'Wirt')",,,,,,,,,,,,,,,
389,"Das allerbeste, obwohl wir recht kurzfristig reservierten und das Lokal ausgebucht war, fand der Wirt noch ein Plätzchen für uns.",,,,,,,,,,,,,,,,
390,Das bestellte Steak zu zweit war nicht viel größer wie eine plattgedrückte Frikadelle.,"('FOOD', 'NEGATIVE', 'Steak')",,,,,,,,,,,,,,,
391,Das bestellte Steak zu zweit war nicht viel größer wie eine plattgedrückte Frikadelle.,,,,,,,,,,,,,,,,
392,Das daVino-Team hat am Wochenende beim Weihnachtstreffen des BMW Z1 Clubs in LOC für ein allseits hochgelobtes Highlight gesorgt.,"('SERVICE', 'POSITIVE', 'daVino-Team')",,,,,,,,,,,,,,,
393,Das daVino-Team hat am Wochenende beim Weihnachtstreffen des BMW Z1 Clubs in LOC für ein allseits hochgelobtes Highlight gesorgt.,,,,,,,,,,,,,,,,
394,"Das einzige mango ist die freundlichkeit der Servicekräfte, das könnte besser sein, ansonsten gab es nichts zu meckern.","('SERVICE', 'NEGATIVE', 'Servicekräfte')",,,,,,,,,,,,,,,
395,"Das einzige mango ist die freundlichkeit der Servicekräfte, das könnte besser sein, ansonsten gab es nichts zu meckern.",,,,,,,,,,,,,,,,
396,"Das findet man sonst nicht, und macht die Faszination LOC aus.","('GENERAL-IMPRESSION', 'POSITIVE', 'LOC')",,,,,,,,,,,,,,,
397,"Das findet man sonst nicht, und macht die Faszination LOC aus.",,,,,,,,,,,,,,,,
398,"Das ich für ein Alt 2,65€ zahle ist ja fast ok, aber wenn ich mir in LOC Flöns bestelle und dann ein 3cm langes Stückchen Blutwurst bekomme, find ich es nicht mehr lustig","('PRICE', 'NEGATIVE', 'NULL')",,,,,,,,,,,,,,,
399,"Das ich für ein Alt 2,65€ zahle ist ja fast ok, aber wenn ich mir in LOC Flöns bestelle und dann ein 3cm langes Stückchen Blutwurst bekomme, find ich es nicht mehr lustig",,,,,,,,,,,,,,,,
400,Das ist für so ein Restaurant ein Unding.,"('GENERAL-IMPRESSION', 'NEGATIVE', 'Restaurant')",,,,,,,,,,,,,,,
401,Das ist für so ein Restaurant ein Unding.,,,,,,,,,,,,,,,,
402,Das können viele besser.,"('GENERAL-IMPRESSION', 'NEGATIVE', 'NULL')",,,,,,,,,,,,,,,
403,Das können viele besser.,,,,,,,,,,,,,,,,
404,"Das selbstgebraute Bier ist wirklich lecker, das Essen hingegen nicht zu empfehlen.","('FOOD', 'POSITIVE', 'Bier')","('FOOD', 'NEGATIVE', 'Essen')",,,,,,,,,,,,,,
405,"Das selbstgebraute Bier ist wirklich lecker, das Essen hingegen nicht zu empfehlen.",,,,,,,,,,,,,,,,
406,Das war dieses Mal leider nichts.,"('GENERAL-IMPRESSION', 'NEGATIVE', 'NULL')",,,,,,,,,,,,,,,
407,Das war dieses Mal leider nichts.,,,,,,,,,,,,,,,,
408,"Das war kein Vergleich zum LOC: Hier, im LOC, gab es deutlich besseres Essen und eine bessere Serviceleistung, lag auch an einer Servicekraft (Andrea).","('FOOD', 'POSITIVE', 'Essen')","('SERVICE', 'POSITIVE', 'Serviceleistung')","('SERVICE', 'POSITIVE', 'Andrea')",,,,,,,,,,,,,
409,"Das war kein Vergleich zum LOC: Hier, im LOC, gab es deutlich besseres Essen und eine bessere Serviceleistung, lag auch an einer Servicekraft (Andrea).",,,,,,,,,,,,,,,,
410,Das war leider das letzte Mal!,"('GENERAL-IMPRESSION', 'NEGATIVE', 'NULL')",,,,,,,,,,,,,,,
411,Das war leider das letzte Mal!,,,,,,,,,,,,,,,,
412,Das war wirklich schade und hier stimmt das Preis-Leistungs-Verhältnis gar nicht.,"('PRICE', 'NEGATIVE', 'Preis-Leistungs-Verhältnis')",,,,,,,,,,,,,,,
413,Das war wirklich schade und hier stimmt das Preis-Leistungs-Verhältnis gar nicht.,,,,,,,,,,,,,,,,
414,Dazu Pommes und ein Salat mit friner Sauce.,"('FOOD', 'POSITIVE', 'Sauce')",,,,,,,,,,,,,,,
415,Dazu Pommes und ein Salat mit friner Sauce.,,,,,,,,,,,,,,,,
416,Definitiv überteuert und in dem Rahmen kein Besuch wert.,"('PRICE', 'NEGATIVE', 'NULL')",,,,,,,,,,,,,,,
417,Definitiv überteuert und in dem Rahmen kein Besuch wert.,,,,,,,,,,,,,,,,
418,"Delikat angerichtet, tolle Performance beim Servieren.","('FOOD', 'POSITIVE', 'NULL')","('SERVICE', 'POSITIVE', 'NULL')",,,,,,,,,,,,,,
419,"Delikat angerichtet, tolle Performance beim Servieren.",,,,,,,,,,,,,,,,
420,Dementsprechend voll ist es.,"('AMBIENCE', 'NEGATIVE', 'NULL')",,,,,,,,,,,,,,,
421,Dementsprechend voll ist es.,,,,,,,,,,,,,,,,
422,Denn aus dem Grundbuffet der Karte zaubert die Küche leckere Köstlichkeiten mit diversen Soßen und Beilagen.,"('FOOD', 'POSITIVE', 'Köstlichkeiten')","('FOOD', 'POSITIVE', 'Soßen')","('FOOD', 'POSITIVE', 'Beilagen')",,,,,,,,,,,,,
423,Denn aus dem Grundbuffet der Karte zaubert die Küche leckere Köstlichkeiten mit diversen Soßen und Beilagen.,,,,,,,,,,,,,,,,
424,"Dennoch erinnerte sie mehr an eine fertig Pizza als an eine Pizza, wo der Teich frisch zubereitet worden ist.","('FOOD', 'NEGATIVE', 'NULL')",,,,,,,,,,,,,,,
425,"Dennoch erinnerte sie mehr an eine fertig Pizza als an eine Pizza, wo der Teich frisch zubereitet worden ist.",,,,,,,,,,,,,,,,
426,Dennoch war die Akustik besser als ich vermutet hätte.,"('AMBIENCE', 'POSITIVE', 'Akustik')",,,,,,,,,,,,,,,
427,Dennoch war die Akustik besser als ich vermutet hätte.,,,,,,,,,,,,,,,,
428,"Der (offene) Primitivo war ordentlich, wenn auch kein Spitzenwein (kann man bei 8 Euro fürs Glas auch nicht verlangen).","('FOOD', 'NEUTRAL', 'Primitivo')",,,,,,,,,,,,,,,
429,"Der (offene) Primitivo war ordentlich, wenn auch kein Spitzenwein (kann man bei 8 Euro fürs Glas auch nicht verlangen).",,,,,,,,,,,,,,,,
430,Der Auslieferungsfahrer war sehr nett und hat sich entschuldigt.,"('SERVICE', 'POSITIVE', 'Auslieferungsfahrer')",,,,,,,,,,,,,,,
431,Der Auslieferungsfahrer war sehr nett und hat sich entschuldigt.,,,,,,,,,,,,,,,,
432,Der Banker würde triple A vergeben.,"('GENERAL-IMPRESSION', 'POSITIVE', 'NULL')",,,,,,,,,,,,,,,
433,Der Banker würde triple A vergeben.,,,,,,,,,,,,,,,,
434,Der Blick von der Dachterasse ist der Wahnsinn.,"('AMBIENCE', 'POSITIVE', 'Blick von der Dachterasse')",,,,,,,,,,,,,,,
435,Der Blick von der Dachterasse ist der Wahnsinn.,,,,,,,,,,,,,,,,
436,"Der Brunch ist sehr empfehlenswert, sehr gutes Essen in angenehmer Atmosphäre bei sehr gutem Service.","('FOOD', 'POSITIVE', 'Brunch')","('FOOD', 'POSITIVE', 'Essen')","('AMBIENCE', 'POSITIVE', 'Atmosphäre')","('SERVICE', 'POSITIVE', 'Service')",,,,,,,,,,,,
437,"Der Brunch ist sehr empfehlenswert, sehr gutes Essen in angenehmer Atmosphäre bei sehr gutem Service.",,,,,,,,,,,,,,,,
438,Der Chef konnte nicht gefunden werden.,"('SERVICE', 'NEGATIVE', 'Chef')",,,,,,,,,,,,,,,
439,Der Chef konnte nicht gefunden werden.,,,,,,,,,,,,,,,,
440,"Der Empfang war nett, der Tisch im hinteren Bereich des aus Brettern gebauten Restaurants.","('SERVICE', 'POSITIVE', 'Empfang')",,,,,,,,,,,,,,,
441,"Der Empfang war nett, der Tisch im hinteren Bereich des aus Brettern gebauten Restaurants.",,,,,,,,,,,,,,,,
442,"Der Fisch war sehr durch, welches vom Kellner ohne Reaktion registriert wurde!","('SERVICE', 'NEGATIVE', 'Fisch')","('SERVICE', 'NEGATIVE', 'Kellner')",,,,,,,,,,,,,,
443,"Der Fisch war sehr durch, welches vom Kellner ohne Reaktion registriert wurde!",,,,,,,,,,,,,,,,
444,"Der Hähnchen Döner wird durch zwei Soßen, Gemüse, Salat, Fetakäse verfeinert und durch einen spitzer Zitrone abgerundet.","('FOOD', 'POSITIVE', 'Hähnchen Döner')","('FOOD', 'POSITIVE', 'Soßen')","('FOOD', 'POSITIVE', 'Gemüse')","('FOOD', 'POSITIVE', 'Salat')","('FOOD', 'POSITIVE', 'Fetakäse')","('FOOD', 'POSITIVE', 'Zitrone')",,,,,,,,,,
445,"Der Hähnchen Döner wird durch zwei Soßen, Gemüse, Salat, Fetakäse verfeinert und durch einen spitzer Zitrone abgerundet.",,,,,,,,,,,,,,,,
446,Der Kartoffelsalat schmeckte wie aus dem Eimer und war eiskalt.,"('FOOD', 'NEGATIVE', 'Kartoffelsalat')",,,,,,,,,,,,,,,
447,Der Kartoffelsalat schmeckte wie aus dem Eimer und war eiskalt.,,,,,,,,,,,,,,,,
448,Der Kartoffelsalat war nicht mehr so gut.,"('FOOD', 'NEGATIVE', 'Kartoffelsalat')",,,,,,,,,,,,,,,
449,Der Kartoffelsalat war nicht mehr so gut.,,,,,,,,,,,,,,,,
450,Der Kellner läuft planlos durch die Gegend und wirkt überfordert.,"('SERVICE', 'NEGATIVE', 'Kellner')",,,,,,,,,,,,,,,
451,Der Kellner läuft planlos durch die Gegend und wirkt überfordert.,,,,,,,,,,,,,,,,
452,Der Kellner war unhöflich und völlig unfreundlich.,"('SERVICE', 'NEGATIVE', 'Kellner')",,,,,,,,,,,,,,,
453,Der Kellner war unhöflich und völlig unfreundlich.,,,,,,,,,,,,,,,,
454,Der Kunde von unserer Firma war auch negativ gestimmt und weitere Kundengespräche werden nicht mehr dort durchgeführt.,"('GENERAL-IMPRESSION', 'NEGATIVE', 'NULL')",,,,,,,,,,,,,,,
455,Der Kunde von unserer Firma war auch negativ gestimmt und weitere Kundengespräche werden nicht mehr dort durchgeführt.,,,,,,,,,,,,,,,,
456,"Der Käse war in Ordnung, kam aber in Würfeln, so wie Fingerfood (eher ungewöhnlich für ein Frühstück).","('FOOD', 'NEGATIVE', 'Käse')",,,,,,,,,,,,,,,
457,"Der Käse war in Ordnung, kam aber in Würfeln, so wie Fingerfood (eher ungewöhnlich für ein Frühstück).",,,,,,,,,,,,,,,,
458,"Der Käse war meiner Meinung nach kein Bergkäse, aber egal.","('FOOD', 'NEGATIVE', 'Käse')",,,,,,,,,,,,,,,
459,"Der Käse war meiner Meinung nach kein Bergkäse, aber egal.",,,,,,,,,,,,,,,,
460,"Der Lachs war gut, auf den Punkt gegrillt, daran gab es nicht auszusetzen!","('FOOD', 'POSITIVE', 'Lachs')",,,,,,,,,,,,,,,
461,"Der Lachs war gut, auf den Punkt gegrillt, daran gab es nicht auszusetzen!",,,,,,,,,,,,,,,,
462,Der Leberkäse war eher ein Fleischkäse und hatte mit einem bayerischen Leberkäse nichts zu tun.,"('FOOD', 'NEGATIVE', 'Leberkäse')",,,,,,,,,,,,,,,
463,Der Leberkäse war eher ein Fleischkäse und hatte mit einem bayerischen Leberkäse nichts zu tun.,,,,,,,,,,,,,,,,
464,Der Nachtisch ging gar nicht.,"('FOOD', 'NEGATIVE', 'Nachtisch')",,,,,,,,,,,,,,,
465,Der Nachtisch ging gar nicht.,,,,,,,,,,,,,,,,
466,Der Personal ist sehr freundlich.,"('SERVICE', 'POSITIVE', 'Personal')",,,,,,,,,,,,,,,
467,Der Personal ist sehr freundlich.,,,,,,,,,,,,,,,,
468,"Der Preis stimmt, das Personal ist freundlich und aufmerksam, die Atmosphäre ist angenehm.","('PRICE', 'POSITIVE', 'Preis')","('SERVICE', 'POSITIVE', 'Personal')","('AMBIENCE', 'POSITIVE', 'Atmosphäre')",,,,,,,,,,,,,
469,"Der Preis stimmt, das Personal ist freundlich und aufmerksam, die Atmosphäre ist angenehm.",,,,,,,,,,,,,,,,
470,Der Preis war mit etwas mehr als 50€ pro Person inkl. Wasser und einer halben Flasche Wein schon heftig.,"('PRICE', 'NEGATIVE', 'Preis')",,,,,,,,,,,,,,,
471,Der Preis war mit etwas mehr als 50€ pro Person inkl. Wasser und einer halben Flasche Wein schon heftig.,,,,,,,,,,,,,,,,
472,Der Salat war fast Tiefgefroren und entsprechend im Geschmack und das Wienerschnitzel billigste TK Ware.,"('FOOD', 'NEGATIVE', 'Salat')","('FOOD', 'NEGATIVE', 'Wienerschnitzel')",,,,,,,,,,,,,,
473,Der Salat war fast Tiefgefroren und entsprechend im Geschmack und das Wienerschnitzel billigste TK Ware.,,,,,,,,,,,,,,,,
474,"Der Schweinsbraten war o. k., wir haben noch Knödel nachgeordert, da es für uns ein bisschen wenig war, das hat beim Personal zusätzlichen Stress ausgelöst, der Knödel kam dann aber zeitnah.","('FOOD', 'NEUTRAL', 'Schweinsbraten')","('SERVICE', 'POSITIVE', 'NULL')","('FOOD', 'NEGATIVE', 'NULL')",,,,,,,,,,,,,
475,"Der Schweinsbraten war o. k., wir haben noch Knödel nachgeordert, da es für uns ein bisschen wenig war, das hat beim Personal zusätzlichen Stress ausgelöst, der Knödel kam dann aber zeitnah.",,,,,,,,,,,,,,,,
476,Der Service ist eine Katastrophe!,"('SERVICE', 'NEGATIVE', 'Service')",,,,,,,,,,,,,,,
477,Der Service ist eine Katastrophe!,,,,,,,,,,,,,,,,
478,Der Service ist gut und freundlich.,"('SERVICE', 'POSITIVE', 'Service')",,,,,,,,,,,,,,,
479,Der Service ist gut und freundlich.,,,,,,,,,,,,,,,,
480,Der Service um und mit Herrn Zeyer ist eine Klasse für sich.,"('SERVICE', 'POSITIVE', 'Service')","('SERVICE', 'POSITIVE', 'Herrn Zeyer')",,,,,,,,,,,,,,
481,Der Service um und mit Herrn Zeyer ist eine Klasse für sich.,,,,,,,,,,,,,,,,
482,"Der Service verdient eine extra Erwähnung, weil er trotz vollem Restaurant und einer größeren Veranstaltung ruhig und kompetent gearbeitet hat.","('SERVICE', 'POSITIVE', 'Service')",,,,,,,,,,,,,,,
483,"Der Service verdient eine extra Erwähnung, weil er trotz vollem Restaurant und einer größeren Veranstaltung ruhig und kompetent gearbeitet hat.",,,,,,,,,,,,,,,,
484,Der Service war auch erstklassig und das Personal war sehr freundlich.,"('SERVICE', 'POSITIVE', 'Service')","('SERVICE', 'POSITIVE', 'Personal')",,,,,,,,,,,,,,
485,Der Service war auch erstklassig und das Personal war sehr freundlich.,,,,,,,,,,,,,,,,
486,Der Service war aufmerksam und zuvorkommend wie immer.,"('SERVICE', 'POSITIVE', 'Service')",,,,,,,,,,,,,,,
487,Der Service war aufmerksam und zuvorkommend wie immer.,,,,,,,,,,,,,,,,
488,"Der Service war herausragend gut, leidenschaftlich und engagiert.","('SERVICE', 'POSITIVE', 'Service')",,,,,,,,,,,,,,,
489,"Der Service war herausragend gut, leidenschaftlich und engagiert.",,,,,,,,,,,,,,,,
490,"Der Service war schnell und zuverlässig, obwohl das Restaurant komplett ausverkauft war.","('SERVICE', 'POSITIVE', 'Service')",,,,,,,,,,,,,,,
491,"Der Service war schnell und zuverlässig, obwohl das Restaurant komplett ausverkauft war.",,,,,,,,,,,,,,,,
492,"Der Service war schnell, freundlich und Aufmerksam.","('SERVICE', 'POSITIVE', 'Service')",,,,,,,,,,,,,,,
493,"Der Service war schnell, freundlich und Aufmerksam.",,,,,,,,,,,,,,,,
494,Der Service war trotz des Trubels aufmerksam und sehr freundlich.,"('SERVICE', 'POSITIVE', 'Service')",,,,,,,,,,,,,,,
495,Der Service war trotz des Trubels aufmerksam und sehr freundlich.,,,,,,,,,,,,,,,,
496,"Der Service wirkte gestresst (kein Wunder), war aber freundlich jedoch auch recht unpersönlich, alles musste zackig bestellt werden, Fliessbandfeeling.","('SERVICE', 'NEGATIVE', 'Service')",,,,,,,,,,,,,,,
497,"Der Service wirkte gestresst (kein Wunder), war aber freundlich jedoch auch recht unpersönlich, alles musste zackig bestellt werden, Fliessbandfeeling.",,,,,,,,,,,,,,,,
498,"Der Typ sagte zu uns, dass er bestimmen würde, welcher Tisch frei ist und welcher nicht.","('SERVICE', 'NEGATIVE', 'Typ')",,,,,,,,,,,,,,,
499,"Der Typ sagte zu uns, dass er bestimmen würde, welcher Tisch frei ist und welcher nicht.",,,,,,,,,,,,,,,,
500,Der Zander und das Kassler sind zu empfehlen.,"('FOOD', 'POSITIVE', 'Zander')","('FOOD', 'POSITIVE', 'Kassler')",,,,,,,,,,,,,,
501,Der Zander und das Kassler sind zu empfehlen.,,,,,,,,,,,,,,,,
502,Der alternativ bestellte ofenfrische Leberkäs wurde mit scharfem Senf serviert - ein no go in LOC.,"('FOOD', 'NEGATIVE', 'Leberkäs')","('FOOD', 'NEGATIVE', 'Senf')",,,,,,,,,,,,,,
503,Der alternativ bestellte ofenfrische Leberkäs wurde mit scharfem Senf serviert - ein no go in LOC.,,,,,,,,,,,,,,,,
504,Der angeblich selbst gemachte Kartoffelsalat war relativ trocken und geschmacklich zum Vergessen.,"('FOOD', 'NEGATIVE', 'Kartoffelsalat')",,,,,,,,,,,,,,,
505,Der angeblich selbst gemachte Kartoffelsalat war relativ trocken und geschmacklich zum Vergessen.,,,,,,,,,,,,,,,,
506,"Der junge Service ist äußerst freundlich, erklärt sehr angenehm und macht seinen Job gerne.","('SERVICE', 'POSITIVE', 'Service')",,,,,,,,,,,,,,,
507,"Der junge Service ist äußerst freundlich, erklärt sehr angenehm und macht seinen Job gerne.",,,,,,,,,,,,,,,,
508,"Der sogenannte Chef de Service wurde sehr laut und wiederholte sich ständig, dass wir ja schliesslich zu spät gekommen seien.","('SERVICE', 'NEGATIVE', 'Chef de Service')",,,,,,,,,,,,,,,
509,"Der sogenannte Chef de Service wurde sehr laut und wiederholte sich ständig, dass wir ja schliesslich zu spät gekommen seien.",,,,,,,,,,,,,,,,
510,"Der verbleibende Mitarbeiter, der sich dann alleine um alle besetzten Tische im Außenbereich gekümmert hat, war sehr bemüht, hatte aber keine Chance dies alleine zu bewältigen.","('SERVICE', 'POSITIVE', 'Mitarbeiter')",,,,,,,,,,,,,,,
511,"Der verbleibende Mitarbeiter, der sich dann alleine um alle besetzten Tische im Außenbereich gekümmert hat, war sehr bemüht, hatte aber keine Chance dies alleine zu bewältigen.",,,,,,,,,,,,,,,,
512,Dicke Empfehlung!!!,"('GENERAL-IMPRESSION', 'POSITIVE', 'NULL')",,,,,,,,,,,,,,,
513,Dicke Empfehlung!!!,,,,,,,,,,,,,,,,
514,"Die Alioli mit Baguette, die es für jeden Tisch dazu gibt, ist top :) Im Innenraum wird jede Ecke genutzt - dadurch ist es etwas lauter.","('FOOD', 'POSITIVE', 'Alioli mit Baguette')","('AMBIENCE', 'NEGATIVE', 'Innenraum')",,,,,,,,,,,,,,
515,"Die Alioli mit Baguette, die es für jeden Tisch dazu gibt, ist top :) Im Innenraum wird jede Ecke genutzt - dadurch ist es etwas lauter.",,,,,,,,,,,,,,,,
516,Die Auswahl der Kuchen & Torten war dementsprechend nicht mehr sehr groß.,"('FOOD', 'NEGATIVE', 'Auswahl der Kuchen & Torten')",,,,,,,,,,,,,,,
517,Die Auswahl der Kuchen & Torten war dementsprechend nicht mehr sehr groß.,,,,,,,,,,,,,,,,
518,"Die Baguettes billige zum Aufbacken und nicht ansatzweise knusprig, sondern völlig weich und teilweise sogar matschig.","('FOOD', 'NEGATIVE', 'Baguettes')",,,,,,,,,,,,,,,
519,"Die Baguettes billige zum Aufbacken und nicht ansatzweise knusprig, sondern völlig weich und teilweise sogar matschig.",,,,,,,,,,,,,,,,
520,Die Bedienung Frau Marta war sehr freundlich und speditiv.,"('SERVICE', 'POSITIVE', 'Marta')",,,,,,,,,,,,,,,
521,Die Bedienung Frau Marta war sehr freundlich und speditiv.,,,,,,,,,,,,,,,,
522,Die Bedienung hatte null Ahnung was welches Gericht war.,"('SERVICE', 'NEGATIVE', 'Bedienung')",,,,,,,,,,,,,,,
523,Die Bedienung hatte null Ahnung was welches Gericht war.,,,,,,,,,,,,,,,,
524,"Die Bedienung war freundlich, das war aber auch das einzig positive.","('SERVICE', 'POSITIVE', 'Bedienung')",,,,,,,,,,,,,,,
525,"Die Bedienung war freundlich, das war aber auch das einzig positive.",,,,,,,,,,,,,,,,
526,Die Bedienung war nicht recht kommunikativ und gab uns eher das Gefühl eine Last zu sein.,"('SERVICE', 'NEGATIVE', 'Bedienung')",,,,,,,,,,,,,,,
527,Die Bedienung war nicht recht kommunikativ und gab uns eher das Gefühl eine Last zu sein.,,,,,,,,,,,,,,,,
528,Die Bedienung war sehr nett und zuvor kommend.,"('SERVICE', 'POSITIVE', 'Bedienung')",,,,,,,,,,,,,,,
529,Die Bedienung war sehr nett und zuvor kommend.,,,,,,,,,,,,,,,,
530,Die Bedienung war sehr unfreundlich.,"('SERVICE', 'NEGATIVE', 'Bedienung')",,,,,,,,,,,,,,,
531,Die Bedienung war sehr unfreundlich.,,,,,,,,,,,,,,,,
532,"Die Bedingung reagierte darauf mit einem Schulterstücken und sie essen den auch, also soll er uns schmecken.","('SERVICE', 'NEGATIVE', 'Bedingung')",,,,,,,,,,,,,,,
533,"Die Bedingung reagierte darauf mit einem Schulterstücken und sie essen den auch, also soll er uns schmecken.",,,,,,,,,,,,,,,,
534,"Die Bestellung wurde aufgegeben und kurze Zeit später wurde unser Essen bereits serviert, heiß, deftig und ein Genuss!","('FOOD', 'POSITIVE', 'Essen')",,,,,,,,,,,,,,,
535,"Die Bestellung wurde aufgegeben und kurze Zeit später wurde unser Essen bereits serviert, heiß, deftig und ein Genuss!",,,,,,,,,,,,,,,,
536,Die Bratkartoffeln schmeckten teilweise alt.,"('FOOD', 'NEGATIVE', 'Bratkartoffeln')",,,,,,,,,,,,,,,
537,Die Bratkartoffeln schmeckten teilweise alt.,,,,,,,,,,,,,,,,
538,"Die Brez‘n Suppe ist der Hammer, das Gröstl eine Riesenportion Geschmack.","('FOOD', 'POSITIVE', 'Brez‘n Suppe')","('FOOD', 'POSITIVE', 'Gröstl')",,,,,,,,,,,,,,
539,"Die Brez‘n Suppe ist der Hammer, das Gröstl eine Riesenportion Geschmack.",,,,,,,,,,,,,,,,
540,"Die Burger könnten besser sein, da die Brötchen pappig sind.","('FOOD', 'NEGATIVE', 'Burger')","('FOOD', 'NEGATIVE', 'Brötchen')",,,,,,,,,,,,,,
541,"Die Burger könnten besser sein, da die Brötchen pappig sind.",,,,,,,,,,,,,,,,
542,Die Burger waren sehr lecker mit guten Brötchen und perfekter Zubereitung.,"('FOOD', 'POSITIVE', 'Burger')","('FOOD', 'POSITIVE', 'Brötchen')",,,,,,,,,,,,,,
543,Die Burger waren sehr lecker mit guten Brötchen und perfekter Zubereitung.,,,,,,,,,,,,,,,,
544,Die Chefin war sehr freundlich und es hat Spaß gemacht sich mit ihr zu unterhalten.,"('SERVICE', 'POSITIVE', 'Chefin')",,,,,,,,,,,,,,,
545,Die Chefin war sehr freundlich und es hat Spaß gemacht sich mit ihr zu unterhalten.,,,,,,,,,,,,,,,,
546,Die Crew (alle im gleichen Outfit - alle sprechen italienisch mit den Gästen) soll den Kunden das Gefühl vermitteln wirklich in LOC zu sein…ähnlich kennen wir das aus LOC…hierfür würde ich für die schauspielerische Leistung glatt 3 Punkte vergeben.,"('SERVICE', 'NEUTRAL', 'Crew')",,,,,,,,,,,,,,,
547,Die Crew (alle im gleichen Outfit - alle sprechen italienisch mit den Gästen) soll den Kunden das Gefühl vermitteln wirklich in LOC zu sein…ähnlich kennen wir das aus LOC…hierfür würde ich für die schauspielerische Leistung glatt 3 Punkte vergeben.,,,,,,,,,,,,,,,,
548,"Die Currywurst war lecker, die Pommes ziemlich versalzen.","('FOOD', 'POSITIVE', 'Currywurst')","('FOOD', 'NEGATIVE', 'Pommes')",,,,,,,,,,,,,,
549,"Die Currywurst war lecker, die Pommes ziemlich versalzen.",,,,,,,,,,,,,,,,
550,"Die Desserts waren mir nicht möglich zu essen, sahen dafür umso besser aus - bei diesen hätte ich sehr gerne zugeschlagen!","('FOOD', 'POSITIVE', 'Desserts')",,,,,,,,,,,,,,,
551,"Die Desserts waren mir nicht möglich zu essen, sahen dafür umso besser aus - bei diesen hätte ich sehr gerne zugeschlagen!",,,,,,,,,,,,,,,,
552,Die Erfahrung hat uns sehr gefallen!,"('GENERAL-IMPRESSION', 'POSITIVE', 'Erfahrung')",,,,,,,,,,,,,,,
553,Die Erfahrung hat uns sehr gefallen!,,,,,,,,,,,,,,,,
554,Die Gamba Carabinero ist optisch und geschmacklich ein Gedicht.,"('FOOD', 'POSITIVE', 'Gamba Carabinero')",,,,,,,,,,,,,,,
555,Die Gamba Carabinero ist optisch und geschmacklich ein Gedicht.,,,,,,,,,,,,,,,,
556,"Die Gaststätte ist sehr gemütlich und hat den Charme, den man sich bei Oma vorstellt.","('AMBIENCE', 'POSITIVE', 'Gaststätte')","('AMBIENCE', 'POSITIVE', 'Charme')",,,,,,,,,,,,,,
557,"Die Gaststätte ist sehr gemütlich und hat den Charme, den man sich bei Oma vorstellt.",,,,,,,,,,,,,,,,
558,"Die Gerichte zart, aber herzhaft gewürzt rundeten den Abend ab.","('FOOD', 'POSITIVE', 'Gerichte')",,,,,,,,,,,,,,,
559,"Die Gerichte zart, aber herzhaft gewürzt rundeten den Abend ab.",,,,,,,,,,,,,,,,
560,Die Haxe war extrem fett und der Knödel poppig und geschmacklos.,"('FOOD', 'NEGATIVE', 'Knödel')","('FOOD', 'NEGATIVE', 'Haxe')",,,,,,,,,,,,,,
561,Die Haxe war extrem fett und der Knödel poppig und geschmacklos.,,,,,,,,,,,,,,,,
562,Die Kellnerin hat einen genervten Eindruck gemacht.,"('SERVICE', 'NEGATIVE', 'Kellnerin')",,,,,,,,,,,,,,,
563,Die Kellnerin hat einen genervten Eindruck gemacht.,,,,,,,,,,,,,,,,
564,"Die Kellnerin hätte uns ja zumindest fragen können, ob es uns etwas ausmacht, wobei für 5 Leute an diesen kleinen Tischen kein Platz gewesen wäre.","('SERVICE', 'NEGATIVE', 'Kellnerin')",,,,,,,,,,,,,,,
565,"Die Kellnerin hätte uns ja zumindest fragen können, ob es uns etwas ausmacht, wobei für 5 Leute an diesen kleinen Tischen kein Platz gewesen wäre.",,,,,,,,,,,,,,,,
566,"Die Kellnerin, eine ältere, stattliche Frau, war stets bemüht, keine Freundlichkeit aufkommen zu lassen.","('SERVICE', 'NEGATIVE', 'Kellnerin')",,,,,,,,,,,,,,,
567,"Die Kellnerin, eine ältere, stattliche Frau, war stets bemüht, keine Freundlichkeit aufkommen zu lassen.",,,,,,,,,,,,,,,,
568,Die Klimaanlage hatte wohl Pause.,"('AMBIENCE', 'NEGATIVE', 'Klimaanlage')",,,,,,,,,,,,,,,
569,Die Klimaanlage hatte wohl Pause.,,,,,,,,,,,,,,,,
570,Die Käsespätzle haben leider keinen Käse gesehen.,"('FOOD', 'NEGATIVE', 'Käsespätzle')",,,,,,,,,,,,,,,
571,Die Käsespätzle haben leider keinen Käse gesehen.,,,,,,,,,,,,,,,,
572,Die LOC hat gut geklappt und ist am Wochenende auch zu empfehlen.,"('GENERAL-IMPRESSION', 'POSITIVE', 'NULL')",,,,,,,,,,,,,,,
573,Die LOC hat gut geklappt und ist am Wochenende auch zu empfehlen.,,,,,,,,,,,,,,,,
574,"Die LOC war hart, das Fett darunter fest und das Fleisch zäh, trocken und ging nur schwer zu schneiden.","('FOOD', 'NEGATIVE', 'LOC')","('FOOD', 'NEGATIVE', 'Fleisch')","('FOOD', 'NEGATIVE', 'Fett')",,,,,,,,,,,,,
575,"Die LOC war hart, das Fett darunter fest und das Fleisch zäh, trocken und ging nur schwer zu schneiden.",,,,,,,,,,,,,,,,
576,Die Location kann leider nicht die miese Bedienung und das mehrheitlich unfreundliche Personal raus reissen.,"('SERVICE', 'NEGATIVE', 'Bedienung')","('SERVICE', 'NEGATIVE', 'Personal')",,,,,,,,,,,,,,
577,Die Location kann leider nicht die miese Bedienung und das mehrheitlich unfreundliche Personal raus reissen.,,,,,,,,,,,,,,,,
578,"Die Location spannend, das Personal grundsätzlich freundlich, das Frühstück allerdings qualitativ durchschnittlich.","('SERVICE', 'POSITIVE', 'Personal')","('FOOD', 'NEUTRAL', 'Frühstück')","('AMBIENCE', 'POSITIVE', 'Location')",,,,,,,,,,,,,
579,"Die Location spannend, das Personal grundsätzlich freundlich, das Frühstück allerdings qualitativ durchschnittlich.",,,,,,,,,,,,,,,,
580,"Die Location...trotz Reservierung Wochen im Voraus wurden wir im ""Nebenzimmer"" mit null Ambiente plaziert.","('AMBIENCE', 'NEGATIVE', 'Ambiente')",,,,,,,,,,,,,,,
581,"Die Location...trotz Reservierung Wochen im Voraus wurden wir im ""Nebenzimmer"" mit null Ambiente plaziert.",,,,,,,,,,,,,,,,
582,Die Milzwurst war hart und die Panier klebte als dünne Schicht am Produkt.,"('FOOD', 'NEGATIVE', 'Milzwurst')","('FOOD', 'NEGATIVE', 'Panier')",,,,,,,,,,,,,,
583,Die Milzwurst war hart und die Panier klebte als dünne Schicht am Produkt.,,,,,,,,,,,,,,,,
584,Die Panna Cotta zum Nachtisch war der absolute Wahnsinn.,"('FOOD', 'POSITIVE', 'Panna Cotta')",,,,,,,,,,,,,,,
585,Die Panna Cotta zum Nachtisch war der absolute Wahnsinn.,,,,,,,,,,,,,,,,
586,Die Pfeffersoße eine Frechheit was den Geschmack angeht.,"('FOOD', 'NEGATIVE', 'Pfeffersoße')",,,,,,,,,,,,,,,
587,Die Pfeffersoße eine Frechheit was den Geschmack angeht.,,,,,,,,,,,,,,,,
588,Die Portionsgrößen sind tendenziell großzügig.,"('FOOD', 'POSITIVE', 'Portionsgrößen')",,,,,,,,,,,,,,,
589,Die Portionsgrößen sind tendenziell großzügig.,,,,,,,,,,,,,,,,
590,"Die Preise sind an der Obergrenze, vor allem bei den Getränken.","('PRICE', 'NEGATIVE', 'Preise')",,,,,,,,,,,,,,,
591,"Die Preise sind an der Obergrenze, vor allem bei den Getränken.",,,,,,,,,,,,,,,,
592,"Die Preise sind sehr gehoben, daher wird eher kein regelmäßiger Besuch resultieren.","('PRICE', 'NEGATIVE', 'Preise')",,,,,,,,,,,,,,,
593,"Die Preise sind sehr gehoben, daher wird eher kein regelmäßiger Besuch resultieren.",,,,,,,,,,,,,,,,
594,"Die Preise sind unangemessen hoch, da lässt sich wohl der Chef seinen Namen bezahlen.","('PRICE', 'NEGATIVE', 'Preise')",,,,,,,,,,,,,,,
595,"Die Preise sind unangemessen hoch, da lässt sich wohl der Chef seinen Namen bezahlen.",,,,,,,,,,,,,,,,
596,Die Preise waren echt fair!,"('PRICE', 'POSITIVE', 'Preise')",,,,,,,,,,,,,,,
597,Die Preise waren echt fair!,,,,,,,,,,,,,,,,
598,"Die Qualität der Speisen ist auch nicht so toll, die Ofenkartoffel hat wohl auch schon ein paar Tage gelegen.","('FOOD', 'NEGATIVE', 'Speisen')","('FOOD', 'NEGATIVE', 'Ofenkartoffel')",,,,,,,,,,,,,,
599,"Die Qualität der Speisen ist auch nicht so toll, die Ofenkartoffel hat wohl auch schon ein paar Tage gelegen.",,,,,,,,,,,,,,,,
600,Die Qualität des Essens war ausgezeichnet.,"('FOOD', 'POSITIVE', 'Essens')",,,,,,,,,,,,,,,
601,Die Qualität des Essens war ausgezeichnet.,,,,,,,,,,,,,,,,
602,"Die Qualität des Fleisches ist ausgezeichnet, und die Steaks werden auf den Punkt genau zubereitet.","('FOOD', 'POSITIVE', 'Fleisches')","('FOOD', 'POSITIVE', 'Steaks')",,,,,,,,,,,,,,
603,"Die Qualität des Fleisches ist ausgezeichnet, und die Steaks werden auf den Punkt genau zubereitet.",,,,,,,,,,,,,,,,
604,"Die Qualität hat massiv abgenommen, wir werden nicht mehr kommen.","('GENERAL-IMPRESSION', 'NEGATIVE', 'NULL')",,,,,,,,,,,,,,,
605,"Die Qualität hat massiv abgenommen, wir werden nicht mehr kommen.",,,,,,,,,,,,,,,,
606,Die Rechnung kam dagegen sehr schnell,"('SERVICE', 'POSITIVE', 'NULL')",,,,,,,,,,,,,,,
607,Die Rechnung kam dagegen sehr schnell,,,,,,,,,,,,,,,,
608,Die Sauce und das Gemüse waren in Ordnung.,"('FOOD', 'NEUTRAL', 'Sauce')","('FOOD', 'NEUTRAL', 'Gemüse')",,,,,,,,,,,,,,
609,Die Sauce und das Gemüse waren in Ordnung.,,,,,,,,,,,,,,,,
610,"Die Speisen sind solid und lecker, der Service professionell und das Ambiente stimmig.","('FOOD', 'POSITIVE', 'Speisen')","('SERVICE', 'POSITIVE', 'Service')","('AMBIENCE', 'POSITIVE', 'Ambiente')",,,,,,,,,,,,,
611,"Die Speisen sind solid und lecker, der Service professionell und das Ambiente stimmig.",,,,,,,,,,,,,,,,
612,Die Speisen sind türkische Standard Küche etwas über dem Durchschnitt.,"('FOOD', 'POSITIVE', 'Speisen')",,,,,,,,,,,,,,,
613,Die Speisen sind türkische Standard Küche etwas über dem Durchschnitt.,,,,,,,,,,,,,,,,
614,"Die Speisen waren ausreichend, das Salatbuffet gut.","('FOOD', 'NEUTRAL', 'Speisen')","('FOOD', 'POSITIVE', 'Salatbuffet')",,,,,,,,,,,,,,
615,"Die Speisen waren ausreichend, das Salatbuffet gut.",,,,,,,,,,,,,,,,
616,Die Steaks und Burger sahen MEGA aus.,"('FOOD', 'POSITIVE', 'Steaks')","('FOOD', 'POSITIVE', 'Burger')",,,,,,,,,,,,,,
617,Die Steaks und Burger sahen MEGA aus.,,,,,,,,,,,,,,,,
618,"Die Steaks waren ausnahmslos zu schwach angebraten, so dass jedes eine breiten hellbraunen LOC, aber ohne die nötigen Röstaromen hatte.","('FOOD', 'NEGATIVE', 'Steaks')",,,,,,,,,,,,,,,
619,"Die Steaks waren ausnahmslos zu schwach angebraten, so dass jedes eine breiten hellbraunen LOC, aber ohne die nötigen Röstaromen hatte.",,,,,,,,,,,,,,,,
620,Die Sushi schmeckt nur noch durchschnittlich.,"('FOOD', 'NEUTRAL', 'Sushi')",,,,,,,,,,,,,,,
621,Die Sushi schmeckt nur noch durchschnittlich.,,,,,,,,,,,,,,,,
622,"Die Tapas waren grandios, die Mitarbeiter/innen waren sehr aufmerksam..wir kommen bald wieder …","('FOOD', 'POSITIVE', 'Tapas')","('SERVICE', 'POSITIVE', 'Mitarbeiter/innen')",,,,,,,,,,,,,,
623,"Die Tapas waren grandios, die Mitarbeiter/innen waren sehr aufmerksam..wir kommen bald wieder …",,,,,,,,,,,,,,,,
624,Die Tappas dagegen waren absolut unterirdisch und gelinde gesagt eine Frechheit.,"('FOOD', 'NEGATIVE', 'Tappas')",,,,,,,,,,,,,,,
625,Die Tappas dagegen waren absolut unterirdisch und gelinde gesagt eine Frechheit.,,,,,,,,,,,,,,,,
626,Die Toiletten waren sehr sauber.,"('AMBIENCE', 'POSITIVE', 'Toiletten')",,,,,,,,,,,,,,,
627,Die Toiletten waren sehr sauber.,,,,,,,,,,,,,,,,
628,Die Vorspeise (rote Bete) war sehr lecker.,"('FOOD', 'POSITIVE', 'Vorspeise (rote Bete')",,,,,,,,,,,,,,,
629,Die Vorspeise (rote Bete) war sehr lecker.,,,,,,,,,,,,,,,,
630,Die Vorspeise war ein Genuss und ein toller Querschnitt der guten Küche.,"('FOOD', 'POSITIVE', 'Vorspeise')","('FOOD', 'POSITIVE', 'Küche')",,,,,,,,,,,,,,
631,Die Vorspeise war ein Genuss und ein toller Querschnitt der guten Küche.,,,,,,,,,,,,,,,,
632,"Die Vorspeise war per sè schön angerichtet und hat auch geschmeckt.... bekamen was anderes als Burrata wegen laktose, danach ging leider der Tiefflug, angehend von der Karte, in einen Sturzflug über.","('FOOD', 'POSITIVE', 'Vorspeise')","('FOOD', 'NEGATIVE', 'NULL')",,,,,,,,,,,,,,
633,"Die Vorspeise war per sè schön angerichtet und hat auch geschmeckt.... bekamen was anderes als Burrata wegen laktose, danach ging leider der Tiefflug, angehend von der Karte, in einen Sturzflug über.",,,,,,,,,,,,,,,,
634,"Die Vorspeisen sind normalerweise sehr zu empfehlen,aber hier stimmt das Preis-Leistungsverhältnis überhaupt nicht mehr.","('FOOD', 'POSITIVE', 'Vorspeisen')","('PRICE', 'NEGATIVE', 'Vorspeisen')",,,,,,,,,,,,,,
635,"Die Vorspeisen sind normalerweise sehr zu empfehlen,aber hier stimmt das Preis-Leistungsverhältnis überhaupt nicht mehr.",,,,,,,,,,,,,,,,
636,Die beiden Hauprgerichte - LOC Gesellenstück und Schweineschnitzel Braumeister Art - waren allerdings hervorragend und meeeeehr als riechlich.,"('FOOD', 'POSITIVE', 'LOC Gesellenstück')","('FOOD', 'POSITIVE', 'Schweineschnitzel Braumeister Art')",,,,,,,,,,,,,,
637,Die beiden Hauprgerichte - LOC Gesellenstück und Schweineschnitzel Braumeister Art - waren allerdings hervorragend und meeeeehr als riechlich.,,,,,,,,,,,,,,,,
638,"Die beiden Kellner haben aber auch nach 50 Minuten keine Bestellung aufgenommen, obwohl die Tische neben uns bedient wurden.","('SERVICE', 'NEGATIVE', 'Kellner')",,,,,,,,,,,,,,,
639,"Die beiden Kellner haben aber auch nach 50 Minuten keine Bestellung aufgenommen, obwohl die Tische neben uns bedient wurden.",,,,,,,,,,,,,,,,
640,"Die bestellten Pizzen waren ok, groß aber geschmacklich kein Highlight.","('FOOD', 'NEUTRAL', 'Pizzen')",,,,,,,,,,,,,,,
641,"Die bestellten Pizzen waren ok, groß aber geschmacklich kein Highlight.",,,,,,,,,,,,,,,,
642,"Die große Platte beinhaltete zwar 12 Beilagen, aber dieser Preis war nicht fair.","('PRICE', 'NEGATIVE', 'Preis')",,,,,,,,,,,,,,,
643,"Die große Platte beinhaltete zwar 12 Beilagen, aber dieser Preis war nicht fair.",,,,,,,,,,,,,,,,
644,Die herzliche Begrüßung und die freundliche Bedienung sowie das gemütliche Ambiente haben uns sehr gefallen.,"('SERVICE', 'POSITIVE', 'Bedienung')","('AMBIENCE', 'POSITIVE', 'Ambiente')","('AMBIENCE', 'POSITIVE', 'Begrüßung')",,,,,,,,,,,,,
645,Die herzliche Begrüßung und die freundliche Bedienung sowie das gemütliche Ambiente haben uns sehr gefallen.,,,,,,,,,,,,,,,,
646,"Die kostenpflichtige Schinkennummer wird auch nicht dadurch besser, dass sie von den Vorbesitzern erfunden wurde.","('FOOD', 'NEGATIVE', 'Schinkennummer')",,,,,,,,,,,,,,,
647,"Die kostenpflichtige Schinkennummer wird auch nicht dadurch besser, dass sie von den Vorbesitzern erfunden wurde.",,,,,,,,,,,,,,,,
648,"Die linguini waren zu durch, die Pasta Saucen generell eher unterdurchschnittlich und selbst die gnocchi mit Trüffeln waren leider nicht lecker.","('FOOD', 'NEGATIVE', 'linguini')","('FOOD', 'NEGATIVE', 'Pasta Saucen')","('FOOD', 'NEGATIVE', 'gnocchi mit Trüffeln')",,,,,,,,,,,,,
649,"Die linguini waren zu durch, die Pasta Saucen generell eher unterdurchschnittlich und selbst die gnocchi mit Trüffeln waren leider nicht lecker.",,,,,,,,,,,,,,,,
650,"Die schlechteste Haxe, die ich in meinem Leben gegessen habe.","('FOOD', 'NEGATIVE', 'Haxe')",,,,,,,,,,,,,,,
651,"Die schlechteste Haxe, die ich in meinem Leben gegessen habe.",,,,,,,,,,,,,,,,
652,Die schönsten Plätze sind draußen an den Mauern der Kirche!,"('AMBIENCE', 'POSITIVE', 'Plätze')",,,,,,,,,,,,,,,
653,Die schönsten Plätze sind draußen an den Mauern der Kirche!,,,,,,,,,,,,,,,,
654,Die sehr freundliche Kellnerin namens Eva (der Name stand auf einem Begrüssungskärtchen) war sehr angenehm und Aufmerksam.,"('SERVICE', 'POSITIVE', 'Eva')",,,,,,,,,,,,,,,
655,Die sehr freundliche Kellnerin namens Eva (der Name stand auf einem Begrüssungskärtchen) war sehr angenehm und Aufmerksam.,,,,,,,,,,,,,,,,
656,Die von meiner Frau gegessenen Parpadelle a'la RESTAURANT_NAME waren ebenfalls zu wenig gewürzt und wurden mit zu wenig geriebenem Parmesan serviert.,"('FOOD', 'NEGATIVE', ""Parpadelle a\\'la RESTAURANT_NAME"")",,,,,,,,,,,,,,,
657,Die von meiner Frau gegessenen Parpadelle a'la RESTAURANT_NAME waren ebenfalls zu wenig gewürzt und wurden mit zu wenig geriebenem Parmesan serviert.,,,,,,,,,,,,,,,,
658,"Die westfälische Küche, Zwiebelfleisch, und der Rheinische Sauerbraten überzeugen geschmacklich in jeder Hinsicht.","('FOOD', 'POSITIVE', 'Küche')","('FOOD', 'POSITIVE', 'Zwiebelfleisch')","('FOOD', 'POSITIVE', 'Sauerbraten')",,,,,,,,,,,,,
659,"Die westfälische Küche, Zwiebelfleisch, und der Rheinische Sauerbraten überzeugen geschmacklich in jeder Hinsicht.",,,,,,,,,,,,,,,,
660,DieTische sind klein und so eng gestellt das man das Gefühl hat beim Nachbarn auf dem Schoß zu sitzen.,"('AMBIENCE', 'NEGATIVE', 'DieTische')",,,,,,,,,,,,,,,
661,DieTische sind klein und so eng gestellt das man das Gefühl hat beim Nachbarn auf dem Schoß zu sitzen.,,,,,,,,,,,,,,,,
662,"Dies könnte dem bei unserem Besuch nicht sehr aufmerksamen Service, sehr kleinen Portionen und vergleichsweise hohen Preisen geschuldet sein.","('SERVICE', 'NEGATIVE', 'Service')","('FOOD', 'NEGATIVE', 'Portionen')","('PRICE', 'NEGATIVE', 'Preisen')",,,,,,,,,,,,,
663,"Dies könnte dem bei unserem Besuch nicht sehr aufmerksamen Service, sehr kleinen Portionen und vergleichsweise hohen Preisen geschuldet sein.",,,,,,,,,,,,,,,,
664,Diese angeblich bayerische Brauerei ist ein No-Go.,"('GENERAL-IMPRESSION', 'NEGATIVE', 'Brauerei')",,,,,,,,,,,,,,,
665,Diese angeblich bayerische Brauerei ist ein No-Go.,,,,,,,,,,,,,,,,
666,"Dieser war dermaßen zäh und ungenießbar, dass unser Dessert ziemlich unangetastet wieder abgeräumt wurde.","('FOOD', 'NEGATIVE', 'NULL')",,,,,,,,,,,,,,,
667,"Dieser war dermaßen zäh und ungenießbar, dass unser Dessert ziemlich unangetastet wieder abgeräumt wurde.",,,,,,,,,,,,,,,,
668,Direkt an der LOC im Zentrum gelegen ist das Restaurant ideal für einen Stopp.,"('GENERAL-IMPRESSION', 'POSITIVE', 'Restaurant')",,,,,,,,,,,,,,,
669,Direkt an der LOC im Zentrum gelegen ist das Restaurant ideal für einen Stopp.,,,,,,,,,,,,,,,,
670,Direkt neben der LOC präsentiert sich das LOC mit wunderschönen Räumen.,"('AMBIENCE', 'POSITIVE', 'Räumen')",,,,,,,,,,,,,,,
671,Direkt neben der LOC präsentiert sich das LOC mit wunderschönen Räumen.,,,,,,,,,,,,,,,,
672,Echt schlimm.,"('GENERAL-IMPRESSION', 'NEGATIVE', 'NULL')",,,,,,,,,,,,,,,
673,Echt schlimm.,,,,,,,,,,,,,,,,
674,Eigentlich fehlen mir die Worte!!,"('GENERAL-IMPRESSION', 'NEGATIVE', 'NULL')",,,,,,,,,,,,,,,
675,Eigentlich fehlen mir die Worte!!,,,,,,,,,,,,,,,,
676,Ein Armutszeugnis.,"('GENERAL-IMPRESSION', 'NEGATIVE', 'NULL')",,,,,,,,,,,,,,,
677,Ein Armutszeugnis.,,,,,,,,,,,,,,,,
678,Ein Lob an Koch.,"('FOOD', 'POSITIVE', 'NULL')",,,,,,,,,,,,,,,
679,Ein Lob an Koch.,,,,,,,,,,,,,,,,
680,"Ein Service der absoluten Spitzenklasse, so extrem aufmerksam und freundlich, wie es heute nur noch selten anzutreffen ist.","('SERVICE', 'POSITIVE', 'Service')",,,,,,,,,,,,,,,
681,"Ein Service der absoluten Spitzenklasse, so extrem aufmerksam und freundlich, wie es heute nur noch selten anzutreffen ist.",,,,,,,,,,,,,,,,
682,Ein Steakhouse ohne Ofenkartoffel ist an Absurdität nicht zu überbieten!,"('GENERAL-IMPRESSION', 'NEGATIVE', 'Steakhouse')",,,,,,,,,,,,,,,
683,Ein Steakhouse ohne Ofenkartoffel ist an Absurdität nicht zu überbieten!,,,,,,,,,,,,,,,,
684,"Ein Stück schieren ""edlen"" Fleisches konnte ich nicht entdecken.","('FOOD', 'NEGATIVE', 'NULL')",,,,,,,,,,,,,,,
685,"Ein Stück schieren ""edlen"" Fleisches konnte ich nicht entdecken.",,,,,,,,,,,,,,,,
686,Ein angenehmer Mittagstisch.,"('AMBIENCE', 'POSITIVE', 'Mittagstisch')",,,,,,,,,,,,,,,
687,Ein angenehmer Mittagstisch.,,,,,,,,,,,,,,,,
688,"Ein arroganter, schlecht gelaunter farbiger Türsteher am Einlass befahl uns jedoch im Imperativ begleitet von abfälligen Gesten, dass wir uns am Ende der Schlange wieder anstellen sollten, obwohl wir natürlich keinen Tisch mehr wollten.","('SERVICE', 'NEGATIVE', 'Türsteher')",,,,,,,,,,,,,,,
689,"Ein arroganter, schlecht gelaunter farbiger Türsteher am Einlass befahl uns jedoch im Imperativ begleitet von abfälligen Gesten, dass wir uns am Ende der Schlange wieder anstellen sollten, obwohl wir natürlich keinen Tisch mehr wollten.",,,,,,,,,,,,,,,,
690,Ein gemütlicher Bierkeller mit freundlicher und flotter Bedienung.,"('SERVICE', 'POSITIVE', 'Bedienung')","('AMBIENCE', 'POSITIVE', 'Bierkeller')",,,,,,,,,,,,,,
691,Ein gemütlicher Bierkeller mit freundlicher und flotter Bedienung.,,,,,,,,,,,,,,,,
692,"Ein sehr unfreundlicher Gastronomiebetrieb, bei Raklamationen wegen falscher Abrechnung wird der LOC Herr Morawek ausfallend und beleidigend.","('SERVICE', 'NEGATIVE', 'NULL')","('SERVICE', 'NEGATIVE', 'Morawek')",,,,,,,,,,,,,,
693,"Ein sehr unfreundlicher Gastronomiebetrieb, bei Raklamationen wegen falscher Abrechnung wird der LOC Herr Morawek ausfallend und beleidigend.",,,,,,,,,,,,,,,,
694,"Ein solides italienisches Restaurant in der LOC, mit selbstgemachte Pasta, guter Auswahl und immer wieder ein Besuch wert.","('GENERAL-IMPRESSION', 'POSITIVE', 'Restaurant')","('FOOD', 'POSITIVE', 'Auswahl')","('GENERAL-IMPRESSION', 'POSITIVE', 'NULL')",,,,,,,,,,,,,
695,"Ein solides italienisches Restaurant in der LOC, mit selbstgemachte Pasta, guter Auswahl und immer wieder ein Besuch wert.",,,,,,,,,,,,,,,,
696,Ein uriges Kellerlokal in einem Gewölbe.,"('AMBIENCE', 'POSITIVE', 'Kellerlokal in einem Gewölbe')",,,,,,,,,,,,,,,
697,Ein uriges Kellerlokal in einem Gewölbe.,,,,,,,,,,,,,,,,
698,"Eine Haxe für EUR 26,50 ist schon preislich ambitioniert.","('PRICE', 'NEGATIVE', 'Haxe')",,,,,,,,,,,,,,,
699,"Eine Haxe für EUR 26,50 ist schon preislich ambitioniert.",,,,,,,,,,,,,,,,
700,Eine Tourinepp-Veranstaltung halt.,"('GENERAL-IMPRESSION', 'NEGATIVE', 'NULL')",,,,,,,,,,,,,,,
701,Eine Tourinepp-Veranstaltung halt.,,,,,,,,,,,,,,,,
702,Eine der Beste Restaurant in LOC!,"('GENERAL-IMPRESSION', 'POSITIVE', 'Restaurant')",,,,,,,,,,,,,,,
703,Eine der Beste Restaurant in LOC!,,,,,,,,,,,,,,,,
704,"Eine der Servicekräfte deutete auf die Uhr und teilte mir in einem barschen Tonfall mit, dass man um 22:00 Uhr schließe.","('SERVICE', 'NEGATIVE', 'Servicekräfte')",,,,,,,,,,,,,,,
705,"Eine der Servicekräfte deutete auf die Uhr und teilte mir in einem barschen Tonfall mit, dass man um 22:00 Uhr schließe.",,,,,,,,,,,,,,,,
706,"Eine halbe Stunde nach der Bestellung des Weines (LOC) wurden wir über dessen nicht mehr Vorhandensein informiert, und es dauerte 1 weitere Stunde bis der Alternativwein serviert wurde.","('SERVICE', 'NEGATIVE', 'NULL')",,,,,,,,,,,,,,,
707,"Eine halbe Stunde nach der Bestellung des Weines (LOC) wurden wir über dessen nicht mehr Vorhandensein informiert, und es dauerte 1 weitere Stunde bis der Alternativwein serviert wurde.",,,,,,,,,,,,,,,,
708,"Eine innovative Küche eines engagierten Kochs, wobei man es mögen muss, dass in JEDEM Gang deutliche Fruchtnoten zumindest im Hintergrund, wenn nicht im Vordergrund stehen.","('FOOD', 'POSITIVE', 'Küche')","('SERVICE', 'POSITIVE', 'Kochs')",,,,,,,,,,,,,,
709,"Eine innovative Küche eines engagierten Kochs, wobei man es mögen muss, dass in JEDEM Gang deutliche Fruchtnoten zumindest im Hintergrund, wenn nicht im Vordergrund stehen.",,,,,,,,,,,,,,,,
710,Eine sehr schöne Abwechslung zu anderen Restaurants mit toller Musik.,"('AMBIENCE', 'POSITIVE', 'Musik')",,,,,,,,,,,,,,,
711,Eine sehr schöne Abwechslung zu anderen Restaurants mit toller Musik.,,,,,,,,,,,,,,,,
712,Eine typische Touristenlocation die von ihrem Mythos lebt.,"('GENERAL-IMPRESSION', 'POSITIVE', 'NULL')",,,,,,,,,,,,,,,
713,Eine typische Touristenlocation die von ihrem Mythos lebt.,,,,,,,,,,,,,,,,
714,"Eine weitere Servicekraft, kaum älter als 18 sprach jeden Gast, egal welchen Alters, sehr fläzig mit ""Du"" und in tiefsten ""Sächsisch"" an.","('SERVICE', 'NEGATIVE', 'Servicekraft')",,,,,,,,,,,,,,,
715,"Eine weitere Servicekraft, kaum älter als 18 sprach jeden Gast, egal welchen Alters, sehr fläzig mit ""Du"" und in tiefsten ""Sächsisch"" an.",,,,,,,,,,,,,,,,
716,"Einen Punkt abziehen möchte ich für den überheblich, selbsverliebt und gönnerhaft auftretenden Herren am Empfang.","('SERVICE', 'NEGATIVE', 'Herren am Empfang')",,,,,,,,,,,,,,,
717,"Einen Punkt abziehen möchte ich für den überheblich, selbsverliebt und gönnerhaft auftretenden Herren am Empfang.",,,,,,,,,,,,,,,,
718,Einfach Daumen hoch!!,"('GENERAL-IMPRESSION', 'POSITIVE', 'NULL')",,,,,,,,,,,,,,,
719,Einfach Daumen hoch!!,,,,,,,,,,,,,,,,
720,Einfaches Restaurant mit schlechten Service und kaum glutenfreie Speisen.,"('FOOD', 'NEGATIVE', 'Speisen')","('SERVICE', 'NEGATIVE', 'Service')",,,,,,,,,,,,,,
721,Einfaches Restaurant mit schlechten Service und kaum glutenfreie Speisen.,,,,,,,,,,,,,,,,
722,"Einmal zum Mittagessen - das vegetarische Trio Knödel war fantasievoll und schmeckte sehr gut, die Bandnudeln mit gebratenen Pfifferlingen waren gut, hätten aber durch etwas mehr Gewürze deutlich gewonnen.","('FOOD', 'POSITIVE', 'vegetarische Trio Knödel')","('FOOD', 'POSITIVE', 'Bandnudeln mit gebratenen Pfifferlingen')",,,,,,,,,,,,,,
723,"Einmal zum Mittagessen - das vegetarische Trio Knödel war fantasievoll und schmeckte sehr gut, die Bandnudeln mit gebratenen Pfifferlingen waren gut, hätten aber durch etwas mehr Gewürze deutlich gewonnen.",,,,,,,,,,,,,,,,
724,"Ente war aus, gesagt hat man es einem bei der Bestellung (wieso nicht schon beim Austeilen der Karte, das erspart viel LOC das Essen kam, ich hatte eine Haxe.","('SERVICE', 'NEGATIVE', 'NULL')",,,,,,,,,,,,,,,
725,"Ente war aus, gesagt hat man es einem bei der Bestellung (wieso nicht schon beim Austeilen der Karte, das erspart viel LOC das Essen kam, ich hatte eine Haxe.",,,,,,,,,,,,,,,,
726,"Entspanntes Ambiente, auch die Grüße aus der Küche sowie Pré- und Postdesert waren unglaublich lecker und besonders!","('AMBIENCE', 'POSITIVE', 'Ambiente')","('FOOD', 'POSITIVE', 'Grüße aus der Küche')","('FOOD', 'POSITIVE', 'Pré- und Postdesert')",,,,,,,,,,,,,
727,"Entspanntes Ambiente, auch die Grüße aus der Küche sowie Pré- und Postdesert waren unglaublich lecker und besonders!",,,,,,,,,,,,,,,,
728,Enttäuschend war für uns alle die Essensqualität.,"('FOOD', 'NEGATIVE', 'NULL')",,,,,,,,,,,,,,,
729,Enttäuschend war für uns alle die Essensqualität.,,,,,,,,,,,,,,,,
730,Enttäuschend!!!,"('GENERAL-IMPRESSION', 'NEGATIVE', 'NULL')",,,,,,,,,,,,,,,
731,Enttäuschend!!!,,,,,,,,,,,,,,,,
732,"Er kam nie zu unserem Tisch und bei der Bezahlung hat er auch nicht viel geredet, uns nur das Kartenlesegerät hingehalten, den Preis konnte ich nicht sehen - als wir um eine Aufteilung baten wurde er anscheinend sauer und hat nur böse geschnaubt und den Kopf geschüttelt - „Geht nicht“.","('SERVICE', 'NEGATIVE', 'NULL')",,,,,,,,,,,,,,,
733,"Er kam nie zu unserem Tisch und bei der Bezahlung hat er auch nicht viel geredet, uns nur das Kartenlesegerät hingehalten, den Preis konnte ich nicht sehen - als wir um eine Aufteilung baten wurde er anscheinend sauer und hat nur böse geschnaubt und den Kopf geschüttelt - „Geht nicht“.",,,,,,,,,,,,,,,,
734,"Erlebens- und Sehenswert, alteingessesene Gaststätte, Essen, Bedienung/Service, Atmosphäre, rundum sehr gut, nur zu empfehlen!","('FOOD', 'POSITIVE', 'Essen')","('SERVICE', 'POSITIVE', 'Bedienung/Service')","('AMBIENCE', 'POSITIVE', 'Atmosphäre')","('GENERAL-IMPRESSION', 'POSITIVE', 'NULL')",,,,,,,,,,,,
735,"Erlebens- und Sehenswert, alteingessesene Gaststätte, Essen, Bedienung/Service, Atmosphäre, rundum sehr gut, nur zu empfehlen!",,,,,,,,,,,,,,,,
736,Es gab keine reine Rebe und zudem recht teuer.,"('FOOD', 'NEGATIVE', 'NULL')","('PRICE', 'NEGATIVE', 'NULL')",,,,,,,,,,,,,,
737,Es gab keine reine Rebe und zudem recht teuer.,,,,,,,,,,,,,,,,
738,Es gibt wirklich deutlich bessere thailändische Küche in LOC.,"('GENERAL-IMPRESSION', 'NEGATIVE', 'NULL')",,,,,,,,,,,,,,,
739,Es gibt wirklich deutlich bessere thailändische Küche in LOC.,,,,,,,,,,,,,,,,
740,"Es hat gezogen an unserem Platz, es war etwas kalt.","('AMBIENCE', 'NEGATIVE', 'NULL')",,,,,,,,,,,,,,,
741,"Es hat gezogen an unserem Platz, es war etwas kalt.",,,,,,,,,,,,,,,,
742,Es ist eine super Atmosphäre,"('AMBIENCE', 'POSITIVE', 'Atmosphäre')",,,,,,,,,,,,,,,
743,Es ist eine super Atmosphäre,,,,,,,,,,,,,,,,
744,Es ist sehr viel los gewesen und das hat man beim Service ein wenig gemerkt.,"('SERVICE', 'NEGATIVE', 'Service')",,,,,,,,,,,,,,,
745,Es ist sehr viel los gewesen und das hat man beim Service ein wenig gemerkt.,,,,,,,,,,,,,,,,
746,Es lohnt sich 100%.,"('GENERAL-IMPRESSION', 'POSITIVE', 'NULL')",,,,,,,,,,,,,,,
747,Es lohnt sich 100%.,,,,,,,,,,,,,,,,
748,Es lohnt sich durch das Lokal zu gehen und alles an zu sehen.,"('GENERAL-IMPRESSION', 'POSITIVE', 'NULL')",,,,,,,,,,,,,,,
749,Es lohnt sich durch das Lokal zu gehen und alles an zu sehen.,,,,,,,,,,,,,,,,
750,"Es schmeckt wie in LOC und würden wir in LOC wohnen, wären wir Stammgäste.","('FOOD', 'POSITIVE', 'NULL')",,,,,,,,,,,,,,,
751,"Es schmeckt wie in LOC und würden wir in LOC wohnen, wären wir Stammgäste.",,,,,,,,,,,,,,,,
752,"Es sei denn, man steht darauf, vom Eigentümer beleidigt zu werden.","('SERVICE', 'NEGATIVE', 'Eigentümer')",,,,,,,,,,,,,,,
753,"Es sei denn, man steht darauf, vom Eigentümer beleidigt zu werden.",,,,,,,,,,,,,,,,
754,Es war ein rundum gelungener Abend.,"('GENERAL-IMPRESSION', 'POSITIVE', 'NULL')",,,,,,,,,,,,,,,
755,Es war ein rundum gelungener Abend.,,,,,,,,,,,,,,,,
756,Es war ein toller Abend.,"('GENERAL-IMPRESSION', 'POSITIVE', 'NULL')",,,,,,,,,,,,,,,
757,Es war ein toller Abend.,,,,,,,,,,,,,,,,
758,Es war für uns echt unangenehm.,"('GENERAL-IMPRESSION', 'NEGATIVE', 'NULL')",,,,,,,,,,,,,,,
759,Es war für uns echt unangenehm.,,,,,,,,,,,,,,,,
760,"Es war so weich gekocht, dass ich es durch die geschlossenen Zahnreihen ziehen konnte.","('FOOD', 'NEGATIVE', 'NULL')",,,,,,,,,,,,,,,
761,"Es war so weich gekocht, dass ich es durch die geschlossenen Zahnreihen ziehen konnte.",,,,,,,,,,,,,,,,
762,Es war wie immer einfach perfekt.,"('GENERAL-IMPRESSION', 'POSITIVE', 'NULL')",,,,,,,,,,,,,,,
763,Es war wie immer einfach perfekt.,,,,,,,,,,,,,,,,
764,Es war wirklich eine 10/10!,"('GENERAL-IMPRESSION', 'POSITIVE', 'NULL')",,,,,,,,,,,,,,,
765,Es war wirklich eine 10/10!,,,,,,,,,,,,,,,,
766,Es wurde alles frisch zubereitet und nach der Bestellung zügig an den Tisch gebracht.,"('FOOD', 'POSITIVE', 'NULL')","('SERVICE', 'POSITIVE', 'NULL')",,,,,,,,,,,,,,
767,Es wurde alles frisch zubereitet und nach der Bestellung zügig an den Tisch gebracht.,,,,,,,,,,,,,,,,
768,"Essen durchschnittlich, Preisleistung passt nicht.","('FOOD', 'NEUTRAL', 'Essen')","('PRICE', 'NEGATIVE', 'Preisleistung')",,,,,,,,,,,,,,
769,"Essen durchschnittlich, Preisleistung passt nicht.",,,,,,,,,,,,,,,,
770,Essen kam recht schnell,"('NULL', 'service general', 'positive')",,,,,,,,,,,,,,,
771,Essen kam recht schnell,,,,,,,,,,,,,,,,
772,"Essen lecker, (vielleicht ein klein wenig zu lange gebraucht), Bedienungen freundlich und sauber!","('FOOD', 'POSITIVE', 'Essen')","('SERVICE', 'POSITIVE', 'Bedienungen')","('SERVICE', 'NEGATIVE', 'NULL')",,,,,,,,,,,,,
773,"Essen lecker, (vielleicht ein klein wenig zu lange gebraucht), Bedienungen freundlich und sauber!",,,,,,,,,,,,,,,,
774,"Essen lecker, jedoch überteuert.","('FOOD', 'POSITIVE', 'Essen')","('PRICE', 'NEGATIVE', 'NULL')",,,,,,,,,,,,,,
775,"Essen lecker, jedoch überteuert.",,,,,,,,,,,,,,,,
776,Essen sehr gut in angemessener Zeit.,"('FOOD', 'POSITIVE', 'Essen')","('SERVICE', 'POSITIVE', 'Essen')",,,,,,,,,,,,,,
777,Essen sehr gut in angemessener Zeit.,,,,,,,,,,,,,,,,
778,Essen teuer und teilweise sehr wenig für die Männer auf dem Teller.,"('PRICE', 'NEGATIVE', 'Essen')","('FOOD', 'NEGATIVE', 'Essen')",,,,,,,,,,,,,,
779,Essen teuer und teilweise sehr wenig für die Männer auf dem Teller.,,,,,,,,,,,,,,,,
780,Essen und Getränke wurden in super zeitlichen Rahmen serviert.,"('FOOD', 'POSITIVE', 'Essen')","('FOOD', 'POSITIVE', 'Getränke')",,,,,,,,,,,,,,
781,Essen und Getränke wurden in super zeitlichen Rahmen serviert.,,,,,,,,,,,,,,,,
782,"Essen und Service einwandfrei, fühlten uns wohlAufmerksamens Personal und ein gutes Timing kommen gerne wieder","('FOOD', 'POSITIVE', 'Essen')","('SERVICE', 'POSITIVE', 'Service')","('SERVICE', 'POSITIVE', 'Personal')","('GENERAL-IMPRESSION', 'POSITIVE', 'NULL')",,,,,,,,,,,,
783,"Essen und Service einwandfrei, fühlten uns wohlAufmerksamens Personal und ein gutes Timing kommen gerne wieder",,,,,,,,,,,,,,,,
784,Essen war gut.,"('FOOD', 'POSITIVE', 'Essen')",,,,,,,,,,,,,,,
785,Essen war gut.,,,,,,,,,,,,,,,,
786,Essen war in Ordnung.,"('FOOD', 'NEUTRAL', 'Essen')",,,,,,,,,,,,,,,
787,Essen war in Ordnung.,,,,,,,,,,,,,,,,
788,Essen war lecker.,"('FOOD', 'POSITIVE', 'Essen')",,,,,,,,,,,,,,,
789,Essen war lecker.,,,,,,,,,,,,,,,,
790,"Essen war ok, aber sowas verdirbt einem nur die Laune.","('FOOD', 'NEUTRAL', 'Essen')",,,,,,,,,,,,,,,
791,"Essen war ok, aber sowas verdirbt einem nur die Laune.",,,,,,,,,,,,,,,,
792,Essen war sehr lecker.,"('FOOD', 'POSITIVE', 'Essen')",,,,,,,,,,,,,,,
793,Essen war sehr lecker.,,,,,,,,,,,,,,,,
794,Etwas diffuser wäre gemütlicher.,"('AMBIENCE', 'NEGATIVE', 'NULL')",,,,,,,,,,,,,,,
795,Etwas diffuser wäre gemütlicher.,,,,,,,,,,,,,,,,
796,Eventuell ok wenn man nur etwas trinken möchte für ein Essen mit Freunden nicht zu empfehlen.,"('FOOD', 'NEGATIVE', 'Essen')","('FOOD', 'NEUTRAL', 'NULL')",,,,,,,,,,,,,,
797,Eventuell ok wenn man nur etwas trinken möchte für ein Essen mit Freunden nicht zu empfehlen.,,,,,,,,,,,,,,,,
798,"Extrem touristisch, was ja kein Problem ist, jedoch sind die Kellner sehr unfreundlich.","('SERVICE', 'NEGATIVE', 'Kellner')",,,,,,,,,,,,,,,
799,"Extrem touristisch, was ja kein Problem ist, jedoch sind die Kellner sehr unfreundlich.",,,,,,,,,,,,,,,,
800,Fazit: Geht gar nicht !,"('GENERAL-IMPRESSION', 'NEGATIVE', 'NULL')",,,,,,,,,,,,,,,
801,Fazit: Geht gar nicht !,,,,,,,,,,,,,,,,
802,"Fazit: da kann man auf ein Bier und eine Brezn hingehen, aber richtig essen sollte man nicht.","('FOOD', 'NEGATIVE', 'NULL')","('FOOD', 'POSITIVE', 'Bier und eine Brezn')",,,,,,,,,,,,,,
803,"Fazit: da kann man auf ein Bier und eine Brezn hingehen, aber richtig essen sollte man nicht.",,,,,,,,,,,,,,,,
804,"Feine und gehobene Gerichte aus Süditalien, LOC vor allem.","('FOOD', 'POSITIVE', 'Gerichte')",,,,,,,,,,,,,,,
805,"Feine und gehobene Gerichte aus Süditalien, LOC vor allem.",,,,,,,,,,,,,,,,
806,"Fisch mit Kräutern, super Beilagen.","('FOOD', 'POSITIVE', 'Beilagen')",,,,,,,,,,,,,,,
807,"Fisch mit Kräutern, super Beilagen.",,,,,,,,,,,,,,,,
808,"Flammkuchen spitze, Tochter fand steig megagut!","('FOOD', 'POSITIVE', 'Flammkuchen')","('FOOD', 'POSITIVE', 'steig')",,,,,,,,,,,,,,
809,"Flammkuchen spitze, Tochter fand steig megagut!",,,,,,,,,,,,,,,,
810,Frage: Warum sollen wir das Restaurant erneut auswählen bzw. anderen Gästen empfehlen?,"('GENERAL-IMPRESSION', 'NEGATIVE', 'Restaurant')",,,,,,,,,,,,,,,
811,Frage: Warum sollen wir das Restaurant erneut auswählen bzw. anderen Gästen empfehlen?,,,,,,,,,,,,,,,,
812,Freundliche Bedienung.,"('SERVICE', 'POSITIVE', 'Bedienung')",,,,,,,,,,,,,,,
813,Freundliche Bedienung.,,,,,,,,,,,,,,,,
814,Freundliche und flotte Bedienung - das war prima wobei kaum Gäste da waren.,"('SERVICE', 'POSITIVE', 'Bedienung')",,,,,,,,,,,,,,,
815,Freundliche und flotte Bedienung - das war prima wobei kaum Gäste da waren.,,,,,,,,,,,,,,,,
816,Freundliche und sehr flotte Bedienung.,"('SERVICE', 'POSITIVE', 'Bedienung')",,,,,,,,,,,,,,,
817,Freundliche und sehr flotte Bedienung.,,,,,,,,,,,,,,,,
818,Freundliches und flinkes Personal .,"('SERVICE', 'POSITIVE', 'Personal')",,,,,,,,,,,,,,,
819,Freundliches und flinkes Personal .,,,,,,,,,,,,,,,,
820,Frisch gezapft natürlich klasse.,"('FOOD', 'POSITIVE', 'NULL')",,,,,,,,,,,,,,,
821,Frisch gezapft natürlich klasse.,,,,,,,,,,,,,,,,
822,"Fränkische Bratwürste, die waren gut, aber das Sauerkraut dazu hat nach gar nichts geschmeckt.","('FOOD', 'POSITIVE', 'Fränkische Bratwürste')","('FOOD', 'NEGATIVE', 'Sauerkraut')",,,,,,,,,,,,,,
823,"Fränkische Bratwürste, die waren gut, aber das Sauerkraut dazu hat nach gar nichts geschmeckt.",,,,,,,,,,,,,,,,
824,Frühstück war super lecker.,"('FOOD', 'POSITIVE', 'Frühstück')",,,,,,,,,,,,,,,
825,Frühstück war super lecker.,,,,,,,,,,,,,,,,
826,"Für das Ambiente 4 von 5 Sternen- man kann nichts aussetzten, ist halt Geschmackssache.","('AMBIENCE', 'POSITIVE', 'Ambiente')",,,,,,,,,,,,,,,
827,"Für das Ambiente 4 von 5 Sternen- man kann nichts aussetzten, ist halt Geschmackssache.",,,,,,,,,,,,,,,,
828,Für diesen Preis trotzdem eine Zumutung.,"('PRICE', 'NEGATIVE', 'Preis')","('GENERAL-IMPRESSION', 'NEGATIVE', 'NULL')",,,,,,,,,,,,,,
829,Für diesen Preis trotzdem eine Zumutung.,,,,,,,,,,,,,,,,
830,Für einen ruhigen Abend mit wohlfühlcharakter ist man hier definitiv falsch.,"('AMBIENCE', 'NEGATIVE', 'NULL')",,,,,,,,,,,,,,,
831,Für einen ruhigen Abend mit wohlfühlcharakter ist man hier definitiv falsch.,,,,,,,,,,,,,,,,
832,Für einen solchen Preis erwarte ich Qualität .,"('PRICE', 'NEGATIVE', 'Preis')","('GENERAL-IMPRESSION', 'NEGATIVE', 'NULL')",,,,,,,,,,,,,,
833,Für einen solchen Preis erwarte ich Qualität .,,,,,,,,,,,,,,,,
834,"Für meinen Geldbeutel etwas zu teuer, aber wir hatten ja zum Glück einen Gutschein zum Geburtstag geschenkt bekommen.","('PRICE', 'NEGATIVE', 'NULL')",,,,,,,,,,,,,,,
835,"Für meinen Geldbeutel etwas zu teuer, aber wir hatten ja zum Glück einen Gutschein zum Geburtstag geschenkt bekommen.",,,,,,,,,,,,,,,,
836,Für uns hat es sich erledigt!,"('GENERAL-IMPRESSION', 'NEGATIVE', 'NULL')",,,,,,,,,,,,,,,
837,Für uns hat es sich erledigt!,,,,,,,,,,,,,,,,
838,"Für uns steht klar ,es war das erste und letzte mal .","('GENERAL-IMPRESSION', 'NEGATIVE', 'NULL')",,,,,,,,,,,,,,,
839,"Für uns steht klar ,es war das erste und letzte mal .",,,,,,,,,,,,,,,,
840,Ganz klare Empfehlungen unsererseits.,"('GENERAL-IMPRESSION', 'POSITIVE', 'NULL')",,,,,,,,,,,,,,,
841,Ganz klare Empfehlungen unsererseits.,,,,,,,,,,,,,,,,
842,Gastfreundschaft geht anders.,"('SERVICE', 'NEGATIVE', 'Gastfreundschaft')",,,,,,,,,,,,,,,
843,Gastfreundschaft geht anders.,,,,,,,,,,,,,,,,
844,Gefühlt wie abgezockt.,"('PRICE', 'NEGATIVE', 'NULL')",,,,,,,,,,,,,,,
845,Gefühlt wie abgezockt.,,,,,,,,,,,,,,,,
846,Generell eine schöne Erfahrung.,"('GENERAL-IMPRESSION', 'POSITIVE', 'NULL')",,,,,,,,,,,,,,,
847,Generell eine schöne Erfahrung.,,,,,,,,,,,,,,,,
848,"Geniale, hausgemachte Hühnerbouillon mit Eierstich, wirklich gut.","('FOOD', 'POSITIVE', 'Hühnerbouillon mit Eierstich')",,,,,,,,,,,,,,,
849,"Geniale, hausgemachte Hühnerbouillon mit Eierstich, wirklich gut.",,,,,,,,,,,,,,,,
850,"Gepflegtes Bier (0,5 Liter) und süffiger Wein.","('FOOD', 'POSITIVE', 'Bier')","('FOOD', 'POSITIVE', 'Wein')",,,,,,,,,,,,,,
851,"Gepflegtes Bier (0,5 Liter) und süffiger Wein.",,,,,,,,,,,,,,,,
852,"Gericht 1: Spaghetti Deluxe, mit Sauce aus Steinpilzen, knusprigen Speck und Grana Padano: Das Gericht an sich war lecker und hatte einen guten Geschmack.","('FOOD', 'POSITIVE', 'Spaghetti Deluxe')","('FOOD', 'POSITIVE', 'Sauce aus Steinpilzen')","('FOOD', 'POSITIVE', 'Speck')","('FOOD', 'POSITIVE', 'Grana Padano')",,,,,,,,,,,,
853,"Gericht 1: Spaghetti Deluxe, mit Sauce aus Steinpilzen, knusprigen Speck und Grana Padano: Das Gericht an sich war lecker und hatte einen guten Geschmack.",,,,,,,,,,,,,,,,
854,Geschmack fad.,"('FOOD', 'NEGATIVE', 'NULL')",,,,,,,,,,,,,,,
855,Geschmack fad.,,,,,,,,,,,,,,,,
856,"Geschmacklich/Konsistenz ok, hatten wir aber auch schon deutlich zarter.","('FOOD', 'POSITIVE', 'NULL')",,,,,,,,,,,,,,,
857,"Geschmacklich/Konsistenz ok, hatten wir aber auch schon deutlich zarter.",,,,,,,,,,,,,,,,
858,Gestresste überhebliche Kellner und das Essen nur noch Mittelmass.,"('SERVICE', 'NEGATIVE', 'Kellner')","('FOOD', 'NEUTRAL', 'Essen')",,,,,,,,,,,,,,
859,Gestresste überhebliche Kellner und das Essen nur noch Mittelmass.,,,,,,,,,,,,,,,,
860,Getränke und Speisen standen ruckzuck auf dem Tisch.,"('SERVICE', 'POSITIVE', 'NULL')",,,,,,,,,,,,,,,
861,Getränke und Speisen standen ruckzuck auf dem Tisch.,,,,,,,,,,,,,,,,
862,Getränke wurden nur sehr verzögert serviert.,"('SERVICE', 'NEGATIVE', 'Getränke')",,,,,,,,,,,,,,,
863,Getränke wurden nur sehr verzögert serviert.,,,,,,,,,,,,,,,,
864,"Großartige Gerichte, kreiert mit besten Produkten, auch aus der Region; delikat, gradlinig, auf hohem Niveau.","('FOOD', 'POSITIVE', 'Gerichte')","('FOOD', 'POSITIVE', 'Produkten')",,,,,,,,,,,,,,
865,"Großartige Gerichte, kreiert mit besten Produkten, auch aus der Region; delikat, gradlinig, auf hohem Niveau.",,,,,,,,,,,,,,,,
866,"Großer Name, schlechter Service, Essen unterirdisch.","('SERVICE', 'NEGATIVE', 'Service')","('FOOD', 'NEGATIVE', 'Essen')",,,,,,,,,,,,,,
867,"Großer Name, schlechter Service, Essen unterirdisch.",,,,,,,,,,,,,,,,
868,"Gut, auch von Griechen besuchtes griechisches Restaurant mit familiärer Atmosphäre.","('GENERAL-IMPRESSION', 'POSITIVE', 'Restaurant')","('AMBIENCE', 'POSITIVE', 'Atmosphäre')",,,,,,,,,,,,,,
869,"Gut, auch von Griechen besuchtes griechisches Restaurant mit familiärer Atmosphäre.",,,,,,,,,,,,,,,,
870,"Guter und freundlicher Service, sehr empfehlenswert!","('SERVICE', 'POSITIVE', 'Service')","('GENERAL-IMPRESSION', 'POSITIVE', 'NULL')",,,,,,,,,,,,,,
871,"Guter und freundlicher Service, sehr empfehlenswert!",,,,,,,,,,,,,,,,
872,Gutes Essen in einem schönen und geräumigen Gasthaus.,"('FOOD', 'POSITIVE', 'Essen')","('AMBIENCE', 'POSITIVE', 'Gasthaus')",,,,,,,,,,,,,,
873,Gutes Essen in einem schönen und geräumigen Gasthaus.,,,,,,,,,,,,,,,,
874,"Gutes Essen und toller, freundlicher Service.","('FOOD', 'POSITIVE', 'Essen')","('SERVICE', 'POSITIVE', 'Service')",,,,,,,,,,,,,,
875,"Gutes Essen und toller, freundlicher Service.",,,,,,,,,,,,,,,,
876,"Gutes Preiswertes Essen, sehr gute Atmosphäre, vielen Dank an Victor für den tollen Service.","('PRICE', 'POSITIVE', 'Essen')","('AMBIENCE', 'POSITIVE', 'Atmosphäre')","('SERVICE', 'POSITIVE', 'Service')",,,,,,,,,,,,,
877,"Gutes Preiswertes Essen, sehr gute Atmosphäre, vielen Dank an Victor für den tollen Service.",,,,,,,,,,,,,,,,
878,Hatte ein sehniges Teil was nicht zu kauen war die anderen Gerichte waren akzeptabel aber nichts besonderes,"('FOOD', 'NEUTRAL', 'Gerichte')","('FOOD', 'NEGATIVE', 'NULL')",,,,,,,,,,,,,,
879,Hatte ein sehniges Teil was nicht zu kauen war die anderen Gerichte waren akzeptabel aber nichts besonderes,,,,,,,,,,,,,,,,
880,Hatten vor Wochen reserviert...der zugewiesene Tisch war wirklich schlecht als wir darauf hingewiesen haben hat man uns einen noch schlechteren Tisch zugewiesen obwohl das Restaurant ziemlich leer war.,"('AMBIENCE', 'NEGATIVE', 'Tisch')","('AMBIENCE', 'NEGATIVE', 'Tisch')",,,,,,,,,,,,,,
881,Hatten vor Wochen reserviert...der zugewiesene Tisch war wirklich schlecht als wir darauf hingewiesen haben hat man uns einen noch schlechteren Tisch zugewiesen obwohl das Restaurant ziemlich leer war.,,,,,,,,,,,,,,,,
882,Hauptspeisen waren okay.,"('FOOD', 'NEUTRAL', 'Hauptspeisen')",,,,,,,,,,,,,,,
883,Hauptspeisen waren okay.,,,,,,,,,,,,,,,,
884,Hervorragend zart und auf den Punkt.,"('FOOD', 'POSITIVE', 'NULL')",,,,,,,,,,,,,,,
885,Hervorragend zart und auf den Punkt.,,,,,,,,,,,,,,,,
886,Hervorragende Speisen in einer wunderschönen Location.,"('FOOD', 'POSITIVE', 'Speisen')","('AMBIENCE', 'POSITIVE', 'Location')",,,,,,,,,,,,,,
887,Hervorragende Speisen in einer wunderschönen Location.,,,,,,,,,,,,,,,,
888,Hervorzuheben ist hier auch die angepasste Speisekarte für die Veggies und Veganer.,"('FOOD', 'POSITIVE', 'Speisekarte für die Veggies und Veganer')",,,,,,,,,,,,,,,
889,Hervorzuheben ist hier auch die angepasste Speisekarte für die Veggies und Veganer.,,,,,,,,,,,,,,,,
890,Heute war ich mit meiner Familie hier und wir hatten ein super Essenserlebnis.,"('FOOD', 'POSITIVE', 'Essenserlebnis')",,,,,,,,,,,,,,,
891,Heute war ich mit meiner Familie hier und wir hatten ein super Essenserlebnis.,,,,,,,,,,,,,,,,
892,Hier findet jede Generation Platz und auch die Fellnasen sind hier herzlich willkommen!,"('GENERAL-IMPRESSION', 'POSITIVE', 'NULL')",,,,,,,,,,,,,,,
893,Hier findet jede Generation Platz und auch die Fellnasen sind hier herzlich willkommen!,,,,,,,,,,,,,,,,
894,Hier kommt man sicher kein zweites Mal mehr hin.,"('GENERAL-IMPRESSION', 'NEGATIVE', 'NULL')",,,,,,,,,,,,,,,
895,Hier kommt man sicher kein zweites Mal mehr hin.,,,,,,,,,,,,,,,,
896,Hier stimmt alles!,"('GENERAL-IMPRESSION', 'POSITIVE', 'NULL')",,,,,,,,,,,,,,,
897,Hier stimmt alles!,,,,,,,,,,,,,,,,
898,Hier waren wir nach einem Konzert in der LOC und es hat uns sehr gut gefallen.,"('GENERAL-IMPRESSION', 'POSITIVE', 'LOC')",,,,,,,,,,,,,,,
899,Hier waren wir nach einem Konzert in der LOC und es hat uns sehr gut gefallen.,,,,,,,,,,,,,,,,
900,Hier werden Sie mit leckerem Sardellencreme serviert.,"('FOOD', 'POSITIVE', 'Sardellencreme')",,,,,,,,,,,,,,,
901,Hier werden Sie mit leckerem Sardellencreme serviert.,,,,,,,,,,,,,,,,
902,Hier wird man schlicht verarscht.,"('GENERAL-IMPRESSION', 'NEGATIVE', 'NULL')",,,,,,,,,,,,,,,
903,Hier wird man schlicht verarscht.,,,,,,,,,,,,,,,,
904,Hier wurde mit Liebe gekocht.,"('FOOD', 'POSITIVE', 'NULL')",,,,,,,,,,,,,,,
905,Hier wurde mit Liebe gekocht.,,,,,,,,,,,,,,,,
906,Highlight: Aufmerksamkeit der Bedienung Marco.,"('SERVICE', 'POSITIVE', 'Marco')",,,,,,,,,,,,,,,
907,Highlight: Aufmerksamkeit der Bedienung Marco.,,,,,,,,,,,,,,,,
908,Hätte gerne nach dem tollen Essen einen Fernet Branca bestellt.,"('FOOD', 'POSITIVE', 'Essen')",,,,,,,,,,,,,,,
909,Hätte gerne nach dem tollen Essen einen Fernet Branca bestellt.,,,,,,,,,,,,,,,,
910,Ich bin so enttäuschst.,"('GENERAL-IMPRESSION', 'NEGATIVE', 'NULL')",,,,,,,,,,,,,,,
911,Ich bin so enttäuschst.,,,,,,,,,,,,,,,,
912,"Ich fand es sehr solide in puncto Service, Ambiente und Auswahl an Speisen und Getränken.","('SERVICE', 'POSITIVE', 'Service')","('AMBIENCE', 'POSITIVE', 'Ambiente')","('FOOD', 'POSITIVE', 'Auswahl an Speisen')","('FOOD', 'POSITIVE', 'Getränken')",,,,,,,,,,,,
913,"Ich fand es sehr solide in puncto Service, Ambiente und Auswahl an Speisen und Getränken.",,,,,,,,,,,,,,,,
914,"Ich hab Salz, Pfeffer, Essig und Öl vermisst.","('FOOD', 'NEGATIVE', 'NULL')",,,,,,,,,,,,,,,
915,"Ich hab Salz, Pfeffer, Essig und Öl vermisst.",,,,,,,,,,,,,,,,
916,Ich habe als Hauptgang ein Skreifiet auf Rote Beete Püree und sautiertem Spitzkohl gegessen und war sehr zufrieden.,"('FOOD', 'POSITIVE', 'Rote Beete Püree')","('FOOD', 'POSITIVE', 'sautiertem Spitzkohl')",,,,,,,,,,,,,,
917,Ich habe als Hauptgang ein Skreifiet auf Rote Beete Püree und sautiertem Spitzkohl gegessen und war sehr zufrieden.,,,,,,,,,,,,,,,,
918,"Ich habe dort keine schöne Erfahrung gemacht, dabei ist das Ambiente äußerst angenehm.","('AMBIENCE', 'POSITIVE', 'Ambiente')",,,,,,,,,,,,,,,
919,"Ich habe dort keine schöne Erfahrung gemacht, dabei ist das Ambiente äußerst angenehm.",,,,,,,,,,,,,,,,
920,Ich habe hier einen wirklich leckeren Burger gegessen und die Atmosphäre war einfach toll!,"('FOOD', 'POSITIVE', 'Burger')","('AMBIENCE', 'POSITIVE', 'Atmosphäre')",,,,,,,,,,,,,,
921,Ich habe hier einen wirklich leckeren Burger gegessen und die Atmosphäre war einfach toll!,,,,,,,,,,,,,,,,
922,"Ich habe mich bei der Bedienung über das LOC beschwerd, dies wurde aber gekonnt Ignoriert.","('SERVICE', 'NEGATIVE', 'Bedienung')",,,,,,,,,,,,,,,
923,"Ich habe mich bei der Bedienung über das LOC beschwerd, dies wurde aber gekonnt Ignoriert.",,,,,,,,,,,,,,,,
924,Ich habe noch nie soo leckeres Essen gegessen!!,"('FOOD', 'POSITIVE', 'Essen')",,,,,,,,,,,,,,,
925,Ich habe noch nie soo leckeres Essen gegessen!!,,,,,,,,,,,,,,,,
926,Ich habe schon deutlich besser gegessen und nur die Hälfte bezahlt.,"('PRICE', 'NEGATIVE', 'NULL')","('FOOD', 'NEGATIVE', 'NULL')",,,,,,,,,,,,,,
927,Ich habe schon deutlich besser gegessen und nur die Hälfte bezahlt.,,,,,,,,,,,,,,,,
928,"Ich kann das LOC nur empfehlen, wenn Sie die beste Bratwurst in der LOC genießen möchten!","('FOOD', 'POSITIVE', 'Bratwurst')",,,,,,,,,,,,,,,
929,"Ich kann das LOC nur empfehlen, wenn Sie die beste Bratwurst in der LOC genießen möchten!",,,,,,,,,,,,,,,,
930,Ich kann es nur empfehlen 👍🏻 Wir waren mit einer großen Gruppe und hatten sehr viel Spaß!,"('GENERAL-IMPRESSION', 'POSITIVE', 'NULL')",,,,,,,,,,,,,,,
931,Ich kann es nur empfehlen 👍🏻 Wir waren mit einer großen Gruppe und hatten sehr viel Spaß!,,,,,,,,,,,,,,,,
932,Ich kann nur sagen: FINGER WEG!!!,"('GENERAL-IMPRESSION', 'NEGATIVE', 'NULL')",,,,,,,,,,,,,,,
933,Ich kann nur sagen: FINGER WEG!!!,,,,,,,,,,,,,,,,
934,"Ich musste meine erste Portion Spannferkel zurück schicken, es war ein grosses Stück Fett.","('FOOD', 'NEGATIVE', 'Spannferkel')",,,,,,,,,,,,,,,
935,"Ich musste meine erste Portion Spannferkel zurück schicken, es war ein grosses Stück Fett.",,,,,,,,,,,,,,,,
936,Ich war bereits öfter mit Familie und/oder Freunden hier und war immer sehr zufrieden.,"('GENERAL-IMPRESSION', 'POSITIVE', 'NULL')",,,,,,,,,,,,,,,
937,Ich war bereits öfter mit Familie und/oder Freunden hier und war immer sehr zufrieden.,,,,,,,,,,,,,,,,
938,"Ich war ein absoluter Stammkunde, aber das hat jetzt ein Ende.","('GENERAL-IMPRESSION', 'NEGATIVE', 'NULL')",,,,,,,,,,,,,,,
939,"Ich war ein absoluter Stammkunde, aber das hat jetzt ein Ende.",,,,,,,,,,,,,,,,
940,Ich weiß nicht was das soll.,"('GENERAL-IMPRESSION', 'NEGATIVE', 'NULL')",,,,,,,,,,,,,,,
941,Ich weiß nicht was das soll.,,,,,,,,,,,,,,,,
942,Ich werde dort nicht noch einmal essen.,"('GENERAL-IMPRESSION', 'NEGATIVE', 'NULL')",,,,,,,,,,,,,,,
943,Ich werde dort nicht noch einmal essen.,,,,,,,,,,,,,,,,
944,Ich werde mich dort nicht mehr aufhalten und meine Zeit verbringen.,"('GENERAL-IMPRESSION', 'NEGATIVE', 'NULL')",,,,,,,,,,,,,,,
945,Ich werde mich dort nicht mehr aufhalten und meine Zeit verbringen.,,,,,,,,,,,,,,,,
946,Ich werde sicher nicht mehr dorthin gehen.,"('GENERAL-IMPRESSION', 'NEGATIVE', 'NULL')",,,,,,,,,,,,,,,
947,Ich werde sicher nicht mehr dorthin gehen.,,,,,,,,,,,,,,,,
948,Ich ziehe meinen Hut vor den Kollegen und Kolleginnen aus der Küche und dem Service.,"('SERVICE', 'POSITIVE', 'Service')","('SERVICE', 'POSITIVE', 'Kollegen und Kolleginnen aus der Küche')",,,,,,,,,,,,,,
949,Ich ziehe meinen Hut vor den Kollegen und Kolleginnen aus der Küche und dem Service.,,,,,,,,,,,,,,,,
950,Ich/Wir haben (zum Glück) seit Jahren nicht mehr so schlecht gegessen wie hier.,"('FOOD', 'NEGATIVE', 'NULL')",,,,,,,,,,,,,,,
951,Ich/Wir haben (zum Glück) seit Jahren nicht mehr so schlecht gegessen wie hier.,,,,,,,,,,,,,,,,
952,Im 1.OG ist die Einrichtung sehr ungemütlich und viel zu wenig Abstand zwischen den Tischen.,"('AMBIENCE', 'NEGATIVE', 'Einrichtung')","('AMBIENCE', 'NEGATIVE', 'Abstand zwischen den Tischen')",,,,,,,,,,,,,,
953,Im 1.OG ist die Einrichtung sehr ungemütlich und viel zu wenig Abstand zwischen den Tischen.,,,,,,,,,,,,,,,,
954,Im Sommer werden wir auf der netten Terrasse noch einmal die RESTAURANT_NAME besuchen.,"('AMBIENCE', 'POSITIVE', 'Terrasse')",,,,,,,,,,,,,,,
955,Im Sommer werden wir auf der netten Terrasse noch einmal die RESTAURANT_NAME besuchen.,,,,,,,,,,,,,,,,
956,Im Vergleich zum Personal im Schlüssel und LOC bleibt das Uerige aber doch zurück.,"('GENERAL-IMPRESSION', 'NEGATIVE', 'Uerige')",,,,,,,,,,,,,,,
957,Im Vergleich zum Personal im Schlüssel und LOC bleibt das Uerige aber doch zurück.,,,,,,,,,,,,,,,,
958,Immer gerne wieder!,"('GENERAL-IMPRESSION', 'POSITIVE', 'NULL')",,,,,,,,,,,,,,,
959,Immer gerne wieder!,,,,,,,,,,,,,,,,
960,Immer wieder gern.,"('GENERAL-IMPRESSION', 'POSITIVE', 'NULL')",,,,,,,,,,,,,,,
961,Immer wieder gern.,,,,,,,,,,,,,,,,
962,Immer wieder gerne der köbes war lustig typisch Kölsch.,"('GENERAL-IMPRESSION', 'POSITIVE', 'NULL')",,,,,,,,,,,,,,,
963,Immer wieder gerne der köbes war lustig typisch Kölsch.,,,,,,,,,,,,,,,,
964,Immer wieder gerne!!!,"('GENERAL-IMPRESSION', 'POSITIVE', 'NULL')",,,,,,,,,,,,,,,
965,Immer wieder gerne!!!,,,,,,,,,,,,,,,,
966,"Immer wieder gerne, sehr nettes und kompetentes Personal.","('SERVICE', 'POSITIVE', 'Personal')","('GENERAL-IMPRESSION', 'POSITIVE', 'NULL')",,,,,,,,,,,,,,
967,"Immer wieder gerne, sehr nettes und kompetentes Personal.",,,,,,,,,,,,,,,,
968,"In Bezug auf Servicequalität kann die Leitung des Hauses nach unserer Erfahrung noch deutlich nachbessern und den Anreiz für Gäste erhöhen, dort zu speisen.","('SERVICE', 'NEGATIVE', 'Leitung')",,,,,,,,,,,,,,,
969,"In Bezug auf Servicequalität kann die Leitung des Hauses nach unserer Erfahrung noch deutlich nachbessern und den Anreiz für Gäste erhöhen, dort zu speisen.",,,,,,,,,,,,,,,,
970,In diesem Restaurant fühlt man sich sofort willkommen.,"('GENERAL-IMPRESSION', 'POSITIVE', 'Restaurant')",,,,,,,,,,,,,,,
971,In diesem Restaurant fühlt man sich sofort willkommen.,,,,,,,,,,,,,,,,
972,"In einem guten Restaurant wird einem das vorher gesagt, bevor sie auf den Tisch gestellt wird.","('SERVICE', 'NEGATIVE', 'NULL')",,,,,,,,,,,,,,,
973,"In einem guten Restaurant wird einem das vorher gesagt, bevor sie auf den Tisch gestellt wird.",,,,,,,,,,,,,,,,
974,Ingesamt ist der gute Herr nicht in der Lage gewesen das Alt zu servieren so das wir nach dem Essen woanders eingekehrt sind.,"('SERVICE', 'NEGATIVE', 'Herr')",,,,,,,,,,,,,,,
975,Ingesamt ist der gute Herr nicht in der Lage gewesen das Alt zu servieren so das wir nach dem Essen woanders eingekehrt sind.,,,,,,,,,,,,,,,,
976,"Innovative Chefs mit intensivem Internet-Marketing; anfangs dachte ich, fast „zuviel des Guten“, was wird da auf mich zukommen.","('SERVICE', 'POSITIVE', 'Chefs')",,,,,,,,,,,,,,,
977,"Innovative Chefs mit intensivem Internet-Marketing; anfangs dachte ich, fast „zuviel des Guten“, was wird da auf mich zukommen.",,,,,,,,,,,,,,,,
978,Insbesondere die Livemusik macht das Ganze zu einer tollen Erfahrung.,"('AMBIENCE', 'POSITIVE', 'Livemusik')",,,,,,,,,,,,,,,
979,Insbesondere die Livemusik macht das Ganze zu einer tollen Erfahrung.,,,,,,,,,,,,,,,,
980,Insgesamt ein sehr schöner und gelungener Besuch im LOC in LOC.,"('GENERAL-IMPRESSION', 'POSITIVE', 'LOC')",,,,,,,,,,,,,,,
981,Insgesamt ein sehr schöner und gelungener Besuch im LOC in LOC.,,,,,,,,,,,,,,,,
982,Insgesamt nicht weiterzuempfehlen.,"('GENERAL-IMPRESSION', 'NEGATIVE', 'NULL')",,,,,,,,,,,,,,,
983,Insgesamt nicht weiterzuempfehlen.,,,,,,,,,,,,,,,,
984,Insgesamt schöne Beauhausatmosphäre mit nettem Personal.,"('AMBIENCE', 'POSITIVE', 'Beauhausatmosphäre')","('SERVICE', 'POSITIVE', 'Personal')",,,,,,,,,,,,,,
985,Insgesamt schöne Beauhausatmosphäre mit nettem Personal.,,,,,,,,,,,,,,,,
986,"Interessanterweise enthielt die uns vorgelegte Speisekarte keine Pastagerichte, für ein italienisches Restaurant sehr sonderbar.","('FOOD', 'NEGATIVE', 'Speisekarte')",,,,,,,,,,,,,,,
987,"Interessanterweise enthielt die uns vorgelegte Speisekarte keine Pastagerichte, für ein italienisches Restaurant sehr sonderbar.",,,,,,,,,,,,,,,,
988,Ioulianos Ist super freundlich und gibt tolle Empfehlungen denen wir gerne gefolgt sind.,"('SERVICE', 'POSITIVE', 'Ioulianos')",,,,,,,,,,,,,,,
989,Ioulianos Ist super freundlich und gibt tolle Empfehlungen denen wir gerne gefolgt sind.,,,,,,,,,,,,,,,,
990,Ist nämlich einfach nur schlechter Stil.,"('AMBIENCE', 'NEGATIVE', 'Stil')",,,,,,,,,,,,,,,
991,Ist nämlich einfach nur schlechter Stil.,,,,,,,,,,,,,,,,
992,"Ja, die Soße ist lecker.","('FOOD', 'POSITIVE', 'Soße')",,,,,,,,,,,,,,,
993,"Ja, die Soße ist lecker.",,,,,,,,,,,,,,,,
994,Jedoch wurde die angekündigte Fertigstellungszeit weit überschritten und wir haben über eine halbe Stunde gewartet.,"('SERVICE', 'NEGATIVE', 'NULL')",,,,,,,,,,,,,,,
995,Jedoch wurde die angekündigte Fertigstellungszeit weit überschritten und wir haben über eine halbe Stunde gewartet.,,,,,,,,,,,,,,,,
996,"Jetzt waren wir wieder hier, und ich muss sagen es hat stark nachgelassen.","('GENERAL-IMPRESSION', 'NEGATIVE', 'NULL')",,,,,,,,,,,,,,,
997,"Jetzt waren wir wieder hier, und ich muss sagen es hat stark nachgelassen.",,,,,,,,,,,,,,,,
998,Jetzt werde wir nicht mehr hingehen.,"('GENERAL-IMPRESSION', 'NEGATIVE', 'NULL')",,,,,,,,,,,,,,,
999,Jetzt werde wir nicht mehr hingehen.,,,,,,,,,,,,,,,,
1000,Kaeufer ging einige Tage spaeter mit Quittung um dies zu klaeren und wurde als Luegner dargestellt.,"('SERVICE', 'NEGATIVE', 'Quittung')",,,,,,,,,,,,,,,
1001,Kaeufer ging einige Tage spaeter mit Quittung um dies zu klaeren und wurde als Luegner dargestellt.,,,,,,,,,,,,,,,,
1002,Kaffee und Teewasser waren kalt.,"('FOOD', 'NEGATIVE', 'Kaffee')","('FOOD', 'NEGATIVE', 'Teewasser')",,,,,,,,,,,,,,
1003,Kaffee und Teewasser waren kalt.,,,,,,,,,,,,,,,,
1004,Kann die Location auf jeden Fall empfehlen.,"('GENERAL-IMPRESSION', 'POSITIVE', 'Location')",,,,,,,,,,,,,,,
1005,Kann die Location auf jeden Fall empfehlen.,,,,,,,,,,,,,,,,
1006,"Kein Chichi, tolle spanisch/griechische Küche, wir kommen 2 x im Monat und freuen uns drauf!!!","('FOOD', 'POSITIVE', 'Küche')","('GENERAL-IMPRESSION', 'POSITIVE', 'NULL')",,,,,,,,,,,,,,
1007,"Kein Chichi, tolle spanisch/griechische Küche, wir kommen 2 x im Monat und freuen uns drauf!!!",,,,,,,,,,,,,,,,
1008,"Kein Danke, kein Auf Wiedersehen .","('SERVICE', 'NEGATIVE', 'NULL')",,,,,,,,,,,,,,,
1009,"Kein Danke, kein Auf Wiedersehen .",,,,,,,,,,,,,,,,
1010,"Keine Einsicht bei Reklamation, also wir kommen nicht wieder.....","('GENERAL-IMPRESSION', 'NEGATIVE', 'NULL')","('SERVICE', 'NEGATIVE', 'NULL')",,,,,,,,,,,,,,
1011,"Keine Einsicht bei Reklamation, also wir kommen nicht wieder.....",,,,,,,,,,,,,,,,
1012,"Keine Entschuldigung, unterirdisch, nie mehr","('GENERAL-IMPRESSION', 'NEGATIVE', 'NULL')",,,,,,,,,,,,,,,
1013,"Keine Entschuldigung, unterirdisch, nie mehr",,,,,,,,,,,,,,,,
1014,Kellerbier auch gut.,"('FOOD', 'POSITIVE', 'Kellerbier')",,,,,,,,,,,,,,,
1015,Kellerbier auch gut.,,,,,,,,,,,,,,,,
1016,"Kinder lieben Trattoriw, Trattoria Team liebt Kinder.","('GENERAL-IMPRESSION', 'POSITIVE', 'Trattoriw')","('SERVICE', 'POSITIVE', 'Trattoria Team')",,,,,,,,,,,,,,
1017,"Kinder lieben Trattoriw, Trattoria Team liebt Kinder.",,,,,,,,,,,,,,,,
1018,Klasse Laden super sympathische Kellner und eine nette Atmosphäre.,"('GENERAL-IMPRESSION', 'POSITIVE', 'Laden')","('SERVICE', 'POSITIVE', 'Kellner')","('AMBIENCE', 'POSITIVE', 'Atmosphäre')",,,,,,,,,,,,,
1019,Klasse Laden super sympathische Kellner und eine nette Atmosphäre.,,,,,,,,,,,,,,,,
1020,"Klasse, wie immer.","('GENERAL-IMPRESSION', 'POSITIVE', 'NULL')",,,,,,,,,,,,,,,
1021,"Klasse, wie immer.",,,,,,,,,,,,,,,,
1022,Kleines Lokal mit unglaublich guter Küche !,"('FOOD', 'POSITIVE', 'Küche')",,,,,,,,,,,,,,,
1023,Kleines Lokal mit unglaublich guter Küche !,,,,,,,,,,,,,,,,
1024,Komme sehr gerne wieder.,"('GENERAL-IMPRESSION', 'POSITIVE', 'NULL')",,,,,,,,,,,,,,,
1025,Komme sehr gerne wieder.,,,,,,,,,,,,,,,,
1026,Kommen immer wieder gerne!,"('GENERAL-IMPRESSION', 'POSITIVE', 'NULL')",,,,,,,,,,,,,,,
1027,Kommen immer wieder gerne!,,,,,,,,,,,,,,,,
1028,Kommen sehr gerne wieder!,"('GENERAL-IMPRESSION', 'POSITIVE', 'NULL')",,,,,,,,,,,,,,,
1029,Kommen sehr gerne wieder!,,,,,,,,,,,,,,,,
1030,Kommen sicher wieder.,"('GENERAL-IMPRESSION', 'POSITIVE', 'NULL')",,,,,,,,,,,,,,,
1031,Kommen sicher wieder.,,,,,,,,,,,,,,,,
1032,"LOC Bedienung, lange Wartezeit am Tisch.","('SERVICE', 'NEGATIVE', 'Wartezeit')",,,,,,,,,,,,,,,
1033,"LOC Bedienung, lange Wartezeit am Tisch.",,,,,,,,,,,,,,,,
1034,LOC EssenSuper BockWir hatten einen sehr schönen Abend im portugiesischen Viertel bei RESTAURANT_NAME.,"('GENERAL-IMPRESSION', 'POSITIVE', 'RESTAURANT_NAME')",,,,,,,,,,,,,,,
1035,LOC EssenSuper BockWir hatten einen sehr schönen Abend im portugiesischen Viertel bei RESTAURANT_NAME.,,,,,,,,,,,,,,,,
1036,LOC der einfachsten Art und dazu ein schlechtes Preis - Leistung Verhältnis.,"('PRICE', 'NEGATIVE', 'Preis - Leistung Verhältnis')",,,,,,,,,,,,,,,
1037,LOC der einfachsten Art und dazu ein schlechtes Preis - Leistung Verhältnis.,,,,,,,,,,,,,,,,
1038,LOC hat im laufe der Zeit nachgelassen.,"('GENERAL-IMPRESSION', 'NEGATIVE', 'LOC')",,,,,,,,,,,,,,,
1039,LOC hat im laufe der Zeit nachgelassen.,,,,,,,,,,,,,,,,
1040,LOC ist unterer Durchschnitt.,"('GENERAL-IMPRESSION', 'NEGATIVE', 'LOC')",,,,,,,,,,,,,,,
1041,LOC ist unterer Durchschnitt.,,,,,,,,,,,,,,,,
1042,LOC ist zu empfehlen.,"('GENERAL-IMPRESSION', 'POSITIVE', 'LOC')",,,,,,,,,,,,,,,
1043,LOC ist zu empfehlen.,,,,,,,,,,,,,,,,
1044,"LOC mit Salat 15,50 Euro - sorry aber die Portion war so wenig, das geht gar nicht !","('FOOD', 'NEGATIVE', 'Portion')",,,,,,,,,,,,,,,
1045,"LOC mit Salat 15,50 Euro - sorry aber die Portion war so wenig, das geht gar nicht !",,,,,,,,,,,,,,,,
1046,LOC war auch lecker.,"('FOOD', 'POSITIVE', 'LOC')",,,,,,,,,,,,,,,
1047,LOC war auch lecker.,,,,,,,,,,,,,,,,
1048,"LOC, hochwertig eingerichtetes Restaurant in dem auch Montagabend dringt durch die LOC direkt am LOC was los ist.","('AMBIENCE', 'POSITIVE', 'Restaurant')",,,,,,,,,,,,,,,
1049,"LOC, hochwertig eingerichtetes Restaurant in dem auch Montagabend dringt durch die LOC direkt am LOC was los ist.",,,,,,,,,,,,,,,,
1050,"Lange drauf gefreut, sehr enttäuscht.","('GENERAL-IMPRESSION', 'NEGATIVE', 'NULL')",,,,,,,,,,,,,,,
1051,"Lange drauf gefreut, sehr enttäuscht.",,,,,,,,,,,,,,,,
1052,Lecker,"('FOOD', 'POSITIVE', 'NULL')",,,,,,,,,,,,,,,
1053,Lecker,,,,,,,,,,,,,,,,
1054,Lecker soweit.,"('FOOD', 'POSITIVE', 'NULL')",,,,,,,,,,,,,,,
1055,Lecker soweit.,,,,,,,,,,,,,,,,
1056,Lecker.,"('FOOD', 'POSITIVE', 'NULL')",,,,,,,,,,,,,,,
1057,Lecker.,,,,,,,,,,,,,,,,
1058,Leckere Suppen und Fischgerichte wie Dorade.,"('FOOD', 'POSITIVE', 'Suppen')","('FOOD', 'POSITIVE', 'Fischgerichte')","('FOOD', 'POSITIVE', 'Dorade')",,,,,,,,,,,,,
1059,Leckere Suppen und Fischgerichte wie Dorade.,,,,,,,,,,,,,,,,
1060,Leckere Tapas zu vernünftigen Preisen haben wir hier gefunden.,"('FOOD', 'POSITIVE', 'Tapas')","('PRICE', 'POSITIVE', 'Preisen')",,,,,,,,,,,,,,
1061,Leckere Tapas zu vernünftigen Preisen haben wir hier gefunden.,,,,,,,,,,,,,,,,
1062,"Leckeres Bier, sehr freundliche Köbes, Außengastronomie trotz Baustelle ansprechend.","('FOOD', 'POSITIVE', 'Bier')","('SERVICE', 'POSITIVE', 'Köbes')","('AMBIENCE', 'POSITIVE', 'Außengastronomie')",,,,,,,,,,,,,
1063,"Leckeres Bier, sehr freundliche Köbes, Außengastronomie trotz Baustelle ansprechend.",,,,,,,,,,,,,,,,
1064,Leckeres Essen und gemütliches Ambiente.,"('FOOD', 'POSITIVE', 'Essen')","('AMBIENCE', 'POSITIVE', 'Ambiente')",,,,,,,,,,,,,,
1065,Leckeres Essen und gemütliches Ambiente.,,,,,,,,,,,,,,,,
1066,"Leere Getränke wurden nicht abgeräumt, dazugekommene Personen wurden nicht nach Getränken gefragt und generell wirkte es eher so als wäre jede Frage zu viel und die Gäste eher störend.","('SERVICE', 'NEGATIVE', 'NULL')",,,,,,,,,,,,,,,
1067,"Leere Getränke wurden nicht abgeräumt, dazugekommene Personen wurden nicht nach Getränken gefragt und generell wirkte es eher so als wäre jede Frage zu viel und die Gäste eher störend.",,,,,,,,,,,,,,,,
1068,Leider hat die Fischqualität in letzter Zeit sehr stark nachgelassen.,"('FOOD', 'NEGATIVE', 'Fischqualität')",,,,,,,,,,,,,,,
1069,Leider hat die Fischqualität in letzter Zeit sehr stark nachgelassen.,,,,,,,,,,,,,,,,
1070,Leider ist es Massenabfertigung.,"('FOOD', 'NEGATIVE', 'Massenabfertigung')",,,,,,,,,,,,,,,
1071,Leider ist es Massenabfertigung.,,,,,,,,,,,,,,,,
1072,Leider ist es aber sehr laut.,"('AMBIENCE', 'NEGATIVE', 'NULL')",,,,,,,,,,,,,,,
1073,Leider ist es aber sehr laut.,,,,,,,,,,,,,,,,
1074,"Leider konnten wir nicht alle gleichzeitig Essen, da das Lokal sehr voll war.","('AMBIENCE', 'NEGATIVE', 'Lokal')",,,,,,,,,,,,,,,
1075,"Leider konnten wir nicht alle gleichzeitig Essen, da das Lokal sehr voll war.",,,,,,,,,,,,,,,,
1076,Leider mit den gleichen Mängel wie bei reklamieren Gericht.,"('FOOD', 'NEGATIVE', 'Gericht')","('FOOD', 'NEGATIVE', 'NULL')",,,,,,,,,,,,,,
1077,Leider mit den gleichen Mängel wie bei reklamieren Gericht.,,,,,,,,,,,,,,,,
1078,Leider sehr enttäuschend!,"('GENERAL-IMPRESSION', 'NEGATIVE', 'NULL')",,,,,,,,,,,,,,,
1079,Leider sehr enttäuschend!,,,,,,,,,,,,,,,,
1080,Leider sind die Kellner extrem gestresst und kurz angebunden.,"('SERVICE', 'NEGATIVE', 'Kellner')",,,,,,,,,,,,,,,
1081,Leider sind die Kellner extrem gestresst und kurz angebunden.,,,,,,,,,,,,,,,,
1082,Leider war das Essen nur sehr durchschnittlich.,"('FOOD', 'NEUTRAL', 'Essen')",,,,,,,,,,,,,,,
1083,Leider war das Essen nur sehr durchschnittlich.,,,,,,,,,,,,,,,,
1084,Leider war der Hauptgang Rinderfilet so zäh und durchwachsen dass dies den guten Gesamteindruck nachhaltig beschädigt hat.,"('FOOD', 'NEGATIVE', 'Rinderfilet')",,,,,,,,,,,,,,,
1085,Leider war der Hauptgang Rinderfilet so zäh und durchwachsen dass dies den guten Gesamteindruck nachhaltig beschädigt hat.,,,,,,,,,,,,,,,,
1086,"Leider war der Speck nicht wie angekündigt knusprig, sondern wurde eher in der Sauce gebraten.","('FOOD', 'NEGATIVE', 'Speck')",,,,,,,,,,,,,,,
1087,"Leider war der Speck nicht wie angekündigt knusprig, sondern wurde eher in der Sauce gebraten.",,,,,,,,,,,,,,,,
1088,Leider war die per Mail bestätigte Reservierung nicht gebucht.,"('SERVICE', 'NEGATIVE', 'Reservierung')",,,,,,,,,,,,,,,
1089,Leider war die per Mail bestätigte Reservierung nicht gebucht.,,,,,,,,,,,,,,,,
1090,Leider war unser Besuch mehr als enttäuschend.,"('GENERAL-IMPRESSION', 'NEGATIVE', 'NULL')",,,,,,,,,,,,,,,
1091,Leider war unser Besuch mehr als enttäuschend.,,,,,,,,,,,,,,,,
1092,"Leider war zwar das Essen gut, der Service hat aber leider sehr zögerlich Getränke gebracht.","('FOOD', 'POSITIVE', 'Essen')","('SERVICE', 'NEGATIVE', 'Service')",,,,,,,,,,,,,,
1093,"Leider war zwar das Essen gut, der Service hat aber leider sehr zögerlich Getränke gebracht.",,,,,,,,,,,,,,,,
1094,Leider waren wir dieses Mal mit den Speisen nicht zufrieden.,"('FOOD', 'NEGATIVE', 'Speisen')",,,,,,,,,,,,,,,
1095,Leider waren wir dieses Mal mit den Speisen nicht zufrieden.,,,,,,,,,,,,,,,,
1096,Leider wurde ich durch die sehr vielen guten Bewertungen hierher gelotst.,"('GENERAL-IMPRESSION', 'NEGATIVE', 'NULL')",,,,,,,,,,,,,,,
1097,Leider wurde ich durch die sehr vielen guten Bewertungen hierher gelotst.,,,,,,,,,,,,,,,,
1098,"Leute, macht einen großen Bogen um dieses Restaurant.","('GENERAL-IMPRESSION', 'NEGATIVE', 'Restaurant')",,,,,,,,,,,,,,,
1099,"Leute, macht einen großen Bogen um dieses Restaurant.",,,,,,,,,,,,,,,,
1100,"Lieber ein Restaurant in den Nebenstraßen aussuchen, als sich diesen Stress anzutun.","('GENERAL-IMPRESSION', 'NEGATIVE', 'NULL')",,,,,,,,,,,,,,,
1101,"Lieber ein Restaurant in den Nebenstraßen aussuchen, als sich diesen Stress anzutun.",,,,,,,,,,,,,,,,
1102,Luca war professionell und sehr freundlich.,"('SERVICE', 'POSITIVE', 'Luca')",,,,,,,,,,,,,,,
1103,Luca war professionell und sehr freundlich.,,,,,,,,,,,,,,,,
1104,Macht weiter so 👍🏻,"('GENERAL-IMPRESSION', 'POSITIVE', 'NULL')",,,,,,,,,,,,,,,
1105,Macht weiter so 👍🏻,,,,,,,,,,,,,,,,
1106,Mal dort und werde wiederkommen wenn ich wieder in LOC bin.,"('GENERAL-IMPRESSION', 'POSITIVE', 'NULL')",,,,,,,,,,,,,,,
1107,Mal dort und werde wiederkommen wenn ich wieder in LOC bin.,,,,,,,,,,,,,,,,
1108,"Man bekommt feinste frische und meist hausgemachte Sachen, herrliche Aufstriche, vorzügliche Käse- und Wurstvariationen, duftende Brioche, süße und salzige Spezialitäten ... alles stets liebevoll zubereitet ... dazu das stylische Ambiente; vorzüglich geführt ist es ohnehin.","('FOOD', 'POSITIVE', 'frische und')","('FOOD', 'POSITIVE', 'NULL')","('FOOD', 'POSITIVE', 'Aufstriche')","('FOOD', 'POSITIVE', 'Käse- und Wurstvariationen')","('FOOD', 'POSITIVE', 'Brioche')","('FOOD', 'POSITIVE', 'Spezialitäten')","('AMBIENCE', 'POSITIVE', 'Ambiente')","('SERVICE', 'POSITIVE', 'NULL')",,,,,,,,
1109,"Man bekommt feinste frische und meist hausgemachte Sachen, herrliche Aufstriche, vorzügliche Käse- und Wurstvariationen, duftende Brioche, süße und salzige Spezialitäten ... alles stets liebevoll zubereitet ... dazu das stylische Ambiente; vorzüglich geführt ist es ohnehin.",,,,,,,,,,,,,,,,
1110,"Man bezahlt viel Geld für eine kleine Pastaportion, die nicht gut schmeckt.","('FOOD', 'NEGATIVE', 'Pastaportion')","('PRICE', 'NEGATIVE', 'Pastaportion')",,,,,,,,,,,,,,
1111,"Man bezahlt viel Geld für eine kleine Pastaportion, die nicht gut schmeckt.",,,,,,,,,,,,,,,,
1112,Man fühlt sich gleich wie im Urlaub.,"('AMBIENCE', 'POSITIVE', 'NULL')",,,,,,,,,,,,,,,
1113,Man fühlt sich gleich wie im Urlaub.,,,,,,,,,,,,,,,,
1114,"Man kann gerne zum Wagner weil es eine urige Kneipe ist, LOC sollte man aber nicht unbedingt.","('GENERAL-IMPRESSION', 'NEUTRAL', 'Wagner')",,,,,,,,,,,,,,,
1115,"Man kann gerne zum Wagner weil es eine urige Kneipe ist, LOC sollte man aber nicht unbedingt.",,,,,,,,,,,,,,,,
1116,"Man muss alles daran mögen, aber für ein bis vier Alt sollte man hier schon einkehren, wenn man in LOC ist.","('GENERAL-IMPRESSION', 'POSITIVE', 'NULL')",,,,,,,,,,,,,,,
1117,"Man muss alles daran mögen, aber für ein bis vier Alt sollte man hier schon einkehren, wenn man in LOC ist.",,,,,,,,,,,,,,,,
1118,"Man muss dem gesamten Team mit ihren Chefs großen Respekt zollen, wie sie es in der Gastronomiebranche geschafft haben - in diesen verrückten schwierigen vergangenen 2 Jahren- eine tolle Küche und ausgesprochen nettes Personal zu halten und zu motivieren, bei einer nicht mehr reichlich vorhandenen Auswahl des gleichen.","('SERVICE', 'POSITIVE', 'Team')","('SERVICE', 'POSITIVE', 'Chefs')","('FOOD', 'POSITIVE', 'Küche')","('SERVICE', 'POSITIVE', 'Personal')",,,,,,,,,,,,
1119,"Man muss dem gesamten Team mit ihren Chefs großen Respekt zollen, wie sie es in der Gastronomiebranche geschafft haben - in diesen verrückten schwierigen vergangenen 2 Jahren- eine tolle Küche und ausgesprochen nettes Personal zu halten und zu motivieren, bei einer nicht mehr reichlich vorhandenen Auswahl des gleichen.",,,,,,,,,,,,,,,,
1120,"Man schmeckt die frischen Teigwaren, durch welche sich dieses Restaurant von anderen italienischen Restaurant abhebt.","('FOOD', 'POSITIVE', 'Teigwaren')",,,,,,,,,,,,,,,
1121,"Man schmeckt die frischen Teigwaren, durch welche sich dieses Restaurant von anderen italienischen Restaurant abhebt.",,,,,,,,,,,,,,,,
1122,"Man sitzt bequem, das Essen ist sehr gut, man muss allerdings Fleisch mögen.","('AMBIENCE', 'POSITIVE', 'NULL')","('FOOD', 'POSITIVE', 'Essen')",,,,,,,,,,,,,,
1123,"Man sitzt bequem, das Essen ist sehr gut, man muss allerdings Fleisch mögen.",,,,,,,,,,,,,,,,
1124,Man sitzt draußen sehr schön auf der Terrasse unter alten Bäumen.,"('AMBIENCE', 'POSITIVE', 'Terrasse unter alten Bäumen')",,,,,,,,,,,,,,,
1125,Man sitzt draußen sehr schön auf der Terrasse unter alten Bäumen.,,,,,,,,,,,,,,,,
1126,"Man sitzt sehr schön, vor allem LOC Weihnachtszeit.","('AMBIENCE', 'POSITIVE', 'NULL')",,,,,,,,,,,,,,,
1127,"Man sitzt sehr schön, vor allem LOC Weihnachtszeit.",,,,,,,,,,,,,,,,
1128,"Man sollte auf festes Schuhwerk achten, da einen ansonsten bei dem klebenden Boden die selbigen ausgezogen werden.","('AMBIENCE', 'NEGATIVE', 'Boden')",,,,,,,,,,,,,,,
1129,"Man sollte auf festes Schuhwerk achten, da einen ansonsten bei dem klebenden Boden die selbigen ausgezogen werden.",,,,,,,,,,,,,,,,
1130,Man sollte die Zeit anders nutzen.,"('GENERAL-IMPRESSION', 'NEGATIVE', 'NULL')",,,,,,,,,,,,,,,
1131,Man sollte die Zeit anders nutzen.,,,,,,,,,,,,,,,,
1132,"Man wollte uns keinen Tisch geben, obwohl direkt vor der Bar, wo wir auch mit dem alles entscheidenden Kellner sprachen, einer frei war.","('SERVICE', 'NEGATIVE', 'NULL')",,,,,,,,,,,,,,,
1133,"Man wollte uns keinen Tisch geben, obwohl direkt vor der Bar, wo wir auch mit dem alles entscheidenden Kellner sprachen, einer frei war.",,,,,,,,,,,,,,,,
1134,"Manche neue Deko-Idee oder Kombinationen müssten gar nicht sein, wie ich finde.","('AMBIENCE', 'NEGATIVE', 'Deko')",,,,,,,,,,,,,,,
1135,"Manche neue Deko-Idee oder Kombinationen müssten gar nicht sein, wie ich finde.",,,,,,,,,,,,,,,,
1136,Mega leckeres Essen und super freundliche Bedienung.,"('FOOD', 'POSITIVE', 'Essen')","('SERVICE', 'POSITIVE', 'Bedienung')",,,,,,,,,,,,,,
1137,Mega leckeres Essen und super freundliche Bedienung.,,,,,,,,,,,,,,,,
1138,"Mega leckeres Essen, super Preis-Leistungsverhältnis, schönes Ambiente, leckere Bierauswahl, kurze Wartezeit und das absolute Highlight war unsere super sympathische Bedienung Lena, ein spezielles Dankeschön an sie.","('FOOD', 'POSITIVE', 'Essen')","('PRICE', 'POSITIVE', 'Preis-Leistungsverhältnis')","('AMBIENCE', 'POSITIVE', 'Ambiente')","('FOOD', 'POSITIVE', 'Bierauswahl')","('SERVICE', 'POSITIVE', 'Wartezeit')","('SERVICE', 'POSITIVE', 'Lena')",,,,,,,,,,
1139,"Mega leckeres Essen, super Preis-Leistungsverhältnis, schönes Ambiente, leckere Bierauswahl, kurze Wartezeit und das absolute Highlight war unsere super sympathische Bedienung Lena, ein spezielles Dankeschön an sie.",,,,,,,,,,,,,,,,
1140,Mehr als 2 Punkte gibt es nicht.,"('GENERAL-IMPRESSION', 'NEGATIVE', 'NULL')",,,,,,,,,,,,,,,
1141,Mehr als 2 Punkte gibt es nicht.,,,,,,,,,,,,,,,,
1142,"Mehrere sehr junge Kellnerinnen waren im Außenbereich, nur war es schwer, eine Bestellung abzugeben, da sich niemand zuständig fühlte.","('SERVICE', 'NEGATIVE', 'Kellnerinnen')",,,,,,,,,,,,,,,
1143,"Mehrere sehr junge Kellnerinnen waren im Außenbereich, nur war es schwer, eine Bestellung abzugeben, da sich niemand zuständig fühlte.",,,,,,,,,,,,,,,,
1144,"Mein Fazit: Aufgrund der Essensqualität würde ich dem Brauhaus noch eine Chance geben (darum auch drei Sterne), aber an der Servicequalität muss definitiv schwer gearbeitet werden.","('FOOD', 'POSITIVE', 'Essensqualität')","('SERVICE', 'NEGATIVE', 'Servicequalität')",,,,,,,,,,,,,,
1145,"Mein Fazit: Aufgrund der Essensqualität würde ich dem Brauhaus noch eine Chance geben (darum auch drei Sterne), aber an der Servicequalität muss definitiv schwer gearbeitet werden.",,,,,,,,,,,,,,,,
1146,"Meine Frau ist Veganerin, hat anstatt Käse extra Rucola bestellt, aber nicht bekommen.","('SERVICE', 'NEGATIVE', 'NULL')",,,,,,,,,,,,,,,
1147,"Meine Frau ist Veganerin, hat anstatt Käse extra Rucola bestellt, aber nicht bekommen.",,,,,,,,,,,,,,,,
1148,"Meine Frau war so perplex und überrumpelt, dass sie der Bedienung ein Trinkgeld in die Hand gab, was nach dem Spruch nicht verdient war.","('SERVICE', 'NEGATIVE', 'Bedienung')",,,,,,,,,,,,,,,
1149,"Meine Frau war so perplex und überrumpelt, dass sie der Bedienung ein Trinkgeld in die Hand gab, was nach dem Spruch nicht verdient war.",,,,,,,,,,,,,,,,
1150,Meine Spaghetti waren das Allerletzte… so schlecht habe ich noch nie gegessen.,"('FOOD', 'NEGATIVE', 'Spaghetti')",,,,,,,,,,,,,,,
1151,Meine Spaghetti waren das Allerletzte… so schlecht habe ich noch nie gegessen.,,,,,,,,,,,,,,,,
1152,"Meine zuvor angesprochenen Allergien waren wohl nicht weiter von Interesse, entsprechendes Gemüse fand sich trotzdem in meinem Gericht.","('FOOD', 'NEGATIVE', 'Gericht')","('SERVICE', 'NEGATIVE', 'NULL')",,,,,,,,,,,,,,
1153,"Meine zuvor angesprochenen Allergien waren wohl nicht weiter von Interesse, entsprechendes Gemüse fand sich trotzdem in meinem Gericht.",,,,,,,,,,,,,,,,
1154,"Meinen Vorrednern kann ich mich dahingehend anschließen, dass die bayerische Küche gut und das Augustiner -Bier sehr gepflegt ist.","('FOOD', 'POSITIVE', 'Küche')","('FOOD', 'POSITIVE', 'Augustiner -Bier')",,,,,,,,,,,,,,
1155,"Meinen Vorrednern kann ich mich dahingehend anschließen, dass die bayerische Küche gut und das Augustiner -Bier sehr gepflegt ist.",,,,,,,,,,,,,,,,
1156,"Meinen mittlerweile vehement vorgetragenen Protest, nicht einfach einen noch besetzten Platz weitergeben zu können, konterte Sie mit dem Hinweis auf den einsetzenden leichten Regen -wir saßen unter Sonnenschirmen, deren Zahl begrenzt war - und mit den Worten: "" Das ist eine Frage der Menschlichkeit"".","('SERVICE', 'NEGATIVE', 'NULL')",,,,,,,,,,,,,,,
1157,"Meinen mittlerweile vehement vorgetragenen Protest, nicht einfach einen noch besetzten Platz weitergeben zu können, konterte Sie mit dem Hinweis auf den einsetzenden leichten Regen -wir saßen unter Sonnenschirmen, deren Zahl begrenzt war - und mit den Worten: "" Das ist eine Frage der Menschlichkeit"".",,,,,,,,,,,,,,,,
1158,Menu gab es nur Tischweise ohne Auswahlmöglichkeiten für Vegetarier.,"('FOOD', 'NEGATIVE', 'Auswahlmöglichkeiten für Vegetarier')",,,,,,,,,,,,,,,
1159,Menu gab es nur Tischweise ohne Auswahlmöglichkeiten für Vegetarier.,,,,,,,,,,,,,,,,
1160,"Mir war's persönlich zu laut in dem Laden, daher ein Punkt Abzug.","('AMBIENCE', 'NEGATIVE', 'NULL')",,,,,,,,,,,,,,,
1161,"Mir war's persönlich zu laut in dem Laden, daher ein Punkt Abzug.",,,,,,,,,,,,,,,,
1162,"Mit 3 Kartöffelchen und einem Schlag Aioli, 3 mini Teigtaschen mit Tomatensosse und minimalem Thunfischgeschmack statt Thunfisch, kann man dann nicht zufrieden sein.","('FOOD', 'NEGATIVE', 'Kartöffelchen')","('FOOD', 'NEGATIVE', 'Aioli')","('FOOD', 'NEGATIVE', 'Teigtaschen')","('FOOD', 'NEGATIVE', 'Tomatensosse')",,,,,,,,,,,,
1163,"Mit 3 Kartöffelchen und einem Schlag Aioli, 3 mini Teigtaschen mit Tomatensosse und minimalem Thunfischgeschmack statt Thunfisch, kann man dann nicht zufrieden sein.",,,,,,,,,,,,,,,,
1164,"Mit einem Blick für das Geschehen und dennoch zum Plausch aufgelegt, erhielten wir das Gefühl wertgeschätzte Gäste zu sein.","('SERVICE', 'POSITIVE', 'NULL')",,,,,,,,,,,,,,,
1165,"Mit einem Blick für das Geschehen und dennoch zum Plausch aufgelegt, erhielten wir das Gefühl wertgeschätzte Gäste zu sein.",,,,,,,,,,,,,,,,
1166,Mitarbeiter unterhalten sich an der Küchentheke ….. macht nicht den besten Eindruck!,"('SERVICE', 'NEGATIVE', 'Mitarbeiter')",,,,,,,,,,,,,,,
1167,Mitarbeiter unterhalten sich an der Küchentheke ….. macht nicht den besten Eindruck!,,,,,,,,,,,,,,,,
1168,"Mitten in der LOC umgeben von einer bunten Sammlung internationaler Speiselokale sticht eine große, gepflegte Terrasse hervor.","('AMBIENCE', 'POSITIVE', 'Terrasse')",,,,,,,,,,,,,,,
1169,"Mitten in der LOC umgeben von einer bunten Sammlung internationaler Speiselokale sticht eine große, gepflegte Terrasse hervor.",,,,,,,,,,,,,,,,
1170,"Moment: Platz nehmen ist nicht so einfach, das regelt der „Oberkellner“, der ein strenges Regiment über die drei Tischreihen auf der Terrasse führt.","('SERVICE', 'NEGATIVE', 'Oberkellner')",,,,,,,,,,,,,,,
1171,"Moment: Platz nehmen ist nicht so einfach, das regelt der „Oberkellner“, der ein strenges Regiment über die drei Tischreihen auf der Terrasse führt.",,,,,,,,,,,,,,,,
1172,Muss man wiederholen.,"('GENERAL-IMPRESSION', 'POSITIVE', 'NULL')",,,,,,,,,,,,,,,
1173,Muss man wiederholen.,,,,,,,,,,,,,,,,
1174,"Nach Diskussion, alles auf Englisch obwohl mitten in LOC, hat man uns dann auf die Dachterrasse gesetzt.","('SERVICE', 'NEGATIVE', 'NULL')",,,,,,,,,,,,,,,
1175,"Nach Diskussion, alles auf Englisch obwohl mitten in LOC, hat man uns dann auf die Dachterrasse gesetzt.",,,,,,,,,,,,,,,,
1176,"Nach der BUGA in RESTAURANT_NAME - tolle Location, mega leckeres Essen und ganz wichtig - ein toller, freundlicher und sehr zuvorkommender Service 👍 Wir kommen wieder!","('GENERAL-IMPRESSION', 'POSITIVE', 'RESTAURANT_NAME')","('FOOD', 'POSITIVE', 'Essen')","('SERVICE', 'POSITIVE', 'Service')",,,,,,,,,,,,,
1177,"Nach der BUGA in RESTAURANT_NAME - tolle Location, mega leckeres Essen und ganz wichtig - ein toller, freundlicher und sehr zuvorkommender Service 👍 Wir kommen wieder!",,,,,,,,,,,,,,,,
1178,Naja… authentisch bayerisch ist anders.,"('GENERAL-IMPRESSION', 'NEGATIVE', 'NULL')",,,,,,,,,,,,,,,
1179,Naja… authentisch bayerisch ist anders.,,,,,,,,,,,,,,,,
1180,"Neben den langen Wartezeiten, bekamen wir ein Trinkglas mit Sprung, was wir frühzeitig genug bemerkten.","('SERVICE', 'NEGATIVE', 'Wartezeiten')",,,,,,,,,,,,,,,
1181,"Neben den langen Wartezeiten, bekamen wir ein Trinkglas mit Sprung, was wir frühzeitig genug bemerkten.",,,,,,,,,,,,,,,,
1182,Negatives Highlight war die verbale Begegnung mit dem Chef des Hauses.,"('SERVICE', 'NEGATIVE', 'Chef')",,,,,,,,,,,,,,,
1183,Negatives Highlight war die verbale Begegnung mit dem Chef des Hauses.,,,,,,,,,,,,,,,,
1184,"Nette Kellnerinnen und Kellner in nettem Outfit, mit Gatsby-Mütze und Hosenträger – also: Ich habe mich wohlgefühlt.","('SERVICE', 'POSITIVE', 'Kellnerinnen')","('SERVICE', 'POSITIVE', 'Kellner')","('AMBIENCE', 'POSITIVE', 'NULL')",,,,,,,,,,,,,
1185,"Nette Kellnerinnen und Kellner in nettem Outfit, mit Gatsby-Mütze und Hosenträger – also: Ich habe mich wohlgefühlt.",,,,,,,,,,,,,,,,
1186,"Nette Menschen, gutes und leckeres Essen - bin über Tripadvisor drauf gekommen und werde definitiv wieder hingehen!","('FOOD', 'POSITIVE', 'Essen')","('AMBIENCE', 'POSITIVE', 'Menschen')","('GENERAL-IMPRESSION', 'POSITIVE', 'NULL')",,,,,,,,,,,,,
1187,"Nette Menschen, gutes und leckeres Essen - bin über Tripadvisor drauf gekommen und werde definitiv wieder hingehen!",,,,,,,,,,,,,,,,
1188,Netter Empfang und freundlicher Service.,"('SERVICE', 'POSITIVE', 'Empfang')","('SERVICE', 'POSITIVE', 'Service')",,,,,,,,,,,,,,
1189,Netter Empfang und freundlicher Service.,,,,,,,,,,,,,,,,
1190,"Nicht kulant, knauserig, überheblich.","('SERVICE', 'NEGATIVE', 'NULL')",,,,,,,,,,,,,,,
1191,"Nicht kulant, knauserig, überheblich.",,,,,,,,,,,,,,,,
1192,"Nie wieder ""Früh am LOC""...Soviel Arroganz, Ignoranz und Unfreundlichkeit kann EIN (1) Mensch doch gar nicht alleine haben!!","('SERVICE', 'NEGATIVE', 'NULL')","('GENERAL-IMPRESSION', 'NEGATIVE', 'NULL')",,,,,,,,,,,,,,
1193,"Nie wieder ""Früh am LOC""...Soviel Arroganz, Ignoranz und Unfreundlichkeit kann EIN (1) Mensch doch gar nicht alleine haben!!",,,,,,,,,,,,,,,,
1194,Nie wieder Auerbachs Keller!,"('GENERAL-IMPRESSION', 'NEGATIVE', 'Auerbachs Keller')",,,,,,,,,,,,,,,
1195,Nie wieder Auerbachs Keller!,,,,,,,,,,,,,,,,
1196,Nix zu bemängeln.,"('GENERAL-IMPRESSION', 'POSITIVE', 'NULL')",,,,,,,,,,,,,,,
1197,Nix zu bemängeln.,,,,,,,,,,,,,,,,
1198,Noch nie so reingelegt worden.,"('GENERAL-IMPRESSION', 'NEGATIVE', 'NULL')",,,,,,,,,,,,,,,
1199,Noch nie so reingelegt worden.,,,,,,,,,,,,,,,,
1200,Nudelauflauf hat leider auch nach wenig geschmeckt.,"('FOOD', 'NEGATIVE', 'Nudelauflauf')",,,,,,,,,,,,,,,
1201,Nudelauflauf hat leider auch nach wenig geschmeckt.,,,,,,,,,,,,,,,,
1202,Nun ja - dann halt nicht mehr.,"('GENERAL-IMPRESSION', 'NEGATIVE', 'NULL')",,,,,,,,,,,,,,,
1203,Nun ja - dann halt nicht mehr.,,,,,,,,,,,,,,,,
1204,"Nun ja, darauf hin Rechnung bestellt - was auch ein wenig schwierig war - und zur Konkurrenz auf der anderen Seite gewechselt.","('SERVICE', 'NEGATIVE', 'Rechnung')",,,,,,,,,,,,,,,
1205,"Nun ja, darauf hin Rechnung bestellt - was auch ein wenig schwierig war - und zur Konkurrenz auf der anderen Seite gewechselt.",,,,,,,,,,,,,,,,
1206,Nur der Beilagensalat ist in seinem Mayonnaise-Dressing ertrunken.,"('FOOD', 'NEGATIVE', 'Beilagensalat')",,,,,,,,,,,,,,,
1207,Nur der Beilagensalat ist in seinem Mayonnaise-Dressing ertrunken.,,,,,,,,,,,,,,,,
1208,Nur noch 1 Punkt überzeugte...der Service.,"('SERVICE', 'POSITIVE', 'Service')",,,,,,,,,,,,,,,
1209,Nur noch 1 Punkt überzeugte...der Service.,,,,,,,,,,,,,,,,
1210,"Obwohl es ein sehr großes Lokal ist, konnten wir uns sehr gut unterhalten und fanden die Atmosphäre sehr angenehm.","('AMBIENCE', 'POSITIVE', 'Atmosphäre')",,,,,,,,,,,,,,,
1211,"Obwohl es ein sehr großes Lokal ist, konnten wir uns sehr gut unterhalten und fanden die Atmosphäre sehr angenehm.",,,,,,,,,,,,,,,,
1212,Ohne Reservierung einen guten Tisch bekommen.,"('AMBIENCE', 'POSITIVE', 'Tisch')",,,,,,,,,,,,,,,
1213,Ohne Reservierung einen guten Tisch bekommen.,,,,,,,,,,,,,,,,
1214,"Pancakes, Brot, Brötchen, Kuchen, Müsli, Joghurt, Säfte, Tee, Kaffee, Wurst, Käse, Mett, Eier, Bacon, Würstchen usw. Einfach klasse und wenn man einen Platz an der LOC bekommt, umso schöner.","('FOOD', 'POSITIVE', 'Pancakes')","('FOOD', 'POSITIVE', 'Brot')","('FOOD', 'POSITIVE', 'Brötchen')","('FOOD', 'POSITIVE', 'Kuchen')","('FOOD', 'POSITIVE', 'Müsli')","('FOOD', 'POSITIVE', 'Joghurt')","('FOOD', 'POSITIVE', 'Säfte')","('FOOD', 'POSITIVE', 'Tee')","('FOOD', 'POSITIVE', 'Kaffee')","('FOOD', 'POSITIVE', 'Wurst')","('FOOD', 'POSITIVE', 'Käse')","('FOOD', 'POSITIVE', 'Mett')","('FOOD', 'POSITIVE', 'Eier')","('FOOD', 'POSITIVE', 'Bacon')","('FOOD', 'POSITIVE', 'Würstchen')","('AMBIENCE', 'POSITIVE', 'Platz an der LOC')"
1215,"Pancakes, Brot, Brötchen, Kuchen, Müsli, Joghurt, Säfte, Tee, Kaffee, Wurst, Käse, Mett, Eier, Bacon, Würstchen usw. Einfach klasse und wenn man einen Platz an der LOC bekommt, umso schöner.",,,,,,,,,,,,,,,,
1216,Parkplätze sind ausreichend vorhanden.,"('AMBIENCE', 'POSITIVE', 'Parkplätze')",,,,,,,,,,,,,,,
1217,Parkplätze sind ausreichend vorhanden.,,,,,,,,,,,,,,,,
1218,Per total: einmal und nie wieder dort.,"('GENERAL-IMPRESSION', 'NEGATIVE', 'NULL')",,,,,,,,,,,,,,,
1219,Per total: einmal und nie wieder dort.,,,,,,,,,,,,,,,,
1220,Personal aber wirklich auf zack.,"('SERVICE', 'POSITIVE', 'Personal')",,,,,,,,,,,,,,,
1221,Personal aber wirklich auf zack.,,,,,,,,,,,,,,,,
1222,Personal auf zack und der Burger war wirklich seeehr lecker!,"('SERVICE', 'POSITIVE', 'Personal')","('FOOD', 'POSITIVE', 'Burger')",,,,,,,,,,,,,,
1223,Personal auf zack und der Burger war wirklich seeehr lecker!,,,,,,,,,,,,,,,,
1224,Personal ist sehr freundlich und aufmerksam.,"('SERVICE', 'POSITIVE', 'Personal')",,,,,,,,,,,,,,,
1225,Personal ist sehr freundlich und aufmerksam.,,,,,,,,,,,,,,,,
1226,Pizza nur noch spärlich belegt.,"('FOOD', 'NEGATIVE', 'Pizza')",,,,,,,,,,,,,,,
1227,Pizza nur noch spärlich belegt.,,,,,,,,,,,,,,,,
1228,"Plätze auf dem Balkon waren nicht frei und so saßen wir, abgetrennt durch ein ziemlich hässliches Seil direkt an der LOC.","('AMBIENCE', 'NEGATIVE', 'Seil')",,,,,,,,,,,,,,,
1229,"Plätze auf dem Balkon waren nicht frei und so saßen wir, abgetrennt durch ein ziemlich hässliches Seil direkt an der LOC.",,,,,,,,,,,,,,,,
1230,"Pommes ok beim Schnitzel benötigt man dringend etwas zu trinken.... viel zu trocken 3 Pilze in der ""sauce"" eher Suppe.","('FOOD', 'NEUTRAL', 'Pommes')","('FOOD', 'NEGATIVE', 'Schnitzel')","('FOOD', 'NEGATIVE', 'sauce')",,,,,,,,,,,,,
1231,"Pommes ok beim Schnitzel benötigt man dringend etwas zu trinken.... viel zu trocken 3 Pilze in der ""sauce"" eher Suppe.",,,,,,,,,,,,,,,,
1232,Portion direkt bestellt) mit leckeren Knödel.,"('FOOD', 'POSITIVE', 'Knödel')",,,,,,,,,,,,,,,
1233,Portion direkt bestellt) mit leckeren Knödel.,,,,,,,,,,,,,,,,
1234,"Portionen sind mehr als ausreichend, Preise sind human und Bedienung ist sehr freundlich.","('SERVICE', 'POSITIVE', 'Bedienung')","('PRICE', 'POSITIVE', 'Preise')","('FOOD', 'POSITIVE', 'Portionen')",,,,,,,,,,,,,
1235,"Portionen sind mehr als ausreichend, Preise sind human und Bedienung ist sehr freundlich.",,,,,,,,,,,,,,,,
1236,"Preis, 14.90€, fand ich total überzogen.","('PRICE', 'NEGATIVE', 'Preis')",,,,,,,,,,,,,,,
1237,"Preis, 14.90€, fand ich total überzogen.",,,,,,,,,,,,,,,,
1238,Preis/Leistung stimmt nicht..,"('PRICE', 'NEGATIVE', 'Preis/Leistung')",,,,,,,,,,,,,,,
1239,Preis/Leistung stimmt nicht..,,,,,,,,,,,,,,,,
1240,"Problematisches P/L-Verhältnis bei den 6 ""fine de claires""-Austern (19,50€), weder geschmacklich noch von der Substanz befriedigend, da winzig; dem ""Loup de mer"" (26,90€) fehlte der Saft, er wirkte trocken und war im Übrigen ein Grätenmonster, der Spinat wirkte geschmacksneutral, die Bratkartoffeln waren deutlich zu kurz gebraten, kaum Bräunung.","('PRICE', 'NEGATIVE', 'fine de claires-Austern')","('FOOD', 'NEGATIVE', 'fine de claires-Austern')","('FOOD', 'NEGATIVE', 'Loup de mer')","('FOOD', 'NEGATIVE', 'Spinat')","('FOOD', 'NEGATIVE', 'Bratkartoffeln')",,,,,,,,,,,
1241,"Problematisches P/L-Verhältnis bei den 6 ""fine de claires""-Austern (19,50€), weder geschmacklich noch von der Substanz befriedigend, da winzig; dem ""Loup de mer"" (26,90€) fehlte der Saft, er wirkte trocken und war im Übrigen ein Grätenmonster, der Spinat wirkte geschmacksneutral, die Bratkartoffeln waren deutlich zu kurz gebraten, kaum Bräunung.",,,,,,,,,,,,,,,,
1242,Qualität der Speisen und Optik in Ordnung.,"('FOOD', 'NEUTRAL', 'Speisen')",,,,,,,,,,,,,,,
1243,Qualität der Speisen und Optik in Ordnung.,,,,,,,,,,,,,,,,
1244,Qualität des Essens Durchschnitt.,"('FOOD', 'NEUTRAL', 'Essens')",,,,,,,,,,,,,,,
1245,Qualität des Essens Durchschnitt.,,,,,,,,,,,,,,,,
1246,"Qualität super, gerne werden wir wieder kommen","('GENERAL-IMPRESSION', 'POSITIVE', 'NULL')","('FOOD', 'POSITIVE', 'NULL')",,,,,,,,,,,,,,
1247,"Qualität super, gerne werden wir wieder kommen",,,,,,,,,,,,,,,,
1248,RESTAURANT_NAME ist eine ganz wunderbare Lokalität auf dem LOC.,"('GENERAL-IMPRESSION', 'POSITIVE', 'RESTAURANT_NAME')",,,,,,,,,,,,,,,
1249,RESTAURANT_NAME ist eine ganz wunderbare Lokalität auf dem LOC.,,,,,,,,,,,,,,,,
1250,"RESTAURANT_NAME war voll besetzt, was für den sehr freundlichen Service natürlich eine Herausforderung war und wir mussten uns etwas gedulden, was man aber bei der gebotenen Qualität sehr gerne in Kauf nimmt.","('SERVICE', 'POSITIVE', 'Service')","('FOOD', 'POSITIVE', 'Qualität')",,,,,,,,,,,,,,
1251,"RESTAURANT_NAME war voll besetzt, was für den sehr freundlichen Service natürlich eine Herausforderung war und wir mussten uns etwas gedulden, was man aber bei der gebotenen Qualität sehr gerne in Kauf nimmt.",,,,,,,,,,,,,,,,
1252,Regelrecht zerkocht.,"('FOOD', 'NEGATIVE', 'NULL')",,,,,,,,,,,,,,,
1253,Regelrecht zerkocht.,,,,,,,,,,,,,,,,
1254,Reklamation mit Schulterzucken quittiert,"('SERVICE', 'NEGATIVE', 'Reklamation')",,,,,,,,,,,,,,,
1255,Reklamation mit Schulterzucken quittiert,,,,,,,,,,,,,,,,
1256,"Richtig cool sind die vielen Stammtische, wo jeder ein eigenes Wappen hat, sowie die versperrten Bierkrüge.","('AMBIENCE', 'POSITIVE', 'Stammtische')","('FOOD', 'POSITIVE', 'Bierkrüge')",,,,,,,,,,,,,,
1257,"Richtig cool sind die vielen Stammtische, wo jeder ein eigenes Wappen hat, sowie die versperrten Bierkrüge.",,,,,,,,,,,,,,,,
1258,"Riesig große, mega leckere Pizza!","('FOOD', 'POSITIVE', 'Pizza')",,,,,,,,,,,,,,,
1259,"Riesig große, mega leckere Pizza!",,,,,,,,,,,,,,,,
1260,Rundum einfach gemütlich und fein.,"('AMBIENCE', 'POSITIVE', 'NULL')","('FOOD', 'POSITIVE', 'NULL')",,,,,,,,,,,,,,
1261,Rundum einfach gemütlich und fein.,,,,,,,,,,,,,,,,
1262,SERVICEWir wurden nach dem Eintritt ins Restaurant freundlich begrüßt und konnten auch den Platz frei wählen.,"('SERVICE', 'POSITIVE', 'NULL')",,,,,,,,,,,,,,,
1263,SERVICEWir wurden nach dem Eintritt ins Restaurant freundlich begrüßt und konnten auch den Platz frei wählen.,,,,,,,,,,,,,,,,
1264,Schade für die ehemalige Perle im LOC.,"('GENERAL-IMPRESSION', 'NEGATIVE', 'NULL')",,,,,,,,,,,,,,,
1265,Schade für die ehemalige Perle im LOC.,,,,,,,,,,,,,,,,
1266,"Schade, ansonsten eine sehr schöne Gastronomie mit super netten Service.","('FOOD', 'POSITIVE', 'Gastronomie')","('SERVICE', 'POSITIVE', 'Service')",,,,,,,,,,,,,,
1267,"Schade, ansonsten eine sehr schöne Gastronomie mit super netten Service.",,,,,,,,,,,,,,,,
1268,"Schade, denn das Essen und das Ambiente ist wirklich gut beim Röslein, aber bei den Preisen kann ich zumindest einen freundlichen Umgang erwarten.","('FOOD', 'POSITIVE', 'Essen')","('AMBIENCE', 'POSITIVE', 'Ambiente')","('SERVICE', 'NEGATIVE', 'NULL')",,,,,,,,,,,,,
1269,"Schade, denn das Essen und das Ambiente ist wirklich gut beim Röslein, aber bei den Preisen kann ich zumindest einen freundlichen Umgang erwarten.",,,,,,,,,,,,,,,,
1270,"Schade, ich kann es nicht empfehlen!","('GENERAL-IMPRESSION', 'NEGATIVE', 'NULL')",,,,,,,,,,,,,,,
1271,"Schade, ich kann es nicht empfehlen!",,,,,,,,,,,,,,,,
1272,Schnelle Bedienung trotz voller Auslastung.,"('SERVICE', 'POSITIVE', 'Bedienung')",,,,,,,,,,,,,,,
1273,Schnelle Bedienung trotz voller Auslastung.,,,,,,,,,,,,,,,,
1274,Schnelle Küche mit geringem Anspruch.,"('SERVICE', 'NEGATIVE', 'Küche')",,,,,,,,,,,,,,,
1275,Schnelle Küche mit geringem Anspruch.,,,,,,,,,,,,,,,,
1276,"Schon beim betreten hat der Wirt respektlose und super unfreundliche Bemerkungen gemacht, ging dann so weiter und beim Bezahlungen hat ein anderer angestellter auch angefangen zu meckern.","('SERVICE', 'NEGATIVE', 'Wirt')","('SERVICE', 'NEGATIVE', 'angestellter')",,,,,,,,,,,,,,
1277,"Schon beim betreten hat der Wirt respektlose und super unfreundliche Bemerkungen gemacht, ging dann so weiter und beim Bezahlungen hat ein anderer angestellter auch angefangen zu meckern.",,,,,,,,,,,,,,,,
1278,Schon im Glas sieht er unappetitlich trübe aus und schmeckt noch schlechter als er aussieht.,"('FOOD', 'NEGATIVE', 'Glas')",,,,,,,,,,,,,,,
1279,Schon im Glas sieht er unappetitlich trübe aus und schmeckt noch schlechter als er aussieht.,,,,,,,,,,,,,,,,
1280,"Schweinchenrosa gekachelt, Schlachthausatmosphäre, Plastiktische, Kühlschrank für ""Dry-Age Fleisch"", einfach stillos, ein no go.","('AMBIENCE', 'NEGATIVE', 'Schlachthausatmosphäre')","('AMBIENCE', 'NEGATIVE', 'Plastiktische')",,,,,,,,,,,,,,
1281,"Schweinchenrosa gekachelt, Schlachthausatmosphäre, Plastiktische, Kühlschrank für ""Dry-Age Fleisch"", einfach stillos, ein no go.",,,,,,,,,,,,,,,,
1282,Schön eingerichtet und ein zauberhafter Biergarten im Sommer.,"('AMBIENCE', 'POSITIVE', 'NULL')","('AMBIENCE', 'POSITIVE', 'Biergarten')",,,,,,,,,,,,,,
1283,Schön eingerichtet und ein zauberhafter Biergarten im Sommer.,,,,,,,,,,,,,,,,
1284,Schöner Außenbereich,"('AMBIENCE', 'POSITIVE', 'Außenbereich')",,,,,,,,,,,,,,,
1285,Schöner Außenbereich,,,,,,,,,,,,,,,,
1286,"Schönes Ambiente, freundliches und kompetentes Personal, kreative Speisekarte, leckeres Essen.","('AMBIENCE', 'POSITIVE', 'Ambiente')","('SERVICE', 'POSITIVE', 'Personal')","('FOOD', 'POSITIVE', 'Speisekarte')","('FOOD', 'POSITIVE', 'Essen')",,,,,,,,,,,,
1287,"Schönes Ambiente, freundliches und kompetentes Personal, kreative Speisekarte, leckeres Essen.",,,,,,,,,,,,,,,,
1288,Schönes Ambiente.,"('AMBIENCE', 'POSITIVE', 'Ambiente')",,,,,,,,,,,,,,,
1289,Schönes Ambiente.,,,,,,,,,,,,,,,,
1290,Sehr Enttäuscht für über 200 €,"('PRICE', 'NEGATIVE', 'NULL')",,,,,,,,,,,,,,,
1291,Sehr Enttäuscht für über 200 €,,,,,,,,,,,,,,,,
1292,Sehr Schade!,"('GENERAL-IMPRESSION', 'NEGATIVE', 'NULL')",,,,,,,,,,,,,,,
1293,Sehr Schade!,,,,,,,,,,,,,,,,
1294,Sehr aufmerksame und nette Bedienung.,"('SERVICE', 'POSITIVE', 'Bedienung')",,,,,,,,,,,,,,,
1295,Sehr aufmerksame und nette Bedienung.,,,,,,,,,,,,,,,,
1296,"Sehr enttäuschend!Geronnene Sauce Hollondaise zum Spargel, Tütenzwiebeln zum Rostbraten, ölig geschmacksneutrale Salatsaucen, sehr dunkel frittierte Schnitzel um mittleren Preissegment.","('FOOD', 'NEGATIVE', 'Sauce Hollondaise')","('FOOD', 'NEGATIVE', 'Tütenzwiebeln')","('FOOD', 'NEGATIVE', 'Salatsaucen')","('FOOD', 'NEGATIVE', 'Schnitzel')","('PRICE', 'NEUTRAL', 'Preissegment')",,,,,,,,,,,
1297,"Sehr enttäuschend!Geronnene Sauce Hollondaise zum Spargel, Tütenzwiebeln zum Rostbraten, ölig geschmacksneutrale Salatsaucen, sehr dunkel frittierte Schnitzel um mittleren Preissegment.",,,,,,,,,,,,,,,,
1298,"Sehr freundlich und professionell, seine Empfehlungen für Essen und Wein waren top!","('SERVICE', 'POSITIVE', 'NULL')","('FOOD', 'POSITIVE', 'Essen')","('FOOD', 'POSITIVE', 'Wein')",,,,,,,,,,,,,
1299,"Sehr freundlich und professionell, seine Empfehlungen für Essen und Wein waren top!",,,,,,,,,,,,,,,,
1300,"Sehr freundlich, auch zu unserem Hund.","('SERVICE', 'POSITIVE', 'freundlich')",,,,,,,,,,,,,,,
1301,"Sehr freundlich, auch zu unserem Hund.",,,,,,,,,,,,,,,,
1302,Sehr freundliche Bedienung.,"('SERVICE', 'POSITIVE', 'Bedienung')",,,,,,,,,,,,,,,
1303,Sehr freundliche Bedienung.,,,,,,,,,,,,,,,,
1304,Sehr gut fanden wir die Auswahl an offenen Weinen.,"('FOOD', 'POSITIVE', 'Auswahl an offenen Weinen')",,,,,,,,,,,,,,,
1305,Sehr gut fanden wir die Auswahl an offenen Weinen.,,,,,,,,,,,,,,,,
1306,Sehr gut gegessene.,"('FOOD', 'POSITIVE', 'NULL')",,,,,,,,,,,,,,,
1307,Sehr gut gegessene.,,,,,,,,,,,,,,,,
1308,Sehr gute Qualität.,"('GENERAL-IMPRESSION', 'POSITIVE', 'NULL')",,,,,,,,,,,,,,,
1309,Sehr gute Qualität.,,,,,,,,,,,,,,,,
1310,Sehr guter und freundlicher Service.,"('SERVICE', 'POSITIVE', 'Service')",,,,,,,,,,,,,,,
1311,Sehr guter und freundlicher Service.,,,,,,,,,,,,,,,,
1312,Sehr gutes Essen und Service.,"('FOOD', 'POSITIVE', 'Essen')","('SERVICE', 'POSITIVE', 'Service')",,,,,,,,,,,,,,
1313,Sehr gutes Essen und Service.,,,,,,,,,,,,,,,,
1314,Sehr gutes Essen und ein toller persönlicher Service!,"('FOOD', 'POSITIVE', 'Essen')","('SERVICE', 'POSITIVE', 'Service')",,,,,,,,,,,,,,
1315,Sehr gutes Essen und ein toller persönlicher Service!,,,,,,,,,,,,,,,,
1316,Sehr hübsches bodenständigies Lokal.,"('GENERAL-IMPRESSION', 'POSITIVE', 'Lokal')","('AMBIENCE', 'POSITIVE', 'Lokal')",,,,,,,,,,,,,,
1317,Sehr hübsches bodenständigies Lokal.,,,,,,,,,,,,,,,,
1318,Sehr leckere Getränke meine Empfehlung ist der Limoncello Spritz sehr erfrischend.,"('FOOD', 'POSITIVE', 'Getränke')","('FOOD', 'POSITIVE', 'Limoncello Spritz')",,,,,,,,,,,,,,
1319,Sehr leckere Getränke meine Empfehlung ist der Limoncello Spritz sehr erfrischend.,,,,,,,,,,,,,,,,
1320,Sehr leckeres Bier.,"('FOOD', 'POSITIVE', 'Bier')",,,,,,,,,,,,,,,
1321,Sehr leckeres Bier.,,,,,,,,,,,,,,,,
1322,Sehr leckeres Essen in einem gemütlichen Ambiente.,"('FOOD', 'POSITIVE', 'Essen')","('AMBIENCE', 'POSITIVE', 'Ambiente')",,,,,,,,,,,,,,
1323,Sehr leckeres Essen in einem gemütlichen Ambiente.,,,,,,,,,,,,,,,,
1324,Sehr leckeres Essen und lockere Atmosphäre.,"('FOOD', 'POSITIVE', 'Essen')","('AMBIENCE', 'POSITIVE', 'Atmosphäre')",,,,,,,,,,,,,,
1325,Sehr leckeres Essen und lockere Atmosphäre.,,,,,,,,,,,,,,,,
1326,Sehr nette Mitarbeiter.,"('SERVICE', 'POSITIVE', 'Mitarbeiter')",,,,,,,,,,,,,,,
1327,Sehr nette Mitarbeiter.,,,,,,,,,,,,,,,,
1328,Sehr netter Service und leckeres Essen.,"('SERVICE', 'POSITIVE', 'Service')","('FOOD', 'POSITIVE', 'Essen')",,,,,,,,,,,,,,
1329,Sehr netter Service und leckeres Essen.,,,,,,,,,,,,,,,,
1330,Sehr netter Service!,"('SERVICE', 'POSITIVE', 'Service')",,,,,,,,,,,,,,,
1331,Sehr netter Service!,,,,,,,,,,,,,,,,
1332,Sehr nettes Ambiente drin wie draußen.,"('AMBIENCE', 'POSITIVE', 'drin')","('AMBIENCE', 'POSITIVE', 'draußen')",,,,,,,,,,,,,,
1333,Sehr nettes Ambiente drin wie draußen.,,,,,,,,,,,,,,,,
1334,"Sehr nettes Ambiente, freundliches Servicepersonal und die Tapas waren ziemlich vielseitig und alle lecker!","('AMBIENCE', 'POSITIVE', 'Ambiente')","('SERVICE', 'POSITIVE', 'Servicepersonal')","('FOOD', 'POSITIVE', 'Tapas')",,,,,,,,,,,,,
1335,"Sehr nettes Ambiente, freundliches Servicepersonal und die Tapas waren ziemlich vielseitig und alle lecker!",,,,,,,,,,,,,,,,
1336,Sehr nettes und zuvorkommendes Personal.,"('SERVICE', 'POSITIVE', 'Personal')",,,,,,,,,,,,,,,
1337,Sehr nettes und zuvorkommendes Personal.,,,,,,,,,,,,,,,,
1338,"Sehr positiv überzeugt von ""meinen"" beiden Kellnerinnen Lena und Ihre Ausbilderin Andrea.","('SERVICE', 'POSITIVE', 'Lena')","('SERVICE', 'POSITIVE', 'Andrea')",,,,,,,,,,,,,,
1339,"Sehr positiv überzeugt von ""meinen"" beiden Kellnerinnen Lena und Ihre Ausbilderin Andrea.",,,,,,,,,,,,,,,,
1340,"Sehr schlechtes, versalzenes Essen.","('FOOD', 'NEGATIVE', 'Essen')",,,,,,,,,,,,,,,
1341,"Sehr schlechtes, versalzenes Essen.",,,,,,,,,,,,,,,,
1342,Sehr schön .,"('GENERAL-IMPRESSION', 'POSITIVE', 'NULL')",,,,,,,,,,,,,,,
1343,Sehr schön .,,,,,,,,,,,,,,,,
1344,Sehr schöne Lage mit Blick auf die LOC.,"('AMBIENCE', 'POSITIVE', 'Lage')","('AMBIENCE', 'POSITIVE', 'Blick auf die LOC')",,,,,,,,,,,,,,
1345,Sehr schöne Lage mit Blick auf die LOC.,,,,,,,,,,,,,,,,
1346,"Sehr unfreundliches Personal, Massenabfertigung, die Qualität der Speisen war in Ordnung, das Personal eindeutig überfordert","('SERVICE', 'NEGATIVE', 'Personal')","('FOOD', 'NEUTRAL', 'Speisen')","('SERVICE', 'NEGATIVE', 'Personal')",,,,,,,,,,,,,
1347,"Sehr unfreundliches Personal, Massenabfertigung, die Qualität der Speisen war in Ordnung, das Personal eindeutig überfordert",,,,,,,,,,,,,,,,
1348,Sehr zum Empfehlen.,"('GENERAL-IMPRESSION', 'POSITIVE', 'NULL')",,,,,,,,,,,,,,,
1349,Sehr zum Empfehlen.,,,,,,,,,,,,,,,,
1350,"Seit das Gebäude um das ehemalige Steakhaus erweitert wurde, ist das Tuscolo ein echter Massenbetrieb geworden und hat seinen Charme total verloren.","('AMBIENCE', 'NEGATIVE', 'Charme')","('GENERAL-IMPRESSION', 'NEGATIVE', 'Tuscolo')",,,,,,,,,,,,,,
1351,"Seit das Gebäude um das ehemalige Steakhaus erweitert wurde, ist das Tuscolo ein echter Massenbetrieb geworden und hat seinen Charme total verloren.",,,,,,,,,,,,,,,,
1352,"Seit dem Umzug ist es draußen etwas eng, da natürlich viele Tische benötigt werden.","('AMBIENCE', 'NEGATIVE', 'draußen')",,,,,,,,,,,,,,,
1353,"Seit dem Umzug ist es draußen etwas eng, da natürlich viele Tische benötigt werden.",,,,,,,,,,,,,,,,
1354,Service absolut unterirdisch.,"('SERVICE', 'NEGATIVE', 'Service')",,,,,,,,,,,,,,,
1355,Service absolut unterirdisch.,,,,,,,,,,,,,,,,
1356,"Service ist top, aber die Qualität das Essens war schrecklich.","('SERVICE', 'POSITIVE', 'Service')","('FOOD', 'NEGATIVE', 'Essens')",,,,,,,,,,,,,,
1357,"Service ist top, aber die Qualität das Essens war schrecklich.",,,,,,,,,,,,,,,,
1358,Service ließ leider zu Wünschen übrig.,"('SERVICE', 'NEGATIVE', 'Service')",,,,,,,,,,,,,,,
1359,Service ließ leider zu Wünschen übrig.,,,,,,,,,,,,,,,,
1360,Service und Essen sind hervorragend.,"('SERVICE', 'POSITIVE', 'Service')","('FOOD', 'POSITIVE', 'Essen')",,,,,,,,,,,,,,
1361,Service und Essen sind hervorragend.,,,,,,,,,,,,,,,,
1362,Service war freundlich und zügig.,"('SERVICE', 'POSITIVE', 'Service')",,,,,,,,,,,,,,,
1363,Service war freundlich und zügig.,,,,,,,,,,,,,,,,
1364,Sie gingen nur schwer vom Knochen.,"('FOOD', 'NEGATIVE', 'NULL')",,,,,,,,,,,,,,,
1365,Sie gingen nur schwer vom Knochen.,,,,,,,,,,,,,,,,
1366,"Sie war sehr dünn, der Geschmack, soweit vorhanden, kam nur von etwas Lauch.","('FOOD', 'NEGATIVE', 'NULL')",,,,,,,,,,,,,,,
1367,"Sie war sehr dünn, der Geschmack, soweit vorhanden, kam nur von etwas Lauch.",,,,,,,,,,,,,,,,
1368,"Sie war zäh, man hat das Fleisch vom Knochen nicht abbekommen.","('FOOD', 'NEGATIVE', 'NULL')",,,,,,,,,,,,,,,
1369,"Sie war zäh, man hat das Fleisch vom Knochen nicht abbekommen.",,,,,,,,,,,,,,,,
1370,So einen schlechten Service hatten wir noch nicht erlebt.,"('SERVICE', 'NEGATIVE', 'Service')",,,,,,,,,,,,,,,
1371,So einen schlechten Service hatten wir noch nicht erlebt.,,,,,,,,,,,,,,,,
1372,"So ließen wir einen Großteil des Salates stehen, weil wir —eigentlich gute Esser— satt waren.","('FOOD', 'NEGATIVE', 'Salates')",,,,,,,,,,,,,,,
1373,"So ließen wir einen Großteil des Salates stehen, weil wir —eigentlich gute Esser— satt waren.",,,,,,,,,,,,,,,,
1374,So schade!,"('GENERAL-IMPRESSION', 'NEGATIVE', 'NULL')",,,,,,,,,,,,,,,
1375,So schade!,,,,,,,,,,,,,,,,
1376,So verarscht man keine Kunden!,"('GENERAL-IMPRESSION', 'NEGATIVE', 'NULL')",,,,,,,,,,,,,,,
1377,So verarscht man keine Kunden!,,,,,,,,,,,,,,,,
1378,"Sorry, aber Hunde im Restaurant gehen garnicht.","('AMBIENCE', 'NEGATIVE', 'Hunde im Restaurant')",,,,,,,,,,,,,,,
1379,"Sorry, aber Hunde im Restaurant gehen garnicht.",,,,,,,,,,,,,,,,
1380,"Sorry, ich kann’s nicht anders ausdrücken, aber das war wirklich ekelhaft.","('FOOD', 'NEGATIVE', 'NULL')",,,,,,,,,,,,,,,
1381,"Sorry, ich kann’s nicht anders ausdrücken, aber das war wirklich ekelhaft.",,,,,,,,,,,,,,,,
1382,Sosse selbe wie bei der Ente...= -1Darum für den Preis von fast 60 Euro kann man eigentlich was besseres erwarten...Aber das juckt dort keinen weil es die Masse macht....,"('PRICE', 'NEGATIVE', 'Preis')",,,,,,,,,,,,,,,
1383,Sosse selbe wie bei der Ente...= -1Darum für den Preis von fast 60 Euro kann man eigentlich was besseres erwarten...Aber das juckt dort keinen weil es die Masse macht....,,,,,,,,,,,,,,,,
1384,Sowohl Vorspeisen als auch Hauptgang hat überrascht.,"('FOOD', 'POSITIVE', 'Vorspeisen')","('FOOD', 'POSITIVE', 'Hauptgang')",,,,,,,,,,,,,,
1385,Sowohl Vorspeisen als auch Hauptgang hat überrascht.,,,,,,,,,,,,,,,,
1386,"Speziell die Bedienungung Frau Vorname, LOC super aufmerksam, freundlich und nett.","('SERVICE', 'POSITIVE', 'Frau Vorname')",,,,,,,,,,,,,,,
1387,"Speziell die Bedienungung Frau Vorname, LOC super aufmerksam, freundlich und nett.",,,,,,,,,,,,,,,,
1388,Spezielles Flair macht diese Tapas Bar sehr empfehlenswert.,"('GENERAL-IMPRESSION', 'POSITIVE', 'Tapas Bar')",,,,,,,,,,,,,,,
1389,Spezielles Flair macht diese Tapas Bar sehr empfehlenswert.,,,,,,,,,,,,,,,,
1390,"Statt sich um die Gäste zu kümmern wurde vorgezogen lautstark und vor den Gästen zu telefonieren, private Unterhaltungen zu führen oder Raucherpausen zu machen.","('SERVICE', 'NEGATIVE', 'NULL')",,,,,,,,,,,,,,,
1391,"Statt sich um die Gäste zu kümmern wurde vorgezogen lautstark und vor den Gästen zu telefonieren, private Unterhaltungen zu führen oder Raucherpausen zu machen.",,,,,,,,,,,,,,,,
1392,"Stattdessen wurde er absolut aggressiv, baute sich direkt vor uns auf und musste von einem seiner ebenfalls höchst arroganten Kollegen zurück gehalten werden, damit er nicht komplett eskalierte.","('SERVICE', 'NEGATIVE', 'NULL')","('SERVICE', 'NEGATIVE', 'Kollegen')",,,,,,,,,,,,,,
1393,"Stattdessen wurde er absolut aggressiv, baute sich direkt vor uns auf und musste von einem seiner ebenfalls höchst arroganten Kollegen zurück gehalten werden, damit er nicht komplett eskalierte.",,,,,,,,,,,,,,,,
1394,"Stühle etwas unbequem, aber mit Jacke drunter ging auch das.","('AMBIENCE', 'NEGATIVE', 'Stühle')",,,,,,,,,,,,,,,
1395,"Stühle etwas unbequem, aber mit Jacke drunter ging auch das.",,,,,,,,,,,,,,,,
1396,"Super Abend, ich komme regelmäßig zum Steak essen in die RESTAURANT_NAME.","('GENERAL-IMPRESSION', 'POSITIVE', 'RESTAURANT_NAME')",,,,,,,,,,,,,,,
1397,"Super Abend, ich komme regelmäßig zum Steak essen in die RESTAURANT_NAME.",,,,,,,,,,,,,,,,
1398,"Super Fleisch Beratung, essen gleichzeitig auf dem Tisch.","('SERVICE', 'POSITIVE', 'Beratung')",,,,,,,,,,,,,,,
1399,"Super Fleisch Beratung, essen gleichzeitig auf dem Tisch.",,,,,,,,,,,,,,,,
1400,"Super Führung mit Martin, leckeres Essen, schöne Atmosphäre.","('SERVICE', 'POSITIVE', 'Martin')","('SERVICE', 'POSITIVE', 'Führung')","('FOOD', 'POSITIVE', 'Essen')","('AMBIENCE', 'POSITIVE', 'Atmosphäre')",,,,,,,,,,,,
1401,"Super Führung mit Martin, leckeres Essen, schöne Atmosphäre.",,,,,,,,,,,,,,,,
1402,"Super Restaurant, wir hatten das gar nicht erwartet und wollten nur kurz vor dem Starlight Express noch was essen.","('GENERAL-IMPRESSION', 'POSITIVE', 'Restaurant')",,,,,,,,,,,,,,,
1403,"Super Restaurant, wir hatten das gar nicht erwartet und wollten nur kurz vor dem Starlight Express noch was essen.",,,,,,,,,,,,,,,,
1404,"Super freundliche, zuvorkommende Bedienung!!","('SERVICE', 'POSITIVE', 'Bedienung')",,,,,,,,,,,,,,,
1405,"Super freundliche, zuvorkommende Bedienung!!",,,,,,,,,,,,,,,,
1406,Super nette Bewirtung.,"('SERVICE', 'POSITIVE', 'Bewirtung')",,,,,,,,,,,,,,,
1407,Super nette Bewirtung.,,,,,,,,,,,,,,,,
1408,"Suppe war nicht heiß, kümmerte den Service aber nicht.","('SERVICE', 'NEGATIVE', 'Service')","('FOOD', 'NEGATIVE', 'Suppe')",,,,,,,,,,,,,,
1409,"Suppe war nicht heiß, kümmerte den Service aber nicht.",,,,,,,,,,,,,,,,
1410,Teilweise nur sehr enge Bestuhlung.,"('AMBIENCE', 'NEGATIVE', 'Bestuhlung')",,,,,,,,,,,,,,,
1411,Teilweise nur sehr enge Bestuhlung.,,,,,,,,,,,,,,,,
1412,"Thunfisch Carpaccio war zu kalt, war vermutlich gefroren und wurde nicht rechtzeitig aufgetaut.","('FOOD', 'NEGATIVE', 'Thunfisch Carpaccio')",,,,,,,,,,,,,,,
1413,"Thunfisch Carpaccio war zu kalt, war vermutlich gefroren und wurde nicht rechtzeitig aufgetaut.",,,,,,,,,,,,,,,,
1414,"Tiho, der Beste, hat uns bedient, super freundlich, zuvorkommend und hat uns jeden Wunsch von den Augen abgelesen.","('SERVICE', 'POSITIVE', 'Tiho')",,,,,,,,,,,,,,,
1415,"Tiho, der Beste, hat uns bedient, super freundlich, zuvorkommend und hat uns jeden Wunsch von den Augen abgelesen.",,,,,,,,,,,,,,,,
1416,Toiletten hätte ich für so eine Gastronomie auch sauberer erwartet!,"('AMBIENCE', 'NEGATIVE', 'Toiletten')",,,,,,,,,,,,,,,
1417,Toiletten hätte ich für so eine Gastronomie auch sauberer erwartet!,,,,,,,,,,,,,,,,
1418,Toiletten über Treppe oder Aufzug erreichbar und sauber.,"('AMBIENCE', 'POSITIVE', 'Toiletten')",,,,,,,,,,,,,,,
1419,Toiletten über Treppe oder Aufzug erreichbar und sauber.,,,,,,,,,,,,,,,,
1420,Toll finde ich auch die Speisekarte.,"('FOOD', 'POSITIVE', 'Speisekarte')",,,,,,,,,,,,,,,
1421,Toll finde ich auch die Speisekarte.,,,,,,,,,,,,,,,,
1422,Tolle Auswahl an Speisen und Getränken.,"('FOOD', 'POSITIVE', 'Speisen')","('FOOD', 'POSITIVE', 'Getränken')",,,,,,,,,,,,,,
1423,Tolle Auswahl an Speisen und Getränken.,,,,,,,,,,,,,,,,
1424,Tolle Vorspeise und kreatives Dessert.,"('FOOD', 'POSITIVE', 'Vorspeise')","('FOOD', 'POSITIVE', 'Dessert')",,,,,,,,,,,,,,
1425,Tolle Vorspeise und kreatives Dessert.,,,,,,,,,,,,,,,,
1426,"Toller Service, schnelle und aufmerksame Bedienung.","('SERVICE', 'POSITIVE', 'Service')","('SERVICE', 'POSITIVE', 'Bedienung')",,,,,,,,,,,,,,
1427,"Toller Service, schnelle und aufmerksame Bedienung.",,,,,,,,,,,,,,,,
1428,"Top Service, vor allem Marco („Oberhase“) hat uns witzig und angenehm bewirtet.","('SERVICE', 'POSITIVE', 'Service')","('SERVICE', 'POSITIVE', 'Marco')",,,,,,,,,,,,,,
1429,"Top Service, vor allem Marco („Oberhase“) hat uns witzig und angenehm bewirtet.",,,,,,,,,,,,,,,,
1430,"Totaler Massenbetrieb, macht kein Spass zwischen LOC gesehen dabei zu sein.","('GENERAL-IMPRESSION', 'NEGATIVE', 'NULL')",,,,,,,,,,,,,,,
1431,"Totaler Massenbetrieb, macht kein Spass zwischen LOC gesehen dabei zu sein.",,,,,,,,,,,,,,,,
1432,"Touristisch, altmodisch eingerichtet, Essen mäßig, Wiener Schnitzel in der Fritteuse, zu lange drin gewesen, matschige Bratkartoffeln, einzig der Service war nett und zuvorkommend.","('FOOD', 'NEUTRAL', 'Essen')","('AMBIENCE', 'NEGATIVE', 'NULL')","('FOOD', 'NEGATIVE', 'Wiener Schnitzel')","('FOOD', 'NEGATIVE', 'Bratkartoffeln')","('SERVICE', 'POSITIVE', 'Service')",,,,,,,,,,,
1433,"Touristisch, altmodisch eingerichtet, Essen mäßig, Wiener Schnitzel in der Fritteuse, zu lange drin gewesen, matschige Bratkartoffeln, einzig der Service war nett und zuvorkommend.",,,,,,,,,,,,,,,,
1434,Trotz Reservierung unfreundlich abgewiesen.,"('SERVICE', 'NEGATIVE', 'NULL')",,,,,,,,,,,,,,,
1435,Trotz Reservierung unfreundlich abgewiesen.,,,,,,,,,,,,,,,,
1436,"Trotz des großen Andrangs ausgesprochen freundlicher, schneller Service.","('SERVICE', 'POSITIVE', 'Service')",,,,,,,,,,,,,,,
1437,"Trotz des großen Andrangs ausgesprochen freundlicher, schneller Service.",,,,,,,,,,,,,,,,
1438,"Typisches Brauhaus mit guter Atmosphäre und einem freundlichen, kompetenten Service.","('AMBIENCE', 'POSITIVE', 'Atmosphäre')","('SERVICE', 'POSITIVE', 'Service')",,,,,,,,,,,,,,
1439,"Typisches Brauhaus mit guter Atmosphäre und einem freundlichen, kompetenten Service.",,,,,,,,,,,,,,,,
1440,Um 21:30 wird man unfreundlich abgewiesen.,"('SERVICE', 'NEGATIVE', 'NULL')",,,,,,,,,,,,,,,
1441,Um 21:30 wird man unfreundlich abgewiesen.,,,,,,,,,,,,,,,,
1442,"Umfangreiche Speisekarte, für jeden was dabei, von Vorspeise bis Dessert.","('FOOD', 'POSITIVE', 'Speisekarte')","('FOOD', 'POSITIVE', 'Vorspeise')","('FOOD', 'POSITIVE', 'Dessert')",,,,,,,,,,,,,
1443,"Umfangreiche Speisekarte, für jeden was dabei, von Vorspeise bis Dessert.",,,,,,,,,,,,,,,,
1444,Umso größer dann die Enttäuschung !,"('GENERAL-IMPRESSION', 'NEGATIVE', 'NULL')",,,,,,,,,,,,,,,
1445,Umso größer dann die Enttäuschung !,,,,,,,,,,,,,,,,
1446,Und es hat sich gelohnt!!,"('GENERAL-IMPRESSION', 'POSITIVE', 'NULL')",,,,,,,,,,,,,,,
1447,Und es hat sich gelohnt!!,,,,,,,,,,,,,,,,
1448,Und natürlich das Essen immer wieder super lecker.,"('FOOD', 'POSITIVE', 'Essen')",,,,,,,,,,,,,,,
1449,Und natürlich das Essen immer wieder super lecker.,,,,,,,,,,,,,,,,
1450,Und nochmals: wirklich netter Service.,"('SERVICE', 'POSITIVE', 'Service')",,,,,,,,,,,,,,,
1451,Und nochmals: wirklich netter Service.,,,,,,,,,,,,,,,,
1452,"Unglaublich was für ein schlechter Service, zumal der für uns zuständige Kellner alle anderen Tische abräumte u abwischte.","('SERVICE', 'NEGATIVE', 'Service')","('SERVICE', 'NEGATIVE', 'Kellner')",,,,,,,,,,,,,,
1453,"Unglaublich was für ein schlechter Service, zumal der für uns zuständige Kellner alle anderen Tische abräumte u abwischte.",,,,,,,,,,,,,,,,
1454,Uns hat das Ambiente der Metzgerei ebenfalls sehr gut gefallen.,"('AMBIENCE', 'POSITIVE', 'Metzgerei')",,,,,,,,,,,,,,,
1455,Uns hat das Ambiente der Metzgerei ebenfalls sehr gut gefallen.,,,,,,,,,,,,,,,,
1456,Unser letzter Besuch dort!,"('GENERAL-IMPRESSION', 'NEGATIVE', 'NULL')",,,,,,,,,,,,,,,
1457,Unser letzter Besuch dort!,,,,,,,,,,,,,,,,
1458,Unser neuer Favorit in LOC!,"('GENERAL-IMPRESSION', 'POSITIVE', 'NULL')",,,,,,,,,,,,,,,
1459,Unser neuer Favorit in LOC!,,,,,,,,,,,,,,,,
1460,"Unsere 6 jährige Tochter kann ""leider"" noch kein Englisch - das hat das LOC aber scheinbar nicht verstanden 😉 Für uns war es der letzte Besuch.","('GENERAL-IMPRESSION', 'NEGATIVE', 'NULL')",,,,,,,,,,,,,,,
1461,"Unsere 6 jährige Tochter kann ""leider"" noch kein Englisch - das hat das LOC aber scheinbar nicht verstanden 😉 Für uns war es der letzte Besuch.",,,,,,,,,,,,,,,,
1462,Unsere Empfehlung beim Besuch in LOC 👍🏼,"('GENERAL-IMPRESSION', 'POSITIVE', 'NULL')",,,,,,,,,,,,,,,
1463,Unsere Empfehlung beim Besuch in LOC 👍🏼,,,,,,,,,,,,,,,,
1464,Unsere Erwartungen wurden sogar noch übertroffen.,"('GENERAL-IMPRESSION', 'POSITIVE', 'NULL')",,,,,,,,,,,,,,,
1465,Unsere Erwartungen wurden sogar noch übertroffen.,,,,,,,,,,,,,,,,
1466,Unsere Essen waren beide mehr oder weniger kalt!,"('FOOD', 'NEGATIVE', 'Essen')",,,,,,,,,,,,,,,
1467,Unsere Essen waren beide mehr oder weniger kalt!,,,,,,,,,,,,,,,,
1468,"Unsere verschiedenen Gerichte waren alle frisch zubereitet, einschließlich der Beilagen von sehr guter Qualität und freundlich serviert.","('FOOD', 'POSITIVE', 'Gerichte')","('FOOD', 'POSITIVE', 'Beilagen')","('SERVICE', 'POSITIVE', 'NULL')",,,,,,,,,,,,,
1469,"Unsere verschiedenen Gerichte waren alle frisch zubereitet, einschließlich der Beilagen von sehr guter Qualität und freundlich serviert.",,,,,,,,,,,,,,,,
1470,Unter Strich - sehr enttäuschend!!,"('GENERAL-IMPRESSION', 'NEGATIVE', 'NULL')",,,,,,,,,,,,,,,
1471,Unter Strich - sehr enttäuschend!!,,,,,,,,,,,,,,,,
1472,"Vergangene Weihnachten dort gewesen,unvergesslicher Heiligabend,-und jetzt?","('GENERAL-IMPRESSION', 'POSITIVE', 'NULL')",,,,,,,,,,,,,,,
1473,"Vergangene Weihnachten dort gewesen,unvergesslicher Heiligabend,-und jetzt?",,,,,,,,,,,,,,,,
1474,Verstehe 0 warum die Leute es gut finden,"('GENERAL-IMPRESSION', 'NEGATIVE', 'NULL')",,,,,,,,,,,,,,,
1475,Verstehe 0 warum die Leute es gut finden,,,,,,,,,,,,,,,,
1476,Vertrauen Sie mir und besuchen auch Sie bei Ihrem nächsten LOC Besuch das Fischereihafen Restaurant.,"('GENERAL-IMPRESSION', 'POSITIVE', 'Fischereihafen Restaurant')",,,,,,,,,,,,,,,
1477,Vertrauen Sie mir und besuchen auch Sie bei Ihrem nächsten LOC Besuch das Fischereihafen Restaurant.,,,,,,,,,,,,,,,,
1478,Vielen Dank an das Team der RESTAURANT_NAME :),"('SERVICE', 'POSITIVE', 'Team')",,,,,,,,,,,,,,,
1479,Vielen Dank an das Team der RESTAURANT_NAME :),,,,,,,,,,,,,,,,
1480,"Vielen lieben Dank, die deutsche Küche in der Form aufzutischen.","('FOOD', 'POSITIVE', 'Küche')",,,,,,,,,,,,,,,
1481,"Vielen lieben Dank, die deutsche Küche in der Form aufzutischen.",,,,,,,,,,,,,,,,
1482,"Vom Service gab es keine Nachfrage, warum wir das Gericht komplett zurückgehen haben lassen.","('SERVICE', 'NEGATIVE', 'Service')",,,,,,,,,,,,,,,
1483,"Vom Service gab es keine Nachfrage, warum wir das Gericht komplett zurückgehen haben lassen.",,,,,,,,,,,,,,,,
1484,"Von 5 verschiedenen Bestellungen, war eine ungenießbar ( sauer, war gekippt ), ein Teller ungewürzt, zwei noch in Ordnung und ein Essen war gut.","('FOOD', 'NEGATIVE', 'NULL')","('FOOD', 'POSITIVE', 'Essen')","('FOOD', 'NEGATIVE', 'Teller')","('FOOD', 'NEUTRAL', 'NULL')",,,,,,,,,,,,
1485,"Von 5 verschiedenen Bestellungen, war eine ungenießbar ( sauer, war gekippt ), ein Teller ungewürzt, zwei noch in Ordnung und ein Essen war gut.",,,,,,,,,,,,,,,,
1486,Von Anfang bis Ende ein Erlebnis!,"('GENERAL-IMPRESSION', 'POSITIVE', 'NULL')",,,,,,,,,,,,,,,
1487,Von Anfang bis Ende ein Erlebnis!,,,,,,,,,,,,,,,,
1488,"Von außen recht unscheinbar entpuppt sich das Haus als gemütliches, uriges und stilecht eingerichtetes Altbiergasthaus mit großem Platzangebot.","('AMBIENCE', 'POSITIVE', 'Altbiergasthaus')","('AMBIENCE', 'POSITIVE', 'Platzangebot')",,,,,,,,,,,,,,
1489,"Von außen recht unscheinbar entpuppt sich das Haus als gemütliches, uriges und stilecht eingerichtetes Altbiergasthaus mit großem Platzangebot.",,,,,,,,,,,,,,,,
1490,"Von der Preisstruktur her gehoben, kann die Qualität des Essens nicht mithalten: teilweise gut (Spargel), teilweise grottig (stark versalzene Beilagen , Gemüse nicht frisch, sondern an Tiefkühlgemüse erinnernd, sehr durchwachsenes Fleisch).","('FOOD', 'NEGATIVE', 'Preisstruktur')","('FOOD', 'NEGATIVE', 'Essens')","('FOOD', 'POSITIVE', 'Spargel')","('FOOD', 'NEGATIVE', 'Beilagen')","('FOOD', 'NEGATIVE', 'Gemüse')","('FOOD', 'NEUTRAL', 'Fleisch')",,,,,,,,,,
1491,"Von der Preisstruktur her gehoben, kann die Qualität des Essens nicht mithalten: teilweise gut (Spargel), teilweise grottig (stark versalzene Beilagen , Gemüse nicht frisch, sondern an Tiefkühlgemüse erinnernd, sehr durchwachsenes Fleisch).",,,,,,,,,,,,,,,,
1492,"Von dünn und knusprig, goldbraun gebraten keine Spur.","('FOOD', 'NEGATIVE', 'NULL')",,,,,,,,,,,,,,,
1493,"Von dünn und knusprig, goldbraun gebraten keine Spur.",,,,,,,,,,,,,,,,
1494,Vor fünf Jahren waren wir schon mal Gäste und waren sehr zufrieden.,"('GENERAL-IMPRESSION', 'POSITIVE', 'NULL')",,,,,,,,,,,,,,,
1495,Vor fünf Jahren waren wir schon mal Gäste und waren sehr zufrieden.,,,,,,,,,,,,,,,,
1496,Vorspeise Carpaccio und Salat war lecker … Pizza riesig!,"('FOOD', 'POSITIVE', 'Carpaccio')","('FOOD', 'POSITIVE', 'Salat')",,,,,,,,,,,,,,
1497,Vorspeise Carpaccio und Salat war lecker … Pizza riesig!,,,,,,,,,,,,,,,,
1498,Vorspeise Zaziki ganz nach meinem Geschmack.,"('FOOD', 'POSITIVE', 'Zaziki')",,,,,,,,,,,,,,,
1499,Vorspeise Zaziki ganz nach meinem Geschmack.,,,,,,,,,,,,,,,,
1500,Vorspeise gut.,"('FOOD', 'POSITIVE', 'Vorspeise')",,,,,,,,,,,,,,,
1501,Vorspeise gut.,,,,,,,,,,,,,,,,
1502,"Vorspeise, Hauptgang und Dessert - alles war top!","('FOOD', 'POSITIVE', 'Vorspeise')","('FOOD', 'POSITIVE', 'Hauptgang')","('FOOD', 'POSITIVE', 'Dessert')",,,,,,,,,,,,,
1503,"Vorspeise, Hauptgang und Dessert - alles war top!",,,,,,,,,,,,,,,,
1504,"Völlig überteuert, alles in allem ein Ärgernis.","('GENERAL-IMPRESSION', 'NEGATIVE', 'NULL')","('PRICE', 'NEGATIVE', 'NULL')",,,,,,,,,,,,,,
1505,"Völlig überteuert, alles in allem ein Ärgernis.",,,,,,,,,,,,,,,,
1506,Wagner muss man mögen............die Kellner sind schon seit mehr als 20 Jahren die gleichen und man muss Sie mögen.,"('SERVICE', 'POSITIVE', 'Kellner')","('GENERAL-IMPRESSION', 'POSITIVE', 'Wagner')",,,,,,,,,,,,,,
1507,Wagner muss man mögen............die Kellner sind schon seit mehr als 20 Jahren die gleichen und man muss Sie mögen.,,,,,,,,,,,,,,,,
1508,War ein sehr gemütlicher Abend.,"('AMBIENCE', 'POSITIVE', 'NULL')",,,,,,,,,,,,,,,
1509,War ein sehr gemütlicher Abend.,,,,,,,,,,,,,,,,
1510,War von der Qualität der Tapas sehr enttäuscht.,"('FOOD', 'NEGATIVE', 'Tapas')",,,,,,,,,,,,,,,
1511,War von der Qualität der Tapas sehr enttäuscht.,,,,,,,,,,,,,,,,
1512,"War zwar viel los, dennoch hat das Personal nicht an Höflichkeit und Spaß verloren.","('SERVICE', 'POSITIVE', 'Personal')",,,,,,,,,,,,,,,
1513,"War zwar viel los, dennoch hat das Personal nicht an Höflichkeit und Spaß verloren.",,,,,,,,,,,,,,,,
1514,Waren dort um den Abend ausklingen zu lassen - habe beide Biere getrunken und muss sagen habe schon besseres getrunken.,"('FOOD', 'NEGATIVE', 'Biere')",,,,,,,,,,,,,,,
1515,Waren dort um den Abend ausklingen zu lassen - habe beide Biere getrunken und muss sagen habe schon besseres getrunken.,,,,,,,,,,,,,,,,
1516,Waren zu Mittag im LOC und angenehm vom Ambiente überrascht.,"('AMBIENCE', 'POSITIVE', 'Ambiente')",,,,,,,,,,,,,,,
1517,Waren zu Mittag im LOC und angenehm vom Ambiente überrascht.,,,,,,,,,,,,,,,,
1518,Waren zudem vom innerstädtischen fairen Preis überrascht.,"('PRICE', 'POSITIVE', 'Preis')",,,,,,,,,,,,,,,
1519,Waren zudem vom innerstädtischen fairen Preis überrascht.,,,,,,,,,,,,,,,,
1520,"Was aber gar nicht geht, wenn zur happy hour- Zeit nur 0,4 statt 0,5 l eingeschenkt wird (schlechter eingeschenkt) um den billigeren Preis wett zu machen.","('SERVICE', 'NEGATIVE', 'NULL')",,,,,,,,,,,,,,,
1521,"Was aber gar nicht geht, wenn zur happy hour- Zeit nur 0,4 statt 0,5 l eingeschenkt wird (schlechter eingeschenkt) um den billigeren Preis wett zu machen.",,,,,,,,,,,,,,,,
1522,"Was immer und sofort hängen bleibt: supersaubere Toiletten, der persönliche Empfang durch kleine Kärtchen am Tisch (Reserviert für XX und ihre Gäste bzw. Ich freue mich, dass Sie heute mein Gast sind) und eine herzliche Servicekraft, die jeden Wunsch von den Augen abliest.","('AMBIENCE', 'POSITIVE', 'Toiletten')","('SERVICE', 'POSITIVE', 'Empfang')","('SERVICE', 'POSITIVE', 'Servicekraft')",,,,,,,,,,,,,
1523,"Was immer und sofort hängen bleibt: supersaubere Toiletten, der persönliche Empfang durch kleine Kärtchen am Tisch (Reserviert für XX und ihre Gäste bzw. Ich freue mich, dass Sie heute mein Gast sind) und eine herzliche Servicekraft, die jeden Wunsch von den Augen abliest.",,,,,,,,,,,,,,,,
1524,Was ja vielleicht auch die Erklärung für die etwas müde und vor allem langweilige Performance sein könnte.,"('GENERAL-IMPRESSION', 'NEGATIVE', 'NULL')",,,,,,,,,,,,,,,
1525,Was ja vielleicht auch die Erklärung für die etwas müde und vor allem langweilige Performance sein könnte.,,,,,,,,,,,,,,,,
1526,Was überhaupt nicht geht is die Ausstattung - Besteck und Servietten sind Imbiss-Niveau und gehören nicht in einen Restaurant!!,"('FOOD', 'NEGATIVE', 'Ausstattung')","('FOOD', 'NEGATIVE', 'Besteck')","('FOOD', 'NEGATIVE', 'Servietten')",,,,,,,,,,,,,
1527,Was überhaupt nicht geht is die Ausstattung - Besteck und Servietten sind Imbiss-Niveau und gehören nicht in einen Restaurant!!,,,,,,,,,,,,,,,,
1528,Weiter so!,"('GENERAL-IMPRESSION', 'POSITIVE', 'NULL')",,,,,,,,,,,,,,,
1529,Weiter so!,,,,,,,,,,,,,,,,
1530,"Wenn Sie eine malerische italienische Atmosphäre mit leckerem Essen genießen möchten, reicht es, ins RESTAURANT_NAME Restaurant zu kommen🍝🇮🇹.","('AMBIENCE', 'POSITIVE', 'Atmosphäre')","('FOOD', 'POSITIVE', 'Essen')",,,,,,,,,,,,,,
1531,"Wenn Sie eine malerische italienische Atmosphäre mit leckerem Essen genießen möchten, reicht es, ins RESTAURANT_NAME Restaurant zu kommen🍝🇮🇹.",,,,,,,,,,,,,,,,
1532,Wenn da nicht die traumhafte Aussicht wäre …,"('AMBIENCE', 'POSITIVE', 'Aussicht')",,,,,,,,,,,,,,,
1533,Wenn da nicht die traumhafte Aussicht wäre …,,,,,,,,,,,,,,,,
1534,"Wenn der Betreiber mit keinem guten Beispiel vorangeht und dies der Belegschaft nicht vorlebt, dann kommt wie es kommen muss: Rundum feindseliges Ambiente.","('AMBIENCE', 'NEGATIVE', 'Ambiente')","('SERVICE', 'NEGATIVE', 'Betreiber')",,,,,,,,,,,,,,
1535,"Wenn der Betreiber mit keinem guten Beispiel vorangeht und dies der Belegschaft nicht vorlebt, dann kommt wie es kommen muss: Rundum feindseliges Ambiente.",,,,,,,,,,,,,,,,
1536,"Wenn die laue Abendsonne über die Häuser streift und man dem Treiben hier noch einen letzten Blick zu wirft, dann ist die Welt in Ordnung.","('AMBIENCE', 'POSITIVE', 'Abendsonne')","('AMBIENCE', 'POSITIVE', 'Treiben')",,,,,,,,,,,,,,
1537,"Wenn die laue Abendsonne über die Häuser streift und man dem Treiben hier noch einen letzten Blick zu wirft, dann ist die Welt in Ordnung.",,,,,,,,,,,,,,,,
1538,"Wenn man ein Kaffeehaus betreibt, sollte die Kaffeequalität für sich sprechen.","('FOOD', 'NEGATIVE', 'NULL')",,,,,,,,,,,,,,,
1539,"Wenn man ein Kaffeehaus betreibt, sollte die Kaffeequalität für sich sprechen.",,,,,,,,,,,,,,,,
1540,"Wenn man in der Nähe ist, kann man hier gut hingehen.","('GENERAL-IMPRESSION', 'POSITIVE', 'NULL')",,,,,,,,,,,,,,,
1541,"Wenn man in der Nähe ist, kann man hier gut hingehen.",,,,,,,,,,,,,,,,
1542,"Wenn man sich für Tapas beim LOC entscheidet, möchte man auch entsprechende Tapas bekommen.","('FOOD', 'NEGATIVE', 'Tapas')",,,,,,,,,,,,,,,
1543,"Wenn man sich für Tapas beim LOC entscheidet, möchte man auch entsprechende Tapas bekommen.",,,,,,,,,,,,,,,,
1544,"Wenn wir mal wieder in LOC sind, werden wir sicher wieder da essen gehen ☺️","('GENERAL-IMPRESSION', 'POSITIVE', 'NULL')",,,,,,,,,,,,,,,
1545,"Wenn wir mal wieder in LOC sind, werden wir sicher wieder da essen gehen ☺️",,,,,,,,,,,,,,,,
1546,"Wenn wir wieder einmal in LOC sind, kommen wir gerne wieder.","('GENERAL-IMPRESSION', 'POSITIVE', 'NULL')",,,,,,,,,,,,,,,
1547,"Wenn wir wieder einmal in LOC sind, kommen wir gerne wieder.",,,,,,,,,,,,,,,,
1548,"Wer einen schönen Abend mit gutem Essen und in angenehmer Atmosphäre verbringen will , ist hier fehl am Platz.","('FOOD', 'POSITIVE', 'Essen')","('AMBIENCE', 'POSITIVE', 'Atmosphäre')",,,,,,,,,,,,,,
1549,"Wer einen schönen Abend mit gutem Essen und in angenehmer Atmosphäre verbringen will , ist hier fehl am Platz.",,,,,,,,,,,,,,,,
1550,"Wer etwas besonderes sucht und das gewiss Etwas, ist hier richtig: charmantes, unaufdringliches Flair, familiäre und persönliche Atmosphäre und besondere, überwiegend unbekannte Nudelspezalitäten.","('AMBIENCE', 'POSITIVE', 'Flair')","('AMBIENCE', 'POSITIVE', 'Atmosphäre')","('FOOD', 'POSITIVE', 'Nudelspezalitäten')",,,,,,,,,,,,,
1551,"Wer etwas besonderes sucht und das gewiss Etwas, ist hier richtig: charmantes, unaufdringliches Flair, familiäre und persönliche Atmosphäre und besondere, überwiegend unbekannte Nudelspezalitäten.",,,,,,,,,,,,,,,,
1552,"Wer hier - auch angesichts der Konkurrenz im Umfeld - moderne Fischküche erwartet, wird ebenso enttäuscht wie diejenigen, die angesichts des Preisniveaus auch bei Klassikern (z.B. der Hummer-Bisque) Raffinesse erwarten.","('PRICE', 'NEGATIVE', 'Preisniveaus')","('FOOD', 'NEGATIVE', 'Klassikern')","('FOOD', 'NEGATIVE', 'Hummer-Bisque')","('FOOD', 'NEGATIVE', 'Fischküche')",,,,,,,,,,,,
1553,"Wer hier - auch angesichts der Konkurrenz im Umfeld - moderne Fischküche erwartet, wird ebenso enttäuscht wie diejenigen, die angesichts des Preisniveaus auch bei Klassikern (z.B. der Hummer-Bisque) Raffinesse erwarten.",,,,,,,,,,,,,,,,
1554,"Wer in LOC gerne LOC isst, dem sei das „RESTAURANT_NAME“ empfohlen!","('GENERAL-IMPRESSION', 'POSITIVE', 'RESTAURANT_NAME')",,,,,,,,,,,,,,,
1555,"Wer in LOC gerne LOC isst, dem sei das „RESTAURANT_NAME“ empfohlen!",,,,,,,,,,,,,,,,
1556,"Wer meint er müsse es unbedingt gesehen haben, kann auf eine Mass oder Halbe hier einkehren, aber zum Essen würde ich jedermann unbedingt eine anderes Lokal, von denen es genügend in der näheren Umgebung, gibt empfehlen.","('FOOD', 'NEGATIVE', 'Essen')",,,,,,,,,,,,,,,
1557,"Wer meint er müsse es unbedingt gesehen haben, kann auf eine Mass oder Halbe hier einkehren, aber zum Essen würde ich jedermann unbedingt eine anderes Lokal, von denen es genügend in der näheren Umgebung, gibt empfehlen.",,,,,,,,,,,,,,,,
1558,Wer sich bestrafen möchten bestellt ein Steak Tartare.,"('FOOD', 'NEGATIVE', 'Steak Tartare')",,,,,,,,,,,,,,,
1559,Wer sich bestrafen möchten bestellt ein Steak Tartare.,,,,,,,,,,,,,,,,
1560,"Wer’s zünftig, laut und gesellig mag, der ist hier richtig.","('AMBIENCE', 'POSITIVE', 'NULL')",,,,,,,,,,,,,,,
1561,"Wer’s zünftig, laut und gesellig mag, der ist hier richtig.",,,,,,,,,,,,,,,,
1562,"Wie schon oben beschrieben kann man hier nett sitzen, zum essen würde ich lieber beim nächsten Besuch in LOC ein anderes Restaurant besuchen.","('AMBIENCE', 'POSITIVE', 'NULL')","('FOOD', 'NEGATIVE', 'essen')",,,,,,,,,,,,,,
1563,"Wie schon oben beschrieben kann man hier nett sitzen, zum essen würde ich lieber beim nächsten Besuch in LOC ein anderes Restaurant besuchen.",,,,,,,,,,,,,,,,
1564,"Wir fanden keinen Pfifferling, nur etwas fleischfaseriges als Belag und Schnittlauch statt Frühlingszwiebeln!","('FOOD', 'NEGATIVE', 'fleischfaseriges')","('FOOD', 'NEGATIVE', 'Schnittlauch')",,,,,,,,,,,,,,
1565,"Wir fanden keinen Pfifferling, nur etwas fleischfaseriges als Belag und Schnittlauch statt Frühlingszwiebeln!",,,,,,,,,,,,,,,,
1566,Wir fragten nach wo sie bleiben und bekamen eine unfreundliche Antwort- wenn wir keine Zeit haben sollen wir gehen.,"('SERVICE', 'NEGATIVE', 'NULL')",,,,,,,,,,,,,,,
1567,Wir fragten nach wo sie bleiben und bekamen eine unfreundliche Antwort- wenn wir keine Zeit haben sollen wir gehen.,,,,,,,,,,,,,,,,
1568,Wir freuen uns auf ein Wiedersehen!,"('GENERAL-IMPRESSION', 'POSITIVE', 'NULL')",,,,,,,,,,,,,,,
1569,Wir freuen uns auf ein Wiedersehen!,,,,,,,,,,,,,,,,
1570,"Wir haben Entrecotes/Filets, dazu superfeine Beilagen (zB Stampf, Schlotze oder Spinat) gegessen, im Nachgang noch die Spaghetti mit Tomatensauce (Eis-Dessert).","('FOOD', 'POSITIVE', 'Beilagen')","('FOOD', 'POSITIVE', 'Stampf')","('FOOD', 'POSITIVE', 'Schlotze')","('FOOD', 'POSITIVE', 'Spinat')",,,,,,,,,,,,
1571,"Wir haben Entrecotes/Filets, dazu superfeine Beilagen (zB Stampf, Schlotze oder Spinat) gegessen, im Nachgang noch die Spaghetti mit Tomatensauce (Eis-Dessert).",,,,,,,,,,,,,,,,
1572,Wir haben bei dem herrlichen Wetter draußen gesessen.,"('AMBIENCE', 'POSITIVE', 'Wetter')",,,,,,,,,,,,,,,
1573,Wir haben bei dem herrlichen Wetter draußen gesessen.,,,,,,,,,,,,,,,,
1574,Wir haben bisher immer sehr gut gegessen egal was wir von der Standardkarte oder der Tageskarte gegessen haben.,"('FOOD', 'POSITIVE', 'NULL')",,,,,,,,,,,,,,,
1575,Wir haben bisher immer sehr gut gegessen egal was wir von der Standardkarte oder der Tageskarte gegessen haben.,,,,,,,,,,,,,,,,
1576,Wir haben da dann offensichtlich einen schlechten Tag erwischt.,"('GENERAL-IMPRESSION', 'NEGATIVE', 'NULL')",,,,,,,,,,,,,,,
1577,Wir haben da dann offensichtlich einen schlechten Tag erwischt.,,,,,,,,,,,,,,,,
1578,"Wir haben eine Stunde darauf gewartet, dass wir berücksichtigt wurden.","('SERVICE', 'NEGATIVE', 'NULL')",,,,,,,,,,,,,,,
1579,"Wir haben eine Stunde darauf gewartet, dass wir berücksichtigt wurden.",,,,,,,,,,,,,,,,
1580,Wir haben einen tollen Abend verlebt mit nettem Personal und tollen Steaks.,"('SERVICE', 'POSITIVE', 'Personal')","('FOOD', 'POSITIVE', 'Steaks')",,,,,,,,,,,,,,
1581,Wir haben einen tollen Abend verlebt mit nettem Personal und tollen Steaks.,,,,,,,,,,,,,,,,
1582,Wir haben hier unseren Jahrestag verbracht und es war einfach ein wundervoller Abend.,"('GENERAL-IMPRESSION', 'POSITIVE', 'NULL')",,,,,,,,,,,,,,,
1583,Wir haben hier unseren Jahrestag verbracht und es war einfach ein wundervoller Abend.,,,,,,,,,,,,,,,,
1584,Wir haben uns quer durchs Angebot geschlemmt und wurden nicht enttäuscht!,"('FOOD', 'POSITIVE', 'Angebot')",,,,,,,,,,,,,,,
1585,Wir haben uns quer durchs Angebot geschlemmt und wurden nicht enttäuscht!,,,,,,,,,,,,,,,,
1586,"Wir haben uns sehr wohl gefühlt , tolle Atmosphäre !","('AMBIENCE', 'POSITIVE', 'Atmosphäre')",,,,,,,,,,,,,,,
1587,"Wir haben uns sehr wohl gefühlt , tolle Atmosphäre !",,,,,,,,,,,,,,,,
1588,Wir haben uns sehr wohl gefühlt und werden wieder kommen!,"('GENERAL-IMPRESSION', 'POSITIVE', 'NULL')",,,,,,,,,,,,,,,
1589,Wir haben uns sehr wohl gefühlt und werden wieder kommen!,,,,,,,,,,,,,,,,
1590,Wir haben uns von der ersten Minute an sehr wohl gefühlt.,"('AMBIENCE', 'POSITIVE', 'NULL')",,,,,,,,,,,,,,,
1591,Wir haben uns von der ersten Minute an sehr wohl gefühlt.,,,,,,,,,,,,,,,,
1592,"Wir haben über 90 Minuten gewartet, bis wir unser Essen bekommen haben.","('SERVICE', 'NEGATIVE', 'NULL')",,,,,,,,,,,,,,,
1593,"Wir haben über 90 Minuten gewartet, bis wir unser Essen bekommen haben.",,,,,,,,,,,,,,,,
1594,Wir haben über eine Stunde auf unser Essen warten müssen.,"('SERVICE', 'NEGATIVE', 'NULL')",,,,,,,,,,,,,,,
1595,Wir haben über eine Stunde auf unser Essen warten müssen.,,,,,,,,,,,,,,,,
1596,"Wir hatten alle eine Schweinshaxe, die ruckzuck und noch vor den Getränken (!)","('SERVICE', 'POSITIVE', 'NULL')",,,,,,,,,,,,,,,
1597,"Wir hatten alle eine Schweinshaxe, die ruckzuck und noch vor den Getränken (!)",,,,,,,,,,,,,,,,
1598,"Wir hatten andere, bzw. bessere Erinnerungen von diesem Restaurant.","('GENERAL-IMPRESSION', 'NEGATIVE', 'Restaurant')",,,,,,,,,,,,,,,
1599,"Wir hatten andere, bzw. bessere Erinnerungen von diesem Restaurant.",,,,,,,,,,,,,,,,
1600,"Wir hatten ein Mittagessen mit dem Kollegium geplant, Essen war im Voraus bestellt, wie mit dem Geschäftsführer vereinbart und vor Ort wusste man von nichts.","('SERVICE', 'NEGATIVE', 'NULL')",,,,,,,,,,,,,,,
1601,"Wir hatten ein Mittagessen mit dem Kollegium geplant, Essen war im Voraus bestellt, wie mit dem Geschäftsführer vereinbart und vor Ort wusste man von nichts.",,,,,,,,,,,,,,,,
1602,Wir hatten einen wunderbaren Abend in der oberen Etage des Restaurants.,"('AMBIENCE', 'POSITIVE', 'NULL')",,,,,,,,,,,,,,,
1603,Wir hatten einen wunderbaren Abend in der oberen Etage des Restaurants.,,,,,,,,,,,,,,,,
1604,"Wir hatten für 15 Personen einen Tisch reserviert und mussten trotzdem 20 min warten, obwohl wir pünktlich da waren.","('SERVICE', 'NEGATIVE', 'NULL')",,,,,,,,,,,,,,,
1605,"Wir hatten für 15 Personen einen Tisch reserviert und mussten trotzdem 20 min warten, obwohl wir pünktlich da waren.",,,,,,,,,,,,,,,,
1606,"Wir hatten zunächst eine Gans zu Weihnachten, die war spektakulär und braucht keinen Vergleich zu scheuen.","('FOOD', 'POSITIVE', 'Gans')",,,,,,,,,,,,,,,
1607,"Wir hatten zunächst eine Gans zu Weihnachten, die war spektakulär und braucht keinen Vergleich zu scheuen.",,,,,,,,,,,,,,,,
1608,Wir hatten zwei wunderschöne Abende und alles hat gepasst.,"('GENERAL-IMPRESSION', 'POSITIVE', 'NULL')",,,,,,,,,,,,,,,
1609,Wir hatten zwei wunderschöne Abende und alles hat gepasst.,,,,,,,,,,,,,,,,
1610,Wir kommen erst Mal laaange Zeit nicht mehr.,"('GENERAL-IMPRESSION', 'NEGATIVE', 'NULL')",,,,,,,,,,,,,,,
1611,Wir kommen erst Mal laaange Zeit nicht mehr.,,,,,,,,,,,,,,,,
1612,Wir kommen gern wieder.,"('GENERAL-IMPRESSION', 'POSITIVE', 'NULL')",,,,,,,,,,,,,,,
1613,Wir kommen gern wieder.,,,,,,,,,,,,,,,,
1614,Wir kommen gerne wieder,"('GENERAL-IMPRESSION', 'POSITIVE', 'NULL')",,,,,,,,,,,,,,,
1615,Wir kommen gerne wieder,,,,,,,,,,,,,,,,
1616,Wir kommen jederzeit gern wieder.,"('GENERAL-IMPRESSION', 'POSITIVE', 'NULL')",,,,,,,,,,,,,,,
1617,Wir kommen jederzeit gern wieder.,,,,,,,,,,,,,,,,
1618,Wir kommen nicht wieder.,"('GENERAL-IMPRESSION', 'NEGATIVE', 'NULL')",,,,,,,,,,,,,,,
1619,Wir kommen nicht wieder.,,,,,,,,,,,,,,,,
1620,Wir konnten uns von der vorzüglichen Qualität der regionalen und selbst gemachten Produkte überzeugen.,"('FOOD', 'POSITIVE', 'Produkte')",,,,,,,,,,,,,,,
1621,Wir konnten uns von der vorzüglichen Qualität der regionalen und selbst gemachten Produkte überzeugen.,,,,,,,,,,,,,,,,
1622,Wir können das Restaurant auf jeden Fall empfehlen.,"('GENERAL-IMPRESSION', 'POSITIVE', 'Restaurant')",,,,,,,,,,,,,,,
1623,Wir können das Restaurant auf jeden Fall empfehlen.,,,,,,,,,,,,,,,,
1624,Wir mussten fast 2 Stunden auf den Hauptgang warten!,"('SERVICE', 'NEGATIVE', 'NULL')",,,,,,,,,,,,,,,
1625,Wir mussten fast 2 Stunden auf den Hauptgang warten!,,,,,,,,,,,,,,,,
1626,Wir nahmen Platz und nichts geschah.,"('SERVICE', 'NEGATIVE', 'NULL')",,,,,,,,,,,,,,,
1627,Wir nahmen Platz und nichts geschah.,,,,,,,,,,,,,,,,
1628,Wir sind immer wieder gerne zu Gast in der RESTAURANT_NAME :),"('GENERAL-IMPRESSION', 'POSITIVE', 'RESTAURANT_NAME')",,,,,,,,,,,,,,,
1629,Wir sind immer wieder gerne zu Gast in der RESTAURANT_NAME :),,,,,,,,,,,,,,,,
1630,"Wir sind maximal enttäuscht und werden uns überlegen, ob wir wirklich nochmal hingehen.","('GENERAL-IMPRESSION', 'NEGATIVE', 'NULL')",,,,,,,,,,,,,,,
1631,"Wir sind maximal enttäuscht und werden uns überlegen, ob wir wirklich nochmal hingehen.",,,,,,,,,,,,,,,,
1632,"Wir verbrachten einen gemütlichen Abend im ""RESTAURANT_NAME"".","('AMBIENCE', 'POSITIVE', 'NULL')",,,,,,,,,,,,,,,
1633,"Wir verbrachten einen gemütlichen Abend im ""RESTAURANT_NAME"".",,,,,,,,,,,,,,,,
1634,Wir waren begeistert und können das Lokal absolut weiterempfehlen,"('GENERAL-IMPRESSION', 'POSITIVE', 'Lokal')",,,,,,,,,,,,,,,
1635,Wir waren begeistert und können das Lokal absolut weiterempfehlen,,,,,,,,,,,,,,,,
1636,Wir waren enttäuscht über die so hochgelobte RESTAURANT_NAME.,"('GENERAL-IMPRESSION', 'NEGATIVE', 'RESTAURANT_NAME')",,,,,,,,,,,,,,,
1637,Wir waren enttäuscht über die so hochgelobte RESTAURANT_NAME.,,,,,,,,,,,,,,,,
1638,"Wir waren heute zum zweiten Mal da, das erste Mal war wirklich traumhaft.","('GENERAL-IMPRESSION', 'POSITIVE', 'NULL')",,,,,,,,,,,,,,,
1639,"Wir waren heute zum zweiten Mal da, das erste Mal war wirklich traumhaft.",,,,,,,,,,,,,,,,
1640,Wir waren hier essen und mit der Qualität des Essens wirklich super zufrieden.,"('FOOD', 'POSITIVE', 'Essens')",,,,,,,,,,,,,,,
1641,Wir waren hier essen und mit der Qualität des Essens wirklich super zufrieden.,,,,,,,,,,,,,,,,
1642,Wir waren hier zum Mittagessen und wurden eher enttäuscht.,"('GENERAL-IMPRESSION', 'NEGATIVE', 'NULL')",,,,,,,,,,,,,,,
1643,Wir waren hier zum Mittagessen und wurden eher enttäuscht.,,,,,,,,,,,,,,,,
1644,Wir waren jetzt schon zum 4 Mal hier im Augustiner und es ist für uns immer eine Anlaufstelle in LOC.,"('GENERAL-IMPRESSION', 'POSITIVE', 'Augustiner')",,,,,,,,,,,,,,,
1645,Wir waren jetzt schon zum 4 Mal hier im Augustiner und es ist für uns immer eine Anlaufstelle in LOC.,,,,,,,,,,,,,,,,
1646,Wir waren mit unserer Tochter dort und wurden leider schwer enttäuscht.,"('GENERAL-IMPRESSION', 'NEGATIVE', 'NULL')",,,,,,,,,,,,,,,
1647,Wir waren mit unserer Tochter dort und wurden leider schwer enttäuscht.,,,,,,,,,,,,,,,,
1648,"Wir waren sehr enttäuscht, konnten aber über Open Table einen Tisch in einem anderen Stuttgarter Restaurant (Weinsteige) bekommen, wo problemlos auf alle Allergien eingegangen wurde (Trotz festem Menu!)","('GENERAL-IMPRESSION', 'NEGATIVE', 'NULL')",,,,,,,,,,,,,,,
1649,"Wir waren sehr enttäuscht, konnten aber über Open Table einen Tisch in einem anderen Stuttgarter Restaurant (Weinsteige) bekommen, wo problemlos auf alle Allergien eingegangen wurde (Trotz festem Menu!)",,,,,,,,,,,,,,,,
1650,"Wir waren sehr unzufrieden, werden auch nicht mehr zu Gast sein.","('GENERAL-IMPRESSION', 'NEGATIVE', 'NULL')",,,,,,,,,,,,,,,
1651,"Wir waren sehr unzufrieden, werden auch nicht mehr zu Gast sein.",,,,,,,,,,,,,,,,
1652,"Wir waren uns einig: Sooo schlecht wir hier, war das Paket noch nie !","('GENERAL-IMPRESSION', 'NEGATIVE', 'NULL')",,,,,,,,,,,,,,,
1653,"Wir waren uns einig: Sooo schlecht wir hier, war das Paket noch nie !",,,,,,,,,,,,,,,,
1654,Wir waren vom Ambiente und der warmen Herzlichkeit sehr angetan und haben uns sofort sehr wohl und sehr gut gefühlt.,"('AMBIENCE', 'POSITIVE', 'Ambiente')","('SERVICE', 'POSITIVE', 'Herzlichkeit')",,,,,,,,,,,,,,
1655,Wir waren vom Ambiente und der warmen Herzlichkeit sehr angetan und haben uns sofort sehr wohl und sehr gut gefühlt.,,,,,,,,,,,,,,,,
1656,"Wir waren zufrieden, für den starken Geschäftsgang, kann das Restaurant ja nichts.","('GENERAL-IMPRESSION', 'POSITIVE', 'NULL')",,,,,,,,,,,,,,,
1657,"Wir waren zufrieden, für den starken Geschäftsgang, kann das Restaurant ja nichts.",,,,,,,,,,,,,,,,
1658,Wir werden das Restaurant sicherlich noch einige Male besuchen.,"('GENERAL-IMPRESSION', 'POSITIVE', 'Restaurant')",,,,,,,,,,,,,,,
1659,Wir werden das Restaurant sicherlich noch einige Male besuchen.,,,,,,,,,,,,,,,,
1660,Wir werden nach unserem eigenen Erlebnis nicht mehr dort hingehen.,"('GENERAL-IMPRESSION', 'NEGATIVE', 'NULL')",,,,,,,,,,,,,,,
1661,Wir werden nach unserem eigenen Erlebnis nicht mehr dort hingehen.,,,,,,,,,,,,,,,,
1662,Wir werden nie wieder eine Filiale dieser Gastronomie Kette mit solch asozialem Personal besuchen!,"('GENERAL-IMPRESSION', 'NEGATIVE', 'Gastronomie Kette')","('SERVICE', 'NEGATIVE', 'Personal')",,,,,,,,,,,,,,
1663,Wir werden nie wieder eine Filiale dieser Gastronomie Kette mit solch asozialem Personal besuchen!,,,,,,,,,,,,,,,,
1664,Wir werden zurückkommen!,"('GENERAL-IMPRESSION', 'POSITIVE', 'NULL')",,,,,,,,,,,,,,,
1665,Wir werden zurückkommen!,,,,,,,,,,,,,,,,
1666,"Wir wiesen den Chef de Service darauf hin, dass der Platz ungenügend war.","('AMBIENCE', 'NEGATIVE', 'Platz')",,,,,,,,,,,,,,,
1667,"Wir wiesen den Chef de Service darauf hin, dass der Platz ungenügend war.",,,,,,,,,,,,,,,,
1668,"Wir wollten uns zum Hochzeitstag mal was besonderes gönnen , doch sind wir beide sehr entäuscht worden , das Schnitzel war nicht nur schlabberig sondern auch ungewürzt , die Jägersoße war auch nicht besser , ein kleiner Salat sollte eigentlich zu jedem Gericht gehören , einzig die Bedienung war freundlich .","('FOOD', 'NEGATIVE', 'Schnitzel')","('FOOD', 'NEGATIVE', 'Jägersoße')","('SERVICE', 'POSITIVE', 'Bedienung')",,,,,,,,,,,,,
1669,"Wir wollten uns zum Hochzeitstag mal was besonderes gönnen , doch sind wir beide sehr entäuscht worden , das Schnitzel war nicht nur schlabberig sondern auch ungewürzt , die Jägersoße war auch nicht besser , ein kleiner Salat sollte eigentlich zu jedem Gericht gehören , einzig die Bedienung war freundlich .",,,,,,,,,,,,,,,,
1670,Wir wurden auch sehr nett begrüßt und an unseren Platz gebracht.,"('SERVICE', 'POSITIVE', 'NULL')",,,,,,,,,,,,,,,
1671,Wir wurden auch sehr nett begrüßt und an unseren Platz gebracht.,,,,,,,,,,,,,,,,
1672,Wir wurden bedient von dem netten Fräulein Susanna.,"('SERVICE', 'POSITIVE', 'Susanna')",,,,,,,,,,,,,,,
1673,Wir wurden bedient von dem netten Fräulein Susanna.,,,,,,,,,,,,,,,,
1674,"Wir wurden gut bedient, obwohl der Laden sehr voll war und die Kellner kaum zum Verschnaufen kamen.","('SERVICE', 'POSITIVE', 'NULL')",,,,,,,,,,,,,,,
1675,"Wir wurden gut bedient, obwohl der Laden sehr voll war und die Kellner kaum zum Verschnaufen kamen.",,,,,,,,,,,,,,,,
1676,"Wir wurden mit den anderen Gästen rausgekehrt und aufgrund der internen, lautstarken Streitigkeiten des Personals bemerkte man unsere Verabschiedung nicht einmal.","('SERVICE', 'NEGATIVE', 'Personals')",,,,,,,,,,,,,,,
1677,"Wir wurden mit den anderen Gästen rausgekehrt und aufgrund der internen, lautstarken Streitigkeiten des Personals bemerkte man unsere Verabschiedung nicht einmal.",,,,,,,,,,,,,,,,
1678,"Wir wurden sehr, sehr freundlich von LUCA bedient.","('SERVICE', 'POSITIVE', 'LUCA')",,,,,,,,,,,,,,,
1679,"Wir wurden sehr, sehr freundlich von LUCA bedient.",,,,,,,,,,,,,,,,
1680,"Wir wurden von einem sehr arroganten ""Platzanweiser"" am Eingang empfangen.","('SERVICE', 'NEGATIVE', 'Platzanweiser')",,,,,,,,,,,,,,,
1681,"Wir wurden von einem sehr arroganten ""Platzanweiser"" am Eingang empfangen.",,,,,,,,,,,,,,,,
1682,Wirklich nicht gut.,"('GENERAL-IMPRESSION', 'NEGATIVE', 'NULL')",,,,,,,,,,,,,,,
1683,Wirklich nicht gut.,,,,,,,,,,,,,,,,
1684,Wundervolles Essen.,"('FOOD', 'POSITIVE', 'Essen')",,,,,,,,,,,,,,,
1685,Wundervolles Essen.,,,,,,,,,,,,,,,,
1686,Wurden direkt freundlich empfangen.,"('SERVICE', 'POSITIVE', 'NULL')",,,,,,,,,,,,,,,
1687,Wurden direkt freundlich empfangen.,,,,,,,,,,,,,,,,
1688,"Wuselig, lecker und voll.","('AMBIENCE', 'NEGATIVE', 'NULL')","('FOOD', 'POSITIVE', 'NULL')",,,,,,,,,,,,,,
1689,"Wuselig, lecker und voll.",,,,,,,,,,,,,,,,
1690,"Während die Salsiccia noch in Ordnung war, war die Pizza Gamberetti komplett trocken.","('FOOD', 'NEUTRAL', 'Salsiccia')","('FOOD', 'NEGATIVE', 'Pizza Gamberetti')",,,,,,,,,,,,,,
1691,"Während die Salsiccia noch in Ordnung war, war die Pizza Gamberetti komplett trocken.",,,,,,,,,,,,,,,,
1692,Würde gerne mehr als fünf Sterne geben!,"('GENERAL-IMPRESSION', 'POSITIVE', 'NULL')",,,,,,,,,,,,,,,
1693,Würde gerne mehr als fünf Sterne geben!,,,,,,,,,,,,,,,,
1694,"Zu abgehoben, man fühlt sich vorgeführt.","('GENERAL-IMPRESSION', 'NEGATIVE', 'NULL')",,,,,,,,,,,,,,,
1695,"Zu abgehoben, man fühlt sich vorgeführt.",,,,,,,,,,,,,,,,
1696,Zu guter letzt wollte man uns für den Wein mehr berechnen als auf der Karte steht 🙁,"('SERVICE', 'NEGATIVE', 'NULL')",,,,,,,,,,,,,,,
1697,Zu guter letzt wollte man uns für den Wein mehr berechnen als auf der Karte steht 🙁,,,,,,,,,,,,,,,,
1698,"Zudem war alles sehr überteuert, da hätten wir wenigstens etwas mehr Entgegenkommen erwartet.","('PRICE', 'NEGATIVE', 'NULL')","('SERVICE', 'NEGATIVE', 'NULL')",,,,,,,,,,,,,,
1699,"Zudem war alles sehr überteuert, da hätten wir wenigstens etwas mehr Entgegenkommen erwartet.",,,,,,,,,,,,,,,,
1700,Zum Korrigieren war der Kellner nicht bereit!,"('SERVICE', 'NEGATIVE', 'Kellner')",,,,,,,,,,,,,,,
1701,Zum Korrigieren war der Kellner nicht bereit!,,,,,,,,,,,,,,,,
1702,Zum Schluss hat eine nette Kellnerin aus einem anderen Saal unsere Bestellung aufgenommen.,"('SERVICE', 'POSITIVE', 'Kellnerin')",,,,,,,,,,,,,,,
1703,Zum Schluss hat eine nette Kellnerin aus einem anderen Saal unsere Bestellung aufgenommen.,,,,,,,,,,,,,,,,
1704,"Zum Servicepersonal, der Küche und dem „Chef im Ring“ bleibt zu sagen: umsichtig, freundlich und gut eingestimmt machten uns die Stunden im Biergarten recht viel Freude!","('SERVICE', 'POSITIVE', 'Servicepersonal')","('SERVICE', 'POSITIVE', 'Chef im Ring')",,,,,,,,,,,,,,
1705,"Zum Servicepersonal, der Küche und dem „Chef im Ring“ bleibt zu sagen: umsichtig, freundlich und gut eingestimmt machten uns die Stunden im Biergarten recht viel Freude!",,,,,,,,,,,,,,,,
1706,aber leider die Qualität der Gerichte ist echt nichts besonders.,"('FOOD', 'NEGATIVE', 'Gerichte')",,,,,,,,,,,,,,,
1707,aber leider die Qualität der Gerichte ist echt nichts besonders.,,,,,,,,,,,,,,,,
1708,alles in einem einfach für jeden und immer wieder gern zu empfehlen!!!!,"('GENERAL-IMPRESSION', 'POSITIVE', 'NULL')",,,,,,,,,,,,,,,
1709,alles in einem einfach für jeden und immer wieder gern zu empfehlen!!!!,,,,,,,,,,,,,,,,
1710,"am 25.12.2022 haben wir ohne Reservierung einen schönen Tisch bekommen und wurden von Danielo, einem erfahrenem und engagiertem Ober kompetent beraten und bedient.","('SERVICE', 'POSITIVE', 'Danielo')",,,,,,,,,,,,,,,
1711,"am 25.12.2022 haben wir ohne Reservierung einen schönen Tisch bekommen und wurden von Danielo, einem erfahrenem und engagiertem Ober kompetent beraten und bedient.",,,,,,,,,,,,,,,,
1712,"das spätere essen (Pizza) war wirklich gut, aber so viel Zeit während der Woche haben wir nicht und werden deshalb auch nicht wieder kommen.","('FOOD', 'POSITIVE', 'essen (Pizza')",,,,,,,,,,,,,,,
1713,"das spätere essen (Pizza) war wirklich gut, aber so viel Zeit während der Woche haben wir nicht und werden deshalb auch nicht wieder kommen.",,,,,,,,,,,,,,,,
1714,hat uns die Geschäftsführerin ohne Begrüßung oder freundlicher Ansprache an einen freien Tisch geführt...,"('SERVICE', 'NEGATIVE', 'Geschäftsführerin')",,,,,,,,,,,,,,,
1715,hat uns die Geschäftsführerin ohne Begrüßung oder freundlicher Ansprache an einen freien Tisch geführt...,,,,,,,,,,,,,,,,
1716,lang sehr wohl gefühlt!,"('GENERAL-IMPRESSION', 'POSITIVE', 'NULL')",,,,,,,,,,,,,,,
1717,lang sehr wohl gefühlt!,,,,,,,,,,,,,,,,
1718,super freundlich und sehr engagiert und auf zack!,"('SERVICE', 'POSITIVE', 'NULL')",,,,,,,,,,,,,,,
1719,super freundlich und sehr engagiert und auf zack!,,,,,,,,,,,,,,,,
1720,und auch Getränke waren immer da.,"('SERVICE', 'POSITIVE', 'NULL')",,,,,,,,,,,,,,,
1721,und auch Getränke waren immer da.,,,,,,,,,,,,,,,,
1722,und wir einen wunderbaren Abend mit extrem leckerem und einfallsreichen Essen verbrachten!,"('FOOD', 'POSITIVE', 'Essen')","('GENERAL-IMPRESSION', 'POSITIVE', 'NULL')",,,,,,,,,,,,,,
1723,und wir einen wunderbaren Abend mit extrem leckerem und einfallsreichen Essen verbrachten!,,,,,,,,,,,,,,,,
1724,unumgängliches Restaurant!,"('GENERAL-IMPRESSION', 'POSITIVE', 'Restaurant')",,,,,,,,,,,,,,,
1725,unumgängliches Restaurant!,,,,,,,,,,,,,,,,
1726,wahren alle super zuvorkommend und lieb.,"('SERVICE', 'POSITIVE', 'NULL')",,,,,,,,,,,,,,,
1727,wahren alle super zuvorkommend und lieb.,,,,,,,,,,,,,,,,
1728,wir kommen wieder!,"('GENERAL-IMPRESSION', 'POSITIVE', 'NULL')",,,,,,,,,,,,,,,
1729,wir kommen wieder!,,,,,,,,,,,,,,,,
1730,Übel in der Optik und dem faden Geschmack.,"('FOOD', 'NEGATIVE', 'NULL')",,,,,,,,,,,,,,,
1731,Übel in der Optik und dem faden Geschmack.,,,,,,,,,,,,,,,,
1732,Über die Cocktailpreise reden wir lieber nicht.,"('PRICE', 'NEGATIVE', 'Cocktailpreise')",,,,,,,,,,,,,,,
1733,Über die Cocktailpreise reden wir lieber nicht.,,,,,,,,,,,,,,,,
1734,"Über die wartenden Kunden an den Tischen, die eher stoisch anmutenden Menschen hinter den Theken und die nicht freundlichen Bedienungen und Geschäftsführerin lässt sich kein gutes Urteil bilden.","('SERVICE', 'NEGATIVE', 'Menschen hinter den Theken')","('SERVICE', 'NEGATIVE', 'Bedienungen')","('SERVICE', 'NEGATIVE', 'Geschäftsführerin')",,,,,,,,,,,,,
1735,"Über die wartenden Kunden an den Tischen, die eher stoisch anmutenden Menschen hinter den Theken und die nicht freundlichen Bedienungen und Geschäftsführerin lässt sich kein gutes Urteil bilden.",,,,,,,,,,,,,,,,
1736,"Über eine Stunde aufs Essen warten, und dann ist bei allen Gerichten mit Salat/Gemüse einiges an Sand im Essen.","('FOOD', 'NEGATIVE', 'Gerichten mit Salat/Gemüse')","('SERVICE', 'NEGATIVE', 'NULL')",,,,,,,,,,,,,,
1737,"Über eine Stunde aufs Essen warten, und dann ist bei allen Gerichten mit Salat/Gemüse einiges an Sand im Essen.",,,,,,,,,,,,,,,,
1738,"Überfordertes Personal, mittelmäßiges Essen, man zahlt dafür, dass man im Zentrum von LOC ist.","('SERVICE', 'NEGATIVE', 'Personal')","('FOOD', 'NEUTRAL', 'Essen')",,,,,,,,,,,,,,
1739,"Überfordertes Personal, mittelmäßiges Essen, man zahlt dafür, dass man im Zentrum von LOC ist.",,,,,,,,,,,,,,,,
1740,☹️ Wir wurden sehr enttäuscht.,"('GENERAL-IMPRESSION', 'NEGATIVE', 'NULL')",,,,,,,,,,,,,,,
1741,☹️ Wir wurden sehr enttäuscht.,,,,,,,,,,,,,,,,
