id	text	labels
0	 Sooft nach LOC und noch nie hier Essen, was für eine Zeitverschwendung!	"['(""restaurant general"", ""negative"", ""NULL"")']"
1	!Auch wenn die Bedienung sich dafür entschuldigt hat, war es kein schönes Erlebnis.	"['(""service general"", ""positive"", ""Bedienung"")', '(""restaurant general"", ""negative"", ""NULL"")']"
2	!Dieses Lokal können wir sehr guten Gewissens nur empfehlen (und wir empfehlen nur selten Restaurants).	"['(""restaurant general"", ""positive"", ""Lokal"")']"
3	!Mit Abstand der lächerlichste laden in LOC!	"['(""restaurant general"", ""negative"", ""laden"")']"
4	!Nur zu empfehlen!	"['(""restaurant general"", ""positive"", ""NULL"")']"
5	"""Übrigens, das Ehepaar, welches nach uns an unserem Tisch Platz nahm, sah sich genötigt, sich persönlich auf die Suche nach einen/r Servicemitarbeiter/in zu begeben."	"['(""service general"", ""negative"", ""Servicemitarbeiter/in"")']"
6	- Es war schon mal deutlich besser.	"['(""restaurant general"", ""negative"", ""NULL"")']"
7	23 abends dann doch etwas frisch auf der Terrasse.	"['(""ambience general"", ""negative"", ""Terrasse"")']"
8	2x umgesetzt werden, nach 45 min immer noch keine Bestellung aufgenommen.	"['(""service general"", ""negative"", ""NULL"")']"
9	30% - ausreichend Personal, System der Annahme von Bestellungen nicht erkennbar.	"['(""service general"", ""negative"", ""System der Annahme von Bestellungen"")']"
10	:)Großer Dank gilt hier unserer Bedienung Susanna, die höflichst und in bester italienischer Manier auf unsere Wünsche eingegangen ist!	"['(""service general"", ""positive"", ""Susanna"")']"
11	= Brauhaus - Service = unterste Schublade	"['(""service general"", ""negative"", ""Brauhaus - Service"")']"
12	Aber Fernet Branca aus einem Grappaglas, das ist Stilbruch.	"['(""drinks style_options"", ""negative"", ""Fernet Branca aus einem Grappaglas"")']"
13	Aber das Essen ist einfach nichts besonderes.	"['(""food quality"", ""neutral"", ""Essen"")']"
14	Aber das Saure Lüngerl (eine der Spezialitäten des Hauses) war so sauer, dass es leider nicht essbar war, außerdem war es lauwarm.	"['(""food quality"", ""negative"", ""Saure Lüngerl"")']"
15	Aber die Bedienung war schon sehr unfreundlich und wollte das Menu nicht ein klein wenig erklären, was bei den Preisen schon ganz nett wäre.	"['(""service general"", ""negative"", ""Bedienung"")']"
16	Aber die Kellner schaffen es sehr gut sich dort durchzuwinden und trotz des brechend vollen Hauses kam unser Essen nach normaler Wartezeit.	"['(""service general"", ""positive"", ""Kellner"")']"
17	Aber er war nicht ganz schlecht.	"['(""restaurant general"", ""neutral"", ""NULL"")']"
18	"Aber es gab zu viele ""aber"" man ist freundlich, hat sich hier aber doch sehr vom Ruf des Fernsehkochs abhängig gemacht."	"['(""restaurant miscellaneous"", ""negative"", ""NULL"")']"
19	Aber freundliche und schnelle Bedienung.	"['(""service general"", ""positive"", ""Bedienung"")']"
20	Aber leider lässt die Qualität des Essens zu wünschen übrig.	"['(""food quality"", ""negative"", ""Essens"")']"
21	Aber trotzdem ist der Besuch lohnend und zu empfehlen.	"['(""restaurant general"", ""positive"", ""Besuch"")']"
22	Aber was hier aktuell kredenzt wird und vor allem das unprofessionelle Ambiente schreckt ab.	"['(""food quality"", ""negative"", ""NULL"")', '(""ambience general"", ""negative"", ""Ambiente"")']"
23	Absolut freundlicher Kellner ( Chef ?	"['(""service general"", ""positive"", ""Kellner"")']"
24	Absolut schlechte Küche!	"['(""food quality"", ""negative"", ""Küche"")']"
25	Absolut weiterzuempfehlen.	"['(""restaurant general"", ""positive"", ""NULL"")']"
26	Absolute Empfehlung, hier gehe ich gerne wieder hin.	"['(""restaurant general"", ""positive"", ""NULL"")']"
27	Alle Personal sehr freundlich.	"['(""service general"", ""positive"", ""Personal"")']"
28	Allein wegen ihr würden wir wiederkommen :)	"['(""service general"", ""positive"", ""NULL"")']"
29	Allerdings dauerte es ewig bis das Essen kam, obwohl das Lokal nur zu 1/3 gefüllt war.	"['(""service general"", ""negative"", ""NULL"")']"
30	Allerdings gab man uns, trotz Reservierung wochenlang im Voraus, einen Tisch hinter dem ständig das dreckige Geschirr von abgeräumten Tischen deponiert wurde.	"['(""ambience general"", ""negative"", ""Tisch"")']"
31	Allerdings ist das Restaurant kein Schnäppchen.	"['(""restaurant prices"", ""negative"", ""Restaurant"")']"
32	Allerdings sahen die präsentierten frischen Fische an diesem Abend absolut nicht mehr frisch aus, weshalb ich mich nur für eine Fischsuppe entschieden habe.	"['(""food quality"", ""negative"", ""Fische"")']"
33	Allerdings waren die Bedienungen sehr aufmerksam.	"['(""service general"", ""positive"", ""Bedienungen"")']"
34	Alles in allem eine Unverschämtheit.	"['(""restaurant general"", ""negative"", ""NULL"")']"
35	Alles perfekt, eindeutig griechisch lecker, ok., der Reihe nach, im Detail:die sehr gute Vorspeise weckt den Appetit auf das Hauptgericht, das sowohl als Fleisch- und als Fischvariante absolut Klasse war, Ambiente angenehme Schlichtheit und das Personal in seiner waschechten, gastfreundlichen, griechischen Art einfach super!!	"['(""food quality"", ""positive"", ""Vorspeise"")', '(""food quality"", ""positive"", ""Fleisch- und als Fischvariante"")', '(""ambience general"", ""positive"", ""Ambiente"")', '(""service general"", ""positive"", ""Personal"")']"
36	Alles wie immer frisch zu bereitet.	"['(""food quality"", ""positive"", ""NULL"")']"
37	Als Hauptgericht war haben ein Steinbutt bestellt aber der Fish der serviert wurde hatte vielleicht mal ein Steinbutt von weitem gesehen.	"['(""food style_options"", ""negative"", ""Fish"")']"
38	Als Kommentar kam nur der freche Spruch: das ist ebenso, da die Toilette im Untergeschoss sei.	"['(""service general"", ""negative"", ""NULL"")']"
39	Als nach einer dreiviertel Stunde endlich das Essen kam, war das sehr enttäuschend.	"['(""food quality"", ""negative"", ""Essen"")']"
40	Also versuchten wir zu bezahlen, was auch nicht sehr einfach war, weil ca.	"['(""service general"", ""negative"", ""NULL"")']"
41	Also wer großen Hunger hat wird wahrscheinlich nicht zufrieden gestellt.	"['(""food style_options"", ""negative"", ""NULL"")']"
42	Am Eingang ist niemand der einem die Abrechnungskarze übergibt, Warten !	"['(""service general"", ""negative"", ""NULL"")']"
43	Am Ende waren wir sehr enttäuscht von dem sehr unfreundlichen Service, weshalb wir kein Trinkgeld gegeben haben, daraufhin bekamen wir zum Abschied nicht Mal ein Tschüss.	"['(""service general"", ""negative"", ""Service"")']"
44	Am LOC gelegen, wird hier leckeres Bier und zünftiges Essen serviert.	"['(""drinks quality"", ""positive"", ""Bier"")', '(""food quality"", ""positive"", ""Essen"")']"
45	Ambiente gut, Wetter gut, Bedienung flink und freundlich.	"['(""ambience general"", ""positive"", ""Ambiente"")', '(""ambience general"", ""positive"", ""Wetter"")', '(""service general"", ""positive"", ""Bedienung"")']"
46	Ambiente und Essen sind sehr stimmig.	"['(""food quality"", ""positive"", ""Essen"")', '(""ambience general"", ""positive"", ""Ambiente"")']"
47	An den Getränken gibt es nichts auszusetzen.	"['(""drinks quality"", ""positive"", ""Getränken"")']"
48	Anschließend hatte jeder ein Maß bestellt, wo die fast die Hälfte des Bieres aus Schaum bestand, allein das grenzte an Betrug.	"['(""drinks style_options"", ""negative"", ""Bieres"")']"
49	Anschließend war die Bedienung völlig mit jeglicher Weinempfehlung überfordert.	"['(""service general"", ""negative"", ""Bedienung"")']"
50	Anstatt es einfach auszutauschen wurde mir gesagt, das ich da eben Pech habe.	"['(""service general"", ""negative"", ""NULL"")']"
51	Aschenbecher vom Personal auf den Tisch gestellt, wo alte Zigaretten enthalten waren.	"['(""ambience general"", ""negative"", ""Aschenbecher"")', '(""service general"", ""negative"", ""Personal"")']"
52	Atmosphäre des Lokals ist gut, Personal reagierte auf den Wunsch, beim Salat eine Zutat wegzulassen allerdings unflexibel und der Inhaber ist mehr als unfreundlich.	"['(""ambience general"", ""positive"", ""Atmosphäre"")', '(""service general"", ""negative"", ""Inhaber"")', '(""service general"", ""negative"", ""Personal"")']"
53	Atmosphäre sehr gut.	"['(""ambience general"", ""positive"", ""Atmosphäre"")']"
54	Auch Getränke überteuert.	"['(""drinks prices"", ""negative"", ""Getränke"")']"
55	Auch das Kalbsschnitzel mit warmen Kartoffel-Gurkensalat sehr schön auf einem Holzbrett und einem Töpfchen serviert war sehr lecker.	"['(""food quality"", ""positive"", ""Kalbsschnitzel mit warmen Kartoffel-Gurkensalat"")']"
56	Auch das Personal ist sehr freundlich, hilfsbereit und zuvorkommend!	"['(""service general"", ""positive"", ""Personal"")']"
57	Auch der Murrejubbel Knödel und vor allem das LOC mit Apfelreduktion war ein Highlight.	"['(""food quality"", ""positive"", ""Murrejubbel Knödel"")', '(""food quality"", ""positive"", ""LOC mit Apfelreduktion"")']"
58	Auch der Service war aufmerksam, freundlich und kompetent	"['(""service general"", ""positive"", ""Service"")']"
59	Auch der bestellte Wein kam erst nach dem Essen.	"['(""service general"", ""negative"", ""Wein"")']"
60	Auch die Ansprache Süßmaus bei der nächsten Gelegenheit war eher unpassend.	"['(""service general"", ""negative"", ""NULL"")']"
61	Auch die Gaststube verströmt ein gewachsenes authentisches Ambiente, wie es in LOC nur noch selten zu finden ist.	"['(""ambience general"", ""positive"", ""Ambiente"")']"
62	Auch die Lage ist wie in „ bella Italia“.	"['(""ambience general"", ""positive"", ""Lage"")']"
63	Auch die Schnitzel kamen innerhalb einer 5-Minuten Frist und waren Massenware.	"['(""food quality"", ""negative"", ""Schnitzel"")']"
64	Auch die Wein Empfehlung war super.	"['(""drinks quality"", ""positive"", ""Wein Empfehlung"")']"
65	Auch wenn das Ambiente nicht so ansprechend war, hat uns doch das Konzept und die Frische der Speisen überzeugt.	"['(""ambience general"", ""negative"", ""Ambiente"")', '(""food quality"", ""positive"", ""Speisen"")']"
66	Auch wirklich gut und habe ich auch noch nie gegessen.	"['(""food quality"", ""positive"", ""NULL"")']"
67	Auf diesen recht lieblos angerichteten - und gerade so : essbaren Burger mussten wir über eine Stunde (!!!)	"['(""service general"", ""negative"", ""NULL"")', '(""food style_options"", ""negative"", ""Burger"")']"
68	Auf ein zwei schöne Biere kommen wir sicher wieder, essen werden wir vermutlich nicht mehr.	"['(""drinks quality"", ""positive"", ""Biere"")', '(""food quality"", ""negative"", ""essen"")']"
69	Auf meine Beschwerde hin wurde mir gesagt, dass das bayrische Bier eben viel Schaum habe.	"['(""service general"", ""negative"", ""NULL"")']"
70	Auf übermäßig Freundlichkeit des Service verzichtet man.	"['(""service general"", ""negative"", ""Service"")']"
71	Authentisches griechisches Essen für einen super Preis.	"['(""food quality"", ""positive"", ""Essen"")', '(""food prices"", ""positive"", ""Essen"")']"
72	Außerordentlich freundliches und aufmerksames Personal.	"['(""service general"", ""positive"", ""Personal"")']"
73	Bahnhofs-Atmosphäre.. 19:35 kam die Vorspeise, wir mussten nach Besteck fragen… 19:45 kam die Hauptspeise, obwohl wir noch mit der Vorspeise beschäftigt waren.	"['(""ambience general"", ""negative"", ""Bahnhofs-Atmosphäre"")', '(""service general"", ""negative"", ""NULL"")']"
74	Bald wieder!	"['(""restaurant general"", ""positive"", ""NULL"")']"
75	Bedienung leider nicht aufmerksam.	"['(""service general"", ""negative"", ""Bedienung"")']"
76	Bedienung sehr freundlich, top!	"['(""service general"", ""positive"", ""Bedienung"")']"
77	Bedienung war zuvorkommend und schnell.	"['(""service general"", ""positive"", ""Bedienung"")']"
78	Bedienungen sprechen teilweise nur gebrochen deutsch, ich wurde trotz vieler freier Tische abgewiesen mit der Begründung „nicht genügend Personal“ …..	"['(""service general"", ""negative"", ""Bedienungen"")']"
79	Bei einer sehr freundlichen Kellnerin zwei Kölsch bestellt.	"['(""service general"", ""positive"", ""Kellnerin"")']"
80	Bei mir war es nicht viel besser.	"['(""restaurant general"", ""negative"", ""NULL"")']"
81	Beides sehr gut.	"['(""restaurant general"", ""positive"", ""NULL"")']"
82	Beides wurde einzeln gebracht mit einer Verzögerung von 10min.	"['(""service general"", ""negative"", ""Verzögerung"")']"
83	Beim Bezahlen gaben wir dem Kellner dann Trinkgeld, was scheinbar nicht ausreichend war, weil er uns mit den Worten „ach heute ist nicht mehr drin?“ verabschiedete.	"['(""service general"", ""negative"", ""Kellner"")']"
84	Beim Cheeseburger war nur eine Spur Cheese aufgelegt.	"['(""food quality"", ""negative"", ""Cheeseburger"")']"
85	Beim Schweinebraten hat die Würze gefehlt, der dazugehörige Salat war fantastisch, die Kruste auch, der Kartoffelknödel war essbar, der Semmelknödel weniger.	"['(""food quality"", ""negative"", ""Schweinebraten"")', '(""food quality"", ""positive"", ""Salat"")', '(""food quality"", ""positive"", ""Kruste"")', '(""food quality"", ""positive"", ""Kartoffelknödel"")', '(""food quality"", ""negative"", ""Semmelknödel"")']"
86	Beim Thai mixed Starter fehlten unkommentiert zwei auf der Speisekarte angekündigte Komponenten.	"['(""food quality"", ""negative"", ""Thai mixed Starter"")']"
87	Beim dritten Versuch war das Fleisch schon wieder kalt.	"['(""food quality"", ""negative"", ""Fleisch"")']"
88	Beim zweiten Mal waren wir uns einig - so geht‘s nicht.	"['(""restaurant general"", ""negative"", ""NULL"")']"
89	Belag teilweise Tiefkühlware.	"['(""food quality"", ""negative"", ""Belag"")']"
90	Bereits die Online-Reservierung war komplett unkompliziert.	"['(""service general"", ""positive"", ""NULL"")']"
91	Besonders das Lachsfilet war sehr lecker.	"['(""food quality"", ""positive"", ""Lachsfilet"")']"
92	Besonders für die liebe Bedienung , den netten Kellner und den aufmerksamen Service von (Luca) waren wir total dankbar 🤗 und das Dessert ( Cassata Siciliana) mmm unglaublich lecker 😋	"['(""service general"", ""positive"", ""Bedienung"")', '(""service general"", ""positive"", ""Kellner"")', '(""food quality"", ""positive"", ""Dessert"")', '(""service general"", ""positive"", ""Luca"")']"
93	Besonders hervorzuheben, war der Kellner Jacques.	"['(""service general"", ""positive"", ""Jacques"")']"
94	Besser nicht!	"['(""restaurant general"", ""negative"", ""NULL"")']"
95	Bier wird zwischenzeitlich warm.	"['(""drinks quality"", ""negative"", ""Bier"")']"
96	Bifteki nicht gefüllt, aber dafür mit guter Schafskäse Sauce, Lammmediallions zäh und doch eher trocken.	"['(""food quality"", ""negative"", ""Lammmediallions"")', '(""food quality"", ""negative"", ""Bifteki"")', '(""food quality"", ""positive"", ""Schafskäse Sauce"")']"
97	Bin total enttäuscht dieses Restaurant zu so einen besonderen Tag rausgesucht zu haben.	"['(""restaurant general"", ""negative"", ""Restaurant"")']"
98	Bis Pasta fertig ist, ist das Bier endgültig warm.	"['(""service general"", ""negative"", ""NULL"")']"
99	Bis endlich die Rechnung kam, dauerte es wieder ca.30min.	"['(""service general"", ""negative"", ""Rechnung"")']"
100	Brandy rundeten diesen einmaligen Abend ab.	"['(""drinks quality"", ""positive"", ""Brandy"")']"
101	Bratkartoffeln waren etwas arg hell ind die Zwiebeln auf dem Rostbraten etwas arg dunkel… aber ansonsten ein ordentliches Lokal im Herzen von LOC	"['(""food quality"", ""negative"", ""Bratkartoffeln"")', '(""food quality"", ""negative"", ""Zwiebeln"")', '(""restaurant general"", ""positive"", ""Lokal"")', '(""location general"", ""positive"", ""Herzen von LOC"")']"
102	Bravo, wir kommen gerne wieder	"['(""restaurant general"", ""positive"", ""NULL"")']"
103	Carpaccio ein Traum 😍 Leider war bei einem Steak der Gargrad falsch, darf eigentlich nicht passieren in so einem Haus.	"['(""food quality"", ""positive"", ""Carpaccio"")', '(""food quality"", ""negative"", ""Steak"")']"
104	Da gibt es in LOC diverse Restaurants, wo es besser schmeckt und sich als Gast auch wohlfühlen kann.	"['(""ambience general"", ""negative"", ""NULL"")', '(""food quality"", ""negative"", ""NULL"")']"
105	Da gibt es überhaupt nichts zu meckern.	"['(""restaurant general"", ""negative"", ""NULL"")']"
106	Da kann auch der Service für unsere 50-köpfige Truppe noch so verbesserungswürdig sein ...	"['(""service general"", ""negative"", ""Service"")']"
107	Da passt das unverschämte Servicepersonal ideal dazu.	"['(""service general"", ""negative"", ""Servicepersonal"")']"
108	Da war dann immer noch ordentlich Salz drin, aber es war essbar.	"['(""food quality"", ""neutral"", ""NULL"")']"
109	Dafür ist die Auswahl an Getränken sehr ordentlich.	"['(""drinks style_options"", ""positive"", ""Auswahl an Getränken"")']"
110	Danach ging allerdings alles im Schneckentempo.	"['(""service general"", ""negative"", ""NULL"")']"
111	Dank Lena haben wir den ersten Abend in LOC sehr genossen!	"['(""restaurant general"", ""positive"", ""NULL"")', '(""service general"", ""positive"", ""Lena"")']"
112	Danke für die tolle Zeit bei Euch!	"['(""restaurant general"", ""positive"", ""NULL"")']"
113	Dann LOC Knipp - Knipp, Gurken und Apfelmus fein, kann man nicht viel falsch machen.	"['(""food quality"", ""positive"", ""Gurken"")', '(""food quality"", ""positive"", ""Apfelmus"")']"
114	Dann war leider auch noch mein Schwertfisch nicht essbar, weil noch roh ( damit meine ich nicht glasig, sondern wirklich noch komplett roh auf einer Seite) und musste reklamiert werden.	"['(""food quality"", ""negative"", ""Schwertfisch"")']"
115	Darauf angesprochen meint der „Oberkellner“ nur: „Ich habe alles bestellt, ich bin aus dem Schneider.	"['(""service general"", ""negative"", ""Oberkellner"")']"
116	Daraufhin hat sie mich angepamt, ich würde an einem Tisch sitzen der gesperrt sei.	"['(""service general"", ""negative"", ""NULL"")']"
117	Das Abendmenü hat uns sehr überzeugt und wir haben noch einen passenden Rotwein für den Hauptgang bestellt.	"['(""food quality"", ""positive"", ""Abendmenü"")']"
118	Das Ambiente ist charmant, das Essen köstlich und das Personal freundlich.	"['(""ambience general"", ""positive"", ""Ambiente"")', '(""food quality"", ""positive"", ""Essen"")', '(""service general"", ""positive"", ""Personal"")']"
119	Das Ambiente ist natürlich besonders.	"['(""ambience general"", ""positive"", ""Ambiente"")']"
120	Das Ambiente ist ok, aber für die Preislage nichts Besonderes.	"['(""restaurant prices"", ""neutral"", ""Preislage"")', '(""ambience general"", ""neutral"", ""Ambiente"")']"
121	Das Ambiente war dementsprechend durchschnittlich und die Umgebungsgeräusche sehr laut.	"['(""ambience general"", ""neutral"", ""Ambiente"")', '(""ambience general"", ""negative"", ""Umgebungsgeräusche"")']"
122	Das Bier im RESTAURANT_NAME ist einfach top.	"['(""drinks quality"", ""positive"", ""Bier"")']"
123	Das Bier mit 3,60€/ 0,3l zu teuer.	"['(""drinks prices"", ""negative"", ""Bier"")']"
124	Das Bier schmeckt und die Köbes haben die liebenswerte witzige Art.	"['(""drinks quality"", ""positive"", ""Bier"")', '(""service general"", ""positive"", ""Köbes"")']"
125	Das Brot war total altbacken und überhaupt nicht frisch.	"['(""food quality"", ""negative"", ""Brot"")']"
126	Das Cafe ist eine Augenweide	"['(""restaurant miscellaneous"", ""positive"", ""Cafe"")']"
127	Das Carpaccio war sehr lecker.	"['(""food quality"", ""positive"", ""Carpaccio"")']"
128	Das Eis dazu war zu dominant.	"['(""food quality"", ""negative"", ""Eis"")']"
129	Das Essen (Tapas und zwei Fleischgerichte) waren alle sehr frisch zubereitet und ausnahmslos lecker.	"['(""food quality"", ""positive"", ""Essen"")', '(""food quality"", ""positive"", ""Tapas"")', '(""food quality"", ""positive"", ""Fleischgerichte"")']"
130	Das Essen gegenüber im LOC war hervorragend.	"['(""food quality"", ""positive"", ""Essen"")']"
131	Das Essen ist ebenfalls gut.	"['(""food quality"", ""positive"", ""Essen"")']"
132	Das Essen ist mega.	"['(""food quality"", ""positive"", ""Essen"")']"
133	Das Essen ist mit sehr viel Deko streckenweise stark überlastet, was leider beim Rindertartar dazu führte, dass das Fleisch geschmacklich komplett unter Perlzwiebeln, Sauce und Sprossen unterging.	"['(""food style_options"", ""negative"", ""Deko"")', '(""food quality"", ""negative"", ""Essen"")', '(""food quality"", ""negative"", ""Rindertartar"")']"
134	Das Essen ist okay mehr aber auch nicht.	"['(""food quality"", ""neutral"", ""Essen"")']"
135	Das Essen ist zwar etwas teurer als sonst beim LOC, aber auch um mindestens 2 Klassen besser.	"['(""food quality"", ""positive"", ""Essen"")', '(""food prices"", ""negative"", ""Essen"")']"
136	Das Essen schmeckte wirklich herrvorragend und das Personal war sehr aufmerksam und freundlich.	"['(""food quality"", ""positive"", ""Essen"")', '(""service general"", ""positive"", ""Personal"")']"
137	Das Essen und der Service war ausgesprochen gut.	"['(""food quality"", ""positive"", ""Essen"")', '(""service general"", ""positive"", ""Service"")']"
138	Das Essen und die Bedienung ist wunderbar.	"['(""food quality"", ""positive"", ""Essen"")', '(""service general"", ""positive"", ""Bedienung"")']"
139	Das Essen verdient das Prädikat gut.	"['(""food quality"", ""positive"", ""Essen"")']"
140	Das Essen war auch nur ok, für den Preis eine Frechheit.	"['(""food quality"", ""neutral"", ""Essen"")', '(""food prices"", ""negative"", ""Essen"")']"
141	Das Essen war außerdem nicht warm genug, die Gambas trocken und der Lauch war alt und hart und ungenießbar.	"['(""food quality"", ""negative"", ""Essen"")', '(""food quality"", ""negative"", ""Gambas"")', '(""food quality"", ""negative"", ""Lauch"")']"
142	Das Essen war bisher immer Klasse.	"['(""food quality"", ""positive"", ""Essen"")']"
143	Das Essen war ein Genuß.	"['(""food quality"", ""positive"", ""Essen"")']"
144	Das Essen war ganz in Ordnung.	"['(""food quality"", ""neutral"", ""Essen"")']"
145	Das Essen war großartig und in guten Portionen.	"['(""food quality"", ""positive"", ""Essen"")', '(""food style_options"", ""positive"", ""Portionen"")']"
146	Das Essen war guter Standard.	"['(""food quality"", ""positive"", ""Essen"")']"
147	Das Essen war in Ordnung, der Service Durchschnitt, der Preis mittel.	"['(""food quality"", ""neutral"", ""Essen"")', '(""service general"", ""neutral"", ""Service"")', '(""food prices"", ""neutral"", ""Preis"")']"
148	Das Essen war in Ordnung.	"['(""food quality"", ""neutral"", ""Essen"")']"
149	Das Essen war lecker, auch die Bedienung hat uns sehr freundlich bedient.	"['(""food quality"", ""positive"", ""Essen"")', '(""service general"", ""positive"", ""Bedienung"")']"
150	"Das Essen war maximal auf Burger King Niveau - das sollte allerdings für solch ein großes bekanntes Restaurant bzw. ""Café"" nicht der Anspruch sein."	"['(""food quality"", ""negative"", ""Essen"")']"
151	Das Essen war sehr gut (grosse Portionen).	"['(""food quality"", ""positive"", ""Essen"")', '(""food style_options"", ""positive"", ""Portionen"")']"
152	Das Essen war sehr gut!	"['(""food quality"", ""positive"", ""Essen"")']"
153	Das Essen war selbstverständlich ausgezeichnet, aber meine größte Überraschung war, dass es für mich (Autofahrer) eine alkoholfreie „Wein“begleitung zum Menü gab, die der echten in nichts nachstand.	"['(""food quality"", ""positive"", ""Essen"")', '(""drinks quality"", ""positive"", ""„Wein“begleitung"")']"
154	Das Essen war soweit in Ordnung, Standard würde ich sagen dafür aber 2-3 Euro zu teuer.	"['(""food quality"", ""neutral"", ""Essen"")', '(""food prices"", ""negative"", ""Essen"")']"
155	Das Essen war super.	"['(""food quality"", ""positive"", ""Essen"")']"
156	Das Essen war, wie nicht anders zu erwarten, wieder ein Gedicht.	"['(""food quality"", ""positive"", ""Essen"")']"
157	Das Essen wird auf heißen Tellern serviert, ist frisch und sehr lecker.	"['(""food quality"", ""positive"", ""Essen"")']"
158	Das Fleisch des Brauhaustellers war ungenießbar!	"['(""food quality"", ""negative"", ""Fleisch"")']"
159	Das Fleisch ist toll, die Sauce raffiniert.	"['(""food quality"", ""positive"", ""Fleisch"")', '(""food quality"", ""positive"", ""Sauce"")']"
160	Das Fleisch war in Ordnung, die Bratkartoffeln waren jedoch nicht knusprig, sondern trieften vor Fett.	"['(""food quality"", ""neutral"", ""Fleisch"")', '(""food quality"", ""negative"", ""Bratkartoffeln"")']"
161	Das Fleisch war trocken, weil es fast durchgebraten war.	"['(""food quality"", ""negative"", ""Fleisch"")']"
162	Das Frühstück ist sehr schmackhaft und vielfältig.	"['(""food quality"", ""positive"", ""Frühstück"")', '(""food style_options"", ""positive"", ""Frühstück"")']"
163	Das Gasthaus lebt von der Atmosphäre.	"['(""ambience general"", ""positive"", ""Atmosphäre"")']"
164	Das Kartoffelgratin war ebenfalls von trockener Konsistenz.	"['(""food quality"", ""negative"", ""Kartoffelgratin"")']"
165	Das LOC ist ein Haus mit Tradition (seit 1765) und damit für jeden Dresden-Besucher ein absolutes Muss.	"['(""restaurant miscellaneous"", ""positive"", ""LOC"")']"
166	Das LOC ist sicherlich eines der besten in LOC.	"['(""restaurant general"", ""positive"", ""LOC"")']"
167	Das LOC schmeckte sehr gut, die hausgemachten Spätzle exzellent.	"['(""food quality"", ""positive"", ""LOC"")', '(""food quality"", ""positive"", ""Spätzle"")']"
168	Das LOC verbrannt,ungenießbar.	"['(""food quality"", ""negative"", ""LOC"")']"
169	Das LOC war kalt, daher zäh und komplett versalzen.	"['(""food quality"", ""negative"", ""LOC"")']"
170	Das Lokal war trotz Wochenende wirklich schlecht besucht, so hoch wie ich die Preise in Erinnerung hatte, waren sie aber gar nicht.	"['(""restaurant prices"", ""neutral"", ""Preise"")']"
171	Das Personal - drei Personen- diskutierte lautstark eigene Probleme und saß dabei phasenweise mit dem Rücken zu den wenigen Gästen an einem Tisch.	"['(""service general"", ""negative"", ""Personal"")']"
172	Das Personal freundlich.	"['(""service general"", ""positive"", ""Personal"")']"
173	Das Personal ist kompetent, aber auch hier geht es dem Restaurantbetreiber wohl inzwischen mehr um die Gewinn Maximierung, als um die Zufriedenheit der verwöhnten Gästen.	"['(""service general"", ""positive"", ""Personal"")', '(""service general"", ""negative"", ""Restaurantbetreiber"")', '(""restaurant prices"", ""negative"", ""Gewinn Maximierung"")']"
174	Das Personal ist leicht arrogant und nicht besonders freundlich.	"['(""service general"", ""negative"", ""Personal"")']"
175	Das Personal ist nur aufgesetzt freundlich, das Essen Durchschnitt, die Speisenauswahl wenig attraktiv.	"['(""food quality"", ""neutral"", ""Essen"")', '(""food style_options"", ""negative"", ""Speisenauswahl"")', '(""service general"", ""negative"", ""Personal"")']"
176	Das Personal ist sehr nett und freundlich.	"['(""service general"", ""positive"", ""Personal"")']"
177	Das Personal sehr nett und aufmerksam, größtenteils viel jünger als wir.	"['(""service general"", ""positive"", ""Personal"")']"
178	Das Personal war entspannt und freundlich und das Interieur genau so, wie wir es erhofft hatten.	"['(""service general"", ""positive"", ""Personal"")', '(""ambience general"", ""positive"", ""Interieur"")']"
179	Das Personal war extrem gehetzt und relativ kurz angebunden.	"['(""service general"", ""negative"", ""Personal"")']"
180	Das Personal war herzlich und aufmerksam.	"['(""service general"", ""positive"", ""Personal"")']"
181	Das Personal war sehr freundlich und aufmerksam.	"['(""service general"", ""positive"", ""Personal"")']"
182	Das Personal war sehr freundlich.	"['(""service general"", ""positive"", ""Personal"")']"
183	Das Preis- Leistungsverhältnis ist für die LOC eher günstig.	"['(""restaurant prices"", ""positive"", ""Preis- Leistungsverhältnis"")']"
184	Das Preis-Leistungsverhältnis nach unserem Empfinden nicht in Ordnung.	"['(""restaurant prices"", ""negative"", ""Preis-Leistungsverhältnis"")']"
185	Das Restaurant bietet für jeden Geschmack etwas.	"['(""food quality"", ""positive"", ""Geschmack"")']"
186	Das Restaurant ist laut, der Kellner hatte schlechte Laune und das Essen war mittelmässig.	"['(""ambience general"", ""negative"", ""Restaurant"")', '(""service general"", ""negative"", ""Kellner"")', '(""food quality"", ""neutral"", ""Essen"")']"
187	Das Restaurant ist sehr zentral gelegen, gerade beim LOC.	"['(""location general"", ""positive"", ""Restaurant"")']"
188	Das Schnitzel (zwei längliche Schnitzelstücke) war von Form und Beschaffenheit der Panade ein Convenient-Produkt.	"['(""food quality"", ""negative"", ""Schnitzel"")', '(""food quality"", ""negative"", ""Schnitzelstücke"")']"
189	Das Schnitzel meiner Frau war aus der Fritteuse, die Bratkartoffeln geschmacklos und kaum angebraten.	"['(""food quality"", ""negative"", ""Bratkartoffeln"")']"
190	Das Steak hatte mindestens 300 g (ich hatte gut zu kämpfen) und die Pfifferlinge waren - wie ich es am Liebsten mag - in Speck gebraten.	"['(""food quality"", ""positive"", ""Pfifferlinge"")', '(""food quality"", ""positive"", ""Speck"")']"
191	Das Stück Torte war handwerklich fehlerfrei.	"['(""food quality"", ""positive"", ""Torte"")']"
192	Das Terrassenambiente war eine Katastrophe, viel zu eng alles und viel zu laut.	"['(""ambience general"", ""negative"", ""Terrassenambiente"")']"
193	Das Tischbuffet wird immer nach Wunsch zubereitet und schmeckt wunderbar.	"['(""food quality"", ""positive"", ""Tischbuffet"")']"
194	Das allerbeste, obwohl wir recht kurzfristig reservierten und das Lokal ausgebucht war, fand der Wirt noch ein Plätzchen für uns.	"['(""service general"", ""positive"", ""Wirt"")']"
195	Das bestellte Steak zu zweit war nicht viel größer wie eine plattgedrückte Frikadelle.	"['(""food style_options"", ""negative"", ""Steak"")']"
196	Das daVino-Team hat am Wochenende beim Weihnachtstreffen des BMW Z1 Clubs in LOC für ein allseits hochgelobtes Highlight gesorgt.	"['(""service general"", ""positive"", ""daVino-Team"")']"
197	Das einzige mango ist die freundlichkeit der Servicekräfte, das könnte besser sein, ansonsten gab es nichts zu meckern.	"['(""service general"", ""negative"", ""Servicekräfte"")']"
198	Das findet man sonst nicht, und macht die Faszination LOC aus.	"['(""restaurant general"", ""positive"", ""LOC"")']"
199	Das ich für ein Alt 2,65€ zahle ist ja fast ok, aber wenn ich mir in LOC Flöns bestelle und dann ein 3cm langes Stückchen Blutwurst bekomme, find ich es nicht mehr lustig	"['(""restaurant prices"", ""negative"", ""NULL"")', '(""food style_options"", ""negative"", ""Blutwurst"")']"
200	Das ist für so ein Restaurant ein Unding.	"['(""restaurant general"", ""negative"", ""Restaurant"")']"
201	Das können viele besser.	"['(""restaurant general"", ""negative"", ""NULL"")']"
202	Das selbstgebraute Bier ist wirklich lecker, das Essen hingegen nicht zu empfehlen.	"['(""drinks quality"", ""positive"", ""Bier"")', '(""food quality"", ""negative"", ""Essen"")']"
203	Das war dieses Mal leider nichts.	"['(""restaurant general"", ""negative"", ""NULL"")']"
204	Das war kein Vergleich zum LOC: Hier, im LOC, gab es deutlich besseres Essen und eine bessere Serviceleistung, lag auch an einer Servicekraft (Andrea).	"['(""food quality"", ""positive"", ""Essen"")', '(""service general"", ""positive"", ""Serviceleistung"")', '(""service general"", ""positive"", ""Andrea"")']"
205	Das war leider das letzte Mal!	"['(""restaurant general"", ""negative"", ""NULL"")']"
206	Das war wirklich schade und hier stimmt das Preis-Leistungs-Verhältnis gar nicht.	"['(""restaurant prices"", ""negative"", ""Preis-Leistungs-Verhältnis"")']"
207	Dazu Pommes und ein Salat mit friner Sauce.	"['(""food quality"", ""positive"", ""Sauce"")']"
208	Definitiv überteuert und in dem Rahmen kein Besuch wert.	"['(""restaurant prices"", ""negative"", ""NULL"")']"
209	Delikat angerichtet, tolle Performance beim Servieren.	"['(""food style_options"", ""positive"", ""NULL"")', '(""service general"", ""positive"", ""NULL"")']"
210	Dementsprechend voll ist es.	"['(""ambience general"", ""negative"", ""NULL"")']"
211	Denn aus dem Grundbuffet der Karte zaubert die Küche leckere Köstlichkeiten mit diversen Soßen und Beilagen.	"['(""food quality"", ""positive"", ""Köstlichkeiten"")', '(""food style_options"", ""positive"", ""Soßen"")', '(""food style_options"", ""positive"", ""Beilagen"")']"
212	Dennoch erinnerte sie mehr an eine fertig Pizza als an eine Pizza, wo der Teich frisch zubereitet worden ist.	"['(""food quality"", ""negative"", ""NULL"")']"
213	Dennoch war die Akustik besser als ich vermutet hätte.	"['(""ambience general"", ""positive"", ""Akustik"")']"
214	Der (offene) Primitivo war ordentlich, wenn auch kein Spitzenwein (kann man bei 8 Euro fürs Glas auch nicht verlangen).	"['(""food quality"", ""neutral"", ""Primitivo"")']"
215	Der Auslieferungsfahrer war sehr nett und hat sich entschuldigt.	"['(""service general"", ""positive"", ""Auslieferungsfahrer"")']"
216	Der Banker würde triple A vergeben.	"['(""restaurant general"", ""positive"", ""NULL"")']"
217	Der Blick von der Dachterasse ist der Wahnsinn.	"['(""ambience general"", ""positive"", ""Blick von der Dachterasse"")']"
218	Der Brunch ist sehr empfehlenswert, sehr gutes Essen in angenehmer Atmosphäre bei sehr gutem Service.	"['(""food quality"", ""positive"", ""Brunch"")', '(""food quality"", ""positive"", ""Essen"")', '(""ambience general"", ""positive"", ""Atmosphäre"")', '(""service general"", ""positive"", ""Service"")']"
219	Der Chef konnte nicht gefunden werden.	"['(""service general"", ""negative"", ""Chef"")']"
220	Der Empfang war nett, der Tisch im hinteren Bereich des aus Brettern gebauten Restaurants.	"['(""service general"", ""positive"", ""Empfang"")']"
221	Der Fisch war sehr durch, welches vom Kellner ohne Reaktion registriert wurde!	"['(""service general"", ""negative"", ""Fisch"")', '(""service general"", ""negative"", ""Kellner"")']"
222	Der Hähnchen Döner wird durch zwei Soßen, Gemüse, Salat, Fetakäse verfeinert und durch einen spitzer Zitrone abgerundet.	"['(""food quality"", ""positive"", ""Hähnchen Döner"")', '(""food quality"", ""positive"", ""Soßen"")', '(""food quality"", ""positive"", ""Gemüse"")', '(""food quality"", ""positive"", ""Salat"")', '(""food quality"", ""positive"", ""Fetakäse"")', '(""food quality"", ""positive"", ""Zitrone"")']"
223	Der Kartoffelsalat schmeckte wie aus dem Eimer und war eiskalt.	"['(""food quality"", ""negative"", ""Kartoffelsalat"")']"
224	Der Kartoffelsalat war nicht mehr so gut.	"['(""food quality"", ""negative"", ""Kartoffelsalat"")']"
225	Der Kellner läuft planlos durch die Gegend und wirkt überfordert.	"['(""service general"", ""negative"", ""Kellner"")']"
226	Der Kellner war unhöflich und völlig unfreundlich.	"['(""service general"", ""negative"", ""Kellner"")']"
227	Der Kunde von unserer Firma war auch negativ gestimmt und weitere Kundengespräche werden nicht mehr dort durchgeführt.	"['(""restaurant general"", ""negative"", ""NULL"")']"
228	Der Käse war in Ordnung, kam aber in Würfeln, so wie Fingerfood (eher ungewöhnlich für ein Frühstück).	"['(""food quality"", ""negative"", ""Käse"")']"
229	Der Käse war meiner Meinung nach kein Bergkäse, aber egal.	"['(""food quality"", ""negative"", ""Käse"")']"
230	Der Lachs war gut, auf den Punkt gegrillt, daran gab es nicht auszusetzen!	"['(""food quality"", ""positive"", ""Lachs"")']"
231	Der Leberkäse war eher ein Fleischkäse und hatte mit einem bayerischen Leberkäse nichts zu tun.	"['(""food quality"", ""negative"", ""Leberkäse"")']"
232	Der Nachtisch ging gar nicht.	"['(""food quality"", ""negative"", ""Nachtisch"")']"
233	Der Personal ist sehr freundlich.	"['(""service general"", ""positive"", ""Personal"")']"
234	Der Preis stimmt, das Personal ist freundlich und aufmerksam, die Atmosphäre ist angenehm.	"['(""restaurant prices"", ""positive"", ""Preis"")', '(""service general"", ""positive"", ""Personal"")', '(""ambience general"", ""positive"", ""Atmosphäre"")']"
235	Der Preis war mit etwas mehr als 50€ pro Person inkl. Wasser und einer halben Flasche Wein schon heftig.	"['(""restaurant prices"", ""negative"", ""Preis"")']"
236	Der Salat war fast Tiefgefroren und entsprechend im Geschmack und das Wienerschnitzel billigste TK Ware.	"['(""food quality"", ""negative"", ""Salat"")', '(""food quality"", ""negative"", ""Wienerschnitzel"")']"
237	Der Schweinsbraten war o. k., wir haben noch Knödel nachgeordert, da es für uns ein bisschen wenig war, das hat beim Personal zusätzlichen Stress ausgelöst, der Knödel kam dann aber zeitnah.	"['(""food quality"", ""neutral"", ""Schweinsbraten"")', '(""service general"", ""positive"", ""NULL"")', '(""food style_options"", ""negative"", ""Knödel"")']"
238	Der Service ist eine Katastrophe!	"['(""service general"", ""negative"", ""Service"")']"
239	Der Service ist gut und freundlich.	"['(""service general"", ""positive"", ""Service"")']"
240	Der Service um und mit Herrn Zeyer ist eine Klasse für sich.	"['(""service general"", ""positive"", ""Service"")', '(""s"", ""positive"", ""Herrn Zeyer"")']"
241	Der Service verdient eine extra Erwähnung, weil er trotz vollem Restaurant und einer größeren Veranstaltung ruhig und kompetent gearbeitet hat.	"['(""service general"", ""positive"", ""Service"")']"
242	Der Service war auch erstklassig und das Personal war sehr freundlich.	"['(""service general"", ""positive"", ""Service"")', '(""service general"", ""positive"", ""Personal"")']"
243	Der Service war aufmerksam und zuvorkommend wie immer.	"['(""service general"", ""positive"", ""Service"")']"
244	Der Service war herausragend gut, leidenschaftlich und engagiert.	"['(""service general"", ""positive"", ""Service"")']"
245	Der Service war schnell und zuverlässig, obwohl das Restaurant komplett ausverkauft war.	"['(""service general"", ""positive"", ""Service"")']"
246	Der Service war schnell, freundlich und Aufmerksam.	"['(""service general"", ""positive"", ""Service"")']"
247	Der Service war trotz des Trubels aufmerksam und sehr freundlich.	"['(""service general"", ""positive"", ""Service"")']"
248	Der Service wirkte gestresst (kein Wunder), war aber freundlich jedoch auch recht unpersönlich, alles musste zackig bestellt werden, Fliessbandfeeling.	"['(""service general"", ""negative"", ""Service"")']"
249	Der Typ sagte zu uns, dass er bestimmen würde, welcher Tisch frei ist und welcher nicht.	"['(""service general"", ""negative"", ""Typ"")']"
250	Der Zander und das Kassler sind zu empfehlen.	"['(""service general"", ""positive"", ""Zander"")', '(""food quality"", ""positive"", ""Kassler"")']"
251	Der alternativ bestellte ofenfrische Leberkäs wurde mit scharfem Senf serviert - ein no go in LOC.	"['(""food quality"", ""negative"", ""Leberkäs"")', '(""food style_options"", ""negative"", ""Senf"")']"
252	Der angeblich selbst gemachte Kartoffelsalat war relativ trocken und geschmacklich zum Vergessen.	"['(""food quality"", ""negative"", ""Kartoffelsalat"")']"
253	Der junge Service ist äußerst freundlich, erklärt sehr angenehm und macht seinen Job gerne.	"['(""service general"", ""positive"", ""Service"")']"
254	Der sogenannte Chef de Service wurde sehr laut und wiederholte sich ständig, dass wir ja schliesslich zu spät gekommen seien.	"['(""service general"", ""negative"", ""Chef de Service"")']"
255	Der verbleibende Mitarbeiter, der sich dann alleine um alle besetzten Tische im Außenbereich gekümmert hat, war sehr bemüht, hatte aber keine Chance dies alleine zu bewältigen.	"['(""service general"", ""positive"", ""Mitarbeiter"")']"
256	Dicke Empfehlung!!!	"['(""restaurant general"", ""positive"", ""NULL"")']"
257	Die Alioli mit Baguette, die es für jeden Tisch dazu gibt, ist top :) Im Innenraum wird jede Ecke genutzt - dadurch ist es etwas lauter.	"['(""food quality"", ""positive"", ""Alioli mit Baguette"")', '(""ambience general"", ""negative"", ""Innenraum"")']"
258	Die Auswahl der Kuchen & Torten war dementsprechend nicht mehr sehr groß.	"['(""food style_options"", ""negative"", ""Auswahl der Kuchen & Torten"")']"
259	Die Baguettes billige zum Aufbacken und nicht ansatzweise knusprig, sondern völlig weich und teilweise sogar matschig.	"['(""food quality"", ""negative"", ""Baguettes"")']"
260	Die Bedienung Frau Marta war sehr freundlich und speditiv.	"['(""service general"", ""positive"", ""Marta"")']"
261	Die Bedienung hatte null Ahnung was welches Gericht war.	"['(""service general"", ""negative"", ""Bedienung"")']"
262	Die Bedienung war freundlich, das war aber auch das einzig positive.	"['(""service general"", ""positive"", ""Bedienung"")']"
263	Die Bedienung war nicht recht kommunikativ und gab uns eher das Gefühl eine Last zu sein.	"['(""service general"", ""negative"", ""Bedienung"")']"
264	Die Bedienung war sehr nett und zuvor kommend.	"['(""service general"", ""positive"", ""Bedienung"")']"
265	Die Bedienung war sehr unfreundlich.	"['(""service general"", ""negative"", ""Bedienung"")']"
266	Die Bedingung reagierte darauf mit einem Schulterstücken und sie essen den auch, also soll er uns schmecken.	"['(""service general"", ""negative"", ""Bedingung"")']"
267	Die Bestellung wurde aufgegeben und kurze Zeit später wurde unser Essen bereits serviert, heiß, deftig und ein Genuss!	"['(""food quality"", ""positive"", ""Essen"")']"
268	Die Bratkartoffeln schmeckten teilweise alt.	"['(""food quality"", ""negative"", ""Bratkartoffeln"")']"
269	Die Brez‘n Suppe ist der Hammer, das Gröstl eine Riesenportion Geschmack.	"['(""food quality"", ""positive"", ""Brez‘n Suppe"")', '(""food quality"", ""positive"", ""Gröstl"")']"
270	Die Burger könnten besser sein, da die Brötchen pappig sind.	"['(""food quality"", ""negative"", ""Burger"")', '(""food quality"", ""negative"", ""Brötchen"")']"
271	Die Burger waren sehr lecker mit guten Brötchen und perfekter Zubereitung.	"['(""food quality"", ""positive"", ""Burger"")', '(""food quality"", ""positive"", ""Brötchen"")']"
272	Die Chefin war sehr freundlich und es hat Spaß gemacht sich mit ihr zu unterhalten.	"['(""service general"", ""positive"", ""Chefin"")']"
273	Die Crew (alle im gleichen Outfit - alle sprechen italienisch mit den Gästen) soll den Kunden das Gefühl vermitteln wirklich in LOC zu sein…ähnlich kennen wir das aus LOC…hierfür würde ich für die schauspielerische Leistung glatt 3 Punkte vergeben.	"['(""service general"", ""neutral"", ""Crew"")']"
274	Die Currywurst war lecker, die Pommes ziemlich versalzen.	"['(""food quality"", ""positive"", ""Currywurst"")', '(""food quality"", ""negative"", ""Pommes"")']"
275	Die Desserts waren mir nicht möglich zu essen, sahen dafür umso besser aus - bei diesen hätte ich sehr gerne zugeschlagen!	"['(""food quality"", ""positive"", ""Desserts"")']"
276	Die Erfahrung hat uns sehr gefallen!	"['(""restaurant general"", ""positive"", ""Erfahrung"")']"
277	Die Gamba Carabinero ist optisch und geschmacklich ein Gedicht.	"['(""food quality"", ""positive"", ""Gamba Carabinero"")', '(""food style_options"", ""positive"", ""Gamba Carabinero"")']"
278	Die Gaststätte ist sehr gemütlich und hat den Charme, den man sich bei Oma vorstellt.	"['(""ambience general"", ""positive"", ""Gaststätte"")', '(""ambience general"", ""positive"", ""Charme"")']"
279	Die Gerichte zart, aber herzhaft gewürzt rundeten den Abend ab.	"['(""food quality"", ""positive"", ""Gerichte"")']"
280	Die Haxe war extrem fett und der Knödel poppig und geschmacklos.	"['(""food quality"", ""negative"", ""Knödel"")', '(""food quality"", ""negative"", ""Haxe"")']"
281	Die Kellnerin hat einen genervten Eindruck gemacht.	"['(""service general"", ""negative"", ""Kellnerin"")']"
282	Die Kellnerin hätte uns ja zumindest fragen können, ob es uns etwas ausmacht, wobei für 5 Leute an diesen kleinen Tischen kein Platz gewesen wäre.	"['(""service general"", ""negative"", ""Kellnerin"")']"
283	Die Kellnerin, eine ältere, stattliche Frau, war stets bemüht, keine Freundlichkeit aufkommen zu lassen.	"['(""service general"", ""negative"", ""Kellnerin"")']"
284	Die Klimaanlage hatte wohl Pause.	"['(""ambience general"", ""negative"", ""Klimaanlage"")']"
285	Die Käsespätzle haben leider keinen Käse gesehen.	"['(""food quality"", ""negative"", ""Käsespätzle"")']"
286	Die LOC hat gut geklappt und ist am Wochenende auch zu empfehlen.	"['(""restaurant general"", ""positive"", ""NULL"")']"
287	Die LOC war hart, das Fett darunter fest und das Fleisch zäh, trocken und ging nur schwer zu schneiden.	"['(""food quality"", ""negative"", ""LOC"")', '(""food quality"", ""negative"", ""Fleisch"")', '(""food quality"", ""negative"", ""Fett"")']"
288	Die Location kann leider nicht die miese Bedienung und das mehrheitlich unfreundliche Personal raus reissen.	"['(""service general"", ""negative"", ""Bedienung"")', '(""service general"", ""negative"", ""Personal"")']"
289	Die Location spannend, das Personal grundsätzlich freundlich, das Frühstück allerdings qualitativ durchschnittlich.	"['(""service general"", ""positive"", ""Personal"")', '(""food quality"", ""neutral"", ""Frühstück"")', '(""ambience general"", ""positive"", ""Location"")']"
290	"Die Location...trotz Reservierung Wochen im Voraus wurden wir im ""Nebenzimmer"" mit null Ambiente plaziert."	"['(""ambience general"", ""negative"", ""Ambiente"")']"
291	Die Milzwurst war hart und die Panier klebte als dünne Schicht am Produkt.	"['(""food quality"", ""negative"", ""Milzwurst"")', '(""food quality"", ""negative"", ""Panier"")']"
292	Die Panna Cotta zum Nachtisch war der absolute Wahnsinn.	"['(""food quality"", ""positive"", ""Panna Cotta"")']"
293	Die Pfeffersoße eine Frechheit was den Geschmack angeht.	"['(""food quality"", ""negative"", ""Pfeffersoße"")']"
294	Die Portionsgrößen sind tendenziell großzügig.	"['(""food style_options"", ""positive"", ""Portionsgrößen"")']"
295	Die Preise sind an der Obergrenze, vor allem bei den Getränken.	"['(""drinks prices"", ""negative"", ""Getränken"")', '(""restaurant prices"", ""negative"", ""Preise"")']"
296	Die Preise sind sehr gehoben, daher wird eher kein regelmäßiger Besuch resultieren.	"['(""restaurant prices"", ""negative"", ""Preise"")']"
297	Die Preise sind unangemessen hoch, da lässt sich wohl der Chef seinen Namen bezahlen.	"['(""restaurant prices"", ""negative"", ""Preise"")']"
298	Die Preise waren echt fair!	"['(""restaurant prices"", ""positive"", ""Preise"")']"
299	Die Qualität der Speisen ist auch nicht so toll, die Ofenkartoffel hat wohl auch schon ein paar Tage gelegen.	"['(""food quality"", ""negative"", ""Speisen"")', '(""food quality"", ""negative"", ""Ofenkartoffel"")']"
300	Die Qualität des Essens war ausgezeichnet.	"['(""food quality"", ""positive"", ""Essens"")']"
301	Die Qualität des Fleisches ist ausgezeichnet, und die Steaks werden auf den Punkt genau zubereitet.	"['(""food quality"", ""positive"", ""Fleisches"")', '(""food quality"", ""positive"", ""Steaks"")']"
302	Die Qualität hat massiv abgenommen, wir werden nicht mehr kommen.	"['(""restaurant general"", ""negative"", ""NULL"")']"
303	Die Rechnung kam dagegen sehr schnell	"['(""service general"", ""positive"", ""NULL"")']"
304	Die Sauce und das Gemüse waren in Ordnung.	"['(""rq"", ""neutral"", ""Sauce"")', '(""rq"", ""neutral"", ""Gemüse"")']"
305	Die Speisen sind solid und lecker, der Service professionell und das Ambiente stimmig.	"['(""food quality"", ""positive"", ""Speisen"")', '(""service general"", ""positive"", ""Service"")', '(""ambience general"", ""positive"", ""Ambiente"")']"
306	Die Speisen sind türkische Standard Küche etwas über dem Durchschnitt.	"['(""food quality"", ""positive"", ""Speisen"")']"
307	Die Speisen waren ausreichend, das Salatbuffet gut.	"['(""food style_options"", ""neutral"", ""Speisen"")', '(""food quality"", ""positive"", ""Salatbuffet"")']"
308	Die Steaks und Burger sahen MEGA aus.	"['(""food quality"", ""positive"", ""Steaks"")', '(""food quality"", ""positive"", ""Burger"")']"
309	Die Steaks waren ausnahmslos zu schwach angebraten, so dass jedes eine breiten hellbraunen LOC, aber ohne die nötigen Röstaromen hatte.	"['(""food quality"", ""negative"", ""Steaks"")']"
310	Die Sushi schmeckt nur noch durchschnittlich.	"['(""food quality"", ""neutral"", ""Sushi"")']"
311	Die Tapas waren grandios, die Mitarbeiter/innen waren sehr aufmerksam..wir kommen bald wieder …	"['(""food quality"", ""positive"", ""Tapas"")', '(""service general"", ""positive"", ""Mitarbeiter/innen"")']"
312	Die Tappas dagegen waren absolut unterirdisch und gelinde gesagt eine Frechheit.	"['(""food quality"", ""negative"", ""Tappas"")']"
313	Die Toiletten waren sehr sauber.	"['(""restaurant miscellaneous"", ""positive"", ""Toiletten"")']"
314	Die Vorspeise (rote Bete) war sehr lecker.	"['(""food quality"", ""positive"", ""Vorspeise (rote Bete"")']"
315	Die Vorspeise war ein Genuss und ein toller Querschnitt der guten Küche.	"['(""food quality"", ""positive"", ""Vorspeise"")', '(""food quality"", ""positive"", ""Küche"")']"
316	Die Vorspeise war per sè schön angerichtet und hat auch geschmeckt.... bekamen was anderes als Burrata wegen laktose, danach ging leider der Tiefflug, angehend von der Karte, in einen Sturzflug über.	"['(""food quality"", ""positive"", ""Vorspeise"")', '(""food quality"", ""negative"", ""NULL"")', '(""food style_options"", ""positive"", ""Vorspeise"")', '(""food style_options"", ""positive"", ""Karte"")']"
317	Die Vorspeisen sind normalerweise sehr zu empfehlen,aber hier stimmt das Preis-Leistungsverhältnis überhaupt nicht mehr.	"['(""food quality"", ""positive"", ""Vorspeisen"")', '(""food prices"", ""negative"", ""Vorspeisen"")']"
318	Die beiden Hauprgerichte - LOC Gesellenstück und Schweineschnitzel Braumeister Art - waren allerdings hervorragend und meeeeehr als riechlich.	"['(""food quality"", ""positive"", ""LOC Gesellenstück"")', '(""food quality"", ""positive"", ""Schweineschnitzel Braumeister Art"")', '(""food style_options"", ""positive"", ""LOC Gesellenstück"")', '(""food style_options"", ""positive"", ""Schweineschnitzel Braumeister Art"")']"
319	Die beiden Kellner haben aber auch nach 50 Minuten keine Bestellung aufgenommen, obwohl die Tische neben uns bedient wurden.	"['(""service general"", ""negative"", ""Kellner"")']"
320	Die bestellten Pizzen waren ok, groß aber geschmacklich kein Highlight.	"['(""food quality"", ""neutral"", ""Pizzen"")', '(""food style_options"", ""positiv"", ""Pizzen"")']"
321	Die große Platte beinhaltete zwar 12 Beilagen, aber dieser Preis war nicht fair.	"['(""food quality"", ""negative"", ""Preis"")']"
322	Die herzliche Begrüßung und die freundliche Bedienung sowie das gemütliche Ambiente haben uns sehr gefallen.	"['(""service general"", ""positive"", ""Bedienung"")', '(""ambience general"", ""positive"", ""Ambiente"")', '(""ambience general"", ""positive"", ""Begrüßung"")']"
323	Die kostenpflichtige Schinkennummer wird auch nicht dadurch besser, dass sie von den Vorbesitzern erfunden wurde.	"['(""food quality"", ""negative"", ""Schinkennummer"")']"
324	Die linguini waren zu durch, die Pasta Saucen generell eher unterdurchschnittlich und selbst die gnocchi mit Trüffeln waren leider nicht lecker.	"['(""food quality"", ""negative"", ""linguini"")', '(""food quality"", ""negative"", ""Pasta Saucen"")', '(""food quality"", ""negative"", ""gnocchi mit Trüffeln"")']"
325	Die schlechteste Haxe, die ich in meinem Leben gegessen habe.	"['(""food quality"", ""negative"", ""Haxe"")']"
326	Die schönsten Plätze sind draußen an den Mauern der Kirche!	"['(""ambience general"", ""positive"", ""Plätze"")']"
327	Die sehr freundliche Kellnerin namens Eva (der Name stand auf einem Begrüssungskärtchen) war sehr angenehm und Aufmerksam.	"['(""service general"", ""positive"", ""Eva"")']"
328	Die von meiner Frau gegessenen Parpadelle a'la RESTAURANT_NAME waren ebenfalls zu wenig gewürzt und wurden mit zu wenig geriebenem Parmesan serviert.	"['(""food quality"", ""negative"", ""Parpadelle a\\\'la RESTAURANT_NAME"")']"
329	Die westfälische Küche, Zwiebelfleisch, und der Rheinische Sauerbraten überzeugen geschmacklich in jeder Hinsicht.	"['(""food quality"", ""positive"", ""Küche"")', '(""food quality"", ""positive"", ""Zwiebelfleisch"")', '(""food quality"", ""positive"", ""Sauerbraten"")']"
330	DieTische sind klein und so eng gestellt das man das Gefühl hat beim Nachbarn auf dem Schoß zu sitzen.	"['(""ambience general"", ""negative"", ""DieTische"")']"
331	Dies könnte dem bei unserem Besuch nicht sehr aufmerksamen Service, sehr kleinen Portionen und vergleichsweise hohen Preisen geschuldet sein.	"['(""service general"", ""negative"", ""Service"")', '(""food style_options"", ""negative"", ""Portionen"")', '(""food prices"", ""negative"", ""Preisen"")']"
332	Diese angeblich bayerische Brauerei ist ein No-Go.	"['(""restaurant general"", ""negative"", ""Brauerei"")']"
333	Dieser war dermaßen zäh und ungenießbar, dass unser Dessert ziemlich unangetastet wieder abgeräumt wurde.	"['(""food quality"", ""negative"", ""NULL"")']"
334	Direkt an der LOC im Zentrum gelegen ist das Restaurant ideal für einen Stopp.	"['(""location general"", ""positive"", ""Restaurant"")']"
335	Direkt neben der LOC präsentiert sich das LOC mit wunderschönen Räumen.	"['(""ambience general"", ""positive"", ""Räumen"")']"
336	Echt schlimm.	"['(""restaurant general"", ""negative"", ""NULL"")']"
337	Eigentlich fehlen mir die Worte!!	"['(""restaurant general"", ""negative"", ""NULL"")']"
338	Ein Armutszeugnis.	"['(""restaurant general"", ""negative"", ""NULL"")']"
339	Ein Lob an Koch.	"['(""food quality"", ""positive"", ""NULL"")']"
340	Ein Service der absoluten Spitzenklasse, so extrem aufmerksam und freundlich, wie es heute nur noch selten anzutreffen ist.	"['(""service general"", ""positive"", ""Service"")']"
341	Ein Steakhouse ohne Ofenkartoffel ist an Absurdität nicht zu überbieten!	"['(""restaurant miscellaneous"", ""negative"", ""Steakhouse"")']"
342	"Ein Stück schieren ""edlen"" Fleisches konnte ich nicht entdecken."	"['(""food quality"", ""negative"", ""NULL"")']"
343	Ein angenehmer Mittagstisch.	"['(""ambience general"", ""positive"", ""Mittagstisch"")']"
344	Ein arroganter, schlecht gelaunter farbiger Türsteher am Einlass befahl uns jedoch im Imperativ begleitet von abfälligen Gesten, dass wir uns am Ende der Schlange wieder anstellen sollten, obwohl wir natürlich keinen Tisch mehr wollten.	"['(""service general"", ""negative"", ""Türsteher"")']"
345	Ein gemütlicher Bierkeller mit freundlicher und flotter Bedienung.	"['(""service general"", ""positive"", ""Bedienung"")', '(""ambience general"", ""positive"", ""Bierkeller"")']"
346	Ein sehr unfreundlicher Gastronomiebetrieb, bei Raklamationen wegen falscher Abrechnung wird der LOC Herr Morawek ausfallend und beleidigend.	"['(""service general"", ""negative"", ""NULL"")', '(""service general"", ""negative"", ""Morawek"")']"
347	Ein solides italienisches Restaurant in der LOC, mit selbstgemachte Pasta, guter Auswahl und immer wieder ein Besuch wert.	"['(""restaurant miscellaneous"", ""positive"", ""Restaurant"")', '(""food quality"", ""positive"", ""Auswahl"")', '(""restaurant general"", ""positive"", ""NULL"")']"
348	Ein uriges Kellerlokal in einem Gewölbe.	"['(""ambience general"", ""positive"", ""Kellerlokal in einem Gewölbe"")']"
349	Eine Haxe für EUR 26,50 ist schon preislich ambitioniert.	"['(""food prices"", ""negative"", ""Haxe"")']"
350	Eine Tourinepp-Veranstaltung halt.	"['(""restaurant miscellaneous"", ""negative"", ""NULL"")']"
351	Eine der Beste Restaurant in LOC!	"['(""restaurant general"", ""positive"", ""Restaurant"")']"
352	Eine der Servicekräfte deutete auf die Uhr und teilte mir in einem barschen Tonfall mit, dass man um 22:00 Uhr schließe.	"['(""service general"", ""negative"", ""Servicekräfte"")']"
353	Eine halbe Stunde nach der Bestellung des Weines (LOC) wurden wir über dessen nicht mehr Vorhandensein informiert, und es dauerte 1 weitere Stunde bis der Alternativwein serviert wurde.	"['(""service general"", ""negative"", ""NULL"")']"
354	Eine innovative Küche eines engagierten Kochs, wobei man es mögen muss, dass in JEDEM Gang deutliche Fruchtnoten zumindest im Hintergrund, wenn nicht im Vordergrund stehen.	"['(""food quality"", ""positive"", ""Küche"")', '(""service general"", ""positive"", ""Kochs"")']"
355	Eine sehr schöne Abwechslung zu anderen Restaurants mit toller Musik.	"['(""ambience general"", ""positive"", ""Musik"")']"
356	Eine typische Touristenlocation die von ihrem Mythos lebt.	"['(""restaurant miscellaneous"", ""positive"", ""NULL"")']"
357	"Eine weitere Servicekraft, kaum älter als 18 sprach jeden Gast, egal welchen Alters, sehr fläzig mit ""Du"" und in tiefsten ""Sächsisch"" an."	"['(""service general"", ""negative"", ""Servicekraft"")']"
358	Einen Punkt abziehen möchte ich für den überheblich, selbsverliebt und gönnerhaft auftretenden Herren am Empfang.	"['(""service general"", ""negative"", ""Herren am Empfang"")']"
359	Einfach Daumen hoch!!	"['(""restaurant general"", ""positive"", ""NULL"")']"
360	Einfaches Restaurant mit schlechten Service und kaum glutenfreie Speisen.	"['(""food style_options"", ""negative"", ""Speisen"")', '(""service general"", ""negative"", ""Service"")']"
361	Einmal zum Mittagessen - das vegetarische Trio Knödel war fantasievoll und schmeckte sehr gut, die Bandnudeln mit gebratenen Pfifferlingen waren gut, hätten aber durch etwas mehr Gewürze deutlich gewonnen.	"['(""food quality"", ""positive"", ""vegetarische Trio Knödel"")', '(""food quality"", ""positive"", ""Bandnudeln mit gebratenen Pfifferlingen"")']"
362	Ente war aus, gesagt hat man es einem bei der Bestellung (wieso nicht schon beim Austeilen der Karte, das erspart viel LOC das Essen kam, ich hatte eine Haxe.	"['(""service general"", ""negative"", ""NULL"")']"
363	Entspanntes Ambiente, auch die Grüße aus der Küche sowie Pré- und Postdesert waren unglaublich lecker und besonders!	"['(""ambience general"", ""positive"", ""Ambiente"")', '(""food quality"", ""positive"", ""Grüße aus der Küche"")', '(""food quality"", ""positive"", ""Pré- und Postdesert"")']"
364	Enttäuschend war für uns alle die Essensqualität.	"['(""food quality"", ""negative"", ""NULL"")']"
365	Enttäuschend!!!	"['(""restaurant general"", ""negative"", ""NULL"")']"
366	Er kam nie zu unserem Tisch und bei der Bezahlung hat er auch nicht viel geredet, uns nur das Kartenlesegerät hingehalten, den Preis konnte ich nicht sehen - als wir um eine Aufteilung baten wurde er anscheinend sauer und hat nur böse geschnaubt und den Kopf geschüttelt - „Geht nicht“.	"['(""service general"", ""negative"", ""NULL"")']"
367	Erlebens- und Sehenswert, alteingessesene Gaststätte, Essen, Bedienung/Service, Atmosphäre, rundum sehr gut, nur zu empfehlen!	"['(""food quality"", ""positive"", ""Essen"")', '(""service general"", ""positive"", ""Bedienung/Service"")', '(""ambience general"", ""positive"", ""Atmosphäre"")', '(""restaurant general"", ""positive"", ""NULL"")']"
368	Es gab keine reine Rebe und zudem recht teuer.	"['(""drinks style_options"", ""negative"", ""NULL"")', '(""drinks prices"", ""negative"", ""NULL"")']"
369	Es gibt wirklich deutlich bessere thailändische Küche in LOC.	"['(""restaurant miscellaneous"", ""negative"", ""NULL"")']"
370	Es hat gezogen an unserem Platz, es war etwas kalt.	"['(""ambience general"", ""negative"", ""NULL"")']"
371	Es ist eine super Atmosphäre	"['(""ambience general"", ""positive"", ""Atmosphäre"")']"
372	Es ist sehr viel los gewesen und das hat man beim Service ein wenig gemerkt.	"['(""service general"", ""negative"", ""Service"")']"
373	Es lohnt sich 100%.	"['(""restaurant general"", ""positive"", ""NULL"")']"
374	Es lohnt sich durch das Lokal zu gehen und alles an zu sehen.	"['(""restaurant general"", ""positive"", ""NULL"")']"
375	Es schmeckt wie in LOC und würden wir in LOC wohnen, wären wir Stammgäste.	"['(""food quality"", ""positive"", ""NULL"")', '(""restaurant general"", ""positive"", ""NULL"")']"
376	Es sei denn, man steht darauf, vom Eigentümer beleidigt zu werden.	"['(""service general"", ""negative"", ""Eigentümer"")']"
377	Es war ein rundum gelungener Abend.	"['(""restaurant general"", ""positive"", ""NULL"")']"
378	Es war ein toller Abend.	"['(""restaurant general"", ""positive"", ""NULL"")']"
379	Es war für uns echt unangenehm.	"['(""restaurant general"", ""negative"", ""NULL"")']"
380	Es war so weich gekocht, dass ich es durch die geschlossenen Zahnreihen ziehen konnte.	"['(""food quality"", ""negative"", ""NULL"")']"
381	Es war wie immer einfach perfekt.	"['(""restaurant general"", ""positive"", ""NULL"")']"
382	Es war wirklich eine 10/10!	"['(""restaurant general"", ""positive"", ""NULL"")']"
383	Es wurde alles frisch zubereitet und nach der Bestellung zügig an den Tisch gebracht.	"['(""food quality"", ""positive"", ""NULL"")', '(""service general"", ""positive"", ""NULL"")']"
384	Essen durchschnittlich, Preisleistung passt nicht.	"['(""food quality"", ""neutral"", ""Essen"")', '(""restaurant prices"", ""negative"", ""Preisleistung"")']"
385	Essen kam recht schnell	"['(""service general"", ""positive"", ""NULL"")']"
386	Essen lecker, (vielleicht ein klein wenig zu lange gebraucht), Bedienungen freundlich und sauber!	"['(""food quality"", ""positive"", ""Essen"")', '(""service general"", ""positive"", ""Bedienungen"")', '(""service general"", ""negative"", ""NULL"")']"
387	Essen lecker, jedoch überteuert.	"['(""food quality"", ""positive"", ""Essen"")', '(""food prices"", ""negative"", ""NULL"")']"
388	Essen sehr gut in angemessener Zeit.	"['(""food quality"", ""positive"", ""Essen"")', '(""service general"", ""positive"", ""Essen"")']"
389	Essen teuer und teilweise sehr wenig für die Männer auf dem Teller.	"['(""food prices"", ""negative"", ""Essen"")', '(""food style_options"", ""negative"", ""Essen"")']"
390	Essen und Getränke wurden in super zeitlichen Rahmen serviert.	"['(""service general"", ""positive"", ""NULL"")']"
391	Essen und Service einwandfrei, fühlten uns wohlAufmerksamens Personal und ein gutes Timing kommen gerne wieder	"['(""food quality"", ""positive"", ""Essen"")', '(""service general"", ""positive"", ""Service"")', '(""service general"", ""positive"", ""Personal"")', '(""restaurant general"", ""positive"", ""NULL"")']"
392	Essen war gut.	"['(""food quality"", ""positive"", ""Essen"")']"
393	Essen war in Ordnung.	"['(""food quality"", ""neutral"", ""Essen"")']"
394	Essen war lecker.	"['(""food quality"", ""positive"", ""Essen"")']"
395	Essen war ok, aber sowas verdirbt einem nur die Laune.	"['(""food quality"", ""neutral"", ""Essen"")']"
396	Essen war sehr lecker.	"['(""food quality"", ""positive"", ""Essen"")']"
397	Etwas diffuser wäre gemütlicher.	"['(""ambience general"", ""negative"", ""NULL"")']"
398	Eventuell ok wenn man nur etwas trinken möchte für ein Essen mit Freunden nicht zu empfehlen.	"['(""food quality"", ""negative"", ""Essen"")', '(""drinks quality"", ""neutral"", ""NULL"")']"
399	Extrem touristisch, was ja kein Problem ist, jedoch sind die Kellner sehr unfreundlich.	"['(""service general"", ""negative"", ""Kellner"")']"
400	Fazit: Geht gar nicht !	"['(""restaurant general"", ""negative"", ""NULL"")']"
401	Fazit: da kann man auf ein Bier und eine Brezn hingehen, aber richtig essen sollte man nicht.	"['(""food quality"", ""negative"", ""NULL"")', '(""drinks quality"", ""positive"", ""Bier"")', '(""food quality"", ""positive"", ""Brezn"")']"
402	Feine und gehobene Gerichte aus Süditalien, LOC vor allem.	"['(""food quality"", ""positive"", ""Gerichte"")']"
403	Fisch mit Kräutern, super Beilagen.	"['(""food quality"", ""positive"", ""Beilagen"")']"
404	Flammkuchen spitze, Tochter fand steig megagut!	"['(""food quality"", ""positive"", ""Flammkuchen"")', '(""food quality"", ""positive"", ""steig"")']"
405	Frage: Warum sollen wir das Restaurant erneut auswählen bzw. anderen Gästen empfehlen?	"['(""restaurant general"", ""negative"", ""Restaurant"")']"
406	Freundliche Bedienung.	"['(""service general"", ""positive"", ""Bedienung"")']"
407	Freundliche und flotte Bedienung - das war prima wobei kaum Gäste da waren.	"['(""service general"", ""positive"", ""Bedienung"")']"
408	Freundliche und sehr flotte Bedienung.	"['(""service general"", ""positive"", ""Bedienung"")']"
409	Freundliches und flinkes Personal .	"['(""service general"", ""positive"", ""Personal"")']"
410	Frisch gezapft natürlich klasse.	"['(""drinks quality"", ""positive"", ""NULL"")']"
411	Fränkische Bratwürste, die waren gut, aber das Sauerkraut dazu hat nach gar nichts geschmeckt.	"['(""food quality"", ""positive"", ""Fränkische Bratwürste"")', '(""food quality"", ""negative"", ""Sauerkraut"")']"
412	Frühstück war super lecker.	"['(""food quality"", ""positive"", ""Frühstück"")']"
413	Für das Ambiente 4 von 5 Sternen- man kann nichts aussetzten, ist halt Geschmackssache.	"['(""ambience general"", ""positive"", ""Ambiente"")']"
414	Für diesen Preis trotzdem eine Zumutung.	"['(""restaurant prices"", ""negative"", ""Preis"")', '(""restaurant general"", ""negative"", ""NULL"")']"
415	Für einen ruhigen Abend mit wohlfühlcharakter ist man hier definitiv falsch.	"['(""ambience general"", ""negative"", ""NULL"")']"
416	Für einen solchen Preis erwarte ich Qualität .	"['(""restaurant prices"", ""negative"", ""Preis"")', '(""restaurant general"", ""negative"", ""NULL"")']"
417	Für meinen Geldbeutel etwas zu teuer, aber wir hatten ja zum Glück einen Gutschein zum Geburtstag geschenkt bekommen.	"['(""restaurant prices"", ""negative"", ""NULL"")']"
418	Für uns hat es sich erledigt!	"['(""restaurant general"", ""negative"", ""NULL"")']"
419	Für uns steht klar ,es war das erste und letzte mal .	"['(""restaurant general"", ""negative"", ""NULL"")']"
420	Ganz klare Empfehlungen unsererseits.	"['(""restaurant general"", ""positive"", ""NULL"")']"
421	Gastfreundschaft geht anders.	"['(""service general"", ""negative"", ""Gastfreundschaft"")']"
422	Gefühlt wie abgezockt.	"['(""restaurant prices"", ""negative"", ""NULL"")']"
423	Generell eine schöne Erfahrung.	"['(""restaurant general"", ""positive"", ""NULL"")']"
424	Geniale, hausgemachte Hühnerbouillon mit Eierstich, wirklich gut.	"['(""food quality"", ""positive"", ""Hühnerbouillon mit Eierstich"")']"
425	Gepflegtes Bier (0,5 Liter) und süffiger Wein.	"['(""drinks quality"", ""positive"", ""Bier"")', '(""drinks quality"", ""positive"", ""Wein"")']"
426	Gericht 1: Spaghetti Deluxe, mit Sauce aus Steinpilzen, knusprigen Speck und Grana Padano: Das Gericht an sich war lecker und hatte einen guten Geschmack.	"['(""food quality"", ""positive"", ""Spaghetti Deluxe"")', '(""food quality"", ""positive"", ""Sauce aus Steinpilzen"")', '(""food quality"", ""positive"", ""Speck"")', '(""food quality"", ""positive"", ""Grana Padano"")']"
427	Geschmack fad.	"['(""food quality"", ""negative"", ""NULL"")']"
428	Geschmacklich/Konsistenz ok, hatten wir aber auch schon deutlich zarter.	"['(""food quality"", ""neutral"", ""NULL"")']"
429	Gestresste überhebliche Kellner und das Essen nur noch Mittelmass.	"['(""service general"", ""negative"", ""Kellner"")', '(""food quality"", ""neutral"", ""Essen"")']"
430	Getränke und Speisen standen ruckzuck auf dem Tisch.	"['(""service general"", ""positive"", ""NULL"")']"
431	Getränke wurden nur sehr verzögert serviert.	"['(""service general"", ""negative"", ""Getränke"")']"
432	Großartige Gerichte, kreiert mit besten Produkten, auch aus der Region; delikat, gradlinig, auf hohem Niveau.	"['(""food quality"", ""positive"", ""Gerichte"")', '(""food quality"", ""positive"", ""Produkten"")']"
433	Großer Name, schlechter Service, Essen unterirdisch.	"['(""service general"", ""negative"", ""Service"")', '(""food quality"", ""negative"", ""Essen"")']"
434	Gut, auch von Griechen besuchtes griechisches Restaurant mit familiärer Atmosphäre.	"['(""restaurant miscellaneous"", ""positive"", ""Restaurant"")', '(""ambience general"", ""positive"", ""Atmosphäre"")']"
435	Guter und freundlicher Service, sehr empfehlenswert!	"['(""service general"", ""positive"", ""Service"")', '(""restaurant general"", ""positive"", ""NULL"")']"
436	Gutes Essen in einem schönen und geräumigen Gasthaus.	"['(""food quality"", ""positive"", ""Essen"")', '(""ambience general"", ""positive"", ""Gasthaus"")']"
437	Gutes Essen und toller, freundlicher Service.	"['(""food quality"", ""positive"", ""Essen"")', '(""service general"", ""positive"", ""Service"")']"
438	Gutes Preiswertes Essen, sehr gute Atmosphäre, vielen Dank an Victor für den tollen Service.	"['(""food prices"", ""positive"", ""Essen"")', '(""ambience general"", ""positive"", ""Atmosphäre"")', '(""service general"", ""positive"", ""Service"")', '(""food quality"", ""positive"", ""Essen"")']"
439	Hatte ein sehniges Teil was nicht zu kauen war die anderen Gerichte waren akzeptabel aber nichts besonderes	"['(""food quality"", ""neutral"", ""Gerichte"")', '(""food quality"", ""negative"", ""NULL"")']"
440	Hatten vor Wochen reserviert...der zugewiesene Tisch war wirklich schlecht als wir darauf hingewiesen haben hat man uns einen noch schlechteren Tisch zugewiesen obwohl das Restaurant ziemlich leer war.	"['(""ambience general"", ""negative"", ""Tisch"")', '(""ambience general"", ""negative"", ""Tisch"")']"
441	Hauptspeisen waren okay.	"['(""food quality"", ""neutral"", ""Hauptspeisen"")']"
442	Hervorragend zart und auf den Punkt.	"['(""food quality"", ""positive"", ""NULL"")']"
443	Hervorragende Speisen in einer wunderschönen Location.	"['(""food quality"", ""positive"", ""Speisen"")', '(""ambience general"", ""positive"", ""Location"")']"
444	Hervorzuheben ist hier auch die angepasste Speisekarte für die Veggies und Veganer.	"['(""food style_options"", ""positive"", ""Speisekarte für die Veggies und Veganer"")']"
445	Heute war ich mit meiner Familie hier und wir hatten ein super Essenserlebnis.	"['(""food quality"", ""positive"", ""Essenserlebnis"")']"
446	Hier findet jede Generation Platz und auch die Fellnasen sind hier herzlich willkommen!	"['(""restaurant miscellaneous"", ""positive"", ""NULL"")']"
447	Hier kommt man sicher kein zweites Mal mehr hin.	"['(""restaurant general"", ""negative"", ""NULL"")']"
448	Hier stimmt alles!	"['(""restaurant general"", ""positive"", ""NULL"")']"
449	Hier waren wir nach einem Konzert in der LOC und es hat uns sehr gut gefallen.	"['(""restaurant general"", ""positive"", ""LOC"")']"
450	Hier werden Sie mit leckerem Sardellencreme serviert.	"['(""food quality"", ""positive"", ""Sardellencreme"")']"
451	Hier wird man schlicht verarscht.	"['(""restaurant general"", ""negative"", ""NULL"")']"
452	Hier wurde mit Liebe gekocht.	"['(""food quality"", ""positive"", ""NULL"")']"
453	Highlight: Aufmerksamkeit der Bedienung Marco.	"['(""service general"", ""positive"", ""Marco"")']"
454	Hätte gerne nach dem tollen Essen einen Fernet Branca bestellt.	"['(""food quality"", ""positive"", ""Essen"")']"
455	Ich bin so enttäuschst.	"['(""restaurant general"", ""negative"", ""NULL"")']"
456	Ich fand es sehr solide in puncto Service, Ambiente und Auswahl an Speisen und Getränken.	"['(""service general"", ""positive"", ""Service"")', '(""ambience general"", ""positive"", ""Ambiente"")', '(""food style_options"", ""positive"", ""Auswahl an Speisen"")', '(""drinks style_options"", ""positive"", ""Getränken"")']"
457	Ich hab Salz, Pfeffer, Essig und Öl vermisst.	"['(""food quality"", ""negative"", ""NULL"")']"
458	Ich habe als Hauptgang ein Skreifiet auf Rote Beete Püree und sautiertem Spitzkohl gegessen und war sehr zufrieden.	"['(""food quality"", ""positive"", ""Rote Beete Püree"")', '(""food quality"", ""positive"", ""sautiertem Spitzkohl"")']"
459	Ich habe dort keine schöne Erfahrung gemacht, dabei ist das Ambiente äußerst angenehm.	"['(""ambience general"", ""positive"", ""Ambiente"")']"
460	Ich habe hier einen wirklich leckeren Burger gegessen und die Atmosphäre war einfach toll!	"['(""food quality"", ""positive"", ""Burger"")', '(""ambience general"", ""positive"", ""Atmosphäre"")']"
461	Ich habe mich bei der Bedienung über das LOC beschwerd, dies wurde aber gekonnt Ignoriert.	"['(""service general"", ""negative"", ""Bedienung"")']"
462	Ich habe noch nie soo leckeres Essen gegessen!!	"['(""food quality"", ""positive"", ""Essen"")']"
463	Ich habe schon deutlich besser gegessen und nur die Hälfte bezahlt.	"['(""food prices"", ""negative"", ""NULL"")', '(""food quality"", ""negative"", ""NULL"")']"
464	Ich kann das LOC nur empfehlen, wenn Sie die beste Bratwurst in der LOC genießen möchten!	"['(""food quality"", ""positive"", ""Bratwurst"")']"
465	Ich kann es nur empfehlen 👍🏻 Wir waren mit einer großen Gruppe und hatten sehr viel Spaß!	"['(""restaurant general"", ""positive"", ""NULL"")']"
466	Ich kann nur sagen: FINGER WEG!!!	"['(""restaurant general"", ""negative"", ""NULL"")']"
467	Ich musste meine erste Portion Spannferkel zurück schicken, es war ein grosses Stück Fett.	"['(""food quality"", ""negative"", ""Spannferkel"")']"
468	Ich war bereits öfter mit Familie und/oder Freunden hier und war immer sehr zufrieden.	"['(""restaurant general"", ""positive"", ""NULL"")']"
469	Ich war ein absoluter Stammkunde, aber das hat jetzt ein Ende.	"['(""restaurant general"", ""negative"", ""NULL"")']"
470	Ich weiß nicht was das soll.	"['(""restaurant general"", ""negative"", ""NULL"")']"
471	Ich werde dort nicht noch einmal essen.	"['(""restaurant general"", ""negative"", ""NULL"")']"
472	Ich werde mich dort nicht mehr aufhalten und meine Zeit verbringen.	"['(""restaurant general"", ""negative"", ""NULL"")']"
473	Ich werde sicher nicht mehr dorthin gehen.	"['(""restaurant general"", ""negative"", ""NULL"")']"
474	Ich ziehe meinen Hut vor den Kollegen und Kolleginnen aus der Küche und dem Service.	"['(""service general"", ""positive"", ""Service"")', '(""service general"", ""positive"", ""Kollegen und Kolleginnen aus der Küche"")']"
475	Ich/Wir haben (zum Glück) seit Jahren nicht mehr so schlecht gegessen wie hier.	"['(""food quality"", ""negative"", ""NULL"")']"
476	Im 1.OG ist die Einrichtung sehr ungemütlich und viel zu wenig Abstand zwischen den Tischen.	"['(""ambience general"", ""negative"", ""Einrichtung"")', '(""ambience general"", ""negative"", ""Abstand zwischen den Tischen"")']"
477	Im Sommer werden wir auf der netten Terrasse noch einmal die RESTAURANT_NAME besuchen.	"['(""ambience general"", ""positive"", ""Terrasse"")']"
478	Im Vergleich zum Personal im Schlüssel und LOC bleibt das Uerige aber doch zurück.	"['(""restaurant general"", ""negative"", ""Uerige"")']"
479	Immer gerne wieder!	"['(""restaurant general"", ""positive"", ""NULL"")']"
480	Immer wieder gern.	"['(""restaurant general"", ""positive"", ""NULL"")']"
481	Immer wieder gerne der köbes war lustig typisch Kölsch.	"['(""restaurant general"", ""positive"", ""NULL"")', '(""service general"", ""positive"", ""köbes"")']"
482	Immer wieder gerne!!!	"['(""restaurant general"", ""positive"", ""NULL"")']"
483	Immer wieder gerne, sehr nettes und kompetentes Personal.	"['(""service general"", ""positive"", ""Personal"")', '(""restaurant general"", ""positive"", ""NULL"")']"
484	In Bezug auf Servicequalität kann die Leitung des Hauses nach unserer Erfahrung noch deutlich nachbessern und den Anreiz für Gäste erhöhen, dort zu speisen.	"['(""service general"", ""negative"", ""Leitung"")']"
485	In diesem Restaurant fühlt man sich sofort willkommen.	"['(""restaurant general"", ""positive"", ""Restaurant"")']"
486	In einem guten Restaurant wird einem das vorher gesagt, bevor sie auf den Tisch gestellt wird.	"['(""service general"", ""negative"", ""NULL"")']"
487	Ingesamt ist der gute Herr nicht in der Lage gewesen das Alt zu servieren so das wir nach dem Essen woanders eingekehrt sind.	"['(""service general"", ""negative"", ""Herr"")']"
488	Innovative Chefs mit intensivem Internet-Marketing; anfangs dachte ich, fast „zuviel des Guten“, was wird da auf mich zukommen.	"['(""service general"", ""positive"", ""Chefs"")']"
489	Insbesondere die Livemusik macht das Ganze zu einer tollen Erfahrung.	"['(""ambience general"", ""positive"", ""Livemusik"")']"
490	Insgesamt ein sehr schöner und gelungener Besuch im LOC in LOC.	"['(""restaurant general"", ""positive"", ""LOC"")']"
491	Insgesamt nicht weiterzuempfehlen.	"['(""restaurant general"", ""negative"", ""NULL"")']"
492	Insgesamt schöne Beauhausatmosphäre mit nettem Personal.	"['(""ambience general"", ""positive"", ""Beauhausatmosphäre"")', '(""service general"", ""positive"", ""Personal"")']"
493	Interessanterweise enthielt die uns vorgelegte Speisekarte keine Pastagerichte, für ein italienisches Restaurant sehr sonderbar.	"['(""food style_options"", ""negative"", ""Speisekarte"")']"
494	Ioulianos Ist super freundlich und gibt tolle Empfehlungen denen wir gerne gefolgt sind.	"['(""service general"", ""positive"", ""Ioulianos"")']"
495	Ist nämlich einfach nur schlechter Stil.	"['(""ambience general"", ""negative"", ""Stil"")']"
496	Ja, die Soße ist lecker.	"['(""food quality"", ""positive"", ""Soße"")']"
497	Jedoch wurde die angekündigte Fertigstellungszeit weit überschritten und wir haben über eine halbe Stunde gewartet.	"['(""service general"", ""negative"", ""NULL"")']"
498	Jetzt waren wir wieder hier, und ich muss sagen es hat stark nachgelassen.	"['(""restaurant general"", ""negative"", ""NULL"")']"
499	Jetzt werde wir nicht mehr hingehen.	"['(""restaurant general"", ""negative"", ""NULL"")']"
500	Kaeufer ging einige Tage spaeter mit Quittung um dies zu klaeren und wurde als Luegner dargestellt.	"['(""service general"", ""negative"", ""Quittung"")']"
501	Kaffee und Teewasser waren kalt.	"['(""drinks quality"", ""negative"", ""Kaffee"")', '(""drinks quality"", ""negative"", ""Teewasser"")']"
502	Kann die Location auf jeden Fall empfehlen.	"['(""restaurant general"", ""positive"", ""Location"")']"
503	Kein Chichi, tolle spanisch/griechische Küche, wir kommen 2 x im Monat und freuen uns drauf!!!	"['(""food quality"", ""positive"", ""Küche"")', '(""restaurant general"", ""positive"", ""NULL"")']"
504	Kein Danke, kein Auf Wiedersehen .	"['(""service general"", ""negative"", ""NULL"")']"
505	Keine Einsicht bei Reklamation, also wir kommen nicht wieder.....	"['(""restaurant general"", ""negative"", ""NULL"")', '(""service general"", ""negative"", ""NULL"")']"
506	Keine Entschuldigung, unterirdisch, nie mehr	"['(""service general"", ""negative"", ""NULL"")']"
507	Kellerbier auch gut.	"['(""drinks quality"", ""positive"", ""Kellerbier"")']"
508	Kinder lieben Trattoriw, Trattoria Team liebt Kinder.	"['(""restaurant general"", ""positive"", ""Trattoriw"")', '(""service general"", ""positive"", ""Trattoria Team"")']"
509	Klasse Laden super sympathische Kellner und eine nette Atmosphäre.	"['(""restaurant general"", ""positive"", ""Laden"")', '(""service general"", ""positive"", ""Kellner"")', '(""ambience general"", ""positive"", ""Atmosphäre"")']"
510	Klasse, wie immer.	"['(""restaurant general"", ""positive"", ""NULL"")']"
511	Kleines Lokal mit unglaublich guter Küche !	"['(""food quality"", ""positive"", ""Küche"")']"
512	Komme sehr gerne wieder.	"['(""restaurant general"", ""positive"", ""NULL"")']"
513	Kommen immer wieder gerne!	"['(""restaurant general"", ""positive"", ""NULL"")']"
514	Kommen sehr gerne wieder!	"['(""restaurant general"", ""positive"", ""NULL"")']"
515	Kommen sicher wieder.	"['(""restaurant general"", ""positive"", ""NULL"")']"
516	LOC Bedienung, lange Wartezeit am Tisch.	"['(""service general"", ""negative"", ""Wartezeit"")']"
517	LOC EssenSuper BockWir hatten einen sehr schönen Abend im portugiesischen Viertel bei RESTAURANT_NAME.	"['(""restaurant general"", ""positive"", ""RESTAURANT_NAME"")']"
518	LOC der einfachsten Art und dazu ein schlechtes Preis - Leistung Verhältnis.	"['(""restaurant prices"", ""negative"", ""Preis - Leistung Verhältnis"")']"
519	LOC hat im laufe der Zeit nachgelassen.	"['(""restaurant general"", ""negative"", ""LOC"")']"
520	LOC ist unterer Durchschnitt.	"['(""restaurant general"", ""negative"", ""LOC"")']"
521	LOC ist zu empfehlen.	"['(""restaurant general"", ""positive"", ""LOC"")']"
522	LOC mit Salat 15,50 Euro - sorry aber die Portion war so wenig, das geht gar nicht !	"['(""food style_options"", ""negative"", ""Portion"")']"
523	LOC war auch lecker.	"['(""food quality"", ""positive"", ""LOC"")']"
524	LOC, hochwertig eingerichtetes Restaurant in dem auch Montagabend dringt durch die LOC direkt am LOC was los ist.	"['(""ambience general"", ""positive"", ""Restaurant"")']"
525	Lange drauf gefreut, sehr enttäuscht.	"['(""restaurant general"", ""negative"", ""NULL"")']"
526	Lecker	"['(""food quality"", ""positive"", ""NULL"")']"
527	Lecker soweit.	"['(""food quality"", ""positive"", ""NULL"")']"
528	Lecker.	"['(""food quality"", ""positive"", ""NULL"")']"
529	Leckere Suppen und Fischgerichte wie Dorade.	"['(""food quality"", ""positive"", ""Suppen"")', '(""food quality"", ""positive"", ""Fischgerichte"")', '(""food quality"", ""positive"", ""Dorade"")']"
530	Leckere Tapas zu vernünftigen Preisen haben wir hier gefunden.	"['(""food quality"", ""positive"", ""Tapas"")', '(""food prices"", ""positive"", ""Preisen"")']"
531	Leckeres Bier, sehr freundliche Köbes, Außengastronomie trotz Baustelle ansprechend.	"['(""drinks quality"", ""positive"", ""Bier"")', '(""service general"", ""positive"", ""Köbes"")', '(""ambience general"", ""positive"", ""Außengastronomie"")']"
532	Leckeres Essen und gemütliches Ambiente.	"['(""food quality"", ""positive"", ""Essen"")', '(""ambience general"", ""positive"", ""Ambiente"")']"
533	Leere Getränke wurden nicht abgeräumt, dazugekommene Personen wurden nicht nach Getränken gefragt und generell wirkte es eher so als wäre jede Frage zu viel und die Gäste eher störend.	"['(""service general"", ""negative"", ""NULL"")']"
534	Leider hat die Fischqualität in letzter Zeit sehr stark nachgelassen.	"['(""food quality"", ""negative"", ""Fischqualität"")']"
535	Leider ist es Massenabfertigung.	"['(""restaurant general"", ""negative"", ""Massenabfertigung"")']"
536	Leider ist es aber sehr laut.	"['(""ambience general"", ""negative"", ""NULL"")']"
537	Leider konnten wir nicht alle gleichzeitig Essen, da das Lokal sehr voll war.	"['(""ambience general"", ""negative"", ""Lokal"")']"
538	Leider mit den gleichen Mängel wie bei reklamieren Gericht.	"['(""food quality"", ""negative"", ""Gericht"")', '(""food quality"", ""negative"", ""NULL"")']"
539	Leider sehr enttäuschend!	"['(""restaurant general"", ""negative"", ""NULL"")']"
540	Leider sind die Kellner extrem gestresst und kurz angebunden.	"['(""service general"", ""negative"", ""Kellner"")']"
541	Leider war das Essen nur sehr durchschnittlich.	"['(""food quality"", ""neutral"", ""Essen"")']"
542	Leider war der Hauptgang Rinderfilet so zäh und durchwachsen dass dies den guten Gesamteindruck nachhaltig beschädigt hat.	"['(""food quality"", ""negative"", ""Rinderfilet"")']"
543	Leider war der Speck nicht wie angekündigt knusprig, sondern wurde eher in der Sauce gebraten.	"['(""food quality"", ""negative"", ""Speck"")']"
544	Leider war die per Mail bestätigte Reservierung nicht gebucht.	"['(""service general"", ""negative"", ""Reservierung"")']"
545	Leider war unser Besuch mehr als enttäuschend.	"['(""restaurant general"", ""negative"", ""NULL"")']"
546	Leider war zwar das Essen gut, der Service hat aber leider sehr zögerlich Getränke gebracht.	"['(""food quality"", ""positive"", ""Essen"")', '(""service general"", ""negative"", ""Service"")']"
547	Leider waren wir dieses Mal mit den Speisen nicht zufrieden.	"['(""food quality"", ""negative"", ""Speisen"")']"
548	Leider wurde ich durch die sehr vielen guten Bewertungen hierher gelotst.	"['(""restaurant miscellaneous"", ""negative"", ""NULL"")']"
549	Leute, macht einen großen Bogen um dieses Restaurant.	"['(""restaurant general"", ""negative"", ""Restaurant"")']"
550	Lieber ein Restaurant in den Nebenstraßen aussuchen, als sich diesen Stress anzutun.	"['(""restaurant general"", ""negative"", ""NULL"")']"
551	Luca war professionell und sehr freundlich.	"['(""service general"", ""positive"", ""Luca"")']"
552	Macht weiter so 👍🏻	"['(""restaurant general"", ""positive"", ""NULL"")']"
553	Mal dort und werde wiederkommen wenn ich wieder in LOC bin.	"['(""restaurant general"", ""positive"", ""NULL"")']"
554	Man bekommt feinste frische und meist hausgemachte Sachen, herrliche Aufstriche, vorzügliche Käse- und Wurstvariationen, duftende Brioche, süße und salzige Spezialitäten ... alles stets liebevoll zubereitet ... dazu das stylische Ambiente; vorzüglich geführt ist es ohnehin.	"['(""food quality"", ""positive"", ""NULL"")', '(""food quality"", ""positive"", ""Aufstriche"")', '(""food quality"", ""positive"", ""Käse- und Wurstvariationen"")', '(""food quality"", ""positive"", ""Brioche"")', '(""food quality"", ""positive"", ""Spezialitäten"")', '(""ambience general"", ""positive"", ""Ambiente"")', '(""service general"", ""positive"", ""NULL"")']"
555	Man bezahlt viel Geld für eine kleine Pastaportion, die nicht gut schmeckt.	"['(""food quality"", ""negative"", ""Pastaportion"")', '(""food prices"", ""negative"", ""Pastaportion"")', '(""food style_options"", ""negative"", ""Pastaportion"")']"
556	Man fühlt sich gleich wie im Urlaub.	"['(""ambience general"", ""positive"", ""NULL"")']"
557	Man kann gerne zum Wagner weil es eine urige Kneipe ist, LOC sollte man aber nicht unbedingt.	"['(""restaurant general"", ""neutral"", ""Wagner"")', '(""ambience general"", ""positive"", ""Wagner"")']"
558	Man muss alles daran mögen, aber für ein bis vier Alt sollte man hier schon einkehren, wenn man in LOC ist.	"['(""restaurant general"", ""positive"", ""NULL"")']"
559	Man muss dem gesamten Team mit ihren Chefs großen Respekt zollen, wie sie es in der Gastronomiebranche geschafft haben - in diesen verrückten schwierigen vergangenen 2 Jahren- eine tolle Küche und ausgesprochen nettes Personal zu halten und zu motivieren, bei einer nicht mehr reichlich vorhandenen Auswahl des gleichen.	"['(""service general"", ""positive"", ""Team"")', '(""service general"", ""positive"", ""Chefs"")', '(""food quality"", ""positive"", ""Küche"")', '(""service general"", ""positive"", ""Personal"")']"
560	Man schmeckt die frischen Teigwaren, durch welche sich dieses Restaurant von anderen italienischen Restaurant abhebt.	"['(""food quality"", ""positive"", ""Teigwaren"")']"
561	Man sitzt bequem, das Essen ist sehr gut, man muss allerdings Fleisch mögen.	"['(""ambience general"", ""positive"", ""NULL"")', '(""food quality"", ""positive"", ""Essen"")', '(""food style_options"", ""negative"", ""NULL"")']"
562	Man sitzt draußen sehr schön auf der Terrasse unter alten Bäumen.	"['(""ambience general"", ""positive"", ""Terrasse unter alten Bäumen"")']"
563	Man sitzt sehr schön, vor allem LOC Weihnachtszeit.	"['(""ambience general"", ""positive"", ""NULL"")']"
564	Man sollte auf festes Schuhwerk achten, da einen ansonsten bei dem klebenden Boden die selbigen ausgezogen werden.	"['(""ambience general"", ""negative"", ""Boden"")']"
565	Man sollte die Zeit anders nutzen.	"['(""restaurant general"", ""negative"", ""NULL"")']"
566	Man wollte uns keinen Tisch geben, obwohl direkt vor der Bar, wo wir auch mit dem alles entscheidenden Kellner sprachen, einer frei war.	"['(""service general"", ""negative"", ""NULL"")']"
567	Manche neue Deko-Idee oder Kombinationen müssten gar nicht sein, wie ich finde.	"['(""ambience general"", ""negative"", ""Deko"")']"
568	Mega leckeres Essen und super freundliche Bedienung.	"['(""food quality"", ""positive"", ""Essen"")', '(""service general"", ""positive"", ""Bedienung"")']"
569	Mega leckeres Essen, super Preis-Leistungsverhältnis, schönes Ambiente, leckere Bierauswahl, kurze Wartezeit und das absolute Highlight war unsere super sympathische Bedienung Lena, ein spezielles Dankeschön an sie.	"['(""food quality"", ""positive"", ""Essen"")', '(""restaurant prices"", ""positive"", ""Preis-Leistungsverhältnis"")', '(""ambience general"", ""positive"", ""Ambiente"")', '(""drinks quality"", ""positive"", ""Bierauswahl"")', '(""service general"", ""positive"", ""Wartezeit"")', '(""service general"", ""positive"", ""Lena"")']"
570	Mehr als 2 Punkte gibt es nicht.	"['(""restaurant general"", ""negative"", ""NULL"")']"
571	Mehrere sehr junge Kellnerinnen waren im Außenbereich, nur war es schwer, eine Bestellung abzugeben, da sich niemand zuständig fühlte.	"['(""service general"", ""negative"", ""Kellnerinnen"")']"
572	Mein Fazit: Aufgrund der Essensqualität würde ich dem Brauhaus noch eine Chance geben (darum auch drei Sterne), aber an der Servicequalität muss definitiv schwer gearbeitet werden.	"['(""food quality"", ""positive"", ""Essensqualität"")', '(""service general"", ""negative"", ""Servicequalität"")']"
573	Meine Frau ist Veganerin, hat anstatt Käse extra Rucola bestellt, aber nicht bekommen.	"['(""service general"", ""negative"", ""NULL"")']"
574	Meine Frau war so perplex und überrumpelt, dass sie der Bedienung ein Trinkgeld in die Hand gab, was nach dem Spruch nicht verdient war.	"['(""service general"", ""negative"", ""Bedienung"")']"
575	Meine Spaghetti waren das Allerletzte… so schlecht habe ich noch nie gegessen.	"['(""food quality"", ""negative"", ""Spaghetti"")']"
576	Meine zuvor angesprochenen Allergien waren wohl nicht weiter von Interesse, entsprechendes Gemüse fand sich trotzdem in meinem Gericht.	"['(""food quality"", ""negative"", ""Gericht"")', '(""service general"", ""negative"", ""NULL"")']"
577	Meinen Vorrednern kann ich mich dahingehend anschließen, dass die bayerische Küche gut und das Augustiner -Bier sehr gepflegt ist.	"['(""food quality"", ""positive"", ""Küche"")', '(""drinks quality"", ""positive"", ""Augustiner -Bier"")']"
578	"Meinen mittlerweile vehement vorgetragenen Protest, nicht einfach einen noch besetzten Platz weitergeben zu können, konterte Sie mit dem Hinweis auf den einsetzenden leichten Regen -wir saßen unter Sonnenschirmen, deren Zahl begrenzt war - und mit den Worten: "" Das ist eine Frage der Menschlichkeit""."	"['(""service general"", ""negative"", ""NULL"")']"
579	Menu gab es nur Tischweise ohne Auswahlmöglichkeiten für Vegetarier.	"['(""food style_options"", ""negative"", ""Auswahlmöglichkeiten für Vegetarier"")']"
580	Mir war's persönlich zu laut in dem Laden, daher ein Punkt Abzug.	"['(""ambience general"", ""negative"", ""NULL"")']"
581	Mit 3 Kartöffelchen und einem Schlag Aioli, 3 mini Teigtaschen mit Tomatensosse und minimalem Thunfischgeschmack statt Thunfisch, kann man dann nicht zufrieden sein.	"['(""food quality"", ""negative"", ""Kartöffelchen"")', '(""food quality"", ""negative"", ""Aioli"")', '(""food quality"", ""negative"", ""Teigtaschen"")', '(""food quality"", ""negative"", ""Tomatensosse"")']"
582	Mit einem Blick für das Geschehen und dennoch zum Plausch aufgelegt, erhielten wir das Gefühl wertgeschätzte Gäste zu sein.	"['(""service general"", ""positive"", ""NULL"")']"
583	Mitarbeiter unterhalten sich an der Küchentheke ….. macht nicht den besten Eindruck!	"['(""service general"", ""negative"", ""Mitarbeiter"")']"
584	Mitten in der LOC umgeben von einer bunten Sammlung internationaler Speiselokale sticht eine große, gepflegte Terrasse hervor.	"['(""ambience general"", ""positive"", ""Terrasse"")']"
585	Moment: Platz nehmen ist nicht so einfach, das regelt der „Oberkellner“, der ein strenges Regiment über die drei Tischreihen auf der Terrasse führt.	"['(""service general"", ""negative"", ""Oberkellner"")']"
586	Muss man wiederholen.	"['(""restaurant general"", ""positive"", ""NULL"")']"
587	Nach Diskussion, alles auf Englisch obwohl mitten in LOC, hat man uns dann auf die Dachterrasse gesetzt.	"['(""service general"", ""negative"", ""NULL"")']"
588	Nach der BUGA in RESTAURANT_NAME - tolle Location, mega leckeres Essen und ganz wichtig - ein toller, freundlicher und sehr zuvorkommender Service 👍 Wir kommen wieder!	"['(""restaurant general"", ""positive"", ""RESTAURANT_NAME"")', '(""food quality"", ""positive"", ""Essen"")', '(""service general"", ""positive"", ""Service"")', '(""location general"", ""positive"", ""Location"")']"
589	Naja… authentisch bayerisch ist anders.	"['(""restaurant miscellaneous"", ""negative"", ""NULL"")']"
590	Neben den langen Wartezeiten, bekamen wir ein Trinkglas mit Sprung, was wir frühzeitig genug bemerkten.	"['(""service general"", ""negative"", ""Wartezeiten"")']"
591	Negatives Highlight war die verbale Begegnung mit dem Chef des Hauses.	"['(""service general"", ""negative"", ""Chef"")']"
592	Nette Kellnerinnen und Kellner in nettem Outfit, mit Gatsby-Mütze und Hosenträger – also: Ich habe mich wohlgefühlt.	"['(""service general"", ""positive"", ""Kellnerinnen"")', '(""service general"", ""positive"", ""Kellner"")', '(""ambience general"", ""positive"", ""NULL"")']"
593	Nette Menschen, gutes und leckeres Essen - bin über Tripadvisor drauf gekommen und werde definitiv wieder hingehen!	"['(""food quality"", ""positive"", ""Essen"")', '(""ambience general"", ""positive"", ""Menschen"")', '(""restaurant general"", ""positive"", ""NULL"")']"
594	Netter Empfang und freundlicher Service.	"['(""service general"", ""positive"", ""Empfang"")', '(""service general"", ""positive"", ""Service"")']"
595	Nicht kulant, knauserig, überheblich.	"['(""service general"", ""negative"", ""NULL"")']"
596	"Nie wieder ""Früh am LOC""...Soviel Arroganz, Ignoranz und Unfreundlichkeit kann EIN (1) Mensch doch gar nicht alleine haben!!"	"['(""service general"", ""negative"", ""NULL"")', '(""restaurant general"", ""negative"", ""NULL"")']"
597	Nie wieder Auerbachs Keller!	"['(""restaurant general"", ""negative"", ""Auerbachs Keller"")']"
598	Nix zu bemängeln.	"['(""restaurant general"", ""positive"", ""NULL"")']"
599	Noch nie so reingelegt worden.	"['(""restaurant general"", ""negative"", ""NULL"")']"
600	Nudelauflauf hat leider auch nach wenig geschmeckt.	"['(""food quality"", ""negative"", ""Nudelauflauf"")']"
601	Nun ja - dann halt nicht mehr.	"['(""restaurant general"", ""negative"", ""NULL"")']"
602	Nun ja, darauf hin Rechnung bestellt - was auch ein wenig schwierig war - und zur Konkurrenz auf der anderen Seite gewechselt.	"['(""service general"", ""negative"", ""Rechnung"")']"
603	Nur der Beilagensalat ist in seinem Mayonnaise-Dressing ertrunken.	"['(""food quality"", ""negative"", ""Beilagensalat"")']"
604	Nur noch 1 Punkt überzeugte...der Service.	"['(""service general"", ""positive"", ""Service"")']"
605	Obwohl es ein sehr großes Lokal ist, konnten wir uns sehr gut unterhalten und fanden die Atmosphäre sehr angenehm.	"['(""ambience general"", ""positive"", ""Atmosphäre"")']"
606	Ohne Reservierung einen guten Tisch bekommen.	"['(""service general"", ""positive"", ""NULL"")']"
607	Pancakes, Brot, Brötchen, Kuchen, Müsli, Joghurt, Säfte, Tee, Kaffee, Wurst, Käse, Mett, Eier, Bacon, Würstchen usw. Einfach klasse und wenn man einen Platz an der LOC bekommt, umso schöner.	"['(""food quality"", ""positive"", ""Pancakes"")', '(""food quality"", ""positive"", ""Brot"")', '(""food quality"", ""positive"", ""Brötchen"")', '(""food quality"", ""positive"", ""Kuchen"")', '(""food quality"", ""positive"", ""Müsli"")', '(""food quality"", ""positive"", ""Joghurt"")', '(""drinks quality"", ""positive"", ""Säfte"")', '(""drinks quality"", ""positive"", ""Tee"")', '(""drinks quality"", ""positive"", ""Kaffee"")', '(""food quality"", ""positive"", ""Wurst"")', '(""food quality"", ""positive"", ""Käse"")', '(""food quality"", ""positive"", ""Mett"")', '(""food quality"", ""positive"", ""Eier"")', '(""food quality"", ""positive"", ""Bacon"")', '(""food quality"", ""positive"", ""Würstchen"")', '(""ambience general"", ""positive"", ""Platz an der LOC"")']"
608	Parkplätze sind ausreichend vorhanden.	"['(""restaurant miscellaneous"", ""positive"", ""Parkplätze"")']"
609	Per total: einmal und nie wieder dort.	"['(""restaurant general"", ""negative"", ""NULL"")']"
610	Personal aber wirklich auf zack.	"['(""service general"", ""positive"", ""Personal"")']"
611	Personal auf zack und der Burger war wirklich seeehr lecker!	"['(""service general"", ""positive"", ""Personal"")', '(""food quality"", ""positive"", ""Burger"")']"
612	Personal ist sehr freundlich und aufmerksam.	"['(""service general"", ""positive"", ""Personal"")']"
613	Pizza nur noch spärlich belegt.	"['(""food quality"", ""negative"", ""Pizza"")']"
614	Plätze auf dem Balkon waren nicht frei und so saßen wir, abgetrennt durch ein ziemlich hässliches Seil direkt an der LOC.	"['(""ambience general"", ""negative"", ""Seil"")']"
615	"Pommes ok beim Schnitzel benötigt man dringend etwas zu trinken.... viel zu trocken 3 Pilze in der ""sauce"" eher Suppe."	"['(""food quality"", ""neutral"", ""Pommes"")', '(""food quality"", ""negative"", ""Schnitzel"")', '(""food quality"", ""negative"", ""sauce"")']"
616	Portion direkt bestellt) mit leckeren Knödel.	"['(""food quality"", ""positive"", ""Knödel"")']"
617	Portionen sind mehr als ausreichend, Preise sind human und Bedienung ist sehr freundlich.	"['(""service general"", ""positive"", ""Bedienung"")', '(""restaurant prices"", ""positive"", ""Preise"")', '(""food style_options"", ""positive"", ""Portionen"")']"
618	Preis, 14.90€, fand ich total überzogen.	"['(""restaurant prices"", ""negative"", ""Preis"")']"
619	Preis/Leistung stimmt nicht..	"['(""restaurant prices"", ""negative"", ""Preis/Leistung"")']"
620	"Problematisches P/L-Verhältnis bei den 6 ""fine de claires""-Austern (19,50€), weder geschmacklich noch von der Substanz befriedigend, da winzig; dem ""Loup de mer"" (26,90€) fehlte der Saft, er wirkte trocken und war im Übrigen ein Grätenmonster, der Spinat wirkte geschmacksneutral, die Bratkartoffeln waren deutlich zu kurz gebraten, kaum Bräunung."	"['(""food prices"", ""negative"", ""fine de claires-Austern"")', '(""food quality"", ""negative"", ""fine de claires-Austern"")', '(""food quality"", ""negative"", ""Loup de mer"")', '(""food quality"", ""negative"", ""Spinat"")', '(""food quality"", ""negative"", ""Bratkartoffeln"")', '(""food style_options"", ""negative"", ""fine de claires-Austern"")']"
621	Qualität der Speisen und Optik in Ordnung.	"['(""food quality"", ""neutral"", ""Speisen"")']"
622	Qualität des Essens Durchschnitt.	"['(""food quality"", ""neutral"", ""Essens"")']"
623	Qualität super, gerne werden wir wieder kommen	"['(""restaurant general"", ""positive"", ""NULL"")', '(""food quality"", ""positive"", ""NULL"")']"
624	RESTAURANT_NAME ist eine ganz wunderbare Lokalität auf dem LOC.	"['(""restaurant general"", ""positive"", ""RESTAURANT_NAME"")']"
625	RESTAURANT_NAME war voll besetzt, was für den sehr freundlichen Service natürlich eine Herausforderung war und wir mussten uns etwas gedulden, was man aber bei der gebotenen Qualität sehr gerne in Kauf nimmt.	"['(""service general"", ""positive"", ""Service"")', '(""food quality"", ""positive"", ""Qualität"")']"
626	Regelrecht zerkocht.	"['(""food quality"", ""negative"", ""NULL"")']"
627	Reklamation mit Schulterzucken quittiert	"['(""service general"", ""negative"", ""Reklamation"")']"
628	Richtig cool sind die vielen Stammtische, wo jeder ein eigenes Wappen hat, sowie die versperrten Bierkrüge.	"['(""ambience general"", ""positive"", ""Stammtische"")', '(""food quality"", ""positive"", ""Bierkrüge"")']"
629	Riesig große, mega leckere Pizza!	"['(""food quality"", ""positive"", ""Pizza"")']"
630	Rundum einfach gemütlich und fein.	"['(""ambience general"", ""positive"", ""NULL"")', '(""food quality"", ""positive"", ""NULL"")']"
631	SERVICEWir wurden nach dem Eintritt ins Restaurant freundlich begrüßt und konnten auch den Platz frei wählen.	"['(""service general"", ""positive"", ""NULL"")']"
632	Schade für die ehemalige Perle im LOC.	"['(""restaurant general"", ""negative"", ""NULL"")']"
633	Schade, ansonsten eine sehr schöne Gastronomie mit super netten Service.	"['(""restaurant general"", ""positive"", ""Gastronomie"")', '(""service general"", ""positive"", ""Service"")']"
634	Schade, denn das Essen und das Ambiente ist wirklich gut beim Röslein, aber bei den Preisen kann ich zumindest einen freundlichen Umgang erwarten.	"['(""food quality"", ""positive"", ""Essen"")', '(""ambience general"", ""positive"", ""Ambiente"")', '(""service general"", ""negative"", ""NULL"")']"
635	Schade, ich kann es nicht empfehlen!	"['(""restaurant general"", ""negative"", ""NULL"")']"
636	Schnelle Bedienung trotz voller Auslastung.	"['(""service general"", ""positive"", ""Bedienung"")']"
637	Schnelle Küche mit geringem Anspruch.	"['(""service general"", ""negative"", ""Küche"")']"
638	Schon beim betreten hat der Wirt respektlose und super unfreundliche Bemerkungen gemacht, ging dann so weiter und beim Bezahlungen hat ein anderer angestellter auch angefangen zu meckern.	"['(""service general"", ""negative"", ""Wirt"")', '(""service general"", ""negative"", ""angestellter"")']"
639	Schon im Glas sieht er unappetitlich trübe aus und schmeckt noch schlechter als er aussieht.	"['(""drinks quality"", ""negative"", ""Glas"")']"
640	"Schweinchenrosa gekachelt, Schlachthausatmosphäre, Plastiktische, Kühlschrank für ""Dry-Age Fleisch"", einfach stillos, ein no go."	"['(""ambience general"", ""negative"", ""Schlachthausatmosphäre"")', '(""ambience general"", ""negative"", ""Plastiktische"")']"
641	Schön eingerichtet und ein zauberhafter Biergarten im Sommer.	"['(""ambience general"", ""positive"", ""NULL"")', '(""ambience general"", ""positive"", ""Biergarten"")']"
642	Schöner Außenbereich	"['(""ambience general"", ""positive"", ""Außenbereich"")']"
643	Schönes Ambiente, freundliches und kompetentes Personal, kreative Speisekarte, leckeres Essen.	"['(""ambience general"", ""positive"", ""Ambiente"")', '(""service general"", ""positive"", ""Personal"")', '(""food style_options"", ""positive"", ""Speisekarte"")', '(""food quality"", ""positive"", ""Essen"")']"
644	Schönes Ambiente.	"['(""ambience general"", ""positive"", ""Ambiente"")']"
645	Sehr Enttäuscht für über 200 €	"['(""restaurant prices"", ""negative"", ""NULL"")']"
646	Sehr Schade!	"['(""restaurant general"", ""negative"", ""NULL"")']"
647	Sehr aufmerksame und nette Bedienung.	"['(""service general"", ""positive"", ""Bedienung"")']"
648	Sehr enttäuschend!Geronnene Sauce Hollondaise zum Spargel, Tütenzwiebeln zum Rostbraten, ölig geschmacksneutrale Salatsaucen, sehr dunkel frittierte Schnitzel um mittleren Preissegment.	"['(""food quality"", ""negative"", ""Sauce Hollondaise"")', '(""food quality"", ""negative"", ""Tütenzwiebeln"")', '(""food quality"", ""negative"", ""Salatsaucen"")', '(""food quality"", ""negative"", ""Schnitzel"")', '(""food prices"", ""neutral"", ""Preissegment"")']"
649	Sehr freundlich und professionell, seine Empfehlungen für Essen und Wein waren top!	"['(""service general"", ""positive"", ""NULL"")', '(""food quality"", ""positive"", ""Essen"")', '(""drinks quality"", ""positive"", ""Wein"")']"
650	Sehr freundlich, auch zu unserem Hund.	"['(""service general"", ""positive"", ""freundlich"")']"
651	Sehr freundliche Bedienung.	"['(""service general"", ""positive"", ""Bedienung"")']"
652	Sehr gut fanden wir die Auswahl an offenen Weinen.	"['(""drinks style_options"", ""positive"", ""Auswahl an offenen Weinen"")']"
653	Sehr gut gegessene.	"['(""food quality"", ""positive"", ""NULL"")']"
654	Sehr gute Qualität.	"['(""restaurant general"", ""positive"", ""NULL"")']"
655	Sehr guter und freundlicher Service.	"['(""service general"", ""positive"", ""Service"")']"
656	Sehr gutes Essen und Service.	"['(""food quality"", ""positive"", ""Essen"")', '(""service general"", ""positive"", ""Service"")']"
657	Sehr gutes Essen und ein toller persönlicher Service!	"['(""food quality"", ""positive"", ""Essen"")', '(""service general"", ""positive"", ""Service"")']"
658	Sehr hübsches bodenständigies Lokal.	"['(""restaurant general"", ""positive"", ""Lokal"")', '(""ambience general"", ""positive"", ""Lokal"")']"
659	Sehr leckere Getränke meine Empfehlung ist der Limoncello Spritz sehr erfrischend.	"['(""drinks quality"", ""positive"", ""Getränke"")', '(""drinks quality"", ""positive"", ""Limoncello Spritz"")']"
660	Sehr leckeres Bier.	"['(""drinks quality"", ""positive"", ""Bier"")']"
661	Sehr leckeres Essen in einem gemütlichen Ambiente.	"['(""food quality"", ""positive"", ""Essen"")', '(""ambience general"", ""positive"", ""Ambiente"")']"
662	Sehr leckeres Essen und lockere Atmosphäre.	"['(""food quality"", ""positive"", ""Essen"")', '(""ambience general"", ""positive"", ""Atmosphäre"")']"
663	Sehr nette Mitarbeiter.	"['(""service general"", ""positive"", ""Mitarbeiter"")']"
664	Sehr netter Service und leckeres Essen.	"['(""service general"", ""positive"", ""Service"")', '(""food quality"", ""positive"", ""Essen"")']"
665	Sehr netter Service!	"['(""service general"", ""positive"", ""Service"")']"
666	Sehr nettes Ambiente drin wie draußen.	"['(""ambience general"", ""positive"", ""Ambiente"")']"
667	Sehr nettes Ambiente, freundliches Servicepersonal und die Tapas waren ziemlich vielseitig und alle lecker!	"['(""ambience general"", ""positive"", ""Ambiente"")', '(""service general"", ""positive"", ""Servicepersonal"")', '(""food quality"", ""positive"", ""Tapas"")']"
668	Sehr nettes und zuvorkommendes Personal.	"['(""service general"", ""positive"", ""Personal"")']"
669	"Sehr positiv überzeugt von ""meinen"" beiden Kellnerinnen Lena und Ihre Ausbilderin Andrea."	"['(""service general"", ""positive"", ""Lena"")', '(""service general"", ""positive"", ""Andrea"")']"
670	Sehr schlechtes, versalzenes Essen.	"['(""food quality"", ""negative"", ""Essen"")']"
671	Sehr schön .	"['(""restaurant general"", ""positive"", ""NULL"")']"
672	Sehr schöne Lage mit Blick auf die LOC.	"['(""location general"", ""positive"", ""Lage"")', '(""ambience general"", ""positive"", ""Blick auf die LOC"")']"
673	Sehr unfreundliches Personal, Massenabfertigung, die Qualität der Speisen war in Ordnung, das Personal eindeutig überfordert	"['(""service general"", ""negative"", ""Personal"")', '(""food quality"", ""neutral"", ""Speisen"")', '(""service general"", ""negative"", ""Personal"")']"
674	Sehr zum Empfehlen.	"['(""restaurant general"", ""positive"", ""NULL"")']"
675	Seit das Gebäude um das ehemalige Steakhaus erweitert wurde, ist das Tuscolo ein echter Massenbetrieb geworden und hat seinen Charme total verloren.	"['(""ambience general"", ""negative"", ""Charme"")', '(""restaurant miscellaneous"", ""negative"", ""Tuscolo"")']"
676	Seit dem Umzug ist es draußen etwas eng, da natürlich viele Tische benötigt werden.	"['(""ambience general"", ""negative"", ""draußen"")']"
677	Service absolut unterirdisch.	"['(""service general"", ""negative"", ""Service"")']"
678	Service ist top, aber die Qualität das Essens war schrecklich.	"['(""service general"", ""positive"", ""Service"")', '(""food quality"", ""negative"", ""Essens"")']"
679	Service ließ leider zu Wünschen übrig.	"['(""service general"", ""negative"", ""Service"")']"
680	Service und Essen sind hervorragend.	"['(""service general"", ""positive"", ""Service"")', '(""food quality"", ""positive"", ""Essen"")']"
681	Service war freundlich und zügig.	"['(""service general"", ""positive"", ""Service"")']"
682	Sie gingen nur schwer vom Knochen.	"['(""food quality"", ""negative"", ""NULL"")']"
683	Sie war sehr dünn, der Geschmack, soweit vorhanden, kam nur von etwas Lauch.	"['(""food quality"", ""negative"", ""NULL"")']"
684	Sie war zäh, man hat das Fleisch vom Knochen nicht abbekommen.	"['(""food quality"", ""negative"", ""NULL"")']"
685	So einen schlechten Service hatten wir noch nicht erlebt.	"['(""service general"", ""negative"", ""Service"")']"
686	So ließen wir einen Großteil des Salates stehen, weil wir —eigentlich gute Esser— satt waren.	"['(""food style_options"", ""negative"", ""Salates"")']"
687	So schade!	"['(""restaurant general"", ""negative"", ""NULL"")']"
688	So verarscht man keine Kunden!	"['(""restaurant general"", ""negative"", ""NULL"")']"
689	Sorry, aber Hunde im Restaurant gehen garnicht.	"['(""ambience general"", ""negative"", ""Hunde im Restaurant"")']"
690	Sorry, ich kann’s nicht anders ausdrücken, aber das war wirklich ekelhaft.	"['(""food quality"", ""negative"", ""NULL"")']"
691	Sosse selbe wie bei der Ente...= -1Darum für den Preis von fast 60 Euro kann man eigentlich was besseres erwarten...Aber das juckt dort keinen weil es die Masse macht....	"['(""food prices"", ""negative"", ""Preis"")']"
692	Sowohl Vorspeisen als auch Hauptgang hat überrascht.	"['(""food quality"", ""positive"", ""Vorspeisen"")', '(""food quality"", ""positive"", ""Hauptgang"")']"
693	Speziell die Bedienungung Frau Vorname, LOC super aufmerksam, freundlich und nett.	"['(""service general"", ""positive"", ""Frau Vorname"")']"
694	Spezielles Flair macht diese Tapas Bar sehr empfehlenswert.	"['(""restaurant general"", ""positive"", ""Tapas Bar"")']"
695	Statt sich um die Gäste zu kümmern wurde vorgezogen lautstark und vor den Gästen zu telefonieren, private Unterhaltungen zu führen oder Raucherpausen zu machen.	"['(""service general"", ""negative"", ""NULL"")']"
696	Stattdessen wurde er absolut aggressiv, baute sich direkt vor uns auf und musste von einem seiner ebenfalls höchst arroganten Kollegen zurück gehalten werden, damit er nicht komplett eskalierte.	"['(""service general"", ""negative"", ""NULL"")', '(""service general"", ""negative"", ""Kollegen"")']"
697	Stühle etwas unbequem, aber mit Jacke drunter ging auch das.	"['(""ambience general"", ""negative"", ""Stühle"")']"
698	Super Abend, ich komme regelmäßig zum Steak essen in die RESTAURANT_NAME.	"['(""restaurant general"", ""positive"", ""RESTAURANT_NAME"")']"
699	Super Fleisch Beratung, essen gleichzeitig auf dem Tisch.	"['(""service general"", ""positive"", ""Beratung"")']"
700	Super Führung mit Martin, leckeres Essen, schöne Atmosphäre.	"['(""service general"", ""positive"", ""Martin"")', '(""service general"", ""positive"", ""Führung"")', '(""food quality"", ""positive"", ""Essen"")', '(""ambience general"", ""positive"", ""Atmosphäre"")']"
701	Super Restaurant, wir hatten das gar nicht erwartet und wollten nur kurz vor dem Starlight Express noch was essen.	"['(""restaurant general"", ""positive"", ""Restaurant"")']"
702	Super freundliche, zuvorkommende Bedienung!!	"['(""service general"", ""positive"", ""Bedienung"")']"
703	Super nette Bewirtung.	"['(""service general"", ""positive"", ""Bewirtung"")']"
704	Suppe war nicht heiß, kümmerte den Service aber nicht.	"['(""service general"", ""negative"", ""Service"")', '(""food quality"", ""negative"", ""Suppe"")']"
705	Teilweise nur sehr enge Bestuhlung.	"['(""ambience general"", ""negative"", ""Bestuhlung"")']"
706	Thunfisch Carpaccio war zu kalt, war vermutlich gefroren und wurde nicht rechtzeitig aufgetaut.	"['(""food quality"", ""negative"", ""Thunfisch Carpaccio"")']"
707	Tiho, der Beste, hat uns bedient, super freundlich, zuvorkommend und hat uns jeden Wunsch von den Augen abgelesen.	"['(""service general"", ""positive"", ""Tiho"")']"
708	Toiletten hätte ich für so eine Gastronomie auch sauberer erwartet!	"['(""restaurant miscellaneous"", ""negative"", ""Toiletten"")']"
709	Toiletten über Treppe oder Aufzug erreichbar und sauber.	"['(""restaurant miscellaneous"", ""positive"", ""Toiletten"")']"
710	Toll finde ich auch die Speisekarte.	"['(""food style_options"", ""positive"", ""Speisekarte"")']"
711	Tolle Auswahl an Speisen und Getränken.	"['(""food style_options"", ""positive"", ""Speisen"")', '(""drinks style_options"", ""positive"", ""Getränken"")']"
712	Tolle Vorspeise und kreatives Dessert.	"['(""food quality"", ""positive"", ""Vorspeise"")', '(""food quality"", ""positive"", ""Dessert"")']"
713	Toller Service, schnelle und aufmerksame Bedienung.	"['(""service general"", ""positive"", ""Service"")', '(""service general"", ""positive"", ""Bedienung"")']"
714	Top Service, vor allem Marco („Oberhase“) hat uns witzig und angenehm bewirtet.	"['(""service general"", ""positive"", ""Service"")', '(""service general"", ""positive"", ""Marco"")']"
715	Totaler Massenbetrieb, macht kein Spass zwischen LOC gesehen dabei zu sein.	"['(""restaurant miscellaneous"", ""negative"", ""Massenbetrieb"")']"
716	Touristisch, altmodisch eingerichtet, Essen mäßig, Wiener Schnitzel in der Fritteuse, zu lange drin gewesen, matschige Bratkartoffeln, einzig der Service war nett und zuvorkommend.	"['(""food quality"", ""neutral"", ""Essen"")', '(""ambience general"", ""negative"", ""NULL"")', '(""food quality"", ""negative"", ""Wiener Schnitzel"")', '(""food quality"", ""negative"", ""Bratkartoffeln"")', '(""service general"", ""positive"", ""Service"")']"
717	Trotz Reservierung unfreundlich abgewiesen.	"['(""service general"", ""negative"", ""NULL"")']"
718	Trotz des großen Andrangs ausgesprochen freundlicher, schneller Service.	"['(""service general"", ""positive"", ""Service"")']"
719	Typisches Brauhaus mit guter Atmosphäre und einem freundlichen, kompetenten Service.	"['(""ambience general"", ""positive"", ""Atmosphäre"")', '(""service general"", ""positive"", ""Service"")']"
720	Um 21:30 wird man unfreundlich abgewiesen.	"['(""service general"", ""negative"", ""NULL"")']"
721	Umfangreiche Speisekarte, für jeden was dabei, von Vorspeise bis Dessert.	"['(""food style_options"", ""positive"", ""Speisekarte"")', '(""food quality"", ""positive"", ""Vorspeise"")', '(""food quality"", ""positive"", ""Dessert"")']"
722	Umso größer dann die Enttäuschung !	"['(""restaurant general"", ""negative"", ""NULL"")']"
723	Und es hat sich gelohnt!!	"['(""restaurant general"", ""positive"", ""NULL"")']"
724	Und natürlich das Essen immer wieder super lecker.	"['(""food quality"", ""positive"", ""Essen"")']"
725	Und nochmals: wirklich netter Service.	"['(""service general"", ""positive"", ""Service"")']"
726	Unglaublich was für ein schlechter Service, zumal der für uns zuständige Kellner alle anderen Tische abräumte u abwischte.	"['(""service general"", ""negative"", ""Service"")', '(""service general"", ""negative"", ""Kellner"")']"
727	Uns hat das Ambiente der Metzgerei ebenfalls sehr gut gefallen.	"['(""ambience general"", ""positive"", ""Metzgerei"")']"
728	Unser letzter Besuch dort!	"['(""restaurant general"", ""negative"", ""NULL"")']"
729	Unser neuer Favorit in LOC!	"['(""restaurant general"", ""positive"", ""NULL"")']"
730	"Unsere 6 jährige Tochter kann ""leider"" noch kein Englisch - das hat das LOC aber scheinbar nicht verstanden 😉 Für uns war es der letzte Besuch."	"['(""service general"", ""negative"", ""NULL"")']"
731	Unsere Empfehlung beim Besuch in LOC 👍🏼	"['(""restaurant general"", ""positive"", ""NULL"")']"
732	Unsere Erwartungen wurden sogar noch übertroffen.	"['(""restaurant general"", ""positive"", ""NULL"")']"
733	Unsere Essen waren beide mehr oder weniger kalt!	"['(""food quality"", ""negative"", ""Essen"")']"
734	Unsere verschiedenen Gerichte waren alle frisch zubereitet, einschließlich der Beilagen von sehr guter Qualität und freundlich serviert.	"['(""food quality"", ""positive"", ""Gerichte"")', '(""food quality"", ""positive"", ""Beilagen"")', '(""service general"", ""positive"", ""NULL"")']"
735	Unter Strich - sehr enttäuschend!!	"['(""restaurant general"", ""negative"", ""NULL"")']"
736	Vergangene Weihnachten dort gewesen,unvergesslicher Heiligabend,-und jetzt?	"['(""restaurant general"", ""positive"", ""NULL"")']"
737	Verstehe 0 warum die Leute es gut finden	"['(""restaurant general"", ""negative"", ""NULL"")']"
738	Vertrauen Sie mir und besuchen auch Sie bei Ihrem nächsten LOC Besuch das Fischereihafen Restaurant.	"['(""restaurant general"", ""positive"", ""Fischereihafen Restaurant"")']"
739	Vielen Dank an das Team der RESTAURANT_NAME :)	"['(""service general"", ""positive"", ""Team"")']"
740	Vielen lieben Dank, die deutsche Küche in der Form aufzutischen.	"['(""food quality"", ""positive"", ""Küche"")']"
741	Vom Service gab es keine Nachfrage, warum wir das Gericht komplett zurückgehen haben lassen.	"['(""service general"", ""negative"", ""Service"")']"
742	Von 5 verschiedenen Bestellungen, war eine ungenießbar ( sauer, war gekippt ), ein Teller ungewürzt, zwei noch in Ordnung und ein Essen war gut.	"['(""drinks quality"", ""negative"", ""NULL"")', '(""food quality"", ""positive"", ""Essen"")', '(""food quality"", ""negative"", ""Teller"")', '(""food quality"", ""neutral"", ""NULL"")']"
743	Von Anfang bis Ende ein Erlebnis!	"['(""restaurant general"", ""positive"", ""NULL"")']"
744	Von außen recht unscheinbar entpuppt sich das Haus als gemütliches, uriges und stilecht eingerichtetes Altbiergasthaus mit großem Platzangebot.	"['(""ambience general"", ""positive"", ""Altbiergasthaus"")', '(""ambience general"", ""positive"", ""Platzangebot"")']"
745	Von der Preisstruktur her gehoben, kann die Qualität des Essens nicht mithalten: teilweise gut (Spargel), teilweise grottig (stark versalzene Beilagen , Gemüse nicht frisch, sondern an Tiefkühlgemüse erinnernd, sehr durchwachsenes Fleisch).	"['(""food quality"", ""negative"", ""Preisstruktur"")', '(""food quality"", ""negative"", ""Essens"")', '(""food quality"", ""positive"", ""Spargel"")', '(""food quality"", ""negative"", ""Beilagen"")', '(""food quality"", ""negative"", ""Gemüse"")', '(""food quality"", ""neutral"", ""Fleisch"")']"
746	Von dünn und knusprig, goldbraun gebraten keine Spur.	"['(""food quality"", ""negative"", ""NULL"")']"
747	Vor fünf Jahren waren wir schon mal Gäste und waren sehr zufrieden.	"['(""restaurant general"", ""positive"", ""NULL"")']"
748	Vorspeise Carpaccio und Salat war lecker … Pizza riesig!	"['(""food quality"", ""positive"", ""Carpaccio"")', '(""food quality"", ""positive"", ""Salat"")']"
749	Vorspeise Zaziki ganz nach meinem Geschmack.	"['(""food quality"", ""positive"", ""Zaziki"")']"
750	Vorspeise gut.	"['(""food quality"", ""positive"", ""Vorspeise"")']"
751	Vorspeise, Hauptgang und Dessert - alles war top!	"['(""food quality"", ""positive"", ""Vorspeise"")', '(""food quality"", ""positive"", ""Hauptgang"")', '(""food quality"", ""positive"", ""Dessert"")']"
752	Völlig überteuert, alles in allem ein Ärgernis.	"['(""restaurant general"", ""negative"", ""NULL"")', '(""restaurant prices"", ""negative"", ""NULL"")']"
753	Wagner muss man mögen............die Kellner sind schon seit mehr als 20 Jahren die gleichen und man muss Sie mögen.	"['(""service general"", ""positive"", ""Kellner"")', '(""restaurant general"", ""positive"", ""Wagner"")']"
754	War ein sehr gemütlicher Abend.	"['(""ambience general"", ""positive"", ""NULL"")']"
755	War von der Qualität der Tapas sehr enttäuscht.	"['(""food quality"", ""negative"", ""Tapas"")']"
756	War zwar viel los, dennoch hat das Personal nicht an Höflichkeit und Spaß verloren.	"['(""service general"", ""positive"", ""Personal"")']"
757	Waren dort um den Abend ausklingen zu lassen - habe beide Biere getrunken und muss sagen habe schon besseres getrunken.	"['(""drinks quality"", ""negative"", ""Biere"")']"
758	Waren zu Mittag im LOC und angenehm vom Ambiente überrascht.	"['(""ambience general"", ""positive"", ""Ambiente"")']"
759	Waren zudem vom innerstädtischen fairen Preis überrascht.	"['(""restaurant prices"", ""positive"", ""Preis"")']"
760	Was aber gar nicht geht, wenn zur happy hour- Zeit nur 0,4 statt 0,5 l eingeschenkt wird (schlechter eingeschenkt) um den billigeren Preis wett zu machen.	"['(""service general"", ""negative"", ""NULL"")']"
761	Was immer und sofort hängen bleibt: supersaubere Toiletten, der persönliche Empfang durch kleine Kärtchen am Tisch (Reserviert für XX und ihre Gäste bzw. Ich freue mich, dass Sie heute mein Gast sind) und eine herzliche Servicekraft, die jeden Wunsch von den Augen abliest.	"['(""restaurant miscellaneous"", ""positive"", ""Toiletten"")', '(""service general"", ""positive"", ""Empfang"")', '(""service general"", ""positive"", ""Servicekraft"")']"
762	Was ja vielleicht auch die Erklärung für die etwas müde und vor allem langweilige Performance sein könnte.	"['(""restaurant general"", ""negative"", ""NULL"")']"
763	Was überhaupt nicht geht is die Ausstattung - Besteck und Servietten sind Imbiss-Niveau und gehören nicht in einen Restaurant!!	"['(""restaurant miscellaneous"", ""negative"", ""Ausstattung"")', '(""restaurant miscellaneous"", ""negative"", ""Besteck"")', '(""restaurant miscellaneous"", ""negative"", ""Servietten"")']"
764	Weiter so!	"['(""food quality"", ""positive"", ""NULL"")']"
765	Wenn Sie eine malerische italienische Atmosphäre mit leckerem Essen genießen möchten, reicht es, ins RESTAURANT_NAME Restaurant zu kommen🍝🇮🇹.	"['(""ambience general"", ""positive"", ""Atmosphäre"")', '(""food quality"", ""positive"", ""Essen"")']"
766	Wenn da nicht die traumhafte Aussicht wäre …	"['(""ambience general"", ""positive"", ""Aussicht"")']"
767	Wenn der Betreiber mit keinem guten Beispiel vorangeht und dies der Belegschaft nicht vorlebt, dann kommt wie es kommen muss: Rundum feindseliges Ambiente.	"['(""ambience general"", ""negative"", ""Ambiente"")', '(""service general"", ""negative"", ""Betreiber"")']"
768	Wenn die laue Abendsonne über die Häuser streift und man dem Treiben hier noch einen letzten Blick zu wirft, dann ist die Welt in Ordnung.	"['(""ambience general"", ""positive"", ""Abendsonne"")', '(""ambience general"", ""positive"", ""Treiben"")']"
769	Wenn man ein Kaffeehaus betreibt, sollte die Kaffeequalität für sich sprechen.	"['(""drinks quality"", ""negative"", ""NULL"")']"
770	Wenn man in der Nähe ist, kann man hier gut hingehen.	"['(""restaurant general"", ""positive"", ""NULL"")']"
771	Wenn man sich für Tapas beim LOC entscheidet, möchte man auch entsprechende Tapas bekommen.	"['(""food quality"", ""negative"", ""Tapas"")']"
772	Wenn wir mal wieder in LOC sind, werden wir sicher wieder da essen gehen ☺️	"['(""restaurant general"", ""positive"", ""NULL"")']"
773	Wenn wir wieder einmal in LOC sind, kommen wir gerne wieder.	"['(""restaurant general"", ""positive"", ""NULL"")']"
774	Wer einen schönen Abend mit gutem Essen und in angenehmer Atmosphäre verbringen will , ist hier fehl am Platz.	"['(""food quality"", ""positive"", ""Essen"")', '(""ambience general"", ""positive"", ""Atmosphäre"")']"
775	Wer etwas besonderes sucht und das gewiss Etwas, ist hier richtig: charmantes, unaufdringliches Flair, familiäre und persönliche Atmosphäre und besondere, überwiegend unbekannte Nudelspezalitäten.	"['(""ambience general"", ""positive"", ""Flair"")', '(""ambience general"", ""positive"", ""Atmosphäre"")', '(""food quality"", ""positive"", ""Nudelspezalitäten"")']"
776	Wer hier - auch angesichts der Konkurrenz im Umfeld - moderne Fischküche erwartet, wird ebenso enttäuscht wie diejenigen, die angesichts des Preisniveaus auch bei Klassikern (z.B. der Hummer-Bisque) Raffinesse erwarten.	"['(""restaurant prices"", ""negative"", ""Preisniveaus"")', '(""food prices"", ""negative"", ""Klassikern"")', '(""food prices"", ""negative"", ""Hummer-Bisque"")', '(""food quality"", ""negative"", ""Fischküche"")']"
777	Wer in LOC gerne LOC isst, dem sei das „RESTAURANT_NAME“ empfohlen!	"['(""restaurant general"", ""positive"", ""RESTAURANT_NAME"")']"
778	Wer meint er müsse es unbedingt gesehen haben, kann auf eine Mass oder Halbe hier einkehren, aber zum Essen würde ich jedermann unbedingt eine anderes Lokal, von denen es genügend in der näheren Umgebung, gibt empfehlen.	"['(""food quality"", ""negative"", ""Essen"")']"
779	Wer sich bestrafen möchten bestellt ein Steak Tartare.	"['(""food quality"", ""negative"", ""Steak Tartare"")']"
780	Wer’s zünftig, laut und gesellig mag, der ist hier richtig.	"['(""ambience general"", ""positive"", ""NULL"")']"
781	Wie schon oben beschrieben kann man hier nett sitzen, zum essen würde ich lieber beim nächsten Besuch in LOC ein anderes Restaurant besuchen.	"['(""ambience general"", ""positive"", ""NULL"")', '(""food quality"", ""negative"", ""essen"")']"
782	Wir fanden keinen Pfifferling, nur etwas fleischfaseriges als Belag und Schnittlauch statt Frühlingszwiebeln!	"['(""food quality"", ""negative"", ""fleischfaseriges"")', '(""food quality"", ""negative"", ""Schnittlauch"")']"
783	Wir fragten nach wo sie bleiben und bekamen eine unfreundliche Antwort- wenn wir keine Zeit haben sollen wir gehen.	"['(""service general"", ""negative"", ""NULL"")']"
784	Wir freuen uns auf ein Wiedersehen!	"['(""restaurant general"", ""positive"", ""NULL"")']"
785	Wir haben Entrecotes/Filets, dazu superfeine Beilagen (zB Stampf, Schlotze oder Spinat) gegessen, im Nachgang noch die Spaghetti mit Tomatensauce (Eis-Dessert).	"['(""food quality"", ""positive"", ""Beilagen"")', '(""food quality"", ""positive"", ""Stampf"")', '(""food quality"", ""positive"", ""Schlotze"")', '(""food quality"", ""positive"", ""Spinat"")']"
786	Wir haben bei dem herrlichen Wetter draußen gesessen.	"['(""ambience general"", ""positive"", ""Wetter"")']"
787	Wir haben bisher immer sehr gut gegessen egal was wir von der Standardkarte oder der Tageskarte gegessen haben.	"['(""food quality"", ""positive"", ""NULL"")']"
788	Wir haben da dann offensichtlich einen schlechten Tag erwischt.	"['(""restaurant general"", ""negative"", ""NULL"")']"
789	Wir haben eine Stunde darauf gewartet, dass wir berücksichtigt wurden.	"['(""service general"", ""negative"", ""NULL"")']"
790	Wir haben einen tollen Abend verlebt mit nettem Personal und tollen Steaks.	"['(""service general"", ""positive"", ""Personal"")', '(""food quality"", ""positive"", ""Steaks"")']"
791	Wir haben hier unseren Jahrestag verbracht und es war einfach ein wundervoller Abend.	"['(""restaurant general"", ""positive"", ""NULL"")']"
792	Wir haben uns quer durchs Angebot geschlemmt und wurden nicht enttäuscht!	"['(""food quality"", ""positive"", ""Angebot"")']"
793	Wir haben uns sehr wohl gefühlt , tolle Atmosphäre !	"['(""ambience general"", ""positive"", ""Atmosphäre"")']"
794	Wir haben uns sehr wohl gefühlt und werden wieder kommen!	"['(""restaurant general"", ""positive"", ""NULL"")']"
795	Wir haben uns von der ersten Minute an sehr wohl gefühlt.	"['(""ambience general"", ""positive"", ""NULL"")']"
796	Wir haben über 90 Minuten gewartet, bis wir unser Essen bekommen haben.	"['(""service general"", ""negative"", ""NULL"")']"
797	Wir haben über eine Stunde auf unser Essen warten müssen.	"['(""service general"", ""negative"", ""NULL"")']"
798	Wir hatten alle eine Schweinshaxe, die ruckzuck und noch vor den Getränken (!)	"['(""service general"", ""positive"", ""NULL"")']"
799	Wir hatten andere, bzw. bessere Erinnerungen von diesem Restaurant.	"['(""restaurant general"", ""negative"", ""Restaurant"")']"
800	Wir hatten ein Mittagessen mit dem Kollegium geplant, Essen war im Voraus bestellt, wie mit dem Geschäftsführer vereinbart und vor Ort wusste man von nichts.	"['(""service general"", ""negative"", ""NULL"")']"
801	Wir hatten einen wunderbaren Abend in der oberen Etage des Restaurants.	"['(""ambience general"", ""positive"", ""NULL"")']"
802	Wir hatten für 15 Personen einen Tisch reserviert und mussten trotzdem 20 min warten, obwohl wir pünktlich da waren.	"['(""service general"", ""negative"", ""NULL"")']"
803	Wir hatten zunächst eine Gans zu Weihnachten, die war spektakulär und braucht keinen Vergleich zu scheuen.	"['(""food quality"", ""positive"", ""Gans"")']"
804	Wir hatten zwei wunderschöne Abende und alles hat gepasst.	"['(""restaurant general"", ""positive"", ""NULL"")']"
805	Wir kommen erst Mal laaange Zeit nicht mehr.	"['(""restaurant general"", ""negative"", ""NULL"")']"
806	Wir kommen gern wieder.	"['(""restaurant general"", ""positive"", ""NULL"")']"
807	Wir kommen gerne wieder	"['(""restaurant general"", ""positive"", ""NULL"")']"
808	Wir kommen jederzeit gern wieder.	"['(""restaurant general"", ""positive"", ""NULL"")']"
809	Wir kommen nicht wieder.	"['(""restaurant general"", ""negative"", ""NULL"")']"
810	Wir konnten uns von der vorzüglichen Qualität der regionalen und selbst gemachten Produkte überzeugen.	"['(""food quality"", ""positive"", ""Produkte"")']"
811	Wir können das Restaurant auf jeden Fall empfehlen.	"['(""restaurant general"", ""positive"", ""Restaurant"")']"
812	Wir mussten fast 2 Stunden auf den Hauptgang warten!	"['(""service general"", ""negative"", ""NULL"")']"
813	Wir nahmen Platz und nichts geschah.	"['(""service general"", ""negative"", ""NULL"")']"
814	Wir sind immer wieder gerne zu Gast in der RESTAURANT_NAME :)	"['(""restaurant general"", ""positive"", ""RESTAURANT_NAME"")']"
815	Wir sind maximal enttäuscht und werden uns überlegen, ob wir wirklich nochmal hingehen.	"['(""restaurant general"", ""negative"", ""NULL"")']"
816	"Wir verbrachten einen gemütlichen Abend im ""RESTAURANT_NAME""."	"['(""restaurant general"", ""positive"", ""NULL"")']"
817	Wir waren begeistert und können das Lokal absolut weiterempfehlen	"['(""restaurant general"", ""positive"", ""Lokal"")']"
818	Wir waren enttäuscht über die so hochgelobte RESTAURANT_NAME.	"['(""r"", ""negative"", ""RESTAURANT_NAME"")']"
819	Wir waren heute zum zweiten Mal da, das erste Mal war wirklich traumhaft.	"['(""restaurant general"", ""positive"", ""NULL"")']"
820	Wir waren hier essen und mit der Qualität des Essens wirklich super zufrieden.	"['(""food quality"", ""positive"", ""Essens"")']"
821	Wir waren hier zum Mittagessen und wurden eher enttäuscht.	"['(""restaurant general"", ""negative"", ""NULL"")']"
822	Wir waren jetzt schon zum 4 Mal hier im Augustiner und es ist für uns immer eine Anlaufstelle in LOC.	"['(""restaurant general"", ""positive"", ""Augustiner"")']"
823	Wir waren mit unserer Tochter dort und wurden leider schwer enttäuscht.	"['(""restaurant general"", ""negative"", ""NULL"")']"
824	Wir waren sehr enttäuscht, konnten aber über Open Table einen Tisch in einem anderen Stuttgarter Restaurant (Weinsteige) bekommen, wo problemlos auf alle Allergien eingegangen wurde (Trotz festem Menu!)	"['(""restaurant miscellaneous"", ""negative"", ""NULL"")']"
825	Wir waren sehr unzufrieden, werden auch nicht mehr zu Gast sein.	"['(""restaurant general"", ""negative"", ""NULL"")']"
826	Wir waren uns einig: Sooo schlecht wir hier, war das Paket noch nie !	"['(""restaurant general"", ""negative"", ""NULL"")']"
827	Wir waren vom Ambiente und der warmen Herzlichkeit sehr angetan und haben uns sofort sehr wohl und sehr gut gefühlt.	"['(""ambience general"", ""positive"", ""Ambiente"")', '(""service general"", ""positive"", ""Herzlichkeit"")']"
828	Wir waren zufrieden, für den starken Geschäftsgang, kann das Restaurant ja nichts.	"['(""restaurant general"", ""positive"", ""NULL"")']"
829	Wir werden das Restaurant sicherlich noch einige Male besuchen.	"['(""restaurant general"", ""positive"", ""Restaurant"")']"
830	Wir werden nach unserem eigenen Erlebnis nicht mehr dort hingehen.	"['(""restaurant general"", ""negative"", ""NULL"")']"
831	Wir werden nie wieder eine Filiale dieser Gastronomie Kette mit solch asozialem Personal besuchen!	"['(""restaurant general"", ""negative"", ""Gastronomie Kette"")', '(""service general"", ""negative"", ""Personal"")']"
832	Wir werden zurückkommen!	"['(""restaurant general"", ""positive"", ""NULL"")']"
833	Wir wiesen den Chef de Service darauf hin, dass der Platz ungenügend war.	"['(""ambience general"", ""negative"", ""Platz"")']"
834	Wir wollten uns zum Hochzeitstag mal was besonderes gönnen , doch sind wir beide sehr entäuscht worden , das Schnitzel war nicht nur schlabberig sondern auch ungewürzt , die Jägersoße war auch nicht besser , ein kleiner Salat sollte eigentlich zu jedem Gericht gehören , einzig die Bedienung war freundlich .	"['(""food quality"", ""negative"", ""Schnitzel"")', '(""food quality"", ""negative"", ""Jägersoße"")', '(""service general"", ""positive"", ""Bedienung"")']"
835	Wir wurden auch sehr nett begrüßt und an unseren Platz gebracht.	"['(""service general"", ""positive"", ""NULL"")']"
836	Wir wurden bedient von dem netten Fräulein Susanna.	"['(""service general"", ""positive"", ""Susanna"")']"
837	Wir wurden gut bedient, obwohl der Laden sehr voll war und die Kellner kaum zum Verschnaufen kamen.	"['(""service general"", ""positive"", ""NULL"")']"
838	Wir wurden mit den anderen Gästen rausgekehrt und aufgrund der internen, lautstarken Streitigkeiten des Personals bemerkte man unsere Verabschiedung nicht einmal.	"['(""service general"", ""negative"", ""Personals"")']"
839	Wir wurden sehr, sehr freundlich von LUCA bedient.	"['(""service general"", ""positive"", ""LUCA"")']"
840	"Wir wurden von einem sehr arroganten ""Platzanweiser"" am Eingang empfangen."	"['(""service general"", ""negative"", ""Platzanweiser"")']"
841	Wirklich nicht gut.	"['(""restaurant general"", ""negative"", ""NULL"")']"
842	Wundervolles Essen.	"['(""food quality"", ""positive"", ""Essen"")']"
843	Wurden direkt freundlich empfangen.	"['(""service general"", ""positive"", ""NULL"")']"
844	Wuselig, lecker und voll.	"['(""ambience general"", ""negative"", ""NULL"")', '(""food quality"", ""positive"", ""NULL"")']"
845	Während die Salsiccia noch in Ordnung war, war die Pizza Gamberetti komplett trocken.	"['(""food quality"", ""neutral"", ""Salsiccia"")', '(""food quality"", ""negative"", ""Pizza Gamberetti"")']"
846	Würde gerne mehr als fünf Sterne geben!	"['(""restaurant general"", ""positive"", ""NULL"")']"
847	Zu abgehoben, man fühlt sich vorgeführt.	"['(""restaurant general"", ""negative"", ""NULL"")']"
848	Zu guter letzt wollte man uns für den Wein mehr berechnen als auf der Karte steht 🙁	"['(""service general"", ""negative"", ""NULL"")']"
849	Zudem war alles sehr überteuert, da hätten wir wenigstens etwas mehr Entgegenkommen erwartet.	"['(""restaurant prices"", ""negative"", ""NULL"")', '(""service general"", ""negative"", ""NULL"")']"
850	Zum Korrigieren war der Kellner nicht bereit!	"['(""service general"", ""negative"", ""Kellner"")']"
851	Zum Schluss hat eine nette Kellnerin aus einem anderen Saal unsere Bestellung aufgenommen.	"['(""service general"", ""positive"", ""Kellnerin"")']"
852	Zum Servicepersonal, der Küche und dem „Chef im Ring“ bleibt zu sagen: umsichtig, freundlich und gut eingestimmt machten uns die Stunden im Biergarten recht viel Freude!	"['(""service general"", ""positive"", ""Servicepersonal"")', '(""service general"", ""positive"", ""Chef im Ring"")']"
853	aber leider die Qualität der Gerichte ist echt nichts besonders.	"['(""food quality"", ""negative"", ""Gerichte"")']"
854	alles in einem einfach für jeden und immer wieder gern zu empfehlen!!!!	"['(""restaurant general"", ""positive"", ""NULL"")']"
855	am 25.12.2022 haben wir ohne Reservierung einen schönen Tisch bekommen und wurden von Danielo, einem erfahrenem und engagiertem Ober kompetent beraten und bedient.	"['(""service general"", ""positive"", ""Danielo"")']"
856	das spätere essen (Pizza) war wirklich gut, aber so viel Zeit während der Woche haben wir nicht und werden deshalb auch nicht wieder kommen.	"['(""food quality"", ""positive"", ""essen (Pizza"")']"
857	hat uns die Geschäftsführerin ohne Begrüßung oder freundlicher Ansprache an einen freien Tisch geführt...	"['(""service general"", ""negative"", ""Geschäftsführerin"")']"
858	lang sehr wohl gefühlt!	"['(""restaurant general"", ""positive"", ""NULL"")']"
859	super freundlich und sehr engagiert und auf zack!	"['(""service general"", ""positive"", ""NULL"")']"
860	und auch Getränke waren immer da.	"['(""service general"", ""positive"", ""NULL"")']"
861	und wir einen wunderbaren Abend mit extrem leckerem und einfallsreichen Essen verbrachten!	"['(""food quality"", ""positive"", ""Essen"")', '(""restaurant general"", ""positive"", ""NULL"")']"
862	unumgängliches Restaurant!	"['(""restaurant general"", ""positive"", ""Restaurant"")']"
863	wahren alle super zuvorkommend und lieb.	"['(""service general"", ""positive"", ""NULL"")']"
864	wir kommen wieder!	"['(""restaurant general"", ""positive"", ""NULL"")']"
865	Übel in der Optik und dem faden Geschmack.	"['(""food quality"", ""negative"", ""NULL"")']"
866	Über die Cocktailpreise reden wir lieber nicht.	"['(""drinks prices"", ""negative"", ""Cocktailpreise"")']"
867	Über die wartenden Kunden an den Tischen, die eher stoisch anmutenden Menschen hinter den Theken und die nicht freundlichen Bedienungen und Geschäftsführerin lässt sich kein gutes Urteil bilden.	"['(""service general"", ""negative"", ""Menschen hinter den Theken"")', '(""service general"", ""negative"", ""Bedienungen"")', '(""service general"", ""negative"", ""Geschäftsführerin"")']"
868	Über eine Stunde aufs Essen warten, und dann ist bei allen Gerichten mit Salat/Gemüse einiges an Sand im Essen.	"['(""food quality"", ""negative"", ""Gerichten mit Salat/Gemüse"")', '(""service general"", ""negative"", ""NULL"")']"
869	Überfordertes Personal, mittelmäßiges Essen, man zahlt dafür, dass man im Zentrum von LOC ist.	"['(""service general"", ""negative"", ""Personal"")', '(""food quality"", ""neutral"", ""Essen"")']"
870	☹️ Wir wurden sehr enttäuscht.	"['(""restaurant general"", ""negative"", ""NULL"")']"
871	Dies war das schlechteste Wienerschnitzel welches ich in den letzten Jahren gegessen habe.	"['(""food quality"", ""negative"", ""Wienerschnitzel"")']"
872	also nicht mal 2 Punkte, Bedienung war freundlich.....aber seit 2 Tagen Magen-Darm Verstimmung....teuer und schlecht	"['(""service general"", ""positive"", ""Bedienung"")', '(""restaurant general"", ""negative"", ""NULL"")', '(""restaurant prices"", ""negative"", ""NULL"")']"
873	Das Wildgulasch ist ok, jedoch keinesfalls den Erwartungen entsprechend.	"['(""food quality"", ""neutral"", ""Wildgulasch"")']"
874	Die Biere waren ansprechend, das Essen Brauhaus-typisch und gemäß des Namens eher Bayrisch als Sächsisch, wobei auch ein paar sächsische Spezialitäten auf der Karte zu finden sind.	"['(""food quality"", ""positive"", ""Essen"")', '(""drinks quality"", ""positive"", ""Biere"")']"
875	Was ganz besonderes in LOC.	"['(""restaurant general"", ""positive"", ""NULL"")']"
876	Fleisch komplett durch und zwar mehr als Well Done!	"['(""food quality"", ""negative"", ""Fleisch"")']"
877	Dafür fehlte die Kräuterrahmsauce komplett und auch hier war von Abschmecken nichts zu bemerken.	"['(""food quality"", ""negative"", ""NULL"")']"
878	Schade	"['(""restaurant general"", ""negative"", ""NULL"")']"
879	Macht weiter so.	"['(""restaurant general"", ""positive"", ""NULL"")']"
880	Der Grießpudding schmeckte sehr mehlig und die Heidelbeeren waren mit 3 St. und einer Himbeere sehr überschaubar.	"['(""food quality"", ""negative"", ""Grießpudding"")', '(""food style_options"", ""negative"", ""Heidelbeeren"")', '(""food style_options"", ""negative"", ""Himbeere"")']"
881	Das Preisniveau der Hauptspeisen bewegt sich zumeist bei über 30 Euro, Und ein Pils muss ebensowenig 8 Euro kosten wie ein Grappa 10,00!	"['(""drinks prices"", ""negative"", ""Grappa"")', '(""drinks prices"", ""negative"", ""Pils"")']"
882	Dafür ohne Reservierung im überfüllten RESTAURANT_NAME trotzdem eine angenehme Platz-Zuweisung vor Ort,naja,bei DEN Preisen…	"['(""service general"", ""positive"", ""Platz-Zuweisung"")', '(""restaurant prices"", ""negative"", ""NULL"")']"
883	Sehr freundlicher Service und das Essen war qualitativ und geschmacklich sehr gut.	"['(""food quality"", ""positive"", ""Essen"")', '(""service general"", ""positive"", ""Service"")']"
884	Grandioses Essen und wunderschöne Atmosphäre.	"['(""food quality"", ""positive"", ""Essen"")', '(""ambience general"", ""positive"", ""Atmosphäre"")']"
885	Der Cappuccino leider wässrig und kaum Milchschaum.	"['(""drinks quality"", ""negative"", ""Cappuccino"")']"
886	Kommen immer gerne wieder hier her und das schon eine sehr sehr lange Zeit und haben bis heute keinen Tag bereut den wir hier waren.	"['(""restaurant general"", ""positive"", ""NULL"")']"
887	"Die Weine aus dieser ""kleinen Weinregion"" passten sensationell zu den jeweiligen Gängen und zeugten von der Qualität des Sommeliers."	"['(""drinks quality"", ""positive"", ""Weine"")', '(""service general"", ""positive"", ""Sommeliers"")']"
888	"Wir hätten uns dann wohl im Sinne dieser "" Menschlichkeit"" in den Regen setzen dürfen."	"['(""service general"", ""negative"", ""NULL"")']"
889	Das Personal ist sehr sehr nett und zuvorkommend.	"['(""service general"", ""positive"", ""Personal"")']"
890	Sehr schade!	"['(""restaurant general"", ""negative"", ""NULL"")']"
891	Wir waren gleich 2x da -sehr zu empfehlen!	"['(""restaurant general"", ""positive"", ""NULL"")']"
892	Sehr schlechte Bedienung Total überhöhte Preise.	"['(""service general"", ""negative"", ""Bedienung"")', '(""restaurant prices"", ""negative"", ""NULL"")']"
893	(Tripadvisor die Bewertung gut leider nicht) Die Lammhaxe war sehr gut!	"['(""food quality"", ""positive"", ""Lammhaxe"")']"
894	Sehr gern wieder, die Teilnehmer waren sehr zufrieden.	"['(""restaurant general"", ""positive"", ""NULL"")']"
895	Tolles Essen, kompetentes Personal und gemütliches Ambiente… Ein gelungener Abend für uns und absolut weiterzuempfehlen!!	"['(""food quality"", ""positive"", ""Essen"")', '(""ambience general"", ""positive"", ""Ambiente"")', '(""restaurant general"", ""positive"", ""NULL"")', '(""service general"", ""positive"", ""Personal"")']"
896	Das Fleisch vom Hauptgang war Ihnen kalt.	"['(""food quality"", ""negative"", ""Fleisch"")']"
897	Mein Bier das mir vorgesetzt wurde war entweder nur zur Hälfte befüllt oder durch die Hitze im Restaurant einfach auf dem weg zum Tisch verdunstet.	"['(""drinks quality"", ""negative"", ""Bier"")']"
898	Das Essen hat uns auch nicht überzeugt, da es etwas lieblos zubereitet daherkam.	"['(""food quality"", ""negative"", ""Essen"")']"
899	Das Essen - Haxe wir Kaiserschmarrn - war ein kompletter Reinfall.	"['(""food quality"", ""negative"", ""Haxe"")', '(""food quality"", ""negative"", ""Kaiserschmarrn"")', '(""food quality"", ""negative"", ""Essen"")']"
900	Leckerer Wein, super Tapas!	"['(""drinks quality"", ""positive"", ""Wein"")', '(""food quality"", ""positive"", ""Tapas"")']"
901	Die Lage ist wirklich wunderbar direkt an der Binnenalster.	"['(""ambience general"", ""positive"", ""Lage"")']"
902	Das Restaurant im Keller war toll und gut besucht.	"['(""restaurant general"", ""positive"", ""Restaurant im Keller"")']"
903	Die Kellner waren aufmerksam und zuvorkommend und kannten sich in jeglicher Hinsicht sehr gut aus, egal ob Speise- oder Weinkarte.	"['(""service general"", ""positive"", ""Kellner"")']"
904	Das Essen war in Ordnung, die Portionen groß und der Service nett.	"['(""food quality"", ""neutral"", ""Essen"")', '(""food style_options"", ""positive"", ""Portionen"")', '(""service general"", ""positive"", ""Service"")']"
905	Für das Essen 5 von 5 Sternen- war lecker und reichlich, Preislich etwas angehoben.	"['(""food quality"", ""positive"", ""Essen"")', '(""food style_options"", ""positive"", ""Essen"")', '(""restaurant prices"", ""negative"", ""NULL"")']"
906	Sehr schöne Atmosphäre, guter Hauswein, freundliches Personal, haben nur was getrunken, daher kann ich Essen nicht beurteilen.	"['(""ambience general"", ""positive"", ""Atmosphäre"")', '(""drinks quality"", ""positive"", ""Hauswein"")', '(""service general"", ""positive"", ""Personal"")']"
907	Ein absolutes NO-GO Lokal, für Kund*innen die für sich beanspruchen, willkommen geheißen und freundlich behandelt zu werden.	"['(""restaurant general"", ""negative"", ""Lokal"")']"
908	RESTAURANT_NAME ist eines mit konsequenter Speisekarte.	"['(""food style_options"", ""positive"", ""Speisekarte"")']"
909	Die Bedienung war sehr freundlich, das Essen entsprach einem guten Convenience Durchschnitt und ist auf die breite Masse ausgelegt.	"['(""food quality"", ""positive"", ""Essen"")', '(""service general"", ""positive"", ""Bedienung"")']"
910	Sie hat sich trotz des Stresses sehr bemüht.	"['(""service general"", ""positive"", ""NULL"")']"
911	Qualitativ hatten wir erheblich besseres erwartet als zähes Wildfleisch mit bestenfalls durchschnittlichen Geschmack.	"['(""food quality"", ""negative"", ""Wildfleisch"")']"
912	Gerne wieder.	"['(""restaurant general"", ""positive"", ""NULL"")']"
913	Sehr schade.	"['(""restaurant general"", ""negative"", ""NULL"")']"
914	Wir hatten einen super Abend hier in der RESTAURANT_NAME.	"['(""restaurant general"", ""positive"", ""RESTAURANT_NAME"")']"
915	Muss nicht sein.	"['(""restaurant general"", ""negative"", ""NULL"")']"
916	Die Beilagen wären noch ok gewesen, der Braten selbst jedoch einfach noch nicht fertig und zäh.	"['(""food quality"", ""neutral"", ""Beilagen"")', '(""food quality"", ""negative"", ""Braten"")']"
917	Obwohl wir rechtzeitig und lange genug vorher reserviert haben, war kein Platz im LOC für uns reserviert.	"['(""service general"", ""negative"", ""NULL"")']"
918	Immer wieder gerne.	"['(""restaurant general"", ""positive"", ""NULL"")']"
919	Vorab: solide ist das schon, was man hier kriegt.	"['(""restaurant general"", ""positive"", ""NULL"")']"
920	Service ist zuvorkommend und schnell - wobei wir nicht zur Rush Hour hier waren.	"['(""service general"", ""positive"", ""Service"")']"
921	Totale Abzocke und massivst überbewertet.	"['(""restaurant general"", ""negative"", ""NULL"")', '(""restaurant prices"", ""negative"", ""NULL"")']"
922	Essen konnte erst nach 1,5 Stunden bestellt werden!	"['(""service general"", ""negative"", ""NULL"")']"
923	Bratkartoffeln, Sauerkraut, Kartoffelstampf, Schnitzel, Grüne Soße - alles sehr lecker.	"['(""food quality"", ""positive"", ""Bratkartoffeln"")', '(""food quality"", ""positive"", ""Schnitzel"")', '(""food quality"", ""positive"", ""Grüne Soße"")', '(""food quality"", ""positive"", ""Sauerkraut"")', '(""food quality"", ""positive"", ""Kartoffelstampf"")']"
924	Das Essen ist mittelmäßig, geschmacklich kein Highlight, kein Unterschied zu einem normalen Asia Imbiss.	"['(""food quality"", ""neutral"", ""Essen"")']"
925	Wir würden wiederkommen.	"['(""restaurant general"", ""positive"", ""NULL"")']"
926	Einem männlichen Kellner bzw. Platzanweiser passte dies nicht und er blaffte uns unverschämt an.	"['(""service general"", ""negative"", ""Kellner"")', '(""service general"", ""negative"", ""Platzanweiser"")']"
927	Riesige Räume mit schlechter Belüftung.	"['(""ambience general"", ""negative"", ""Belüftung"")']"
928	Ein sehr schönes Lokal mit ansprechendem Ambiente.	"['(""ambience general"", ""positive"", ""Ambiente"")', '(""ambience general"", ""positive"", ""Lokal"")']"
929	Köstlich!	"['(""food quality"", ""positive"", ""NULL"")']"
930	Mit der Kellnerin wird lieber geredet, als uns zu bewirten.	"['(""service general"", ""negative"", ""Kellnerin"")']"
931	Auch die Weinkarte ist sehr zu empfehlen sowie eine hervorragende Auswahl an Grappa Spezialitäten!	"['(""drinks quality"", ""positive"", ""Weinkarte"")', '(""food style_options"", ""positive"", ""Auswahl an Grappa Spezialitäten"")']"
932	Das Steak war hervorragend, Kartoffelstampf und Pommes normal, gut.	"['(""food quality"", ""positive"", ""Pommes"")', '(""food quality"", ""positive"", ""Kartoffelstampf"")', '(""food quality"", ""positive"", ""Steak"")']"
933	Getränke sowie Vorspeise und Hauptgang ließen ebenfalls nicht lange auf sich warten & speziell das Essen war über alle Maßen ausreichend und ein wahrer Genuss.	"['(""service general"", ""positive"", ""Getränke"")', '(""service general"", ""positive"", ""Hauptgang"")', '(""food quality"", ""positive"", ""Essen"")', '(""food style_options"", ""positive"", ""Essen"")', '(""service general"", ""positive"", ""Vorspeise"")']"
934	Sehr guter Service von Lena.	"['(""service general"", ""positive"", ""Lena"")']"
935	Freuen uns solch ein Restaurant entdeckt zu haben!	"['(""restaurant general"", ""positive"", ""Restaurant"")']"
936	Unbedingt fernbleiben!	"['(""restaurant general"", ""negative"", ""NULL"")']"
937	Geschätzt 10 Bedienungen haben versucht uns zu versorgen immer wieder Doppelbestellungen, weil keiner wirklich Wuste was der andere macht.	"['(""service general"", ""negative"", ""Bedienungen"")']"
938	Gestiegene Kosten hin oder her, ist diese LOC nun die teuerste in LOC und hat mit einem nachvollziehbaren Preis nichts mehr zu tun.	"['(""restaurant prices"", ""negative"", ""NULL"")']"
939	Immer wieder gerne!	"['(""restaurant general"", ""positive"", ""NULL"")']"
940	Service ebenfalls naja… nachdem wir 15 Minuten saßen und der Kellner mehrmals um uns rum gelaufen war, Leute die nach uns da waren bereits ihr Getränk hatte, haben wir dann mal um Karten gebeten… and so on.	"['(""service general"", ""negative"", ""Service"")']"
941	Highlight vorne weg war das Baguette mit Aioli.	"['(""food quality"", ""positive"", ""Baguette mit Aioli"")']"
942	Kein einziges Mal wurde gefragt, ob wir noch was trinken möchten oder andere Wünsche haben.	"['(""service general"", ""negative"", ""NULL"")']"
943	Service am Kunden ist ein Fremdwort.	"['(""service general"", ""negative"", ""Service"")']"
944	Aber was den Besuch noch unvergesslicher gemacht hat, war der super nette und kompetente Kellner Bruno.	"['(""restaurant general"", ""positive"", ""NULL"")', '(""service general"", ""positive"", ""Bruno"")']"
945	Geschmacklich war es okay.	"['(""food quality"", ""neutral"", ""NULL"")']"
946	"Das ""neue"" Thai & Turf hat leider nichts mehr mit unseren Erfahrungen an der alten Location zu tun."	"['(""restaurant general"", ""negative"", ""Thai & Turf"")']"
947	Wir waren schon öfters hier, war immer top.	"['(""restaurant general"", ""positive"", ""NULL"")']"
948	Wir kommen gerne wieder.	"['(""restaurant general"", ""positive"", ""NULL"")']"
949	Sehr schönes Ambiente und die Bedienungen haben sehr gute Laune und Spaß an ihrer Arbeit.	"['(""ambience general"", ""positive"", ""Ambiente"")', '(""service general"", ""positive"", ""Bedienungen"")']"
950	Ein sehr freundlicher Service, Essen qualitativ ausgezeichnet!	"['(""food quality"", ""positive"", ""Essen"")', '(""service general"", ""positive"", ""Service"")']"
951	Ambiente ist für eine Brauereiwirtschaft passend.	"['(""ambience general"", ""positive"", ""Ambiente"")']"
952	Wir wurden besonders schlecht bedient, damit angefangen hat es, dass wir das Brot als Vorspeise bekommen haben, nachdem wir bereis unsere Hauptspeise erhalten haben.	"['(""service general"", ""negative"", ""NULL"")']"
953	Es fing damit an, dass wir trotz schriftlich bestätigter Reservierung warten mussten, unfreundlich behandelt - das Restaurant ist auf maximale Auslastung getrimmt.	"['(""service general"", ""negative"", ""NULL"")']"
954	Die Bedienung ist super nett und das Essen war wirklich wunderbar!	"['(""food quality"", ""positive"", ""Essen"")', '(""service general"", ""positive"", ""Bedienung"")']"
955	Ich war mit meiner Tochter dort und haben einen sehr schönen Abend verbracht.	"['(""restaurant general"", ""positive"", ""NULL"")']"
956	Die Speisen sind in Ordnung.	"['(""food quality"", ""neutral"", ""Speisen"")']"
957	Hoffnungslos überteuert bei miserabler Qualität und einem Koch, der kein Deutsch versteht.	"['(""restaurant general"", ""negative"", ""NULL"")', '(""service general"", ""negative"", ""Koch"")', '(""restaurant prices"", ""negative"", ""NULL"")']"
958	Eigentlich schade, es bleibt nur noch eine schöne Erinnerung (Es war einmal ein LOC…….	"['(""restaurant general"", ""negative"", ""NULL"")']"
959	"Das Gasthaus RESTAURANT_NAME schreibt ""Gastfreundlichkeit"" absolut groß."	"['(""restaurant general"", ""positive"", ""RESTAURANT_NAME"")']"
960	Ich habe mir einen 'grossen' Salat bestellt, der nur 2-3 Salatblätter hatte, der restliche Teller war überwiegend Kartoffelsalat und das Brot war mehr alter Zwieback als ein schönes Baguette.	"['(""food style_options"", ""negative"", ""grossen\' Salat"")', '(""food quality"", ""negative"", ""Brot"")']"
961	Gut es war ziemlich voll und somit war alles etwas gestresst, aber unser Kellner war höflich und bemüht.	"['(""service general"", ""positive"", ""Kellner"")', '(""ambience general"", ""negative"", ""NULL"")']"
962	Insgesamt fehlen aber Beilagen, wenigstens die eine Tomate oder die drei Karottenschnipsel zur Begleitung wären nett.	"['(""food quality"", ""negative"", ""Beilagen"")']"
963	Also für uns definitiv ein no-go und nie mehr wieder.	"['(""restaurant general"", ""negative"", ""NULL"")']"
964	Geschmackvolle Einrichtung und tolles Essen, leider lässt man die Kunden längere Zeit in der Tür stehen obwohl nicht mal ein Viertel des Lokals gefüllt ist.	"['(""food quality"", ""positive"", ""Essen"")', '(""service general"", ""negative"", ""NULL"")', '(""ambience general"", ""positive"", ""Einrichtung"")']"
965	Sehr freundlich.	"['(""service general"", ""positive"", ""NULL"")']"
966	Wir haben schon lange nicht mehr sooooo gut gegessen!	"['(""food quality"", ""positive"", ""NULL"")']"
967	Sehr schade.	"['(""restaurant general"", ""negative"", ""NULL"")']"
968	Auch der herbeigerufene Manager hat uns einem sehr aggressiven Ton gefragt, wer uns hier hingesetzt hätte.	"['(""service general"", ""negative"", ""Manager"")']"
969	Positiv zu bewerten ist das Personal, welches uns am Eingang sogar ein kleines Bier brachte, weil noch kein Platz frei war.	"['(""service general"", ""positive"", ""Personal"")']"
970	Rundum ein schönes Erlebnis, jederzeit wieder.	"['(""restaurant general"", ""positive"", ""NULL"")']"
971	Wäre in LOC Mittelklasse.	"['(""restaurant general"", ""neutral"", ""NULL"")']"
972	Alles frisch zubereitet.	"['(""food quality"", ""positive"", ""NULL"")']"
973	Uns hat es leider nicht überzeugt.	"['(""restaurant general"", ""negative"", ""NULL"")']"
974	Die Pasta-Gerichte waren gut aber mit Preisen teilweise weit über 20€ zu teuer, es waren dann zwar gut gemachte, gut schmeckende Speisen, aber nicht das Geld wert.	"['(""food style_options"", ""positive"", ""Speisen"")', '(""food quality"", ""positive"", ""Speisen"")', '(""food prices"", ""negative"", ""Speisen"")', '(""food quality"", ""positive"", ""Pasta-Gerichte"")', '(""food prices"", ""negative"", ""Pasta-Gerichte"")', '(""restaurant prices"", ""negative"", ""Pasta-Gerichte"")']"
975	Die Tische sind so unglaublich eng aneinander gestellt, dass man kaum Platz zum Atmen hat, die Bedienung war unfreundlich und unflexibel (auf die Frage, ob weniger Käse auf der Pizza möglich wäre, gab's nur ein nein als Antwort), die Pizza war so hauchdünn, dass man sie mit den Fingern sowieso nicht essen konnte und für das Ergebnis war es absolut überteuert.	"['(""service general"", ""negative"", ""Bedienung"")', '(""ambience general"", ""negative"", ""Tische"")', '(""food prices"", ""negative"", ""NULL"")', '(""food style_options"", ""negative"", ""Pizza"")']"
976	Es ist sehr schade, dass die Gäste in diesem Restaurant so behandelt werden.	"['(""service general"", ""negative"", ""NULL"")']"
977	"Der Service, vor allem von ""LOC"" war sehr freundlich und erstklassig."	"['(""service general"", ""positive"", ""Service"")']"
978	Vielen herzlichen Dank, Lena!	"['(""service general"", ""positive"", ""Lena"")']"
979	Ich werde das Restaurant nicht mehr aufsuchen und kann es auch nicht empfehlen.	"['(""restaurant general"", ""negative"", ""Restaurant"")']"
980	Der Service im LOC war freundlich, schnell und aufmerksam.	"['(""service general"", ""positive"", ""Service"")']"
981	Um es kurz zu machen: RESTAURANT_NAME liefert ein einwandfreies Preis-Leistungsverhältnis ab und kann mit Sicherheit empfohlen werden.	"['(""restaurant prices"", ""positive"", ""NULL"")', '(""restaurant general"", ""positive"", ""NULL"")']"
982	Nach einem Besuch der Toilette im Untergeschoss waren wir vollends bedient.	"['(""ambience general"", ""negative"", ""Toilette im Untergeschoss"")']"
983	Der wirklich hervorragende Service hat den Besuch abgerundet.	"['(""service general"", ""positive"", ""Service"")']"
984	Eine normale Unterhaltung ist aufgrund der Lautstärke, bei vollen Lokal (Und ich glaube das Haus ist immer voll) kaum möglich.	"['(""ambience general"", ""negative"", ""Lautstärke"")', '(""ambience general"", ""negative"", ""Unterhaltung"")']"
985	Mittlerweile kenne ich sehr viele Augustiner in LOC, aber das in LOC ist definitiv das Schlechteste: Haxe staubtrocken, Krautsalat Ami-like überzuckert, Leberkäse von vorletzter Woche, aber vor allem ist das Bier nicht richtig kalt, wenn auch korrekter eingeschenkt als in LOC.	"['(""food quality"", ""negative"", ""Haxe"")', '(""food quality"", ""negative"", ""Krautsalat"")', '(""drinks quality"", ""negative"", ""Bier"")', '(""food quality"", ""negative"", ""Leberkäse"")']"
986	.Unsere Bedienung an diesem Abend war trotz Unterstützung anderer Mitarbeiter nicht so flott, so wurde z.LOC Wein erst nach der Vorspeise serviert.	"['(""service general"", ""negative"", ""Bedienung"")', '(""service general"", ""negative"", ""Wein"")']"
987	Alle Gerichte haben total gut geschmeckt, nicht überwürzt und die Portionen genau richtig.	"['(""food quality"", ""positive"", ""Gerichte"")', '(""food style_options"", ""positive"", ""Portionen"")']"
988	Wir haben uns mit 3 Generationen (Alter: 11 - 93) zu sechst sehr wohl gefühlt und kommen gern jederzeit wieder!	"['(""restaurant general"", ""positive"", ""NULL"")']"
989	Die Bedingung anfangs sehr freundlich.	"['(""service general"", ""positive"", ""Bedingung"")']"
990	Dafür, dass kein Gericht mehr als 15,00 Euro gekostet hat war es wirklich optimal.	"['(""food prices"", ""positive"", ""Gericht"")', '(""food quality"", ""positive"", ""Gericht"")']"
991	Die Kellnerin versuchte zu protestieren dass das Gericht beim Foto anders aussehen kann.	"['(""service general"", ""negative"", ""Kellnerin"")']"
992	Gutes Essen, freundliche Bedienung, allerdings wurde wieder bei der Abrechnung geschummelt.	"['(""food quality"", ""positive"", ""Essen"")', '(""service general"", ""positive"", ""Bedienung"")', '(""service general"", ""negative"", ""Abrechnung"")']"
993	Unsere Reservierung wurde verplant.	"['(""service general"", ""negative"", ""Reservierung"")']"
994	Sehr schlechter Einfall!	"['(""restaurant general"", ""negative"", ""NULL"")']"
995	Wir fühlten uns sehr gestört und unwohl.	"['(""ambience general"", ""negative"", ""NULL"")']"
996	Das Schnitzel war das Fleisch gut jedoch weder Fleisch noch Panade gesalzen und Gewürzt nach würzen bringt es nicht die Bratkartoffeln auch beim Tagesgericht verdienen das Wort nicht nur wenige waren gebraten alle anderen offensichtlich in noch nich erhitzten Fett oder Öl warm gemacht dadurch haben sie sich vollgesogen so was darf man nicht servieren den Kellnern den wir das dagegen interessieren sich nicht	"['(""service general"", ""negative"", ""Kellnern"")', '(""food quality"", ""negative"", ""Fleisch"")', '(""food quality"", ""negative"", ""Panade"")', '(""food quality"", ""negative"", ""Bratkartoffeln"")', '(""food quality"", ""positive"", ""Fleisch"")']"
997	Das Essen war sehr lecker und kam schnell.	"['(""food quality"", ""positive"", ""Essen"")', '(""service general"", ""positive"", ""NULL"")']"
998	Am besten war noch der dazu bestellte große Salatteller mit Speckwürfel und die gekaufte Breze.	"['(""food quality"", ""positive"", ""Salatteller mit Speckwürfel"")', '(""food quality"", ""positive"", ""Breze"")']"
999	Allein die Auswahl an Torten ist sehr breit gefächert und bereitet fast die Qual der Wahl.	"['(""food style_options"", ""positive"", ""Auswahl an Torten"")']"
1000	Ein tolles Gewölbe, gutes Konzept, angenehme jazzige Hintergrundmusik, gute Speisekarte.	"['(""restaurant miscellaneous"", ""positive"", ""Konzept"")', '(""food style_options"", ""positive"", ""Speisekarte"")', '(""ambience general"", ""positive"", ""Hintergrundmusik"")', '(""ambience general"", ""positive"", ""Gewölbe"")']"
1001	Auch das Ambiente ist schön (alte Kupferkessel) und vor allem hat die sehr freundliche Bedienung (Magdalena) zu einem gelungenem Abend beigetragen.	"['(""ambience general"", ""positive"", ""Ambiente"")', '(""service general"", ""positive"", ""Magdalena"")']"
1002	Die Beilagen waren gut, das Gemüse nicht zerkocht und die Bratkartoffeln so wie sie sein sollen Für 24,00€ pro Portion war die Portionsgröße in Ordnung..	"['(""food quality"", ""positive"", ""Gemüse"")', '(""food quality"", ""positive"", ""Beilagen"")', '(""food quality"", ""positive"", ""Bratkartoffeln"")', '(""food style_options"", ""positive"", ""Portionsgröße"")']"
1003	Wir waren mit unserem Besuch vollsten zufrieden.	"['(""restaurant general"", ""positive"", ""NULL"")']"
1004	Mehrwegdosen zum mitnehmen der Reste 👌🏻Wir kommen wie immer gerne wieder.	"['(""restaurant general"", ""positive"", ""NULL"")']"
1005	Bei einem schönen Sonnen Abend den richtigen Tisch zum rausschauen und die sonne wie sie untergeht genießen ,einfach romantisch, Die Bedienung ist sehr nett und das essen schmackhaft.	"['(""service general"", ""positive"", ""Bedienung"")', '(""ambience general"", ""positive"", ""sonne"")', '(""food quality"", ""positive"", ""essen"")']"
1006	Ich habe das Restaurant dann hungrig verlassen.	"['(""food style_options"", ""negative"", ""NULL"")']"
1007	Essen war wie immer top, jedoch bei den LOC habe ich den Ziegenkäsegeschmack des Ziegenkäses vermisst.	"['(""food quality"", ""positive"", ""Essen"")', '(""food quality"", ""negative"", ""LOC"")']"
1008	Dazu muss man sagen, dass wenn man einen schönen Abend zu zweit verbringen möchte man durch die engen Räume mir sehr hoher Wahrscheinlichkeit direkt neben anderen sitzt.	"['(""ambience general"", ""negative"", ""NULL"")']"
1009	Die gewählten Gerichte: Cordon Blue, doppelter Schaschlik-Spieß, Pfefferlendchen, zwei Kindergerichte und eine „kleine Portion Rippchen“ waren schmackhaft, appetitlich angerichtet und so reichlich konzipiert, dass eine große „in weiser Voraussicht“ mitgebrachte Dose auch das Mittagessen für den morgigen Tag gesichert hat.	"['(""food quality"", ""positive"", ""Rippchen"")', '(""food quality"", ""positive"", ""Schaschlik-Spieß"")', '(""food quality"", ""positive"", ""Kindergerichte"")', '(""food style_options"", ""positive"", ""Cordon Blue"")', '(""food style_options"", ""positive"", ""Kindergerichte"")', '(""food quality"", ""positive"", ""Pfefferlendchen"")', '(""food style_options"", ""positive"", ""Pfefferlendchen"")', '(""food style_options"", ""positive"", ""Schaschlik-Spieß"")', '(""food quality"", ""positive"", ""Cordon Blue"")', '(""food style_options"", ""positive"", ""Rippchen"")']"
1010	Das Essen war gut!	"['(""food quality"", ""positive"", ""Essen"")']"
1011	Tolle individuelle Einrichtung.	"['(""ambience general"", ""positive"", ""Einrichtung"")']"
1012	Positiv zu vermerken ist die einzigartige Lage, das traditionelle Ambiente und der freundliche Service.	"['(""ambience general"", ""positive"", ""Ambiente"")', '(""service general"", ""positive"", ""Service"")', '(""location general"", ""positive"", ""Lage"")']"
1013	Ich war zum erstenmal 2016 da und das Niveau ist noch so gut wie vor sieben Jahren.	"['(""restaurant general"", ""positive"", ""NULL"")']"
1014	Der georderte vegane Bagel war köstlich was wir von den lieblos angerichteten Käsespätzle leider nicht behaupten konnten.	"['(""food quality"", ""positive"", ""Bagel"")', '(""food quality"", ""negative"", ""Käsespätzle"")']"
1015	Die Fläche mit den Tischen dreht sich in angenehmer Geschwindigkeit im Uhrzeigersinn, so dass man einen tollen Panoramaausblick hat.	"['(""ambience general"", ""positive"", ""Panoramaausblick"")', '(""ambience general"", ""positive"", ""Fläche mit den Tischen"")']"
1016	Wir hatten das große Glück, einen Tisch direkt am Fenster zu bekommen, mit Blick auf die wunderschöne Binnenalster mit all den angrenzenden historischen Gebäuden.	"['(""ambience general"", ""positive"", ""Blick auf die wunderschöne Binnenalster mit all den angrenzenden historischen Gebäuden"")']"
1017	Die Hauptgerichte kamen zu unterschiedlichen Zeiten, da die Bedienung nicht alles richtig aufgenommen hat.	"['(""service general"", ""negative"", ""Bedienung"")']"
1018	), Menükarten gegen Aufpreis (Personalmangel!	"['(""restaurant miscellaneous"", ""negative"", ""Menükarten"")']"
1019	Denn Erholung, was ja ein Abend mit gutem Essen, netter Unterhaltung miteinander und in stilvoller Umgebung, ausmacht, war es nicht.	"['(""restaurant general"", ""negative"", ""NULL"")']"
1020	Unsere Bedienung an dem Abend war super und fix.	"['(""service general"", ""positive"", ""Bedienung"")']"
1021	Den Blattspinat habe ich leider auf dem Teller nicht finden können.	"['(""food style_options"", ""negative"", ""NULL"")']"
1022	Die Garnelen waren köstlich, die knoblauch hatte eine perfekte Note dazu gegeben und LOC noch einen leichten bis gehabt und einen runden Geschmack verleiht.	"['(""food quality"", ""positive"", ""Garnelen"")', '(""food quality"", ""positive"", ""knoblauch"")']"
1023	LOC mit abwechslungsreichen Speiseangebot, der Service ist eingedeutscht.	"['(""service general"", ""negative"", ""Service"")', '(""food style_options"", ""positive"", ""Speiseangebot"")']"
1024	das typische Touristenrestaurant, Masse statt Klasse.	"['(""restaurant miscellaneous"", ""negative"", ""Touristenrestaurant"")']"
1025	Gute Lage, angenehme Bedienung, gutes Essen.	"['(""service general"", ""positive"", ""Bedienung"")', '(""ambience general"", ""positive"", ""Lage"")', '(""food quality"", ""positive"", ""Essen"")']"
1026	Als Hauptspeise hatten wir das Rinderfilet, welches Medium sein sollte und noch nicht mal Medium Rare war, der ganze Teller war nach dem Anschnitt blutig.	"['(""food quality"", ""negative"", ""Rinderfilet"")']"
1027	Dieses Café passt so gar nicht in die uns überall entgegen gebrachte Leipziger Freundlichkeit.	"['(""restaurant general"", ""negative"", ""Café"")']"
1028	Das Essen war hervorragend.	"['(""food quality"", ""positive"", ""Essen"")']"
1029	Dass man dort nicht ein einziges Gewürz in der Küche stehen hat, muss ich wohl kaum betonen.	"['(""food quality"", ""negative"", ""NULL"")']"
1030	Spontan haben wir uns am frühen Abend im wunderschönen Innenhof zum Dinner eingefunden.	"['(""ambience general"", ""positive"", ""Innenhof"")']"
1031	Schönen Feierabend!	"['(""restaurant general"", ""positive"", ""NULL"")']"
1032	Heute haben wir leider eine sehr schlechte Erfahrung gemacht, weshalb das auch unser letzter Besuch bei RESTAURANT_NAME war.	"['(""restaurant general"", ""negative"", ""RESTAURANT_NAME"")']"
1033	Das Essen war bei mir sehr gut aber mein Sohn hatte ein kaltes lauwarmes hähnchen und der Rest war einfach nur kalt.	"['(""food quality"", ""positive"", ""Essen"")', '(""food quality"", ""negative"", ""NULL"")', '(""food quality"", ""negative"", ""hähnchen"")']"
1034	Wir werden jedenfalls dort nicht mehr bestellen und es nicht ein zweites Mal probieren.	"['(""restaurant general"", ""negative"", ""NULL"")']"
1035	Nach dem Hinweis dazu an die ansonsten sehr aufmerksame Servicekraft wurde lediglich ein Hinweis an die Küche entgegnet.	"['(""service general"", ""negative"", ""NULL"")', '(""service general"", ""positive"", ""Servicekraft"")']"
1036	Leider nicht gerade die beste Lage.	"['(""location general"", ""negative"", ""Lage"")']"
1037	Das Steak, das wir bestellten, war einfach himmlisch - perfekt zubereitet und unglaublich zart.	"['(""food quality"", ""positive"", ""Steak"")']"
1038	Wir kommen gerne wieder :)	"['(""restaurant general"", ""positive"", ""NULL"")']"
1039	Vielen Dank, wir kommen sehr gerne wieder !	"['(""restaurant general"", ""positive"", ""NULL"")']"
1040	Das Personal dort ist sehr freundlich und lustig.	"['(""service general"", ""positive"", ""Personal"")']"
1041	Lächerlich!	"['(""restaurant general"", ""negative"", ""NULL"")']"
1042	Mit eine Männergruppe wären alle verhungert!	"['(""food style_options"", ""negative"", ""NULL"")']"
1043	Wer schon immer mal richtig gute Muscheln probieren wollte kann mit dem Suchen aufhören, dies ist die Adresse.	"['(""food quality"", ""positive"", ""Muscheln"")']"
1044	Die Gamba waren kalt und kaum aus der Schale zu lösen.	"['(""food quality"", ""negative"", ""Gamba"")']"
1045	Sehr lecker und sehr freundliches Personal!	"['(""service general"", ""positive"", ""Personal"")', '(""food quality"", ""positive"", ""NULL"")']"
1046	Sowohl Hähnchenfleisch als auch Garnelen waren komplett übergart und trocken.	"['(""food quality"", ""negative"", ""Hähnchenfleisch"")', '(""food quality"", ""negative"", ""Garnelen"")']"
1047	So eine Esskultur möchten wir eigentlich nicht und möchten es auch LOC die nächste Generation vermitteln.	"['(""food quality"", ""negative"", ""Esskultur"")']"
1048	Seeehr leckeres Essen, tolles Ambiente und Personal.	"['(""food quality"", ""positive"", ""Essen"")', '(""ambience general"", ""positive"", ""Ambiente"")', '(""service general"", ""positive"", ""Personal"")']"
1049	Das Altbier ist weniger süffig als anderswo und daher besser durstlöschend.	"['(""drinks quality"", ""negative"", ""Altbier"")', '(""drinks quality"", ""positive"", ""Altbier"")']"
1050	Leider Mittelmäßig und teuer,z.B.Gratis-Ouzo wie bei Griechen üblich?	"['(""restaurant general"", ""neutral"", ""NULL"")', '(""restaurant prices"", ""negative"", ""NULL"")']"
1051	Aufbackbrötchen (heutzutage ein No-Go) 2 Löffel Rührei, ein Scheibe Käse, etwas Frischkäse etc..	"['(""food quality"", ""negative"", ""Aufbackbrötchen"")']"
1052	ein wirklich tolles Restaurant.	"['(""restaurant general"", ""positive"", ""Restaurant"")']"
1053	Location macht einen etwas angetaubten und unaufgeräumten und dennoch recht authentischen Eindruck.	"['(""ambience general"", ""positive"", ""Location"")']"
1054	War komisch!	"['(""restaurant general"", ""negative"", ""NULL"")']"
1055	"Diesmal überzeugte uns das ""Duett vom Hirsch, Roulade und Frikadelle"" eine äußerst gelungene Komposition, die wir mehrmals aßen, weil so noch nie gefunden."	"['(""food quality"", ""positive"", ""Frikadelle"")', '(""food quality"", ""positive"", ""Roulade"")', '(""food quality"", ""positive"", ""Duett vom Hirsch"")']"
1056	An einem Samstagabend ist es unmöglich ohne langes Warten gemütlich zu essen.	"['(""service general"", ""negative"", ""Warten"")']"
1057	Haben lecker gegessen....Fisch... Steak...alles geschmacklich gut.... leider ist das Küchenpersonal wohl etwas unfähig...wurden von der Bedienung informiert, dass Vorspeise gleichzeitig mit Hauptspeise gereicht wird, ( beim Alex im Hafen war es besser)....auch was knusprige Bratkartoffeln sind weiß das Küchenpersonal hier wohl nicht, bzw kennt sich mit der eigenen Karte wohl nicht aus.	"['(""food quality"", ""positive"", ""Fisch"")', '(""food quality"", ""positive"", ""NULL"")', '(""food quality"", ""positive"", ""Steak"")', '(""service general"", ""negative"", ""Küchenpersonal"")']"
1058	Man hat ihn angemerkt, dass er seinen Job gern macht.	"['(""service general"", ""positive"", ""NULL"")']"
1059	Viel besser geht es immer, aber wenn so viele Leute sind....	"['(""restaurant general"", ""neutral"", ""NULL"")']"
1060	Wir sind begeistert und mögen diesen schrägen Tim in dieser seiner RESTAURANT_NAME.	"['(""restaurant general"", ""positive"", ""NULL"")']"
1061	Was wir dort erlebt haben, war Massenabfertigung sowie ein Kellner, der Gäste, die kein Kölsch oder Änderungen beim Essen wollten, eigentlich permanent beleidigt hat.	"['(""service general"", ""negative"", ""Kellner"")']"
1062	Mit leckerem Wein tollem Essen und einem super Service.	"['(""drinks quality"", ""positive"", ""Wein"")', '(""food quality"", ""positive"", ""Essen"")', '(""service general"", ""positive"", ""Service"")']"
1063	Die enge Bestuhlung im Lokal (französische Verhältnisse) lässt keinen anderen Schluss darauf zu.	"['(""ambience general"", ""negative"", ""Bestuhlung"")']"
1064	Man fühlt sich völlig abgezockt.	"['(""restaurant prices"", ""negative"", ""NULL"")']"
1065	Hier herrscht ein recht barscher Ton.	"['(""ambience general"", ""negative"", ""Ton"")']"
1066	Super freundliches Personal !	"['(""service general"", ""positive"", ""Personal"")']"
1067	war frisch und trotz Schweinehaxenorientierung des Restaurants ausgezeichnet, auch die Beilagen sind zu loben.	"['(""food quality"", ""positive"", ""Beilagen"")', '(""food quality"", ""positive"", ""NULL"")']"
1068	Bei unserem Besuch am 25.05.2023 war jedoch alles tadellos.	"['(""restaurant general"", ""positive"", ""Besuch"")']"
1069	Auch innen sind die Räumlichkeiten deutlich in die Jahre gekommen, alles wirkt klein, alt, dunkel und nicht wirklich einladend.	"['(""ambience general"", ""negative"", ""Räumlichkeiten"")']"
1070	Von uns sicher kein zweites mal und keine Empfehlung	"['(""restaurant general"", ""negative"", ""NULL"")']"
1071	netter keller, küche OK zu etwas höheren preisen.	"['(""food quality"", ""neutral"", ""küche"")', '(""food prices"", ""negative"", ""küche"")', '(""service general"", ""positive"", ""keller"")']"
1072	Preislich vollkommen okay Immer wieder gern.	"['(""restaurant prices"", ""neutral"", ""NULL"")', '(""restaurant general"", ""positive"", ""NULL"")']"
1073	Danke dafür.	"['(""restaurant general"", ""positive"", ""NULL"")']"
1074	Preise waren inflationsangepasst nicht günstig.	"['(""restaurant prices"", ""negative"", ""NULL"")']"
1075	Der Zweite kam und schmeckte sehr fade.	"['(""food quality"", ""negative"", ""NULL"")']"
1076	Aber als Vegetarierer gab es keinerlei Auswahl, wir mussten von der LOC zwei Gänge bestellen, wobei es bei jedem Gang nur eine Möglichkeit gab, beim Hauptgericht bestand diese aus einer Selleriescheibe, was auch nicht jedermanns Sache ist.	"['(""food style_options"", ""negative"", ""Selleriescheibe"")', '(""food style_options"", ""negative"", ""Auswahl"")']"
1077	nach etwa knapp einer stunde bekamen wir wenigstens mal unsere Getränke.	"['(""service general"", ""negative"", ""NULL"")']"
1078	Geht gar nicht.	"['(""restaurant general"", ""negative"", ""NULL"")']"
1079	Wir hatten einen wundervollen Abend zu Viert und Kellner Maurizio hat uns sehr nett und aufmerksam durch den Abend geführt!	"['(""restaurant general"", ""positive"", ""NULL"")', '(""service general"", ""positive"", ""Maurizio"")']"
1080	Das Ambiente war sehr gemütlich.	"['(""ambience general"", ""positive"", ""Ambiente"")']"
1081	Es lag nicht an den einzelnen Kellnern, sondern an der (offensichtlich gewollten) Unterbesetzung im Service.	"['(""service general"", ""negative"", ""Unterbesetzung"")']"
1082	"Schon nur DIIIIIIE Lokalität, so vielfältig: Wunderschöne ""Aussenanlage im Hof"", spanisches Ambiente im Lokal selbst und viele Tische aussen vor dem Eingang unter Sonnenschirmen... Sooo viele Plätze - und der absoluten Spitzenküche trotzdem immer ausgebucht!"	"['(""ambience general"", ""positive"", ""Aussenanlage im Hof"")']"
1083	Das Essen war mehr als köstlich.	"['(""food quality"", ""positive"", ""Essen"")']"
1084	Bei den Preisen kann man mehr erwarten.	"['(""restaurant prices"", ""negative"", ""NULL"")']"
1085	Keine Tischdecken ,keine Dekoration und dann noch abgenutzte Tische.	"['(""ambience general"", ""negative"", ""Tische"")', '(""ambience general"", ""negative"", ""Tischdecken"")', '(""ambience general"", ""negative"", ""Dekoration"")']"
1086	Bedienung war nett und schnell.	"['(""service general"", ""positive"", ""Bedienung"")']"
1087	Fleisch war keine Qualität auf jeden nicht nochmal	"['(""restaurant general"", ""negative"", ""NULL"")', '(""food quality"", ""negative"", ""Fleisch"")']"
1088	Beim zweiten Versuch fehlten dann die Trüffel.	"['(""food quality"", ""negative"", ""NULL"")']"
1089	Die Preise sind für ein Burgerrestaurant angemessen.	"['(""restaurant prices"", ""positive"", ""NULL"")']"
1090	Sehr nette und zuvorkommende Bedienung.	"['(""service general"", ""positive"", ""Bedienung"")']"
1091	Man zahlt zwar etwas mehr, der Service, die nette Bedienung und die Atmosphäre sind es wert!	"['(""ambience general"", ""positive"", ""Atmosphäre"")', '(""service general"", ""positive"", ""Bedienung"")', '(""service general"", ""positive"", ""Service"")', '(""restaurant prices"", ""negative"", ""NULL"")']"
1092	Ich rief den Kellner und sagte ihm, dass ich über zwei Stunden aufs Essen gewartet habe (Tagesgericht, bei ganz geringer Auslastung) und dass die Nudeln nicht gefüllt sein.	"['(""service general"", ""negative"", ""Kellner"")', '(""food quality"", ""negative"", ""Nudeln"")']"
1093	Obst braun.	"['(""food quality"", ""negative"", ""Obst"")']"
1094	Man zahlt nur für die Aussicht mehr nicht hat meinen Vorstellungen garnicht gepasst pure Enttäuschung .	"['(""restaurant general"", ""negative"", ""NULL"")']"
1095	Insgesamt wirklich gut, Currywurst mit Pommes ist auch zu empfehlen.	"['(""food quality"", ""positive"", ""Currywurst mit Pommes"")', '(""restaurant general"", ""positive"", ""NULL"")']"
1096	Das MammaMia ist ein wahrlich schönes Restaurant mit sehr angenehmer und lockerer Atmosphäre.	"['(""ambience general"", ""positive"", ""Atmosphäre"")', '(""restaurant general"", ""positive"", ""MammaMia"")']"
1097	Da sollte sich das Management vom LOC schämen sowas haben wir nie erlebt.	"['(""service general"", ""negative"", ""NULL"")', '(""service general"", ""negative"", ""Management"")']"
1098	Ich würde sagen, drei, vier Tage alt und knochentrocken.	"['(""food quality"", ""negative"", ""NULL"")']"
1099	Das Personal war wirklich sehr nett.	"['(""service general"", ""positive"", ""Personal"")']"
1100	Sehr schönes Ambiente, super nette Bedienung und das Essen-ein Genus 👌Sehr empfehlenswert Wir kommen bei Gelegenheit auf jeden Fall wieder	"['(""service general"", ""positive"", ""Bedienung"")', '(""ambience general"", ""positive"", ""Ambiente"")', '(""restaurant general"", ""positive"", ""NULL"")', '(""food quality"", ""positive"", ""Essen"")']"
1101	Angefangen mit relativ nüchterner Begrüßung: die Garderobe ist dort hinten.	"['(""service general"", ""negative"", ""Begrüßung"")']"
1102	Wieder aufrappeln- lecker!	"['(""food quality"", ""positive"", ""NULL"")']"
1103	Wie immer war das Essen in der Gondel ein ausgezeichneter Start in den LOC, wenn... der Mann vom Service genug Zeit gehabt hätte, uns auch zum Hauptgericht noch ein Getränk anzubieten!?	"['(""food quality"", ""positive"", ""Essen"")', '(""service general"", ""negative"", ""Mann vom Service"")']"
1104	Beim Essen wurden wir jedoch ziemlich enttäuscht.	"['(""food quality"", ""negative"", ""Essen"")']"
1105	Sehr gutes LOC.	"['(""restaurant general"", ""positive"", ""LOC"")']"
1106	Alles ging zugig und war lecker.	"['(""service general"", ""positive"", ""NULL"")', '(""food quality"", ""positive"", ""NULL"")']"
1107	Kommen gerne wieder wenn es uns mal wieder nach LOC verschlägt	"['(""restaurant general"", ""positive"", ""NULL"")']"
1108	Kurz zusammengefasst: Schlechter Service, hohe Preise, durchschnittliche Qualität.	"['(""restaurant general"", ""neutral"", ""NULL"")', '(""service general"", ""negative"", ""Service"")', '(""restaurant prices"", ""negative"", ""NULL"")']"
1109	Ansonsten eine schöne Location.	"['(""location general"", ""positive"", ""Location"")']"
1110	Eine gleichgültige Bedienung war mit der Bierversorgung völlig überfordert.	"['(""service general"", ""negative"", ""Bedienung"")']"
1111	In Summe Preis-/Leistung aber nicht angemessen.	"['(""restaurant prices"", ""negative"", ""NULL"")']"
1112	Allerdings mussten wir noch weitere 30 Minuten bis zur Lieferung warten.	"['(""service general"", ""negative"", ""Lieferung"")']"
1113	Mit der Reservierung des Tisches ( 4 Personen -( satte 120 €) - mit diesen 4 Burgern und 4 kleinen Getränken haben wir schließlich 245 € gezahlt !	"['(""restaurant prices"", ""negative"", ""NULL"")']"
1114	Ich hab nichts vermisst, sowohl das gebratene, wie auch das Gemüse in Currysauce waren wirklich sehr lecker.	"['(""food quality"", ""positive"", ""gebratene"")', '(""restaurant general"", ""positive"", ""NULL"")', '(""food quality"", ""positive"", ""Gemüse in Currysauce"")']"
1115	Wir werden also schon erwartet und sofort kümmert sich der Service um unser Wohl.	"['(""service general"", ""positive"", ""Service"")']"
1116	Anfangs, sehr zuvorkommen, höflich.	"['(""service general"", ""positive"", ""NULL"")']"
1117	Da ist viel Luft nach oben.	"['(""restaurant general"", ""negative"", ""NULL"")']"
1118	Es ist nicht in Ordnung in so einem historischen Ort und unzulässig gegenüber den Gästen!	"['(""service general"", ""negative"", ""NULL"")']"
1119	Unser Kellner hat uns den ganzen Abend über nett und unaufdringlich bedient.	"['(""service general"", ""positive"", ""Kellner"")']"
1120	Das vorab..Wir wurden sehr freundlich empfangen, zum Platz geleitet und auch die Bedienung war sehr kompetent und zuvorkommend.	"['(""service general"", ""positive"", ""Bedienung"")', '(""service general"", ""positive"", ""NULL"")']"
1121	Die Haxe mit Knödel war gut.	"['(""food quality"", ""positive"", ""Haxe mit Knödel"")']"
1122	Aus Spaß habe ich auch einmal in den großen Speisesaal geschaut, in welchem schon ein relativ hoher Lärmpegel herrscht.	"['(""ambience general"", ""negative"", ""Lärmpegel"")']"
1123	Mein Rollo war so ungewürzt … unsere Freunde ließen eine Pfannen-Spezialität des Hauses nach der Hälfte stehen (sonst sei dieses Gericht wirklich gut).	"['(""food quality"", ""negative"", ""Pfannen-Spezialität"")', '(""food quality"", ""negative"", ""Rollo"")']"
1124	Lecker gegessen, beste Qualität!	"['(""food quality"", ""positive"", ""NULL"")']"
1125	Der Ochs am Spieß ist der Hammer.	"['(""food quality"", ""positive"", ""Ochs am Spieß"")']"
1126	Wir können nur jedem abraten dort essen zu gehen, der sich eine gute Qualität erhofft!	"['(""food quality"", ""negative"", ""NULL"")']"
1127	Dieses Restaurant bietet eine köstliche Auswahl an klassischen Gerichten, von denen jedes vor Geschmack strotzt.	"['(""food style_options"", ""positive"", ""Gerichten"")', '(""food style_options"", ""positive"", ""Auswahl"")']"
1128	Da auch der Preis weiterhin absolut fair und angemessen ist, können wir das RESTAURANT_NAME absolut empfehlen.	"['(""restaurant prices"", ""positive"", ""NULL"")', '(""restaurant general"", ""positive"", ""RESTAURANT_NAME"")']"
1129	Auch bei die Anderen 3 Gäste war das Essen nicht gut.	"['(""food quality"", ""negative"", ""Essen"")']"
1130	Hervorragender Service und Fleisch von Spitzenqualität.	"['(""food quality"", ""positive"", ""Fleisch"")', '(""service general"", ""positive"", ""Service"")']"
1131	Das Steak und auch das meines Mannes waren in Ordnung und auch gegrillt wie bestellt, aber wir haben es mehrfach besser gegessen, sogar beim LOC um die Ecke.	"['(""food quality"", ""neutral"", ""Steak"")']"
1132	Der Lachs hätte etwas glasiger sein können.	"['(""food quality"", ""negative"", ""Lachs"")']"
1133	Super leckeres Essen & super Getränke.	"['(""food quality"", ""positive"", ""Essen"")', '(""drinks quality"", ""positive"", ""Getränke"")']"
1134	Die Platte mit Sushi hervorragend!	"['(""food quality"", ""positive"", ""Platte mit Sushi"")']"
1135	Wir hatten einen sehr schönen Abend.	"['(""restaurant general"", ""positive"", ""NULL"")']"
1136	Schade	"['(""restaurant general"", ""negative"", ""NULL"")']"
1137	Es war ganz lecker aber nichts besonderes.	"['(""food quality"", ""neutral"", ""NULL"")']"
1138	Als die Hauptspeisen kamen waren wir voll zufrieden, die Steaks waren auf den Punkt gebraten und die Beilagen schmackhaft und völlig ausreichend.	"['(""food quality"", ""positive"", ""Hauptspeise"")', '(""food quality"", ""positive"", ""Beilagen"")', '(""food style_options"", ""positive"", ""Beilagen"")', '(""food quality"", ""positive"", ""Steaks"")']"
1139	Wir kommen immer wieder gern zu Euch, weil wir bei euch einen Tag Urlaub in LOC erleben.	"['(""restaurant general"", ""positive"", ""NULL"")']"
1140	Salate waren ok, mehr auch nicht.	"['(""food quality"", ""neutral"", ""Salate"")']"
1141	Das Essen war meiner Meinung nach okay.	"['(""food quality"", ""neutral"", ""Essen"")']"
1142	Allein der Rotwein war nichts Besonderes.	"['(""drinks quality"", ""neutral"", ""Rotwein"")']"
1143	Die Sosse war eine Dillpampe aus der Tüte.	"['(""food quality"", ""negative"", ""Sosse"")']"
1144	Der Service ist allerdings freundlich und schnell.	"['(""service general"", ""positive"", ""Service"")']"
1145	Preis Leistung sind hier einfach gar nicht stimmig und man fühlt sich dann doch ein bisschen über den Tisch gezogen.	"['(""restaurant prices"", ""negative"", ""NULL"")']"
1146	Er war zart und schmeckte mir, war aber auch völlig überteuert.	"['(""food quality"", ""negative"", ""NULL"")', '(""food quality"", ""positive"", ""NULL"")']"
1147	Service zuvorkommend u locker, hat uns gut gefallen.	"['(""service general"", ""positive"", ""Service"")']"
1148	Das Personal war sehr freundlich und zuvorkommend.	"['(""service general"", ""positive"", ""Personal"")']"
1149	Im LOC hat man die Preise stark angehoben und die Qualität verschlechtert.	"['(""restaurant general"", ""negative"", ""NULL"")', '(""restaurant prices"", ""negative"", ""NULL"")']"
1150	Ein Ort der zum Verweilen einlädt!	"['(""restaurant general"", ""positive"", ""NULL"")']"
1151	Der Senf schmeckte wie billigste Industrie.	"['(""food quality"", ""negative"", ""Senf"")']"
1152	Das war eine ausgezeichnete Wahl, denn so hätten wir die Speisen niemals bewusst bestellt.	"['(""food quality"", ""positive"", ""Speisen"")']"
1153	Toller Abend, tolles Ambiente, mit leckerem Essen und einer sehr guten Beratung und zuvorkommendem, sehr freundlichem Service, danke Marco!	"['(""ambience general"", ""positive"", ""Ambiente"")', '(""restaurant general"", ""positive"", ""NULL"")', '(""service general"", ""positive"", ""Service"")', '(""food quality"", ""positive"", ""Essen"")', '(""service general"", ""positive"", ""Beratung"")']"
1154	Kann nicht nachvollziehen, wie das unter den Top5 in LOC sein soll.	"['(""restaurant general"", ""negative"", ""NULL"")']"
1155	Schade, denn nochmal gehen wir dort nicht hin.	"['(""restaurant general"", ""negative"", ""NULL"")']"
1156	Flinker, freundlicher, zugewandter Service, was für mich inzwischen neben der Qualität der Speisen ein wichtiges Kriterium ist.	"['(""service general"", ""positive"", ""Service"")']"
1157	Schon über Jahre eine hohe sehr gute Qualität!	"['(""food quality"", ""positive"", ""NULL"")']"
1158	Das angesprochene Personal unfähig, sei nicht für den Tisch zuständig, wisse auch nicht wer ihn bedient.	"['(""service general"", ""negative"", ""Personal"")']"
1159	Der LOC bekommt von uns eine sehr gute Bewertung.	"['(""restaurant general"", ""positive"", ""LOC"")']"
1160	Wir hatten das Pech das gerade viele Ami‘s in LOC bzw. im Lokal waren (NFL-Spiele) … es war extrem laut und damit ungemütlich.	"['(""ambience general"", ""negative"", ""NULL"")']"
1161	Allerdings eher ein Abfertigen als gemütlicher Abend.	"['(""restaurant general"", ""negative"", ""NULL"")']"
1162	Das ungute Gefühl ist geblieben.	"['(""restaurant general"", ""negative"", ""NULL"")']"
1163	Sehr leckeres Essen und aufmerksames und stets freundliches Personal.	"['(""food quality"", ""positive"", ""Essen"")', '(""service general"", ""positive"", ""Personal"")']"
1164	Der Kaffee Crema schmeckte unterirdisch und der Cappucino ebenfalls.	"['(""drinks quality"", ""negative"", ""Cappucino"")', '(""drinks quality"", ""negative"", ""Kaffee Crema"")']"
1165	Die Antworten waren einfach nur dreist und unfreundlich.	"['(""service general"", ""negative"", ""NULL"")']"
1166	Jeder Bissen ein Genuss.	"['(""food quality"", ""positive"", ""NULL"")']"
1167	Ein LOC mir wirklich leckerem Essen bei schöner Aussicht.	"['(""food quality"", ""positive"", ""Essen"")', '(""ambience general"", ""positive"", ""Aussicht"")']"
1168	Empfehlenswert.	"['(""restaurant general"", ""positive"", ""NULL"")']"
1169	Das Ambiente ist auch super und für ein Bräustüberl absolut stimmig.	"['(""ambience general"", ""positive"", ""Ambiente"")']"
1170	Ich bin sehr enttäuscht und komme nicht wieder.	"['(""restaurant general"", ""negative"", ""NULL"")']"
1171	Das kleine Teil war dick, nicht platiniert, lauwarm und die Panade klebte naß am Holzteller.	"['(""food quality"", ""negative"", ""Panade"")', '(""food quality"", ""negative"", ""NULL"")']"
1172	Was soll ich sagen , einfach genial!	"['(""restaurant general"", ""positive"", ""NULL"")']"
1173	Er bietet viel Platz drinnen und draussen.	"['(""ambience general"", ""positive"", ""Platz"")']"
1174	Gute Kuchenangebote.	"['(""food quality"", ""positive"", ""Kuchenangebote"")']"
1175	Nach zehn Minuten, als wir noch den zähen Braten versuchten runterzubekommen wurde die Außenbeleuchtung der LOC entfernt und die Schirme zusammengeklappt, da es etwas windig war und möglicher weiße ein Gewitter aufzog.	"['(""food quality"", ""negative"", ""Braten"")']"
1176	Ideal für ein Essen mit einer größeren Gruppe.	"['(""restaurant general"", ""positive"", ""NULL"")']"
1177	Das Menü begrenzt sich zwar „nur“ auf Schnitzel, diese sind jedoch dafür geschmacklich hervorragend.	"['(""food style_options"", ""positive"", ""Schnitzel"")']"
1178	Alles in allem ein sehr gelungener Besuch!	"['(""restaurant general"", ""positive"", ""NULL"")']"
1179	Absolut empfehlenswert und einen Besuch wert.	"['(""restaurant general"", ""positive"", ""NULL"")']"
1180	Was uns nicht gefallen hat, ist die immer kleiner werdenden Portionen und Zusatzbestellungen.	"['(""food style_options"", ""negative"", ""Portionen"")', '(""service general"", ""negative"", ""Zusatzbestellungen"")']"
1181	Die Bedienung hatte wenig Lächeln übrig, war dann wohl bis dann schon ein anstrengender Abend für das Personal.	"['(""service general"", ""negative"", ""Bedienung"")']"
1182	Zuvorkommender Service, Speisen auf hohem Niveau und tolles Ambiente.	"['(""food quality"", ""positive"", ""Speisen"")', '(""ambience general"", ""positive"", ""Ambiente"")', '(""service general"", ""positive"", ""Service"")']"
1183	Die traditionellen Innenräume sind gemütlich auf der einen Seite und professionell auf der anderen.	"['(""ambience general"", ""positive"", ""Innenräume"")']"
1184	Das Essen schmeckt sehr gut und die Bedienung ist sehr hilfsbereit.	"['(""food quality"", ""positive"", ""Essen"")', '(""service general"", ""positive"", ""Bedienung"")']"
1185	Sehr nette Bedienung und super Service.	"['(""service general"", ""positive"", ""Bedienung"")', '(""service general"", ""positive"", ""Service"")']"
1186	Weder das Stammpersonal, das zigfach an uns vorbeiging, ein Augenkontakt wurde vermieden, Ansprache ignoriert.	"['(""service general"", ""negative"", ""Stammpersonal"")']"
1187	Austern die nicht frisch waren.	"['(""food quality"", ""negative"", ""Austern"")']"
1188	Die Speisen, das Kaffe-Angebot sind sehr wertig.	"['(""food quality"", ""positive"", ""Speisen"")', '(""drinks quality"", ""positive"", ""Kaffe-Angebot"")']"
1189	Vorspeise Hannas „teuflisch“ war Ok und wahrscheinlich landestypisch.	"['(""food quality"", ""neutral"", ""Vorspeise Hannas „teuflisch“"")']"
1190	Nächste mal gehe ich lieber wieder zu Curry 36, da geht es 10 mal schneller und das Preis Leistungsverhältnis stimmt.	"['(""restaurant prices"", ""positive"", ""NULL"")', '(""service general"", ""positive"", ""NULL"")']"
1191	Das Essen war gut und die Portionen ausreichend groß.	"['(""food quality"", ""positive"", ""Essen"")', '(""food style_options"", ""positive"", ""Portionen"")']"
1192	Das Ambiente ist einigermaßen geblieben, mal abgesehen von ein paar Bildern.	"['(""ambience general"", ""neutral"", ""Ambiente"")']"
1193	Wurde aber sehr positiv überrascht.	"['(""restaurant general"", ""positive"", ""NULL"")']"
1194	Hausgemachte Pommes sehr gut.	"['(""food quality"", ""positive"", ""Pommes"")']"
1195	Die Hauptgerichte waren einfach nur gutbürgerliches Mittelfeld, 08-15 zubereitet.	"['(""food quality"", ""neutral"", ""Hauptgerichte"")', '(""food style_options"", ""neutral"", ""Hauptgerichte"")']"
1196	Auf mich machte es den Eindruck von gekochtem Hundefutter mit Sauce.	"['(""food quality"", ""negative"", ""NULL"")']"
1197	Schade eigentlich.	"['(""restaurant general"", ""negative"", ""NULL"")']"
1198	Guter und freundlicher Service und ein echt gutes Essen!	"['(""food quality"", ""positive"", ""Essen"")', '(""service general"", ""positive"", ""Service"")']"
1199	Der Leberkäse hingegen sehr gut.	"['(""food quality"", ""positive"", ""Leberkäse"")']"
1200	Das Trinkgeld steht aber mit auf dem Kassenbon...Auf alle Faelle sind die Preise ein echter Hammer - 4,20 EUR fuer einen Tee ist schon dekadent	"['(""drinks prices"", ""negative"", ""Tee"")', '(""restaurant prices"", ""negative"", ""NULL"")']"
1201	fleischqualität könnte besser sein.	"['(""food quality"", ""negative"", ""NULL"")']"
1202	Das Essen und der Service ist immer ausgezeichnet.	"['(""food quality"", ""positive"", ""Essen"")', '(""service general"", ""positive"", ""Service"")']"
1203	Das personal ist sehr freundlich.	"['(""service general"", ""positive"", ""personal"")']"
1204	Die gute Laune der Kellner*innen und die Musik schaffen aber dennoch eine angenehme Atmosphäre.	"['(""ambience general"", ""positive"", ""Atmosphäre"")', '(""service general"", ""positive"", ""Kellner*innen"")', '(""ambience general"", ""positive"", ""Musik"")']"
1205	Für 4 kleine Vorspeisen 80 Euro zu verlangen ist nicht akzeptabel.	"['(""food prices"", ""negative"", ""kleine Vorspeisen"")']"
1206	Sehr schöner Gastraum.	"['(""ambience general"", ""positive"", ""Gastraum"")']"
1207	Ich habe in meinem Leben noch nie einen so schlechten Schweinebraten gegessen!!!!	"['(""food quality"", ""negative"", ""Schweinebraten"")']"
1208	Großartiges Restaurant, toller Service, und Luca hat den Abend perfekt gemacht!	"['(""service general"", ""positive"", ""Luca"")', '(""service general"", ""positive"", ""Service"")', '(""restaurant general"", ""positive"", ""Restaurant"")']"
1209	Das ambiente und der Anfang waren gut, leider kann ich den Cesarsalat ohne dressing nicht weiterempfehlen, der Hauptgang war gut wie auch das dessert , kann aber für weniger Geld im LOC besser Essen, Preis Leistung hätte noch Potenzial.	"['(""food quality"", ""positive"", ""Hauptgang"")', '(""ambience general"", ""positive"", ""ambiente"")', '(""food quality"", ""positive"", ""dessert"")', '(""food quality"", ""negative"", ""Cesarsalat ohne dressing"")', '(""restaurant prices"", ""negative"", ""NULL"")']"
1210	Sehr nett vom ganzen Team empfangen .	"['(""service general"", ""positive"", ""Team"")']"
1211	Tolles Ambiente, sehr guter Service und vor allem exquisite und köstliche Gerichte.	"['(""food quality"", ""positive"", ""Gerichte"")', '(""ambience general"", ""positive"", ""Ambiente"")', '(""service general"", ""positive"", ""Service"")']"
1212	Darauf angesprochen, machte der Kellner keinerlei Anstalten zur Nachbesserung, sondern erklärte barsch, dies käme so aus der maschinellen Zapfanlage, da könne er gar nichts machen.	"['(""service general"", ""negative"", ""Kellner"")']"
1213	Als das Essen kam, wurden wir nicht enttäuscht: lecker, frisch und gute Portionen.	"['(""food quality"", ""positive"", ""Essen"")', '(""food style_options"", ""positive"", ""Essen"")']"
1214	Die Speisenauswahl ist sehr groß, alle Küchen der Welt sind vertreten.	"['(""food style_options"", ""positive"", ""Speisenauswahl"")']"
1215	Danke für die schöne Zeit.	"['(""restaurant general"", ""positive"", ""NULL"")']"
1216	Schnitzel mit Bratkartoffeln und Salat und Champignonsoße für 19,50 Euro, wenn es gut wär dann wäre der Preis OK aber für ein Schnitzel aus der Fritteuse mit Champignons aus der Dose vielleicht 2 Stück Pilze ein no Go.	"['(""food quality"", ""negative"", ""Schnitzel mit Bratkartoffeln"")', '(""food quality"", ""negative"", ""Salat"")', '(""food prices"", ""neutral"", ""Schnitzel mit Bratkartoffeln und Salat und Champignonsoße"")', '(""food prices"", ""negative"", ""NULL"")', '(""food quality"", ""negative"", ""Champignonsoße"")']"
1217	Für mich ganz klar, einmal und nie wieder „Pfefferkorn“ in LOC.	"['(""restaurant general"", ""negative"", ""Pfefferkorn"")']"
1218	Wer in LOC unterwegs ist, der kann die DAMPFE ohne Bedenken in seine Reiseplanung einbeziehen.	"['(""restaurant general"", ""positive"", ""DAMPFE"")']"
1219	Das Essen war reichlich und von sehr guter Qualität!	"['(""food style_options"", ""positive"", ""Essen"")', '(""food quality"", ""positive"", ""Essen"")']"
1220	Sehr unfreundlich inkl des Chefs.	"['(""service general"", ""negative"", ""Chefs"")', '(""service general"", ""negative"", ""NULL"")']"
1221	Wir haben zügig bestellen können und die Vorspeisen noch zügiger erhalten.	"['(""service general"", ""positive"", ""NULL"")']"
1222	Eine der tollsten Lokationen.	"['(""restaurant general"", ""positive"", ""Lokationen"")']"
1223	Wir hatten ein Azubi als Kellnerin und sie war sehr freundlich und hat uns nach Wünschen gefragt.	"['(""service general"", ""positive"", ""Azubi"")']"
1224	Ein Punkt Abzug für das lange Warten.	"['(""service general"", ""negative"", ""Warten"")']"
1225	Wir waren am Pfingstsonntag im LOC, das Lokal war wie zu erwarten sehr voll.	"['(""ambience general"", ""negative"", ""Lokal"")']"
1226	Dieser sollte mal an einer Schulung teilnehmen in der Ihm der korrekte Umgang mit Gästen und Kollegen näher gebracht wird.	"['(""service general"", ""negative"", ""NULL"")']"
1227	Viel zu teuer und dafür nichtmal sehr gut.	"['(""restaurant general"", ""negative"", ""NULL"")', '(""restaurant prices"", ""negative"", ""NULL"")']"
1228	Dann, keine 10 Minuten später, bekam ich ein neues Steak, das auf den Punkt zubereitet war.	"['(""food quality"", ""positive"", ""Steak"")']"
1229	Aber das Gefühl eines zufriedenstellenden Abends hat sich nicht eingestellt.	"['(""restaurant general"", ""negative"", ""NULL"")']"
1230	Mit Sicherheit eines der besten Steak- Häuser in LOC, wir haben uns komplett wohl gefühlt, Service war top top top!	"['(""restaurant miscellaneous"", ""positive"", ""Steak- Häuser"")', '(""ambience general"", ""positive"", ""NULL"")', '(""service general"", ""positive"", ""Service"")']"
1231	Um dies nochmals zu verdeutlichen, zeigte es sich durch Aussagen auf portugiesisch, wie schnell sie die Gäste loswerden möchten.	"['(""service general"", ""negative"", ""Aussagen auf portugiesisch"")']"
1232	Wir wurden rundherum bestens bedient.	"['(""service general"", ""positive"", ""NULL"")']"
1233	Nicht überfüllt mittags.	"['(""ambience general"", ""positive"", ""NULL"")']"
1234	Wenn ich wieder in der LOC bin, komme ich gerne wieder!	"['(""restaurant general"", ""positive"", ""NULL"")']"
1235	LOC und unhöflich.	"['(""service general"", ""negative"", ""NULL"")']"
1236	Küchlein kamen etwas verspätet.	"['(""service general"", ""negative"", ""NULL"")']"
1237	Davon wusste der Empfang allerdings nichts und reagierte sehr unwirsch, am Ende hat es aber geklappt.	"['(""service general"", ""negative"", ""Empfang"")']"
1238	Wie immer super qualifizierter Service, leider kam heute die Küche nicht so pünktlich wie sonst immer hinterher.	"['(""service general"", ""negative"", ""Küche"")', '(""service general"", ""positive"", ""Service"")']"
1239	Eine junge Dame mit Handy lief zwar um die Tische, doch winkende Gäste, die etwas bestellen wollten, wurden geflissentlich übersehen.	"['(""service general"", ""negative"", ""Dame"")']"
1240	Egal ob Bolognese für Kids oder rafinnierte Kalbmedalliins mit Pinienkernen für uns- alles schmeckt.	"['(""food quality"", ""positive"", ""Bolognese"")', '(""food quality"", ""positive"", ""Kalbmedalliins mit Pinienkernen"")']"
1241	Eigentlich gibt es ja auch vernünftige Fertigprodukte, aber hier wird vermutlich nur die minderwertigste Qualität serviert.	"['(""food quality"", ""negative"", ""NULL"")']"
1242	Sizilianische Gerichte, Pasta Norma echt lecker.	"['(""food quality"", ""positive"", ""Pasta Norma"")']"
1243	Eingekehrt, Sauerbraten bestellt, extrem humorvoller Köbes, Spaß gehabt, geschmackvolle und große Portionen bekommen.	"['(""restaurant general"", ""positive"", ""NULL"")', '(""food style_options"", ""positive"", ""Portionen"")', '(""service general"", ""positive"", ""Köbes"")', '(""food quality"", ""positive"", ""Portionen"")']"
1244	Nie wieder.	"['(""restaurant general"", ""negative"", ""NULL"")']"
1245	Schade, schade.	"['(""restaurant general"", ""negative"", ""NULL"")']"
1246	Zubereitung auf den Punkt und ansprechend serviert.	"['(""service general"", ""positive"", ""NULL"")', '(""food quality"", ""positive"", ""NULL"")']"
1247	Nachdem das Nudelgericht meiner Frau kalt war, und wir dieses zurückgehen ließen, wollte ich nicht auch noch meinen Surf und Turf-Burger reklamieren.	"['(""food quality"", ""negative"", ""Nudelgericht"")']"
1248	100g auf einer durchweichten Scheibe Brot mit Ruccolasalat 14€.	"['(""food prices"", ""negative"", ""Scheibe Brot mit Ruccolasalat"")', '(""food quality"", ""negative"", ""Scheibe Brot mit Ruccolasalat"")']"
1249	Die Speisekarte ist überschaubar, bietet keine besonderen Leckereien.	"['(""food style_options"", ""negative"", ""Speisekarte"")']"
1250	Das gemütliche Restaurant überzeugt mit einem charmanten Ambiente und einer herzlichen Atmosphäre.	"['(""ambience general"", ""positive"", ""Atmosphäre"")', '(""ambience general"", ""positive"", ""Ambiente"")', '(""restaurant general"", ""positive"", ""Restaurant"")']"
1251	Ich hatte am 10.07.2023 meinen Geburtstag in der RESTAURANT_NAME gefeiert, die Kellner waren sehr aufmerksam und das Essen ein Traum, ich kann es nur weiterempfehlen.	"['(""food quality"", ""positive"", ""Essen"")', '(""restaurant general"", ""positive"", ""NULL"")', '(""service general"", ""positive"", ""Kellner"")']"
1252	Ach ne, Pampe war das seltsame Sauerkraut.	"['(""food quality"", ""negative"", ""Sauerkraut"")']"
1253	Die Möglichkeit, zweimal die Vorspeise zu wählen, wurde verwehrt, selbst nach Angebot, den Betrag zum Selleriegericht aufzustocken.	"['(""service general"", ""negative"", ""NULL"")']"
1254	Wir mussten ewig warten, bis sie überhaupt einmal kam, war dann nicht besonders freundlich und kam dann auch nur einmal um uns Essen und Trinken zu bringen.	"['(""service general"", ""negative"", ""NULL"")']"
1255	Die Bedienung hat nicht mal tschüss gesagt - wahrscheinlich waren ihr 15€ Trinkgeld zu wenig ☹️!	"['(""service general"", ""negative"", ""Bedienung"")']"
1256	Suppe lauwarm/ wurde aber aufgewärmt war dann gut und lecker.	"['(""food quality"", ""positive"", ""Suppe"")']"
1257	Wurde sehr freundlich von Sophie bedient!	"['(""service general"", ""positive"", ""Sophie"")']"
1258	Wir saßen in der ersten Etage - ein wunderbarer Raum.	"['(""ambience general"", ""positive"", ""Raum"")']"
1259	Gepflegte Getränke und netter Service.	"['(""food quality"", ""positive"", ""Getränke"")', '(""service general"", ""positive"", ""Service"")']"
1260	Sollte man mal gesehen haben 👍🏻	"['(""restaurant general"", ""positive"", ""NULL"")']"
1261	Etwas zu laut,wenn es voll ist.	"['(""ambience general"", ""negative"", ""NULL"")']"
1262	Der Service ist gut… man fühlt sich gut betreut.	"['(""service general"", ""positive"", ""Service"")']"
1263	Normalerweise eigentlich sehr gut.	"['(""restaurant general"", ""positive"", ""NULL"")']"
1264	"Der festlich gedeckte Tisch (""Willkommenspaket"") mit Kerzenhalter war ein echter Hingucker und würdiger Rahmen zum Anlass."	"['(""ambience general"", ""positive"", ""Tisch (""Willkommenspaket"") mit Kerzenhalter"")']"
1265	Leider war das Personal völlig überfordert, denn wir mußten fast 25 Minuten warten, bis jemand eine Bestellung aufnehmen konnte.	"['(""service general"", ""negative"", ""Personal"")']"
1266	Die Speisen waren geschmackvoll zubereitet und wurden trotz hohem Gästeaufkommens zeitnah serviert.	"['(""food style_options"", ""positive"", ""Speisen"")', '(""service general"", ""positive"", ""NULL"")']"
1267	Nach langer Zeit betraten wir kurz nach LOC am frühen Nachmittag das FISCHAUS, wo wir direkt von Roberto freundlich begrüßt wurden.	"['(""service general"", ""positive"", ""Roberto"")']"
1268	Nachdem wir nach einiger Zeit unser Getränk endlich bestellen durften, bekam ich ein Glas mit Lippenstift.	"['(""service general"", ""negative"", ""NULL"")']"
1269	Liebes Team der Steak Manufaktur,vielen Dank für den schönen Abend bei Euch, den herzlichen Empfang, den tollen und zuvorkommenden Service und das sehr schmackhafte Essen von hoher Qualität, toller Zubereitung und klasse Timing.	"['(""restaurant general"", ""positive"", ""NULL"")', '(""service general"", ""positive"", ""Empfang"")', '(""food quality"", ""positive"", ""Zubereitung"")', '(""service general"", ""positive"", ""Service"")', '(""service general"", ""positive"", ""Timing"")', '(""food quality"", ""positive"", ""Essen"")']"
1270	Leider musste nun die Möblierung aus LOC entfernt werden ( was für ein Schwachsinn, das Outdoorbereich ist von der Strasse gar nicht einzusehen), es ist also nicht mehr so gemütlicht.	"['(""ambience general"", ""negative"", ""NULL"")']"
1271	Das hat nichts mit positiven Erlebnis zu tun!	"['(""restaurant general"", ""negative"", ""NULL"")']"
1272	Einzig das Bier war geniessbar.	"['(""drinks quality"", ""positive"", ""Bier"")']"
1273	Die positiven Bewertungen können wir nur bestätigen.	"['(""restaurant general"", ""positive"", ""NULL"")']"
1274	Ein tolles italienisches Restaurant.	"['(""restaurant miscellaneous"", ""positive"", ""Restaurant"")']"
1275	Das Restaurant insgesamt machte den lieblosen, rein praktischen Eindruck eines schlechten Imbiss.	"['(""restaurant miscellaneous"", ""negative"", ""Restaurant"")']"
1276	Leider wurden wir gar nicht bedient.	"['(""service general"", ""negative"", ""NULL"")']"
1277	Bedienung sehr freundlich und flink, Ambiente sehr münchnerisch, gemütlich mit schönem Blick auf den LOC.	"['(""service general"", ""positive"", ""Bedienung"")', '(""ambience general"", ""positive"", ""Blick auf den LOC"")']"
1278	Wir werden nicht mehr hierher kommen.	"['(""restaurant general"", ""negative"", ""NULL"")']"
1279	Abwechslungsreich und köstlich zubereitet.	"['(""food style_options"", ""positive"", ""NULL"")', '(""food quality"", ""positive"", ""NULL"")']"
1280	Vor dem Eingang war eine beeindruckende Schlange von wartenden Gästen.	"['(""ambience general"", ""positive"", ""Schlange"")']"
1281	"""RESTAURANT_NAME Teller"" Schnitzel trocken, Salat welk."	"['(""food quality"", ""negative"", """"RESTAURANT_NAME Teller"" Schnitzel"")', '(""food quality"", ""negative"", ""Salat"")']"
1282	Die gegrillten Bratwürste waren in gewohnter Qualität mit feinem Holzaroma gegrillt.	"['(""food quality"", ""positive"", ""Holzaroma"")', '(""food quality"", ""positive"", ""Bratwürste"")']"
1283	Über eine Stunde wurde nicht nachgefragt ob wir noch etwas wünschen... Erst auf Reklamation wurde sich um uns gekümmert.	"['(""service general"", ""negative"", ""NULL"")']"
1284	Jedes der Gerichte, auch die Vorspeisen, haben uns sehr gut geschmeckt.	"['(""food quality"", ""positive"", ""Gerichte"")', '(""food quality"", ""positive"", ""Vorspeisen"")']"
1285	Schade.	"['(""restaurant general"", ""negative"", ""NULL"")']"
1286	Alles in allem 3 von 5 Sternen.	"['(""restaurant general"", ""neutral"", ""NULL"")']"
1287	Darüberhinaus enthielt das verwendete Fleisch ungenießbare Anteile.	"['(""food quality"", ""negative"", ""Fleisch"")']"
1288	Der Service war mega freundlich und es hatte eine familiäre Atmosphäre, obwohl es voll war.	"['(""ambience general"", ""positive"", ""Atmosphäre"")', '(""ambience general"", ""negative"", ""NULL"")', '(""service general"", ""positive"", ""Service"")']"
1289	Man sitzt sehr eng an kleinen Tischchen, von den Teelichtern auf jedem Tisch war trotz Dunkelheit kein einziges angezündet.	"['(""ambience general"", ""negative"", ""NULL"")']"
1290	Wir haben 5 Gänge Summer Breeze gewählt und wurden begeistert.	"['(""food quality"", ""positive"", ""5 Gänge Summer Breeze"")']"
1291	Dass mir zuerst eine englische Karte präsentiert wird, lasse ich der freundlichen Kellnerin gerne durchgehen.	"['(""service general"", ""positive"", ""Kellnerin"")']"
1292	Tapas waren für uns nichts besonderes, haben wir auch in LOC schon viel besser/geschmacklich interessanter gehabt.	"['(""food quality"", ""neutral"", ""Tapas"")']"
1293	Es hat uns leider von der Qualität und Geschmack nicht überzeugt da haben wir schon besser in LOC gegessen	"['(""restaurant general"", ""negative"", ""NULL"")', '(""food quality"", ""negative"", ""NULL"")']"
1294	Zum Eigentlichen, ja die Gerichte sind nett angerichtet, geschmacklich etwas über dem Durchschnitt der sonstigen Griechen.	"['(""food quality"", ""positive"", ""Gerichte"")', '(""food style_options"", ""positive"", ""Gerichte"")']"
1295	Vor allem in der jetzigen Jahreszeit, den zahlenden Kunden bei Regen, Wind und Kälte (wie letztes selbst erlebt) 20 min, ungeschützt vor der Tür warten zu lassen grenzt schon an Unverschämtheit.	"['(""service general"", ""negative"", ""NULL"")']"
1296	Bedienung sehr zuvorkommend	"['(""service general"", ""positive"", ""Bedienung"")']"
1297	Sitzplatz im gefliesten LOC ungemütlich , Service mit langen Wartezeiten für die Getränke und eine wirklich langweilige, sehr einseitige Speisekartenauswahl in allen Menübereichen.. da kann man in LOC für das gleiche Geld einen schöneren kulinarischen Abend verbringen.	"['(""food style_options"", ""negative"", ""Speisekartenauswahl"")', '(""ambience general"", ""negative"", ""Sitzplatz"")', '(""service general"", ""negative"", ""Service"")']"
1298	Völlig überbewertet.	"['(""restaurant general"", ""negative"", ""NULL"")']"
1299	Essen kam recht schnell	"['(""service general"", ""positive"", ""NULL"")']"
1300	Tolles Ambiente, schöne Einrichtung.	"['(""ambience general"", ""positive"", ""Ambiente"")', '(""ambience general"", ""positive"", ""Einrichtung"")']"
1301	Heute war es leider ein totaler Reinfall.	"['(""restaurant general"", ""negative"", ""NULL"")']"
1302	Essen lieblos hergerichtet, Ambiente toll, Service gestresst und hat mir die Freude auf diesen Abend genommen.	"['(""food style_options"", ""negative"", ""Essen"")', '(""ambience general"", ""positive"", ""Ambiente"")', '(""service general"", ""negative"", ""Service"")']"
1303	Peters Bierfleisch eine Zumutung.	"['(""food quality"", ""negative"", ""Bierfleisch"")']"
1304	Essen eher unteres Mittelmaß.	"['(""food quality"", ""negative"", ""Essen"")']"
1305	Es passte ins Bild, dass uns beim Verlassen, nachdem ich eine deutlich dreistellige Rechnung beglichen hatte, verwehrt wurde, noch ein Törtchen für zu Hause zu kaufen.	"['(""service general"", ""negative"", ""NULL"")']"
1306	"Der ""zuständige"" Kellner schnauzte uns über sämtliche Tische sehr laut an, dass man kein ""mitgebrachtes Essen"" verzehren dürfte....(Eis: mitgebrachtes Essen????"	"['(""service general"", ""negative"", ""Kellner"")']"
1307	Das Personal macht einen sehr unzufriedenen Eindruck.	"['(""service general"", ""negative"", ""Personal"")']"
1308	Gute Mittagskarte zum Mittagessen in der Mittagspause.	"['(""food style_options"", ""positive"", ""Mittagskarte"")']"
1309	Espresso geliefert ohne Milch und Zucker.	"['(""drinks quality"", ""negative"", ""Espresso"")']"
1310	Auch für die anderen Begleiter war das Essen ok.	"['(""food quality"", ""neutral"", ""Essen"")']"
1311	Preis / Leistung stimmt.	"['(""restaurant prices"", ""positive"", ""NULL"")']"
1312	Der Service ist sehr zuvorkommend und überaus freundlich.	"['(""service general"", ""positive"", ""Service"")']"
1313	Service schlecht.	"['(""service general"", ""negative"", ""Service"")']"
1314	Wir waren geschäftlich in der RESTAURANT_NAME, und schon am Eingang haben wir das tolle Ambiente gesehen.	"['(""ambience general"", ""positive"", ""Ambiente"")']"
1315	Sehr schöner Biergarten, sehr netter Service.	"['(""service general"", ""positive"", ""Service"")', '(""ambience general"", ""positive"", ""Biergarten"")']"
1316	Das Bier ist, wie man es in der Münchner Innenstadt erwarten kann teuer, gilt auch für alle anderen Getränke (Obwohl ich glaube die stehen nur pro Forma auf der Karte.	"['(""drinks prices"", ""negative"", ""Getränke"")', '(""drinks prices"", ""negative"", ""Bier"")']"
1317	Schaute neue Gäste an, aber sich um sie zu kümmern war dann wohl nicht angedacht.	"['(""service general"", ""negative"", ""NULL"")']"
1318	Wir saßen draußen auf der Terrasse und wurden zügig und freundlich bedient.	"['(""service general"", ""positive"", ""NULL"")']"
1319	Früher hat man das antiquierte Ambiente nicht beachtet, weil die Steaks sehr gut waren.	"['(""ambience general"", ""negative"", ""Ambiente"")', '(""food quality"", ""positive"", ""Steaks"")']"
1320	Da ich immer sehr gerne im Tuscolo gegessen habe, war ich sehr enttäuscht als ich in der letzten Woche mit einer Freundin aus LOC, die das erste Mal in LOC war, dort gegessen habe.	"['(""restaurant general"", ""negative"", ""Tuscolo"")']"
1321	Hatten Freunde aus den USA zu Besuch und nach gelungenen Stadtrundgang war das Abendessen ein sehr schöner Abschluss des Tages.	"['(""food quality"", ""positive"", ""Abendessen"")']"
1322	Ich fragte, ob es frisch gepressten o-Saft gäbe und wieder eine schnoddrige Antwort, dass sie nur frischen Saft hätten, was sich allerdings als frisch aus dem Tetrapack herausstellte.	"['(""service general"", ""negative"", ""NULL"")', '(""food quality"", ""negative"", ""Saft"")']"
1323	Solide und gute Schwäbische Küche und freundliches und aufmerksames Personal.	"['(""service general"", ""positive"", ""Personal"")', '(""food quality"", ""positive"", ""Küche"")']"
1324	Das Ganze kostete zudem unverschämte 89,- Euro.	"['(""restaurant prices"", ""negative"", ""NULL"")']"
1325	Knödel und Sauce sind sehr schlecht, genauso wie der überteuerte Garnelen Salat, keine Raffinesse, wirklich das billigste vom billigsten und die Käsespätzle haben wirklich nichts mit echten Käsespätzle zutun!	"['(""food prices"", ""negative"", ""Garnelen Salat"")', '(""food quality"", ""negative"", ""Sauce"")', '(""food quality"", ""negative"", ""Knödel"")', '(""food quality"", ""negative"", ""NULL"")', '(""food prices"", ""negative"", ""NULL"")', '(""food quality"", ""negative"", ""Käsespätzle"")']"
1326	Preis-Leistung ust mit sehr schlecht zu bewerten.	"['(""restaurant prices"", ""negative"", ""NULL"")']"
1327	"Kartoffelpüree zum LOC aus der Packung mit Wasser angerührt, die Rösti auch vorgefertigte TK-Ware, Anzahl der Matjes war zu wenig, der Wirsing war total verkocht und beim ""Chef Spezial"" suchte man die Kapern und das Ei vergeblich."	"['(""food quality"", ""negative"", ""Kartoffelpüree"")', '(""food quality"", ""negative"", ""Wirsing"")', '(""food quality"", ""negative"", ""Rösti"")', '(""food quality"", ""negative"", ""Chef Spezial"")', '(""food style_options"", ""negative"", ""Anzahl der Matjes"")']"
1328	Tolle Location; super freundliches und aufmerksames Personal; gutes Essen und Bier; auch ohne Reservierung haben wir am Samstagabend einen Tisch bekommen	"['(""food quality"", ""positive"", ""Essen"")', '(""drinks quality"", ""positive"", ""Bier"")', '(""service general"", ""positive"", ""Personal"")', '(""ambience general"", ""positive"", ""Location"")']"
1329	Gute Qualität der Speisen und der Empfehlungen.	"['(""food quality"", ""positive"", ""Speisen"")']"
1330	Schlechtester Belag, den wir bis jetzt bekommen haben.	"['(""food quality"", ""negative"", ""Belag"")']"
1331	Plätze draußen in schöner Atmosphäre.	"['(""ambience general"", ""positive"", ""Atmosphäre"")']"
1332	Dafür eine schmierige Sauce, die ungenießbar war und angeblich die fehlenden Zutaten ersetzen soll.	"['(""food quality"", ""negative"", ""Sauce"")']"
1333	Ich habe den Salat reklamiert und nach anfänglicher unverschämter Aussage des Bedienungspersonals bekam ich einen neuen Salat.	"['(""service general"", ""negative"", ""Bedienungspersonals"")']"
1334	Preis / Leistung top!	"['(""restaurant prices"", ""positive"", ""NULL"")']"
1335	Ein gemütliches Restaurant, die Aussenbestuhlung befindet sich vor dem Lokal, der bestellte Rosewein wurde hervorragend im Weinkühler serviert und unsere Fischgerichte waren sehr lecker!	"['(""food quality"", ""positive"", ""Fischgerichte"")', '(""drinks quality"", ""positive"", ""Rosewein"")', '(""ambience general"", ""positive"", ""Restaurant"")']"
1336	Von Tapas über Steak und tollen Dessert hat das Essen und der tolle Service das 1.	"['(""food quality"", ""positive"", ""Dessert"")', '(""service general"", ""positive"", ""Service"")']"
1337	Speise- und Getränkekarten waren heute Mangelware.	"['(""service general"", ""negative"", ""Speise- und Getränkekarten"")']"
1338	Ein traditionelles Restaurant wie aus dem Bilderbuch.	"['(""restaurant miscellaneous"", ""positive"", ""Restaurant"")']"
1339	Gute Umgebung immer voll.	"['(""location general"", ""positive"", ""Umgebung"")', '(""ambience general"", ""negative"", ""NULL"")']"
1340	Für uns war das Essen nur ok und nichts mehr.	"['(""food quality"", ""neutral"", ""Essen"")']"
1341	Das Schnitzel meiner Frau war verbrannt.	"['(""food quality"", ""negative"", ""Schnitzel"")']"
1342	Speisen sehr schmackhaft.	"['(""food quality"", ""positive"", ""Speisen"")']"
1343	Auch hier: sieht beeindruckend aus, hilft aber geschmacklich leider nicht weiter.	"['(""food style_options"", ""negative"", ""NULL"")', '(""food quality"", ""negative"", ""NULL"")']"
1344	Leider enttäuschend.	"['(""restaurant general"", ""negative"", ""NULL"")']"
1345	Gern in Zukunft wieder !	"['(""restaurant general"", ""positive"", ""NULL"")']"
1346	Espresso war leider kalt.	"['(""drinks quality"", ""negative"", ""Espresso"")']"
1347	Das Essen war sehr lecker und auch reichlich.	"['(""food quality"", ""positive"", ""Essen"")']"
1348	Netter Service und freundliche Leute.	"['(""service general"", ""positive"", ""Service"")']"
1349	Tolles und gemütliches Ambiente	"['(""ambience general"", ""positive"", ""Ambiente"")']"
1350	Das Gebäude ist wunderschön erhalten es gibt viel zu sehen da passt alles sehr schön.	"['(""ambience general"", ""positive"", ""Gebäude"")', '(""ambience general"", ""positive"", ""NULL"")']"
1351	Wir waren am Freitag dort in der RESTAURANT_NAME und waren von der Qualität des Essens und der Zubereitung sehr enttäuscht.	"['(""food quality"", ""negative"", ""Essens"")', '(""food style_options"", ""negative"", ""Essens"")']"
1352	Zutaten usw. haben mit Bolognese nichts zu tun!	"['(""food quality"", ""negative"", ""Bolognese"")']"
1353	Als Nicht-Bayern brauchten wir ein paar Erläuterungen bei der Speisekarte, wobei uns die Kellnerin freundlich behilflich war.	"['(""service general"", ""positive"", ""Kellnerin"")']"
1354	Ich werde das nächstes Mal woanders hingehen.	"['(""restaurant general"", ""negative"", ""NULL"")']"
1355	Vom Ambiente her natürlich toll, RESTAURANT_NAME eben, alles sehr sauber...aber der Empfang war mehr als unfreundlich, der Kellner am Tisch dafür wieder sehr aber nachdem wir von zwei servicekräften sehr unfreundlich begrüßt wurden wären wir fast wieder gegangen, essen war dann leider auch nicht toll, die Burger,waren sehr trocken, würden nicht nochmal wieder kommen...leider	"['(""ambience general"", ""positive"", ""Ambiente"")', '(""restaurant general"", ""negative"", ""NULL"")', '(""service general"", ""negative"", ""Empfang"")', '(""food quality"", ""negative"", ""Burger"")', '(""food quality"", ""negative"", ""essen"")', '(""ambience general"", ""positive"", ""NULL"")', '(""service general"", ""negative"", ""servicekräften"")']"
1356	Das Essen ist ein Traum 😍	"['(""food quality"", ""positive"", ""Essen"")']"
1357	Preis/ Leistung: UNTERIRDISCH!	"['(""restaurant prices"", ""negative"", ""NULL"")']"
1358	Essen - wie immer - GRANDIOS!	"['(""food quality"", ""positive"", ""Essen"")']"
1359	Location wunderbar Essen war exzellent Die Kellnerin war super nett freundlichen und hat uns gut beraten Bier war auch super	"['(""food quality"", ""positive"", ""Essen"")', '(""location general"", ""positive"", ""Location"")', '(""drinks quality"", ""positive"", ""Bier"")', '(""service general"", ""positive"", ""Kellnerin"")']"
1360	Richtig schön, waren die Blumenblätter auf den Gerichten, aber das war leider auch schon alles.	"['(""restaurant general"", ""negative"", ""NULL"")', '(""food style_options"", ""positive"", ""Blumenblätter"")']"
1361	Die Bayerischen Gerichte sind 2 Lokale weiter auf jeden Fall qualitätiv besser.	"['(""food quality"", ""negative"", ""Gerichte"")']"
1362	Als mein Mann freundlich nachhakte, wurden wir lautstark und aggressiv zurecht gewiesen, dass es das Gleiche sei!!	"['(""service general"", ""negative"", ""NULL"")']"
1363	Ich und mein Besuch, waren sehr enttäuscht.	"['(""restaurant general"", ""negative"", ""NULL"")']"
1364	Klassische Gerichte modern angerichtet.	"['(""food style_options"", ""positive"", ""Gerichte"")']"
1365	Leckeres Essen mit Steak auf den Punkt gebraten - und auch die Vegetarier kommen auf ihre Kosten.	"['(""food quality"", ""positive"", ""Essen"")', '(""food quality"", ""positive"", ""NULL"")', '(""food quality"", ""positive"", ""Steak"")']"
1366	Schade ums Geld	"['(""restaurant prices"", ""negative"", ""NULL"")']"
1367	Total aufmerksam und alle mit dem „berühmten Lächeln“.	"['(""service general"", ""positive"", ""NULL"")']"
1368	Der Keller hat uns durch seine Art den Abend versaut und unsere Tradition endet somit und wir suchen ein neues Lokal.	"['(""service general"", ""negative"", ""Keller"")']"
1369	Muscheln als Vorspeise fantastisch.	"['(""food quality"", ""positive"", ""Muscheln"")']"
1370	Sehr zu empfehlen.	"['(""restaurant general"", ""positive"", ""NULL"")']"
1371	Tolle, urgemütliche Atmosphäre.	"['(""ambience general"", ""positive"", ""Atmosphäre"")']"
1372	Service war nicht so schnell und man musste zu viel warten.	"['(""service general"", ""negative"", ""Service"")']"
1373	Der Lokal selbst ist auch ein Highlight, zuerst sassen wir ganz unten im Kellergewölbe, später gings raus an die Sonne.	"['(""location general"", ""positive"", ""Lokal"")']"
1374	Heute hier - neuer Standort, bin ich etwas sehr enttäuscht.	"['(""restaurant general"", ""negative"", ""NULL"")']"
1375	Wir waren so enttäuscht , dass uns die Lust zum shoppen vergangen ist und wir sind nach LOC gefahren.	"['(""restaurant general"", ""negative"", ""NULL"")']"
1376	Bayrisch Essen und Gastfreundschaft geht anders.	"['(""food style_options"", ""negative"", ""Essen"")', '(""service general"", ""negative"", ""Gastfreundschaft"")']"
1377	befriedigendes Ausflugslokal, leider sehr dreckige Tische, Platzangebot direkt vor LOC obwohl LOC nur zu ca.	"['(""restaurant general"", ""neutral"", ""Ausflugslokal"")', '(""ambience general"", ""negative"", ""Tische"")']"
1378	Service also lässt sehr zu wünschen übrig.	"['(""service general"", ""negative"", ""Service"")']"
1379	Preise für das Kölsch (0,2 l) empfinde ich etwas übertrieben.	"['(""drinks prices"", ""negative"", ""Kölsch"")']"
1380	Außerdem auch eine sehr gute Weinkarte !	"['(""drinks style_options"", ""positive"", ""Weinkarte"")']"
1381	Unglaublich enttäuschend.	"['(""restaurant general"", ""negative"", ""NULL"")']"
1382	Sehr zu empfehlen sind die Fischgerichte und der selbstgemachte Sangria.	"['(""food quality"", ""positive"", ""Sangria"")', '(""food quality"", ""positive"", ""Fischgerichte"")']"
1383	Einfache Reservierung, sehr freundliche Mitarbeiter, leckeres Essen im schönen und sauberen Ambiente …	"['(""service general"", ""positive"", ""Reservierung"")', '(""service general"", ""positive"", ""Mitarbeiter"")', '(""ambience general"", ""positive"", ""Ambiente"")', '(""food quality"", ""positive"", ""Essen"")']"
1384	Ein absolutes Durstessen.	"['(""food quality"", ""negative"", ""Durstessen"")']"
1385	Leider kann ich den LOC nicht empfehlen .	"['(""restaurant general"", ""negative"", ""LOC"")']"
1386	Leider ein Reinfall.	"['(""restaurant general"", ""negative"", ""NULL"")']"
1387	Das Restaurant ist immer gut besucht, trotzdem kann man sich in angenehmer Atmosphäre unterhalten.	"['(""ambience general"", ""positive"", ""Atmosphäre"")']"
1388	Am 6.4. im LOC lasch, Kruste völlig weich; Leberkäs lauwarm und ebenfalls ohne knusprigen Rand - schade, eigentlich kenne ich das dort ganz anders!	"['(""food quality"", ""negative"", ""Leberkäs"")', '(""restaurant general"", ""negative"", ""NULL"")', '(""food quality"", ""negative"", ""Kruste"")']"
1389	Das Essen war sehr sehr lecker und kam zügig.	"['(""food quality"", ""positive"", ""Essen"")', '(""service general"", ""positive"", ""NULL"")']"
1390	Die Service Mitarbeiter versuchen ihr bestes, leider war ich von meiner Haxe ( die beste in der LOC stand auf der Karte ) schwer enttäuscht.	"['(""food quality"", ""negative"", ""Haxe"")', '(""service general"", ""positive"", ""Service Mitarbeiter"")']"
1391	Auf jeden Fall eine Lokalität die man besuchen sollte wenn man in LOC ist.	"['(""restaurant general"", ""positive"", ""Lokalität"")']"
1392	Wir hatten eine sehr schönen Abend.	"['(""restaurant general"", ""positive"", ""NULL"")']"
1393	Komme gern wieder.	"['(""restaurant general"", ""positive"", ""NULL"")']"
1394	"Es ging hier offenkundig nicht um ""Menschlichkeit"", sondern Profitgier, da man sich eine neue Zeche versprach, und wohl dachte, wir seien ohnehin im begriff zu gehen."	"['(""restaurant prices"", ""negative"", ""NULL"")']"
1395	Wir haben eigentlich nie besser italienisch gegessen als hier.	"['(""food quality"", ""positive"", ""NULL"")']"
1396	Preise sind ok und Service auch.	"['(""restaurant prices"", ""neutral"", ""NULL"")', '(""service general"", ""neutral"", ""Service"")']"
1397	Da entschädigt auch der Ausblick nicht für diesen Preis.	"['(""restaurant prices"", ""negative"", ""NULL"")']"
1398	Würde RESTAURANT_NAME immer weiter empfehlen und werde auch immer, wenn ich in LOC bin, wieder kommen.	"['(""restaurant general"", ""positive"", ""RESTAURANT_NAME"")']"
1399	Schöne Atmosphäre Schnelle und aufmerksame Bedingungen Super lecker und viele verschiedene Gerichte Preis Leistung super	"['(""food quality"", ""positive"", ""NULL"")', '(""ambience general"", ""positive"", ""Atmosphäre"")', '(""service general"", ""positive"", ""Bedingungen"")', '(""restaurant prices"", ""positive"", ""NULL"")', '(""food style_options"", ""positive"", ""Gerichte"")']"
1400	Wir kommen gerne wieder!	"['(""restaurant general"", ""positive"", ""NULL"")']"
1401	Ambiente toll, vielen Dank für den herrlichen Abend	"['(""ambience general"", ""positive"", ""Ambiente"")', '(""restaurant general"", ""positive"", ""NULL"")']"
1402	Wir lieben Trüffel, wenn sie hochqualitativ sind.	"['(""food quality"", ""positive"", ""Trüffel"")']"
1403	Wir hatten einen schönen Abend bei gutem Rotwein, sehr zu empfehlen.	"['(""restaurant general"", ""positive"", ""NULL"")', '(""drinks quality"", ""positive"", ""Rotwein"")']"
1404	Tolles Essen, tolle Atmosphäre und ganz netter und aufmerksamer Service!	"['(""food quality"", ""positive"", ""Essen"")', '(""ambience general"", ""positive"", ""Atmosphäre"")', '(""service general"", ""positive"", ""Service"")']"
1405	Beispiel 1 : die Getränke wurden einfach auf den Tisch gestellt und die Gäste mussten selbst die verteilen.	"['(""service general"", ""negative"", ""NULL"")']"
1406	Authentisch, so wie ich es mag.. hatte klassisch ein schnitzel mit jägersauce… must try.	"['(""restaurant general"", ""positive"", ""NULL"")', '(""food quality"", ""positive"", ""schnitzel mit jägersauce"")']"
1407	Das LOC bietet ein authentisches Steakhouse-Erlebnis, das Fleischliebhaber begeistern wird.	"['(""food quality"", ""positive"", ""NULL"")', '(""restaurant miscellaneous"", ""positive"", ""LOC"")']"
1408	Ein super schönes, gemütliches Lokal.	"['(""ambience general"", ""positive"", ""Lokal"")']"
1409	Die Pizza war perfekt und gut belegt.	"['(""food quality"", ""positive"", ""Pizza"")']"
1410	Endlich die Gläser erhalten… nun müssen WIR die Osteria Mitarbeitern bitten unsere Essensbestellung aufzunehmen.	"['(""service general"", ""negative"", ""Osteria Mitarbeitern"")']"
1411	Sehr gerne wieder!	"['(""restaurant general"", ""positive"", ""NULL"")']"
1412	Darauf wurde er unter dem Kopfschütteln der Umstehenden verbal noch aggressiver.	"['(""service general"", ""negative"", ""NULL"")']"
1413	Der Kaiserschmarn war aus der Tüte und kaum genießbar.	"['(""food quality"", ""negative"", ""Kaiserschmarn"")']"
1414	Schade.	"['(""restaurant general"", ""negative"", ""NULL"")']"
1415	Sehen uns wieder , sicher 👍	"['(""restaurant general"", ""positive"", ""NULL"")']"
1416	Wie gesagt, es war alles super lecker, aber wir haben in besseren Restaurants in LOC gegessen und einen ähnlichen oder sogar günstigeren Preis bezahlt.	"['(""food quality"", ""positive"", ""NULL"")', '(""restaurant prices"", ""negative"", ""NULL"")']"
1417	Die Räumlichkeiten sind riesengroß und wer mit anderen Menschen in Kontakt kommen möchte, hat hier die besten Chancen.	"['(""ambience general"", ""positive"", ""Räumlichkeiten"")']"
1418	Das Essen war wirklich mega lecker und abwechslungsreich.	"['(""food quality"", ""positive"", ""Essen"")']"
1419	Der Service ist schnell und freundlich.	"['(""service general"", ""positive"", ""Service"")']"
1420	Die Speisen waren sehr gut.	"['(""food quality"", ""positive"", ""Speisen"")']"
1421	Mein Fleisch war schon fast wieder kalt.	"['(""food quality"", ""negative"", ""Fleisch"")']"
1422	Im ganzen ein gelungener Abend mit Freunden.	"['(""restaurant general"", ""positive"", ""NULL"")']"
1423	Leider war das Lamm wieder durch obwohl Rare bestellt da Kalbsschnitzel war das Fleisch von schlechter Qualität?	"['(""food quality"", ""negative"", ""Lamm"")', '(""food quality"", ""negative"", ""Kalbsschnitzel"")']"
1424	Selten so schlecht und dabei so teuer gegessen.	"['(""food quality"", ""negative"", ""NULL"")', '(""restaurant prices"", ""negative"", ""NULL"")']"
1425	Damals fanden wir das Restaurant Weltklasse.	"['(""restaurant general"", ""positive"", ""Restaurant"")']"
1426	Super für sorglose, entspannte Familienfeiern, große Auswahl, viele Getränke inklusive, super Service	"['(""restaurant general"", ""positive"", ""NULL"")', '(""food style_options"", ""positive"", ""Auswahl"")', '(""drinks style_options"", ""positive"", ""Getränke"")', '(""service general"", ""positive"", ""Service"")']"
1427	Leckeres Essen, nettes Personal.	"['(""food quality"", ""positive"", ""Essen"")', '(""service general"", ""positive"", ""Personal"")']"
1428	War nichts.	"['(""restaurant general"", ""negative"", ""NULL"")']"
1429	Der danach bestellte Glasnudelsalat war langweilig gewürzt.	"['(""food quality"", ""negative"", ""Glasnudelsalat"")']"
1430	Egal was für Extrawünsche man hat, Andrea findet eine Lösung.	"['(""service general"", ""positive"", ""Andrea"")']"
1431	Ich bin LOC und ich weiß, dass ich nicht die gleiche Küche wie in LOC finden kann, aber das ist eine echte Beleidilung für uns.	"['(""food quality"", ""negative"", ""Küche"")']"
1432	Das Essen war völlig in Ordnung.	"['(""food quality"", ""neutral"", ""Essen"")']"
1433	Das erste Bier kam ja noch recht zügig.	"['(""service general"", ""positive"", ""NULL"")']"
1434	Über die Qualität der Gerichte muß man nicht mehr reden: hervorragend!	"['(""food quality"", ""positive"", ""Gerichte"")']"
1435	Schade, früher waren wir hier recht häufig.	"['(""restaurant general"", ""negative"", ""NULL"")']"
1436	Die Krönung waren dann die 6,50 Euro für den 0,1 l Rosenkir.	"['(""drinks quality"", ""positive"", ""NULL"")']"
1437	Eine Pizzabude ohne Ambitionen.	"['(""restaurant miscellaneous"", ""negative"", ""Pizzabude"")']"
1438	Sehr gute Kohlparty, Essen ausgezeichnet, DJ spitze.	"['(""food quality"", ""positive"", ""Essen"")', '(""restaurant miscellaneous"", ""positive"", ""Kohlparty"")', '(""restaurant miscellaneous"", ""positive"", ""DJ"")']"
1439	"Die Lage ist umwerfend, der Blick auf den LOC ist ""die habe Miete""."	"['(""ambience general"", ""positive"", ""Blick auf den LOC"")', '(""location general"", ""positive"", ""Lage"")']"
1440	Das Essen meiner Frau war sehr lecker, mein Fleisch war leider etwas fettig.	"['(""food quality"", ""positive"", ""Essen"")', '(""food quality"", ""negative"", ""Fleisch"")']"
1441	Die Bedienung ist ne Perle (danke, Desiree), das Essen war erstklassig, lecker und reichlich, war ein toller früher Silvesterabend.	"['(""food quality"", ""positive"", ""Essen"")', '(""food style_options"", ""positive"", ""Essen"")', '(""service general"", ""positive"", ""Desiree"")']"
1442	Unterhaltung zwischen 4 Leuten an einem Tisch schwierig, man muss sehr laut sprechen, um sich zu verständigen.	"['(""ambience general"", ""negative"", ""NULL"")']"
1443	Die Lage direkt an der LOC ist nicht zu übertreffen.	"['(""ambience general"", ""positive"", ""Lage"")']"
1444	Aufgrund des LOC war leider das Essen auch nur mittelmäßig.	"['(""food quality"", ""neutral"", ""Essen"")']"
1445	Naja dafür war das Bier und das Essen meiner Frau lecker.	"['(""food quality"", ""positive"", ""Essen"")', '(""drinks quality"", ""positive"", ""Bier"")']"
1446	Das Schokotörtchen war auch einwandfrei, das LOC gut aber nicht intensiv genug um als solches eindeutig identifiziert zu werden.	"['(""food quality"", ""positive"", ""Schokotörtchen"")']"
1447	Ausser der ersten Getränke war eine weitere Getränkebestellung quasi unmöglich da kein Servicepersonal verfügbar.	"['(""service general"", ""negative"", ""Servicepersonal"")']"
1448	Bedienung unfreundlich mit verdreckten Oberteil - sorry unappetitlich hoch drei .	"['(""service general"", ""negative"", ""Bedienung"")']"
1449	Wir kommen wieder !	"['(""restaurant general"", ""positive"", ""NULL"")']"
1450	Es gibt auch eine große Auswahl an Bieren.	"['(""drinks style_options"", ""positive"", ""Bieren"")']"
1451	Wir hatten gehofft, dass wenigstens das Essen reibungsloser ablaufen würde, leider wurden wir erneut enttäuscht.	"['(""service general"", ""negative"", ""Essen"")']"
1452	War an 3 Abenden nacheinander während eines Kongresses hier Abends zum Essen und hatte das Glück hier einzukehren.	"['(""restaurant general"", ""positive"", ""NULL"")']"
1453	Als Familie sollte man seeeehr viel Geld einplanen.	"['(""restaurant prices"", ""negative"", ""Geld"")']"
1454	Aber trotzdem ein tolles Erlebnis	"['(""restaurant general"", ""positive"", ""NULL"")']"
1455	Nichts konnte überzeugen.	"['(""restaurant general"", ""negative"", ""NULL"")']"
1456	Blaukraut ok.. = -1Haxn mit Knödel und Krautsalat....Resch passt.... aber das Fleisch.... hart Knödel innen hart ?	"['(""food quality"", ""negative"", ""Fleisch"")', '(""food quality"", ""negative"", ""Knödel"")', '(""food quality"", ""neutral"", ""Blaukraut"")']"
1457	Das geht gar nicht, wenn man zu zweit essen geht!!	"['(""restaurant general"", ""negative"", ""NULL"")']"
1458	Unterirdisch.	"['(""restaurant general"", ""negative"", ""NULL"")']"
1459	LOC, leckeres Essen.	"['(""food quality"", ""positive"", ""Essen"")']"
1460	Auch meine Frau war mit dem Wiener Schnitzel nicht ganz zufrieden.	"['(""food quality"", ""negative"", ""Wiener Schnitzel"")']"
1461	Die Das Ambiente ist authentisch, was uns sehr gefallen hat.	"['(""ambience general"", ""positive"", ""Ambiente"")']"
1462	Auch der Starter mit ein paar Scheiben Brot und Aioli war für 9€ recht dürftig.	"['(""food style_options"", ""negative"", ""Scheiben Brot"")', '(""food style_options"", ""negative"", ""Starter"")', '(""food style_options"", ""negative"", ""Aioli"")']"
1463	Alles war schnell und unkompliziert.	"['(""service general"", ""positive"", ""NULL"")']"
1464	Die Getränke kamen prompt und das Essen war auch nach einer angemessenen Zeit fertig.	"['(""service general"", ""positive"", ""NULL"")']"
1465	Das LOC ist sehr zu empfehlen und war perfekt Medium Rare.	"['(""food quality"", ""positive"", ""LOC"")']"
1466	Unfassbar unfreundlicher Service.	"['(""service general"", ""negative"", ""Service"")']"
1467	Zuerst vergaß er den Namen des Weins, dann schenkte er so schwungvoll ein, dass wir an Dinner for one denken mussten: jedes Mal gingen Tropfen daneben.	"['(""service general"", ""negative"", ""NULL"")']"
1468	Geschmacklich war das Essen fad: es fehlten Salz, Pfeffer, Gewürze, Kräuter.	"['(""food quality"", ""negative"", ""Essen"")']"
1469	Das Essen war mehr als ausreichend und es hat sehr gut geschmeckt.	"['(""food style_options"", ""positive"", ""Essen"")', '(""food quality"", ""positive"", ""Essen"")']"
1470	Wir waren begeistert von der Vielfalt der Gerichte auf der Karte und hatten Schwierigkeiten, uns zu entscheiden.	"['(""food style_options"", ""positive"", ""Vielfalt der Gerichte auf der Karte"")']"
1471	Nur mit dem Service hatten wir wohl einen schlechten Tag erwischt, es wurden die falschen Getränke gebracht die am Ende auch noch berechnet wurden.	"['(""service general"", ""negative"", ""Service"")']"
1472	Preis Leistung top.	"['(""restaurant prices"", ""positive"", ""NULL"")']"
1473	Die Bedienung war nett, auf den verschmutzen Tisch musste ich hinweisen.	"['(""service general"", ""positive"", ""Bedienung"")', '(""ambience general"", ""negative"", ""Tisch"")']"
1474	Das Essen ist solide mit einem ordentlichen Preis-Leistungsverhältnis.	"['(""food quality"", ""positive"", ""Essen"")', '(""restaurant prices"", ""positive"", ""NULL"")']"
1475	Aber er schmeckte dann doch.	"['(""food quality"", ""positive"", ""NULL"")']"
1476	Aber eine solch gute Pasta habe ich selten, wenn überhaupt mal gegessen.	"['(""food quality"", ""positive"", ""Pasta"")']"
1477	Die sehr große Lokation ist gut für Gruppen geeignet, so dass wir im hinteren Bereich einen ruhigeren Platz fanden.	"['(""restaurant miscellaneous"", ""positive"", ""Lokation"")', '(""ambience general"", ""positive"", ""Platz"")', '(""ambience general"", ""positive"", ""Lokation"")']"
1478	Das Fischereihafenrestaurant hat in LOC einen Ruf wie Donnerhall - meine Frau und ich bekamen jedoch leider nur Sommergewitterchen ab.	"['(""restaurant general"", ""negative"", ""Fischereihafenrestaurant"")', '(""ambience general"", ""negative"", ""Sommergewitterchen"")']"
1479	Auch wenn mich ein Restaurant schonmal enttäuscht hat, gebe ich gerne eine zweite Chance.	"['(""restaurant general"", ""negative"", ""Restaurant"")']"
1480	Die Käsespätzle waren nur Pampe.	"['(""food quality"", ""negative"", ""Käsespätzle"")']"
1481	Bier schmeckt super.	"['(""drinks quality"", ""positive"", ""Bier"")']"
1482	Trotzdem ist es immer einen Besuch wert	"['(""restaurant general"", ""positive"", ""NULL"")']"
1483	Eine Reservierung für 2 Personen war im Vorfeld (Tage vorher) nicht möglich.	"['(""service general"", ""negative"", ""Reservierung"")']"
1484	LOC durchschnittlich.	"['(""restaurant general"", ""neutral"", ""LOC"")']"
1485	Allerdings haben wir 1,5 Stunden auf unser Essen gewartet.	"['(""service general"", ""negative"", ""NULL"")']"
1486	Kein traditioneller Bacalhau oder Arroz de marisco.	"['(""food quality"", ""negative"", ""Bacalhau"")', '(""food quality"", ""negative"", ""Arroz de marisco"")']"
1487	Das Ambiente ist richtig toll, die Auswahl an Gerichten super.	"['(""ambience general"", ""positive"", ""Ambiente"")', '(""food style_options"", ""positive"", ""Auswahl an Gerichten"")']"
1488	Wir sind sehr gerne dort.	"['(""restaurant general"", ""positive"", ""NULL"")']"
1489	Wir fühlten uns durch seine liebe Art sehr wohl.	"['(""service general"", ""positive"", ""NULL"")']"
1490	Es war ein wunderschönes Erlebnisses, ein Hochgenuss der Suchtpotential hat.	"['(""food quality"", ""positive"", ""NULL"")']"
1491	Wir sind natürlich sofort gegangen und konnten von unserer schönen Hotelterrasse gut sehen, dass der Ansturm ausblieb.	"['(""ambience general"", ""positive"", ""Hotelterrasse"")']"
1492	Nach 2 Stunden fragten wir, wo der Hauptgang bleibt.	"['(""service general"", ""negative"", ""NULL"")']"
1493	Klares Empfehlung, wer gutes Essen zum fairen Preis haben möchte.	"['(""food quality"", ""positive"", ""Essen"")', '(""food prices"", ""positive"", ""Essen"")']"
1494	LOC wir kommen wieder.	"['(""restaurant general"", ""positive"", ""NULL"")']"
1495	Wie diese hohen Bewertungen zustande kommen ist uns ein Rätsel.	"['(""restaurant general"", ""negative"", ""NULL"")']"
1496	Spätzle weiche Teigmasse.	"['(""food quality"", ""negative"", ""Spätzle"")']"
1497	Wir kommen seit Jahren in die RESTAURANT_NAME: immer wieder gut.	"['(""restaurant general"", ""positive"", ""RESTAURANT_NAME"")']"
1498	Das war der letzte Besuch!	"['(""restaurant general"", ""negative"", ""NULL"")']"
1499	Was für ein Geschmack.	"['(""food quality"", ""positive"", ""NULL"")']"
1500	Im Hauptgang hatte ich Lamm vom Grill, was mit Abstand das beste Fleisch meines Lebens war!!	"['(""food quality"", ""positive"", ""Lamm vom Grill"")']"
1501	Das beste aber war der Kellner Dario Bario, er war sehr freundlich und hat sich um uns gekümmert wie es sonst noch kein Kellner gemacht hat!	"['(""service general"", ""positive"", ""Dario Bario"")']"
1502	Essen topp und Service auch, nur einen unmöglichen Kellner dabei, der mit den Tunneln im Ohr, der seine Kollegin ständig laut anpöbelt vor den Gäste, dass sie zu langsam sind und dich bewegen sollen usw.	"['(""food quality"", ""positive"", ""Essen"")', '(""service general"", ""negative"", ""Kellner"")', '(""service general"", ""positive"", ""Service"")']"
1503	Kommen immer gerne wieder nur zu empfehlen:)	"['(""restaurant general"", ""positive"", ""NULL"")']"
1504	Leider nein, denn der Service ließ viel zu wünschen übrig.	"['(""service general"", ""negative"", ""Service"")']"
1505	Der Burger total durchgebraten und trocken.	"['(""food quality"", ""negative"", ""Burger"")']"
1506	Muss nicht sein, kann aber.	"['(""restaurant general"", ""neutral"", ""NULL"")']"
1507	Ansonsten will ich zugute halten, dass eure Preise im Vergleich zu anderen Lokalen wirklich stabil geblieben sind.	"['(""restaurant prices"", ""positive"", ""NULL"")']"
1508	Auf jeden Fall ein Besuch wert, bei den Speisen ist für jeden der Tapasliebhaber etwas dabei!	"['(""food style_options"", ""positive"", ""Speisen"")', '(""restaurant general"", ""positive"", ""NULL"")']"
1509	Jedes Gericht war ausgezeichnet.	"['(""food quality"", ""positive"", ""Gericht"")']"
1510	Man liess uns eine halbe Stunde warten ehe man unsere Bestellung aufnahm.	"['(""service general"", ""negative"", ""NULL"")']"
1511	Die Menüabfolge war völlig chaotisch, die Suppen alle kalt, der Salat mit dem warmen Ziegenkäse stand schon 35 Minuten im Raum, bevor er serviert wurde.	"['(""food quality"", ""negative"", ""Suppen"")', '(""food style_options"", ""negative"", ""Menüabfolge"")', '(""food quality"", ""negative"", ""Salat mit dem warmen Ziegenkäse"")']"
1512	Das Gasthaus RESTAURANT_NAME ist egal zu welchem Anlass ein passendes Restaurant.	"['(""restaurant general"", ""positive"", ""RESTAURANT_NAME"")']"
1513	Er war schmierig und hat etwas schlecht geschmeckt.	"['(""food quality"", ""negative"", ""NULL"")']"
1514	Das RESTAURANT_NAME ist ein durchschnittlicher LOC, den man ab und zu einmal für ein Essen aufsuchen kann ohne etwas Besonders zu erwarten.	"['(""food quality"", ""neutral"", ""Essen"")', '(""restaurant general"", ""neutral"", ""RESTAURANT_NAME"")']"
1515	Preis-Leistungs Verhältnis katastrophal!!	"['(""restaurant prices"", ""negative"", ""NULL"")']"
1516	Ich hatte vor Kurzem eine äußerst enttäuschende Erfahrung mit dem Restaurant LOC gemacht.	"['(""restaurant general"", ""negative"", ""LOC"")']"
1517	Der Äppelwoi ist eine Katastrophe.	"['(""drinks quality"", ""negative"", ""Äppelwoi"")']"
1518	Klasse Essen, Personal und Service war super, vor allem Alberto war unser Glücksbringer .	"['(""food quality"", ""positive"", ""Essen"")', '(""service general"", ""positive"", ""Personal"")', '(""service general"", ""positive"", ""Service"")', '(""service general"", ""positive"", ""Alberto"")']"
1519	Nie wieder!	"['(""restaurant general"", ""negative"", ""NULL"")']"
1520	Der schlechteste und zugleich teuerste Burger aller Zeiten für 14,90 € ohne jegliche Beilage.	"['(""food quality"", ""negative"", ""Burger"")', '(""food prices"", ""negative"", ""Burger"")']"
1521	Als wir langsam genervt das x-te mal nach gefragt haben wo die Gläser sind kam Der Chef und meinte wir sollen das Personal nicht so stressen…🤯 what??	"['(""service general"", ""negative"", ""Chef"")']"
1522	Das wir uns für den LOC entschieden haben, bereuen wir in keinster Weise.	"['(""restaurant general"", ""positive"", ""LOC"")']"
1523	Exzellente Bedienung, der verdient ’ne Lohnerhöhung!	"['(""service general"", ""positive"", ""Bedienung"")']"
1524	ertrank in einer Brühe, die Hackfleischbällchen (9,80) wurden schnell aufgewärmt, die Champions (8,90) waren vor sehr langer Zeit vielleicht mal frisch.	"['(""food prices"", ""negative"", ""Hackfleischbällchen"")', '(""food quality"", ""negative"", ""Champions"")']"
1525	Und das LOC, ein ehemaliges Kino, wurde stilistisch zu Tode renoviert.	"['(""ambience general"", ""negative"", ""LOC"")']"
1526	Ich war in der RESTAURANT_NAME mit meiner Familie und kann wirklich nur ausschließlich positiv darüber berichten.	"['(""restaurant general"", ""positive"", ""RESTAURANT_NAME"")']"
1527	Es sah aus bzw. schmeckte nicht nach einem Ausrutscher aus der Küche, sondern nach strukturellem mangelndem Engagement und Lustlosigkeit gegenüber dem Kunden.	"['(""service general"", ""negative"", ""NULL"")', '(""food quality"", ""negative"", ""NULL"")']"
1528	Sollte Mann dann doch bei einem Besuch in LOC mit erleben Recht beeindruckend - der große Saal mit den Gewölben und den Malereien Kann auch sehr gut zu Abend essen dort - und natürlich auch ein gepflegtes Bier trinken	"['(""ambience general"", ""positive"", ""Saal mit den Gewölben"")', '(""drinks quality"", ""positive"", ""Bier"")', '(""food quality"", ""positive"", ""NULL"")', '(""ambience general"", ""positive"", ""Malereien"")']"
1529	Es war viel zu laut, wie im Club.	"['(""ambience general"", ""negative"", ""NULL"")']"
1530	Ein Schnitzel glich dem anderen - leider nur TK-Ware ohne Liebe frittiert.	"['(""food quality"", ""negative"", ""Schnitzel"")']"
1531	War das erste Mal hier und muss sagen das Essen war sehr lecker!	"['(""food quality"", ""positive"", ""Essen"")']"
1532	Leider bestand die angekündigte starke Marmorierung des teuren Chuck Flap Steaks nicht aus Fett, sondern aus Sehnen, was der Kellner angesichts der Reste auf dem Teller mit einem „zu zäh?	"['(""food quality"", ""negative"", ""Chuck Flap Steaks"")', '(""food prices"", ""negative"", ""Chuck Flap Steaks"")']"
1533	Schneller freundlicher Service im Restaurant, Es bleibt natürlich Großgastronomie, aber eine die gut funktioniert und in der das Essen uns geschmeckt hat, das Bier ebenfalls.	"['(""food quality"", ""positive"", ""Essen"")', '(""drinks quality"", ""positive"", ""Bier"")', '(""service general"", ""positive"", ""Service"")']"
1534	Der Teller ist gut gefüllt, fritierte Sardinen, gegrillte Paprika, Datteln in Speck und Ziegenkäse im Speck, nichts Überraschendes, nichts Außergewöhnliches.	"['(""food style_options"", ""positive"", ""Teller"")', '(""food quality"", ""neutral"", ""Sardinen"")', '(""food quality"", ""neutral"", ""Ziegenkäse im Speck"")', '(""food quality"", ""neutral"", ""Paprika"")', '(""food quality"", ""neutral"", ""Datteln in Speck"")']"
1535	Die Muscheln waren ziemlich trocken, ebenfalls das Kaninchen.	"['(""food quality"", ""negative"", ""Muscheln"")', '(""food quality"", ""negative"", ""Kaninchen"")']"
1536	Keinen Platz im Obergeschoss trotz mehrerer freier Tische zu bekommen, weil wir das winzige Schild übersehen haben, dass man platziert wird, hat uns nicht gefreut.	"['(""service general"", ""negative"", ""NULL"")']"
1537	Die Beilagen waren auch wieder echt öde, aber vielleicht auch die falsche Wahl (Kartoffelbrei mit Trüffel bzw. Knoblauch).	"['(""food quality"", ""negative"", ""Beilagen"")', '(""food quality"", ""negative"", ""Knoblauch"")', '(""food quality"", ""negative"", ""Kartoffelbrei mit Trüffel"")']"
1538	Im Sterneküchenbereich eher selten…Eine fabelhafte Beratung vorweg und natürlich das exzellente Essen.	"['(""food quality"", ""positive"", ""Essen"")', '(""service general"", ""positive"", ""Beratung"")']"
1539	Optisch ein sehr schönes Lokal.	"['(""ambience general"", ""positive"", ""Lokal"")']"
1540	So kann das mit ner Garstufe nicht klappen.	"['(""food quality"", ""negative"", ""Garstufe"")']"
1541	Schlechter und unfreundlicher LOC mehrere Tische im Außenbereich noch Teller und leere Gläser standen, hab ich mich für den einzigsten leeren Tisch entschieden.	"['(""service general"", ""negative"", ""LOC"")']"
1542	"Diese ""Kantine""war wohl nichts für uns."	"['(""food quality"", ""negative"", ""Kantine"")']"
1543	Die Kellnerin, die uns das Mittagessen servierte, haben wir unterschiedlich wahrgenommen.	"['(""service general"", ""neutral"", ""Kellnerin"")']"
1544	Wunderschöner Spätsommerabend bei Siciliani vorgestern.	"['(""ambience general"", ""positive"", ""Spätsommerabend"")']"
1545	DANKESCHÖN	"['(""restaurant general"", ""positive"", ""NULL"")']"
1546	Der sehr forsche, eher unfreundliche Service rundet das Erlebnis nach unten ab.	"['(""restaurant general"", ""negative"", ""NULL"")', '(""service general"", ""negative"", ""Service"")']"
1547	Niemand war zuständig.	"['(""service general"", ""negative"", ""NULL"")']"
1548	Ein sehr gemütliches italienisches Restaurant mit Flair und fleißigem Personal.	"['(""ambience general"", ""positive"", ""Restaurant"")', '(""service general"", ""positive"", ""Personal"")']"
1549	Wir waren angenehm davon überrascht, was uns geboten wurde.	"['(""restaurant general"", ""positive"", ""NULL"")']"
1550	Mit 10,90 Euro nicht super günstig, aber eben lecker und gut.	"['(""restaurant prices"", ""neutral"", ""NULL"")', '(""food quality"", ""positive"", ""NULL"")']"
1551	Die Zutaten für den Salat sind auf keinen Fall frisch.	"['(""food quality"", ""negative"", ""Zutaten für den Salat"")']"
1552	Völlig überbewertet.	"['(""restaurant general"", ""negative"", ""NULL"")']"
1553	"Die Bestuhlung ist recht eng - und ein Zitat kommt zum Tragen: ""und man merkt die Absicht - und man ist verstimmt"" ...."	"['(""ambience general"", ""negative"", ""Bestuhlung"")']"
1554	Der Hauptgang konnte ebenfalls nicht überzeugen, das Fleisch und die Soße war ebenfalls sehr fad.	"['(""food quality"", ""negative"", ""Soße"")', '(""food quality"", ""negative"", ""Hauptgang"")', '(""food quality"", ""negative"", ""Fleisch"")']"
1555	Darauf angesprochen, meinte die Bedienung, dass Öl gesund sei........Die aufgerufenen Preise waren absolut überzogen.	"['(""restaurant prices"", ""negative"", ""NULL"")']"
1556	Da kann man ein paar Schritte entfernt auf der LOC für die Hälfte des Geldes bessere Burger essen .	"['(""food quality"", ""positive"", ""Burger"")', '(""food prices"", ""positive"", ""Burger"")']"
1557	An der Vorbereitung dieser Frechheitwar bestimmt kein gelernter Koch beteiligt.	"['(""service general"", ""negative"", ""NULL"")']"
1558	Die Schnitzel war sehr lecker und auch die Soßen waren nicht pampig.	"['(""food quality"", ""positive"", ""Soßen"")', '(""food quality"", ""positive"", ""Schnitzel"")']"
1559	Dafür nochmals herzlichen Dank.	"['(""restaurant general"", ""positive"", ""NULL"")']"
1560	Preis-Leistungsverhältnis ist super.	"['(""restaurant prices"", ""positive"", ""NULL"")']"
1561	Dazu war das LOC sehr gut.	"['(""restaurant general"", ""positive"", ""LOC"")']"
1562	Keiner ist zuständig und der Gast wird ignoriert	"['(""service general"", ""negative"", ""NULL"")']"
1563	Das Essen war gut und frisch, eine Hausfrau die frisch kocht, merkt dies und die Bedienung war schnell.	"['(""food quality"", ""positive"", ""Essen"")', '(""service general"", ""positive"", ""Bedienung"")']"
1564	Das Steak im Hauptgang war bei beiden sehr gut.	"['(""food quality"", ""positive"", ""Steak im Hauptgang"")']"
1565	Ein Besuch lohnt sich auf jeden Fall.	"['(""restaurant general"", ""positive"", ""NULL"")']"
1566	Eine Seite am Anfang der Karte mit Hinweisen wo man kauft, dass man auf Umwelt achtet etc würde da reichen aber die permanente Berieselung mit den aktuell mega wichtigen Wörtern nervt mich als Gast.	"['(""service general"", ""negative"", ""NULL"")']"
1567	Sehr nette Bedienung, leckeres und optisch gut präsentierte Speisen.	"['(""food style_options"", ""positive"", ""Speisen"")', '(""service general"", ""positive"", ""Bedienung"")', '(""food quality"", ""positive"", ""Speisen"")']"
1568	Mit vier Personen von Tapas, Fleisch- und Fischgerichte alles probiert und alles war sehr lecker.	"['(""food quality"", ""positive"", ""Tapas"")', '(""food quality"", ""positive"", ""Fleisch- und Fischgerichte"")']"
1569	Völlig überzogene Preise.	"['(""restaurant prices"", ""negative"", ""NULL"")']"
1570	"Die Live-Musik durch einen ""Alleinunterhalter"" ist auf Pop getrimmt (mit Gesang) und viel zu laut."	"['(""ambience general"", ""negative"", ""Live-Musik"")']"
1571	Nicht schlecht, aber auch nix besonderes.	"['(""restaurant general"", ""neutral"", ""NULL"")']"
1572	Das Essen war ausgezeichnet und der Preis angemessen.	"['(""food quality"", ""positive"", ""Essen"")', '(""restaurant prices"", ""neutral"", ""NULL"")']"
1573	Der perfekte Abschluss und ein Muss für alle die einen Städtetrip in LOC erleben wollen.	"['(""restaurant general"", ""positive"", ""NULL"")']"
1574	Schade, da die Aussicht super wäre.	"['(""restaurant general"", ""negative"", ""NULL"")', '(""ambience general"", ""negative"", ""Aussicht"")']"
1575	Alle Gerichte waren sehr lecker, die Portionen groß.	"['(""food quality"", ""positive"", ""Gerichte"")', '(""food style_options"", ""positive"", ""Gerichte"")']"
1576	Zwei Punkte, weil: Bedienung sehr aufmerksam und freundlich.	"['(""service general"", ""positive"", ""Bedienung"")', '(""restaurant general"", ""negative"", ""NULL"")']"
1577	Toller, liebevoller Service & gute Weine!	"['(""drinks quality"", ""positive"", ""Weine"")', '(""service general"", ""positive"", ""Service"")']"
1578	Das schlechteste Schnitzel seit langem.	"['(""food quality"", ""negative"", ""Schnitzel"")']"
1579	Das Essen war hervorragend, wie in solchen Restaurants üblich sind die einzelnen Portionen so ausgelegt, dass man mindestens 3 Gänge zum Satt werden benötigt.	"['(""food quality"", ""positive"", ""Essen"")']"
1580	200.- Euro für 2 Stück Fleisch mit Sauce und Stampf, 2 kleine Vorspeisen, 2 Flaschen Wasser und 3 Gläser Wein ist überzogen!	"['(""food prices"", ""negative"", ""Fleisch mit Sauce"")', '(""drinks prices"", ""negative"", ""Wein"")', '(""food prices"", ""negative"", ""Vorspeisen"")', '(""drinks prices"", ""negative"", ""Wasser"")', '(""food prices"", ""negative"", ""Stampf"")']"
1581	Sensationelle Aussicht, schönes Ambiente, nettes Personal.	"['(""ambience general"", ""positive"", ""Aussicht"")', '(""ambience general"", ""positive"", ""Ambiente"")', '(""service general"", ""positive"", ""Personal"")']"
1582	Bis man danach wieder beachtet wurde, vergingen gut 45 Minuten.	"['(""service general"", ""negative"", ""NULL"")']"
1583	Individuelle Gerichte, liebevoll zubereitet.	"['(""food style_options"", ""positive"", ""Gerichte"")']"
1584	2 Etagen und jeder Stuhl belegt, was die Atmosphäre leider sehr laut und unruhig machte.	"['(""ambience general"", ""negative"", ""Atmosphäre"")']"
1585	Aber leider war es dort der größte Reinfall, den ich in den letzten Jahren erlebt habe.	"['(""restaurant general"", ""negative"", ""NULL"")']"
1586	Ich hatte das Rumpsteak und es war Saigneau gebraten wie gewünscht.	"['(""food quality"", ""positive"", ""Rumpsteak"")']"
1587	Gerichte sind eher bodenständig und nicht fein abgestimmt (trotz teilweise hochwertiger Zutaten, wie Trüffel).	"['(""food quality"", ""negative"", ""Gerichte"")', '(""food quality"", ""positive"", ""Zutaten"")', '(""food quality"", ""positive"", ""Trüffel"")']"
1588	In LOC erwartet Sie ein kulinarischer Ausflug nach LOC in der LOC.	"['(""food quality"", ""positive"", ""NULL"")']"
1589	Der Laden ist voll, das Personal bleibt freundlich und angenehm nett.	"['(""ambience general"", ""negative"", ""Laden"")', '(""service general"", ""positive"", ""Personal"")']"
1590	Es gab vorweg einen Gruß aus der Küche und einen leckeren Nachtisch.	"['(""food quality"", ""positive"", ""Nachtisch"")']"
1591	Da sich niemand für uns interessierte, setzten wir uns auf der leeren Terrasse an einen Tisch mit Tischtuch.	"['(""service general"", ""negative"", ""NULL"")']"
1592	Caesars Salad nicht wirklich lecker, die Ravioli schwammen regelrecht in reiner, flüssiger Butter.	"['(""food quality"", ""negative"", ""Caesars Salad"")', '(""food style_options"", ""negative"", ""Ravioli"")']"
1593	Nette freundliche Bedingungen und schnelles bringen der Speisen, obwohl es voll war.	"['(""service general"", ""positive"", ""Bedingungen"")', '(""ambience general"", ""negative"", ""NULL"")']"
1594	Der dazugehörige Krautsalat, welcher überhaupt keiner war, war ungenießbar.	"['(""food quality"", ""negative"", ""Krautsalat"")']"
1595	Der Blick in den tiefer liegenden Festsaal war ein kurzer Besuch wert.	"['(""ambience general"", ""positive"", ""Blick in den tiefer liegenden Festsaal"")']"
1596	Schönes portugiesisches Lokal mit Tapas.	"['(""restaurant miscellaneous"", ""positive"", ""Lokal"")']"
1597	Mir persönlich gefällt sehr gut, dass das Gasthaus altbewährtes Ambiente mit moderner und zeitgemäßer Küche verbindet.	"['(""ambience general"", ""positive"", ""Ambiente"")', '(""food quality"", ""positive"", ""Küche"")']"
1598	Schade!	"['(""restaurant general"", ""negative"", ""NULL"")']"
1599	Wir wurden am Eingang richtig freundlich in Empfang genommen.	"['(""ambience general"", ""positive"", ""Empfang"")']"
1600	Nie wieder...	"['(""restaurant general"", ""negative"", ""NULL"")']"
1601	Noch dazu rochen wir sehr unangenehm nach Frittierfett.	"['(""ambience general"", ""negative"", ""NULL"")']"
1602	Service sehr freundlich und flirty.	"['(""service general"", ""positive"", ""Service"")']"
1603	Für jeden Geschmack, auch vegan 🌱, war etwas dabei.	"['(""food quality"", ""positive"", ""NULL"")']"
1604	So eine Aussage einer servicekraft geht nicht.	"['(""service general"", ""negative"", ""servicekraft"")']"
1605	Preis- Leistungsverhältnis ist ‚grenzwertig‘, Weizenbier für Euro 5,50 ‚geht gar LOC hat deutlich Luft nach oben, der Service ist bemüht, bei ‚voller Hütte‘ allerdings nicht zu beneiden.	"['(""drinks prices"", ""negative"", ""Weizenbier"")', '(""service general"", ""positive"", ""Service"")', '(""restaurant prices"", ""negative"", ""NULL"")']"
1606	Preis-Leistungsverhältnis sehr gut, sehr nettes und zuvorkommendes Personal	"['(""restaurant prices"", ""positive"", ""NULL"")', '(""service general"", ""positive"", ""Personal"")']"
1607	Ich kann das Restaurant weiter empfehlen!	"['(""restaurant general"", ""positive"", ""Restaurant"")']"
1608	Für uns definitiv eine Option sollten wir nochmals in LOC sein.	"['(""restaurant general"", ""positive"", ""NULL"")']"
1609	Vom Anfang an war die Kellnerin schon sehr nicht so freundlich.	"['(""service general"", ""negative"", ""Kellnerin"")']"
1610	Schmutz Stube	"['(""restaurant general"", ""negative"", ""NULL"")']"
1611	Mit den LOC kann man Fenster einschmeißen - jeder Bahnhof serviert bessere…Einzig und alleine die Maß war lecker.	"['(""drinks quality"", ""positive"", ""Maß"")', '(""restaurant general"", ""negative"", ""LOC"")']"
1612	Der Besuch lohnt sich wirklich nicht!	"['(""restaurant general"", ""negative"", ""NULL"")']"
1613	Wir waren zu Weihnachtszeit dort, es war durch die Lichter sehr schön.	"['(""ambience general"", ""positive"", ""Lichter"")']"
1614	"Die Bedienungen verteilten die Reste aus der Theke grade untereinander und wiesen meine Frage mit barschen Worten zurück: ""Es ist geschlossen!"	"['(""service general"", ""negative"", ""Bedienungen"")']"
1615	Wir waren zu zweit an einem Montag Abend dort und haben sehr fein gegessen.	"['(""food quality"", ""positive"", ""NULL"")']"
1616	Sehr lecker und gemütlich.	"['(""food quality"", ""positive"", ""NULL"")', '(""ambience general"", ""positive"", ""NULL"")']"
1617	Da kommt weder Wiener Kaffeehaus-Atmosphäre auf noch der Anschein einer professionellen Arbeit... schade... so sicher nicht zu empfehlen!!	"['(""restaurant general"", ""negative"", ""NULL"")', '(""ambience general"", ""negative"", ""NULL"")']"
1618	Hätten wir mehr Zeit gehabt wären die Spätzle und der Ziegenkäse mit Salat sofort wieder in die Küche zurückgegangen.	"['(""food quality"", ""negative"", ""Ziegenkäse mit Salat"")', '(""food quality"", ""negative"", ""Spätzle"")']"
1619	Einzig die Portionen beim Essen sind mittel.	"['(""food style_options"", ""neutral"", ""Portionen"")']"
1620	Vorspeise war zwar sehr lecker und kam nach ca.	"['(""food quality"", ""positive"", ""Vorspeise"")']"
1621	Das können andere Kneipen in LOC besser.	"['(""restaurant general"", ""negative"", ""NULL"")']"
1622	Das Essen war auch in Ordnung, aber nichts Besonderes.	"['(""food quality"", ""neutral"", ""Essen"")']"
1623	Sehr freundlicher und aufmerksamer Service, breit gefächerte Karte - auch viele Speisen vegetarisch oder vegan.	"['(""food style_options"", ""positive"", ""Karte"")', '(""service general"", ""positive"", ""Service"")']"
1624	Das HRC in LOC zählt leider zu den schlechtesten Cafés die wir je erlebt haben.	"['(""restaurant general"", ""negative"", ""HRC"")']"
1625	Die Kellner sind alle sehr nett und zuvorkommend	"['(""service general"", ""positive"", ""Kellner"")']"
1626	Sehr leckere Vorspeisen zum Teilen und dann das Fleisch beim Hauptgang.	"['(""food quality"", ""positive"", ""Vorspeisen"")']"
1627	Das brauchen wir nicht wieder.	"['(""restaurant general"", ""negative"", ""NULL"")']"
1628	Leider hat die Qualität massiv nachgelassen und der Preis 7,10€ hat sich fast verdoppelt, die haben wohl den Knall nicht gehört und denn rennen einen die Ratten am Stand fast über die Füße ,das geht gar nicht.	"['(""restaurant general"", ""negative"", ""NULL"")', '(""food prices"", ""negative"", ""NULL"")']"
1629	Aber die Tische sind derart eng gestellt, dass man sich wie die Hühner auf der Stange fühlt und keinerlei Privatsphäre möglich ist.	"['(""ambience general"", ""negative"", ""Tische"")', '(""ambience general"", ""negative"", ""Privatsphäre"")']"
1630	Obwohl schönes Ambiente Waren mit 4 Personen, heisse Teller wurden ohne Vorwarnung über den Köpfen anderer Gäste gereicht.	"['(""ambience general"", ""positive"", ""Ambiente"")', '(""service general"", ""negative"", ""NULL"")']"
1631	Es dauerte mehr als eine dreiviertel Stunde, bis wir bestellen konnten.	"['(""service general"", ""negative"", ""NULL"")']"
1632	Die nächste Serviererin krachte unsere Gläser auf den Tisch und verschwand.	"['(""service general"", ""negative"", ""Serviererin"")']"
1633	Damit war die Sauce in Summe ein wenig zu salzig und hat die Steinpilze komplett überdeckt.	"['(""food quality"", ""negative"", ""Sauce"")']"
1634	Schnitzel und Heringsfilet waren sehr lecker und der weibliche Köbes wie man sie kennt ...JA, wir kommen wieder!	"['(""service general"", ""positive"", ""Köbes"")', '(""restaurant general"", ""positive"", ""NULL"")', '(""food quality"", ""positive"", ""Heringsfilet"")', '(""food quality"", ""positive"", ""Schnitzel"")']"
1635	Sehr schönes Restaurant.	"['(""restaurant general"", ""positive"", ""Restaurant"")']"
1636	Ebenso schwammen die Bratkartoffeln im Fett, von Speck nur ein Hauch erfahrbar.	"['(""food quality"", ""negative"", ""Bratkartoffeln"")', '(""food quality"", ""negative"", ""Speck"")']"
1637	Es hat aber wenigstens einigermaßen ( aber eben auch nicht sehr gut) geschmeckt.	"['(""food quality"", ""neutral"", ""NULL"")']"
1638	Gern wieder :)	"['(""restaurant general"", ""positive"", ""NULL"")']"
1639	Bedienung freundlich, aber leider war das Essen qualitativ nicht gut.	"['(""service general"", ""positive"", ""Bedienung"")', '(""food quality"", ""negative"", ""Essen"")']"
1640	Ambiente toll , Essen überpreist und das man der Stiefmutter gratuliert ohne was zu hinterfragen ist schon sehr schmerzhaft .. brauch ich nicht nochmal .	"['(""ambience general"", ""positive"", ""Ambiente"")', '(""restaurant general"", ""negative"", ""NULL"")', '(""service general"", ""negative"", ""Stiefmutter gratuliert ohne was zu hinterfragen"")', '(""food prices"", ""negative"", ""Essen"")']"
1641	Bleibt nur eine Frage: Sind wir Ihnen als Gast sowenig wert, dass Sie uns so etwas vorsetzen?	"['(""service general"", ""negative"", ""NULL"")', '(""food quality"", ""negative"", ""NULL"")']"
1642	Die positiven Bewertungen überraschen,wir werden wahrscheinlich nie wieder hingehen.	"['(""restaurant general"", ""negative"", ""NULL"")']"
1643	Unterm Strich: einfache Biergartenküche zu gehobenen Preisen.	"['(""food quality"", ""negative"", ""Biergartenküche"")', '(""restaurant prices"", ""negative"", ""NULL"")']"
1644	Ein hervorragender Service, sehr lecheres Essen und eine sehr nette Bedienung, immer wieder gerne.	"['(""food quality"", ""positive"", ""Essen"")', '(""service general"", ""positive"", ""Bedienung"")', '(""restaurant general"", ""positive"", ""NULL"")', '(""service general"", ""positive"", ""Service"")']"
1645	Wir und unsere Freunde gehen dort nie wieder hin.	"['(""restaurant general"", ""negative"", ""NULL"")']"
1646	15 Pommes und davon 5 ungenießbar, da fast verkohlt.	"['(""food quality"", ""negative"", ""Pommes"")']"
1647	Die kalten Sommerröllchen mit Huosin Sauce sind sehr zu empfehlen.	"['(""food quality"", ""positive"", ""Sommerröllchen mit Huosin Sauce"")']"
1648	Und ich weiß dass ich niemals irgendwo anders eine Haxe testen werde und hoffe einfach nur dass dieses Lokal uns noch lange erhalten bleibt.	"['(""restaurant general"", ""positive"", ""Lokal"")']"
1649	Einfallsloses Standard.	"['(""restaurant general"", ""negative"", ""NULL"")']"
1650	Sehr leckeres Essen und super Kellner (Jacques).	"['(""food quality"", ""positive"", ""Essen"")', '(""service general"", ""positive"", ""Jacques"")']"
1651	Die Kellnerin bediente uns genervt.	"['(""service general"", ""negative"", ""Kellnerin"")']"
1652	Besinders gut waren für Vegetarier die Knödel-Tris!	"['(""food quality"", ""positive"", ""Knödel-Tris"")']"
1653	Die Mitarbeiter waren sehr freundlich und schnell obwohl es sehr voll war.	"['(""service general"", ""positive"", ""Mitarbeiter"")', '(""ambience general"", ""negative"", ""NULL"")']"
1654	Das Lokal war meiner Meinung nach völlig überfüllt, extrem laut, keine Unterhaltung mehr möglich.	"['(""ambience general"", ""negative"", ""Lokal"")']"
1655	Diese waren dann natürlich kalt.	"['(""food quality"", ""negative"", ""NULL"")']"
1656	Das Essen schmeckt einfach nur Bombe, so etwas leckeres, Megaaaa!	"['(""food quality"", ""positive"", ""Essen"")']"
1657	Uns hat es sehr gut gefallen.	"['(""restaurant general"", ""positive"", ""NULL"")']"
1658	Dario war ein super Kellner und hat den Abend zu einer sehr schönen Erinnerung gemacht.	"['(""restaurant general"", ""positive"", ""NULL"")', '(""service general"", ""positive"", ""Dario"")']"
1659	Authentisch überragend gute Gerichte von ausgezeichnete Qualität, man fühlt sich fast wie in LOC.	"['(""food quality"", ""positive"", ""Gerichte"")']"
1660	Das Restaurant RESTAURANT_NAME in LOC begeisterte uns bei unserem Besuch mit 4 Erwachsenen und 2 Kindern.	"['(""restaurant general"", ""positive"", ""RESTAURANT_NAME"")']"
1661	Ein Restaurant mit einer tollen Einrichtung.	"['(""ambience general"", ""positive"", ""Einrichtung"")']"
1662	Sehr nettes Personal und Verständnis, wenn man länger sitzen bleibt.	"['(""service general"", ""positive"", ""Personal"")']"
1663	Meine Frau war von den Königsberger Klopsen und ich von dem Rumpsteak aus dem 800° Grill begeistert.	"['(""food quality"", ""positive"", ""Rumpsteak"")', '(""food quality"", ""positive"", ""Königsberger Klopsen"")']"
1664	Beide Optionen einfach unglaublich lecker.	"['(""food quality"", ""positive"", ""Optionen"")']"
1665	Auf nimmer Wiedersehen 👋 Stattdessen haben wir einen super Kaffee im Kaufmanns getrunken😀	"['(""drinks quality"", ""positive"", ""Kaffe"")', '(""restaurant general"", ""negative"", ""NULL"")']"
1666	Kaninchen, Tintenfisch und Spinatrollen konnten uns überhaupt nicht überzeugen.	"['(""food quality"", ""negative"", ""Tintenfisch"")', '(""food quality"", ""negative"", ""Kaninchen"")', '(""food quality"", ""negative"", ""Spinatrollen"")']"
1667	Wir durften einen schönen Abend mit dem perfekten Service von Jason erleben!	"['(""service general"", ""positive"", ""Service"")']"
1668	Geht dann vor sich hin schimpfend weg.	"['(""service general"", ""negative"", ""NULL"")']"
1669	Der Kellner war bemüht Scherze zu machen und freundlich zu sein, aber alles in einem war es kein schönes Abendessen.	"['(""service general"", ""positive"", ""Kellner"")', '(""restaurant general"", ""negative"", ""Abendessen"")']"
1670	Sehr leckeres Essen, tolles Ambiente, guter Service - und Highlight Turmbesteigung mit Lotter-Führung.	"['(""food quality"", ""positive"", ""Essen"")', '(""ambience general"", ""positive"", ""Ambiente"")', '(""restaurant miscellaneous"", ""positive"", ""Turmbesteigung mit Lotter-Führung"")', '(""service general"", ""positive"", ""Service"")']"
1671	Schade auch, dass der Kellner doch etwas zu viel auf sich gehalten hat und unser schmales Trinkgeld (wegen schlechter Service-Qualität) nicht einmal angenommen hat.	"['(""service general"", ""negative"", ""NULL"")', '(""service general"", ""negative"", ""Kellner"")']"
1672	Anfang Dezember, trotz Weihnachtsmarkt noch spontan einen Platz für zwei bekommen, nach sehr kurzer Wartezeit.	"['(""service general"", ""positive"", ""Wartezeit"")']"
1673	!Einziger Abzug: Sauberkeit der Toiletten…	"['(""restaurant miscellaneous"", ""negative"", ""Sauberkeit der Toiletten"")']"
1674	Fast alles in Ordnung.	"['(""restaurant general"", ""neutral"", ""NULL"")']"
1675	Schade dass bei so einer super Lage der Service so zu wünschen übrig lässt.	"['(""service general"", ""negative"", ""Service"")', '(""location general"", ""positive"", ""Lage"")']"
1676	Service viel schlechter geworden.	"['(""service general"", ""negative"", ""Service"")']"
1677	Man bekommt nicht mal das Essen was bestellt wurde.	"['(""service general"", ""negative"", ""NULL"")']"
1678	Das LOC war ebenfalls trocken und hart und die „LOC“ hatte definitiv auch schon bessere Tage gesehen.	"['(""restaurant general"", ""negative"", ""LOC"")', '(""food quality"", ""negative"", ""LOC"")']"
1679	Das kann ich sehr empfehlen.	"['(""restaurant general"", ""positive"", ""NULL"")']"
1680	"Als ich beim Rausgehen, dem Betreiber sagte: ""Ich werde nicht bleiben wegen Ihrer Unfreundlichkeit"" schrie er ich würde ""undeutlich"" sprechen."	"['(""service general"", ""negative"", ""Betreiber"")']"
1681	Und kein deutsches, denkt man schon das man hier auch sehr gut essen kann.	"['(""food quality"", ""positive"", ""NULL"")']"
1682	Es war so laut, dass man sein eigenes Wort nicht verstand.	"['(""ambience general"", ""negative"", ""NULL"")']"
1683	Auf die Bitte die Tische zusammen schieben zu können wurde uns von einer der sehr netten Bedienung gesagt - Chefin hat das Verboten.	"['(""service general"", ""positive"", ""Bedienung"")']"
1684	Das Esser wurde sehr schnell zubereitet und war schnell da.	"['(""service general"", ""positive"", ""NULL"")', '(""food style_options"", ""positive"", ""Esser"")']"
1685	"Auf meine weitere Beschwerde bei einer mir bekannten Kellnerin, dass mein vom Klo zurückgekehrte Bekannter, keinen Tisch, sondern allenfalls noch einen Spalt zwischen zwei Tischen zur Verfügung hätte, trat der Geschäftsführer in Erscheinung, der nach dem Hinweis, ich sei zu laut, als ""konstruktive Lösung"" allen Ernstes vorschlug, wir könnten uns ja einen neuen Platz suchen."	"['(""service general"", ""negative"", ""Geschäftsführer"")']"
1686	1 cm dicke Blutwurst, breiig wie Mus (statt kross gebraten)1 rundes Stück frittiertes Fleisch (was lt.	"['(""food quality"", ""negative"", ""Blutwurst"")']"
1687	"😐)Nach mehrmaligen Versuchen (Eis war längst aufgegessen) Getränke zu bestellen, machte der Kellner eine sehr unschöne und sehr abwertende Handbewegung in Richtung unseres Tisches....😐Selbst die Tische neben uns haben nur ""erschrocken"" und verwundert geguckt...Es war mein 1."	"['(""service general"", ""negative"", ""Kellner"")']"
1688	7/10 fürs Essen.	"['(""food quality"", ""positive"", ""Essen"")']"
1689	Die Bedienungen sind ebenfalls sehr unfreundlich und unkommunikativ.	"['(""service general"", ""negative"", ""Bedienungen"")']"
1690	Beispiel 2 : es gab nicht für alle Gäste einen Bierdeckel.	"['(""service general"", ""negative"", ""NULL"")']"
1691	Die Lage des Lokals am LOC ist perfekt, die Keller-Räumlichkeiten sind gemütlich - da kommen die Kunden sowieso, da braucht man sich wohl keine Mühe zu geben.	"['(""ambience general"", ""positive"", ""Keller-Räumlichkeiten"")', '(""location general"", ""positive"", ""Lage des Lokals"")']"
1692	Wir kommen wieder.	"['(""restaurant general"", ""positive"", ""NULL"")']"
1693	Auch für den Rest, ist die Preisleistung nicht unbedingt passend.	"['(""restaurant prices"", ""negative"", ""NULL"")']"
1694	Sehr Lecker gegessen.	"['(""food quality"", ""positive"", ""NULL"")']"
1695	Die Bedienung hat die Wünsche wie z.B. Zitrone im Wasser oder Soße bitte extra servieren ignoriert.	"['(""service general"", ""negative"", ""Bedienung"")']"
1696	Trotzdem sehr empfehlenswert, wir kommen gerne wieder.	"['(""restaurant general"", ""positive"", ""NULL"")']"
1697	Riesen Laden, Bier und Essen schmecken, Service auch nicht schlecht.	"['(""food quality"", ""positive"", ""Essen"")', '(""drinks quality"", ""positive"", ""Bier"")', '(""service general"", ""neutral"", ""Service"")']"
1698	Wir kommen wieder!	"['(""restaurant general"", ""positive"", ""NULL"")']"
1699	Massenabfertigung mit einem Zeitfenster von nicht mal 2 Stunden Aufenthalt, sehr lautes, ungemütliches, hektisches Lokal.	"['(""ambience general"", ""negative"", ""Lokal"")', '(""restaurant miscellaneous"", ""negative"", ""Massenabfertigung"")']"
1700	Super leckeres Essen, schönes Ambiente in zentraler Lage, tolle getöpferte Kerzenständer und ein sehr freundlicher Service.	"['(""ambience general"", ""positive"", ""Ambiente"")', '(""service general"", ""positive"", ""Service"")', '(""location general"", ""positive"", ""Lage"")', '(""food quality"", ""positive"", ""Essen"")', '(""ambience general"", ""positive"", ""Kerzenständer"")']"
1701	Die Preise waren die gleichen wie früher: schade!	"['(""restaurant prices"", ""negative"", ""NULL"")']"
1702	Da lag der Patty lieblos darauf.	"['(""food style_options"", ""negative"", ""Patty"")']"
1703	LOC, Getränke auf sehr hohem Niveau.	"['(""drinks quality"", ""positive"", ""Getränke"")', '(""restaurant general"", ""positive"", ""LOC"")']"
1704	Leider ein enttäuschenden Abend .	"['(""restaurant general"", ""negative"", ""NULL"")']"
1705	Und natürlich die -manchmal vielleicht etwas überzogene- Freundlichkeit der Inhaberin.	"['(""service general"", ""negative"", ""Inhaberin"")']"
1706	Ein stolzer Preis sollte sich mit einem Stolzen Essen decken!	"['(""food quality"", ""positive"", ""Essen"")', '(""restaurant prices"", ""negative"", ""NULL"")']"
1707	Urige Wirtschaft mit einem coolen Ambiente.	"['(""ambience general"", ""positive"", ""Wirtschaft"")', '(""ambience general"", ""positive"", ""Ambiente"")']"
1708	Essen war mittelmäßig, Preise Düsseldorfer Niveau	"['(""food quality"", ""neutral"", ""Essen"")', '(""restaurant prices"", ""neutral"", ""NULL"")']"
1709	Ich war jetzt schon oft bei Momo, da man in LOC ja keine Wahl hat, will man eine gute Pizza essen.	"['(""food quality"", ""positive"", ""Pizza"")']"
1710	Einfach nur enttäuschend.	"['(""restaurant general"", ""negative"", ""NULL"")']"
1711	Sehr Empfehlenswert.	"['(""restaurant general"", ""positive"", ""NULL"")']"
1712	Abschliessend: einmal und nie wieder.	"['(""restaurant general"", ""negative"", ""NULL"")']"
1713	Auch extrawünsche konnten wir problemlos äußern.	"['(""service general"", ""positive"", ""extrawünsche"")']"
1714	Kann das Restaurant empfehlen!	"['(""restaurant general"", ""positive"", ""Restaurant"")']"
1715	Leider hat es mit dem Essen nicht geklappt.	"['(""food quality"", ""negative"", ""Essen"")']"
1716	Beim ersten Mal nette Kellnerin und lecker Schokolade.	"['(""food quality"", ""positive"", ""Schokolade"")', '(""service general"", ""positive"", ""Kellnerin"")']"
1717	Leider bekamen wir lediglich ein Schnitzel mit BK/Salat und das dauerte fast weitere 30 Minuten, da waren wir schon ein bisschen sauer.	"['(""service general"", ""positive"", ""NULL"")']"
1718	Die Qualität hat nachgelassen.	"['(""restaurant general"", ""negative"", ""NULL"")']"
1719	Burger geschmacklich Ok, Burger-Buns zu hart, Bedienung hektisch, aber trotzdem langsam und planlos (Bestellungen falsch ausgeführt).	"['(""service general"", ""negative"", ""Bedienung"")', '(""food quality"", ""neutral"", ""Burger"")', '(""food quality"", ""negative"", ""Burger-Buns"")']"
1720	Super nette Bedienung und gute Qualität beim Essen.	"['(""service general"", ""positive"", ""Bedienung"")', '(""service general"", ""positive"", ""Essen"")']"
1721	Ich wundere mich ehrlich wieso so ein lieblos geführtes Unternehmen überleben kann.	"['(""restaurant general"", ""negative"", ""Unternehmen"")']"
1722	Beilagensalat klein, kaum Dressung und lieblos.	"['(""food style_options"", ""negative"", ""Beilagensalat"")', '(""food quality"", ""negative"", ""Dressung"")']"
1723	Die von uns ausgewählten Salate waren frisch, lecker und reichhaltig.	"['(""food quality"", ""positive"", ""Salate"")', '(""food style_options"", ""positive"", ""Salate"")']"
1724	Nach dem Besuch des Weihnachtsmarktes ein angenehmer Aufenthalt im Brauhaus.	"['(""restaurant general"", ""positive"", ""Brauhaus"")']"
1725	Zumal ich hungrig nach Hause ging.	"['(""food style_options"", ""negative"", ""NULL"")']"
1726	Wir hatten eine sehr freundliche Bedienung.	"['(""service general"", ""positive"", ""Bedienung"")']"
1727	Da wurde wohl etwas geschludert, als wir mal vorsichtig nachfragten ob es noch lange dauern würde...Personell war der Abend komplett fehlgeplant.	"['(""service general"", ""negative"", ""Personell"")']"
1728	Die Gerichte waren aber keine Highlights - schmackhaft, solide ... gut!	"['(""food quality"", ""positive"", ""Gerichte"")']"
1729	Leider waren die Portionen etwas zu groß und die Akustik etwas zu laut.	"['(""food style_options"", ""negative"", ""Portionen"")', '(""ambience general"", ""negative"", ""Akustik"")']"
1730	Von den Getränke, über das zuvorkommende Personal, bis hin zu den Gerichten, ist alles sensationell und immer ein Besuch wert!!!!!!	"['(""restaurant general"", ""positive"", ""NULL"")', '(""food quality"", ""positive"", ""Gerichten"")', '(""drinks quality"", ""positive"", ""Getränke"")', '(""service general"", ""positive"", ""Personal"")']"
1731	LOC, süffiges Kölsch, netter Köbis und gute Brauhausküche.	"['(""food quality"", ""positive"", ""Brauhausküche"")', '(""service general"", ""positive"", ""Köbis"")', '(""food quality"", ""positive"", ""Kölsch"")']"
1732	Wir, meine Frau, meine Familie, gehen immer wieder sehr gerne in die RESTAURANT_NAME zum Essen.	"['(""restaurant general"", ""positive"", ""RESTAURANT_NAME"")']"
1733	Jeder Restauranttester schlägt wahrscheinlich die Hände über dem Kopf zusammen, sollte er jemals so ein Essen serviert bekomnen	"['(""food quality"", ""negative"", ""Essen"")']"
1734	Das Rinderragout war fasrig, zerkocht und unangenehm überwürzt, die in der Karte anvisierten Gemüsenudeln stellten sich als pappige Penne heraus.	"['(""food quality"", ""negative"", ""Rinderragout"")', '(""food quality"", ""negative"", ""Gemüsenudeln"")']"
1735	Wir haben mehrmalls die Bedienung um Bestellung gebitten, Allerdings haben diese nicht einmal reagiert.	"['(""service general"", ""negative"", ""Bedienung"")']"
1736	Das Servicepersonal ist unfreundlich bis respektlos.	"['(""service general"", ""negative"", ""Servicepersonal"")']"
1737	Speisen = Imbissbudenniveau auf Porzellantellern mit Besteck - Stimmung o.k.	"['(""ambience general"", ""neutral"", ""Stimmung"")', '(""food quality"", ""negative"", ""Speisen"")']"
1738	Schönes Ambiente mit mehreren Räumen früher LOC, zentrale Lage, flotte freundliche Bedienung.	"['(""service general"", ""positive"", ""Bedienung"")', '(""ambience general"", ""positive"", ""Ambiente"")', '(""ambience general"", ""positive"", ""Lage"")']"
1739	Anders auf dem LOC ist noch eines der einzigen Restaurants in Karlsruhe mit fantastischen Wildgerichten, guten pfälzer Weinen und einem unschlagbaren Blick zu weitaus günstigeren Preisen als erwartet!	"['(""drinks quality"", ""positive"", ""Weinen"")', '(""ambience general"", ""positive"", ""Blick"")', '(""restaurant prices"", ""positive"", ""NULL"")', '(""food quality"", ""positive"", ""Wildgerichten"")']"
1740	"Die LOC (drei verschiedene Filets mit frischen gebratenen Pilzen und Bratkartoffeln) ein echtes ""Pfund"" und geschmacklich echt herzhaft lecker."	"['(""food quality"", ""positive"", ""Bratkartoffeln"")', '(""food quality"", ""positive"", ""Pilzen"")', '(""food quality"", ""positive"", ""LOC"")']"
1741	Leider wurden unsere Erwartungen, nach soviel positiven Bewertungen sehr enttäuscht.	"['(""restaurant general"", ""negative"", ""NULL"")']"
1742	Zugegeben das Filet war sehr gut, aber das war auch schon das Beste an dem ganzen Abend.	"['(""food quality"", ""positive"", ""Filet"")']"
1743	), da die Pizza so schlecht und unappetitlich war.	"['(""food quality"", ""negative"", ""Pizza"")']"
1744	Auch das Essen war so lala.	"['(""food quality"", ""neutral"", ""Essen"")']"
1745	Insgesamt ein alteingesessenes Lokal das man empfehlen kann.	"['(""restaurant general"", ""positive"", ""Lokal"")']"
1746	Nun - sicher , es ist Urlaubszeit, Touristen, viele Menschen, es ist warm …Aber - das Aufgeben einer Bestellung dauert sehr lange, dann auch nur, durch lautstarke Aufforderung.	"['(""service general"", ""negative"", ""Bestellung"")']"
1747	Super Service, tolle Fotos und immer ein nettes Gespräch.	"['(""ambience general"", ""positive"", ""Fotos"")', '(""service general"", ""positive"", ""Service"")']"
1748	Insgesamt reichten die drei Gänge nicht zum satt werden.	"['(""food style_options"", ""negative"", ""NULL"")']"
1749	Weiterhin waren die Schnitzel viel zu dick, ungewürzt und mit Fettrand.	"['(""food quality"", ""negative"", ""Schnitzel"")', '(""food style_options"", ""negative"", ""Schnitzel"")']"
1750	Schöne Qualität und die Soßen waren sehr gut.	"['(""food quality"", ""positive"", ""Soßen"")', '(""restaurant general"", ""positive"", ""NULL"")']"
1751	30 Minuten oder länger zu warten geht es nicht.	"['(""service general"", ""negative"", ""NULL"")']"
1752	Alles in allem: absolute Empfehlung, gerne wieder.	"['(""restaurant general"", ""positive"", ""NULL"")']"
1753	Super essen deliziös, gute Atmosphäre, freundliche Bedienung, gute Erreichbarkeit und Parkmöglichkeit	"['(""ambience general"", ""positive"", ""Atmosphäre"")', '(""food quality"", ""positive"", ""essen"")', '(""location general"", ""positive"", ""Parkmöglichkeit"")', '(""ambience general"", ""positive"", ""Erreichbarkeit"")', '(""service general"", ""positive"", ""Bedienung"")']"
1754	Die Getränke waren O.K.	"['(""drinks quality"", ""neutral"", ""Getränke"")']"
1755	Der Besuch bleibt in Erinnerung.	"['(""restaurant general"", ""positive"", ""NULL"")']"
1756	Das Essen war sehr gut und die Herrencreme ein Gedicht.	"['(""food quality"", ""positive"", ""Essen"")', '(""food quality"", ""positive"", ""Herrencreme"")']"
1757	Einzig der Wein war seinen Preis wert.	"['(""drinks quality"", ""positive"", ""Wein"")', '(""drinks prices"", ""positive"", ""Wein"")']"
1758	Das zunächst servierte Essen war falsch und es dauerte 1.5 h bis zur Nachlieferung.	"['(""service general"", ""negative"", ""NULL"")']"
1759	Dank an Susane, die uns sehr charmant durch den Abend begleitete.	"['(""service general"", ""positive"", ""Susane"")']"
1760	Wurde vom Kellner auf den Tisch geknallt.	"['(""service general"", ""negative"", ""Kellner"")']"
1761	Typisches Münchner Lokal näher LOC gut für Bayrische Küche Stimmung wie auf dem LOC	"['(""food quality"", ""positive"", ""Küche"")']"
1762	Der Rotwein wurde zweimal viel zu warm serviert.	"['(""drinks quality"", ""negative"", ""Rotwein"")']"
1763	Die Steaks waren zart und einfach fabelhaft!	"['(""food quality"", ""positive"", ""Steaks"")']"
1764	Essen war nicht gut.	"['(""food quality"", ""negative"", ""Essen"")']"
1765	Das dort ausschließlich männliche Personal hatte nun so gar keine Lust.	"['(""service general"", ""negative"", ""Personal"")']"
1766	Rundum ein gelungener Geburtstag und jeden Cent wert!	"['(""restaurant prices"", ""positive"", ""NULL"")', '(""restaurant general"", ""positive"", ""NULL"")']"
1767	Das Restaurant ist für Pastaliebhaber sehr zu empfehlen.	"['(""food quality"", ""positive"", ""NULL"")']"
1768	Service super humorvoll und zuvorkommend!	"['(""service general"", ""positive"", ""Service"")']"
1769	Da tut es ein Fischbrötchen um die Ecke auch.	"['(""food quality"", ""negative"", ""NULL"")']"
1770	Nettes Brauhaus mit leckeren Speisen und leckerem Bier.	"['(""restaurant general"", ""positive"", ""Brauhaus"")', '(""food quality"", ""positive"", ""Speisen"")', '(""drinks quality"", ""positive"", ""Bier"")']"
1771	Die Speisen sind einfache, bayerische Klassiker in guter Qualität.	"['(""food quality"", ""positive"", ""Speisen"")']"
1772	Kompliment an das Team in der Küche.	"['(""service general"", ""positive"", ""Team in der Küche"")']"
1773	Der Service ist ok, man kennt die Gerichte und wird gut beraten.	"['(""service general"", ""positive"", ""NULL"")', '(""service general"", ""neutral"", ""Service"")']"
1774	Super leckeres Essen mit einer spannenden Auswahl an Gerichten.	"['(""food quality"", ""positive"", ""Essen"")', '(""food style_options"", ""positive"", ""Auswahl an Gerichten"")']"
1775	Einfach toll wie Sie das machen.	"['(""restaurant general"", ""positive"", ""NULL"")']"
1776	Sehr aufmerksame Mitarbeiter und das Essen wirklich in sehr guter Qualität.	"['(""food quality"", ""positive"", ""Essen"")', '(""service general"", ""positive"", ""Mitarbeiter"")']"
1777	-:((((( Das vermeintlich knusprig gebratene Hähnchen war lauwarm in der Mikrowelle gemacht und knusprig war auch was anderes.	"['(""food quality"", ""negative"", ""Hähnchen"")']"
1778	Also bekamen wir nur mit viel Überredungskunst dann doch noch einen Tisch, jedoch war ein Gedeck derart im Durchgang, dass ein ungestörtes Essen unmöglich war.	"['(""ambience general"", ""negative"", ""NULL"")']"
1779	Sie war super freundlich, zuvorkommend und kompetent :)	"['(""service general"", ""positive"", ""NULL"")']"
1780	Schade!	"['(""restaurant general"", ""negative"", ""NULL"")']"
1781	Aufmerksame und freundliche Bedienung.	"['(""service general"", ""positive"", ""Bedienung"")']"
1782	Wir haben einen sehr guten Tisch (Nr. 54) bekommen und haben die lebhafte Atmosphäre dieses Kellers sehr genossen.	"['(""ambience general"", ""positive"", ""Atmosphäre dieses Kellers"")', '(""ambience general"", ""positive"", ""Tisch"")']"
1783	Der Service war jetzt nicht berauschend aber in Ordnung.	"['(""service general"", ""negative"", ""Service"")', '(""service general"", ""neutral"", ""Service"")']"
1784	Das Essen ist ok soweit, nothing special und dafür ist es mindestens 30% zu teuer.	"['(""food quality"", ""neutral"", ""Essen"")', '(""food prices"", ""negative"", ""NULL"")']"
1785	Der Empfang durch das Personal war sehr herzlich und angenehm.	"['(""service general"", ""positive"", ""Personal"")']"
1786	Leider schlecht.	"['(""restaurant general"", ""negative"", ""NULL"")']"
1787	Aber ein Stück Kuchen anzubieten, was oben schief ist und wo der innerste Teil noch fehlt und dann noch 5,50 Euro zu kassieren, ist schon sehr nah am LOC.	"['(""food style_options"", ""negative"", ""Kuchen"")', '(""food prices"", ""negative"", ""NULL"")']"
1788	Sorry, aber wenn alle Tische auf sind, wie kann dann ein einziger Tisch nicht bedient werden?	"['(""service general"", ""negative"", ""NULL"")']"
1789	Stylisches Ambiente, sehr nettes Servicepersonal und ausgesprochen leckere Speisen mit toller Ynrichtung machen den Aufenthalt perfekt.	"['(""food quality"", ""positive"", ""Speisen"")', '(""ambience general"", ""positive"", ""Ambiente"")', '(""service general"", ""positive"", ""Servicepersonal"")', '(""ambience general"", ""positive"", ""Ynrichtung"")']"
1790	Geschmacklich war es leider auch absolut traurig.	"['(""food quality"", ""negative"", ""NULL"")']"
1791	trotz vielen Gästen eine tolle Bedienung mit wunderbarem Essen.	"['(""food quality"", ""positive"", ""Essen"")', '(""service general"", ""positive"", ""Bedienung"")']"
1792	Und heute -September 2023 haben wir auch gleiches bestellt,ist volle Enttäuschung -die Bratwürste sind um 2-3 cm kürzer geworden und Kartoffelsalat-wie Wassersuppe auch geschmacklos.	"['(""food quality"", ""negative"", ""Kartoffelsalat"")', '(""food quality"", ""negative"", ""Wassersuppe"")', '(""food style_options"", ""negative"", ""Bratwürste"")']"
1793	Gute Beleuchtung und Musik als Begleitung.	"['(""ambience general"", ""positive"", ""Beleuchtung"")', '(""ambience general"", ""positive"", ""Musik"")']"
1794	Was mir etwas fehlte ist eine noch klarere Ausrichtung der Küche - natürlich optimalerweise auf die westfälische Küche.	"['(""food style_options"", ""negative"", ""Küche"")']"
1795	Mir aber zu fettig und zuviel Speck.	"['(""food quality"", ""negative"", ""NULL"")', '(""food quality"", ""negative"", ""Speck"")']"
1796	Alle arbeiteten Hand in Hand.	"['(""service general"", ""positive"", ""NULL"")']"
1797	"Sehr schade, da sitzt man im ""LOC"", einem der schönsten Münchner Innenhöfen, und die Qualität vom Essen ist einfach nur enttäuschend - in keiner Relation, weder zum Ruf des Hauses noch zu den Preisen, ob Knödel, Schnitzel, Pommes, Bratwürste oder Bratkartoffeln."	"['(""food prices"", ""negative"", ""Knödel"")', '(""food prices"", ""negative"", ""Bratkartoffeln"")', '(""food prices"", ""negative"", ""Schnitzel"")', '(""food prices"", ""negative"", ""Bratwürste"")', '(""ambience general"", ""positive"", ""Innenhöfen"")', '(""food prices"", ""negative"", ""Pommes"")', '(""food quality"", ""negative"", ""Essen"")']"
1798	So bleibt hauptächlich ein mieser und dennoch teurer Abend in Erinnerung.	"['(""restaurant general"", ""negative"", ""NULL"")', '(""restaurant prices"", ""negative"", ""NULL"")']"
1799	Einen Punkt Abzug gibt es für mich (wobei das Restaurant nicht wirklich was dafür kann), weil darin sehr sehr laut ist und man seinen Gegenüber schon fast anschreien muss.	"['(""ambience general"", ""negative"", ""NULL"")']"
1800	Schlechtester Service ever!	"['(""service general"", ""negative"", ""Service"")']"
1801	Bedienung freundlich und flott.	"['(""service general"", ""positive"", ""Bedienung"")']"
1802	RESTAURANT_NAME lehnt ab, einen teuren Gutschein für einen Jazzbranch einzulösen, weil er älter als 3 Jahre ist und mit dem 23.12.19 um 1 Monat abgelaufen ist.	"['(""restaurant miscellaneous"", ""negative"", ""RESTAURANT_NAME"")']"
1803	Supernetter und freundlicher Service, kinderfreundlich und das Essen kam recht schnell.	"['(""service general"", ""positive"", ""Service"")']"
1804	Als Dessert ein sehr gut geschenkter Sambuca (7,50 €) und ein Linie-Aquavit (4,90 €).	"['(""food style_options"", ""positive"", ""Sambuca"")']"
1805	Das Essen war sonst allenfalls ok.	"['(""food quality"", ""neutral"", ""Essen"")']"
1806	Es gibt von uns null Weiterempfehlung.	"['(""restaurant general"", ""negative"", ""NULL"")']"
1807	Wir kommen gerne wieder!	"['(""restaurant general"", ""positive"", ""NULL"")']"
1808	Sofort fühlte man sich wohl und gab Getränke- und Speisenbestellungen auf.	"['(""ambience general"", ""positive"", ""NULL"")']"
1809	Leider fehlt manchmal der Pfiff.	"['(""restaurant general"", ""negative"", ""NULL"")']"
1810	Das nächste Mal, ach nein - das wird es nicht geben.	"['(""restaurant general"", ""negative"", ""NULL"")']"
1811	Absolut überzogen sind die Weinpreise -für ein 0.2 Glas zwischen 6 und 12 !	"['(""drinks style_options"", ""negative"", ""NULL"")']"
1812	Gemütliches und heimeliges Restaurant mit Fleischvariationen und köstlichen Beilagen.	"['(""ambience general"", ""positive"", ""Restaurant"")', '(""food quality"", ""positive"", ""Beilagen"")']"
1813	Sehr angenehme Ambiance im LOC.	"['(""ambience general"", ""positive"", ""Ambiance"")']"
1814	Prima Service und sehr leckeres Essen.	"['(""food quality"", ""positive"", ""Essen"")', '(""service general"", ""positive"", ""Service"")']"
1815	40 Minuten auf Essen gewartet, nach Nachfrage nochmals 10 Minuten.	"['(""service general"", ""negative"", ""NULL"")']"
1816	Sorry, aber die Optik der Gerichte wäre sogar nur 2 Punkte wert.	"['(""food style_options"", ""negative"", ""Optik der Gerichte"")']"
1817	Das Bier war sehr gut, das Essen auch.	"['(""food quality"", ""positive"", ""Essen"")', '(""drinks quality"", ""positive"", ""Bier"")']"
1818	Die Möglichkeit online zu bestellen ist innovativ.	"['(""service general"", ""positive"", ""NULL"")']"
1819	Wahrscheinlich hat die Bedienung die Bestellung nicht verstanden, weil die Musik am Sonntag Mittag so laut war, dass man sich eigentlich auf der Terrasse nicht unterhalten konnte.	"['(""service general"", ""negative"", ""Bedienung"")', '(""ambience general"", ""negative"", ""Musik"")']"
1820	Bedienung klasse, Essen und Getränke kamen zügig.	"['(""service general"", ""positive"", ""Bedienung"")', '(""service general"", ""positive"", ""Getränke"")', '(""service general"", ""positive"", ""Essen"")']"
1821	Schade.	"['(""restaurant general"", ""negative"", ""NULL"")']"
1822	Sehr leckeres Essen und super Happy Hour für Cocktails!	"['(""food quality"", ""positive"", ""Essen"")', '(""restaurant miscellaneous"", ""positive"", ""Cocktails"")']"
1823	Nach anfänglichen Problemen beim anzapfen, lief danach aber alles einwandfrei- imWahrsten Sinne des Wortes.	"['(""restaurant general"", ""positive"", ""NULL"")']"
1824	"Aber Pommes gibts es wesentlich leckere (die ""Schalenreste"" an den Pommes vermitteln vll."	"['(""food quality"", ""negative"", ""Pommes"")']"
1825	Die Bedingungen sind unfreundlich und schicken einen nur zum nächsten.	"['(""service general"", ""negative"", ""Bedingungen"")']"
1826	Für den Preis eine glatte 6 oder null Punkte.	"['(""restaurant general"", ""negative"", ""NULL"")', '(""restaurant prices"", ""negative"", ""NULL"")']"
1827	Derzeit fehlen die Schließzeiten: Man öffnet in der Situation, aber man schließt flexibel.	"['(""service general"", ""negative"", ""Schließzeiten"")']"
1828	Der „Gruß aus der Küche“ für 5 Personen sehr mager.	"['(""food style_options"", ""negative"", ""Gruß aus der Küche"")']"
1829	Gerne beim nächsten Besuch in LOC wieder.	"['(""restaurant general"", ""positive"", ""NULL"")']"
1830	Gutes Bier zum günstigen Preis Halbe 3,95 aber kleine BierkarteAugustiner Schmakerl mit moderaten Preis.	"['(""drinks prices"", ""positive"", ""Bier"")', '(""drinks style_options"", ""positive"", ""BierkarteAugustiner Schmakerl"")', '(""drinks quality"", ""positive"", ""Bier"")', '(""drinks prices"", ""neutral"", ""BierkarteAugustiner Schmakerl"")']"
1831	Ihr habt uns den Abend gerettet...	"['(""restaurant general"", ""positive"", ""NULL"")']"
1832	Wurde nicht hinein gelassen😤Was soll ich weiter schreiben- der „Türsteher“ der dt Sprache nicht mächtig - Freunde waren im Lokal- Tisch war reserviert- einfach ein Arschlocg	"['(""service general"", ""negative"", ""Türsteher"")']"
1833	Das kross gebratene Zanderfilet waren drei Fischspitzen in der Pfanne platt gedrückt, ungewürzt, um die Stücke kross zu beikommen.	"['(""food quality"", ""negative"", ""Zanderfilet"")', '(""food style_options"", ""negative"", ""Fischspitzen"")', '(""food quality"", ""negative"", ""Fischspitzen"")']"
1834	Schlecht kann ich auch woanders, besonders bei den Preisen.	"['(""restaurant general"", ""negative"", ""NULL"")', '(""restaurant prices"", ""negative"", ""NULL"")']"
1835	Ich bin bereits schon öfters mal im RESTAURANT_NAME gewesen (hauptsächlich in LOC) und bis her war ich sehr begeistert vom dem guten Bier.	"['(""drinks quality"", ""positive"", ""Bier"")']"
1836	Insgesamt war es sehr laut in dem Lokal.	"['(""ambience general"", ""negative"", ""Lokal"")']"
1837	Auf das Bezahlen haben wir dann gefühlt ewig gewartet.	"['(""service general"", ""negative"", ""NULL"")']"
1838	Kommen bestimmt wieder.	"['(""restaurant general"", ""positive"", ""NULL"")']"
1839	Fazit: Irgendwas läuft in dem Laden nicht rund.	"['(""restaurant general"", ""negative"", ""Laden"")']"
1840	Alle Kellner völlig überfordert und das sieht man ihnen mehr als man will an!!	"['(""service general"", ""negative"", ""Kellner"")']"
1841	Der Service rund um Jason war von vorne bis hinten zuvorkommend und das Essen erste Klasse.	"['(""food quality"", ""positive"", ""Essen"")', '(""service general"", ""positive"", ""Service rund um Jason"")']"
1842	Freundlich empfangen und zum Tisch gebracht.	"['(""service general"", ""positive"", ""NULL"")']"
1843	Das Bier von Über Quell war auch sehr angenehm im Geschmak.	"['(""drinks quality"", ""positive"", ""Bier von Über Quell"")']"
1844	Schnitzel dünn, strukturlos, mit Fett vollgesogen, versalzen.	"['(""food style_options"", ""negative"", ""Schnitzel"")']"
1845	Das Restaurant scheint im vorigen Jahrhundert stehen geblieben zu sein.	"['(""restaurant general"", ""negative"", ""Restaurant"")']"
1846	Es gab einen Gruß aus der Küche vorweg und dann ein zartes Steak zum Fairen Preis.	"['(""food prices"", ""positive"", ""Steak"")', '(""food quality"", ""positive"", ""Steak"")']"
1847	Für uns ist das Frenzen eins der besten Restaurants in der Region und wir kommen immer sehr gerne hierher.	"['(""restaurant general"", ""positive"", ""Frenzen"")']"
1848	Sehr nette Location neben der LOC.	"['(""location general"", ""positive"", ""NULL"")']"
1849	Eine Schande für jeden österreichischen Koch oder Köchin!	"['(""food quality"", ""negative"", ""NULL"")']"
1850	Nicht zu empfehlen!	"['(""restaurant general"", ""negative"", ""NULL"")']"
1851	Die hohen Bewertungen die man hier liest kann ich nicht nachvollziehen.	"['(""restaurant miscellaneous"", ""negative"", ""hohen Bewertungen"")']"
1852	Das Ambiente passt und das Kölsch schmeckt auch.	"['(""ambience general"", ""positive"", ""Ambiente"")', '(""drinks quality"", ""positive"", ""Kölsch"")']"
1853	Kapp 60€ waren für das Angebotene eine Frechheit.	"['(""restaurant prices"", ""negative"", ""NULL"")']"
1854	Mehr Schein als sein!	"['(""restaurant general"", ""negative"", ""NULL"")']"
1855	Sehr gutes Essen, nettes Ambiente und besonders nett war der Kellner „Bruno“.	"['(""food quality"", ""positive"", ""Essen"")', '(""ambience general"", ""positive"", ""Ambiente"")', '(""service general"", ""positive"", ""Bruno"")']"
1856	Das Kalbsschnitzel mit 19EUR nicht teuer aber absolut lieblos und dahin ger...zt.	"['(""food prices"", ""neutral"", ""Kalbsschnitzel"")', '(""restaurant prices"", ""neutral"", ""Kalbsschnitzel"")', '(""food quality"", ""negative"", ""Kalbsschnitzel"")']"
1857	Wieder empfehlenswert!	"['(""restaurant general"", ""positive"", ""NULL"")']"
1858	Einfach nur zusammengeworfen und ohne jegliches Gewürz... unglaublich!	"['(""food style_options"", ""negative"", ""NULL"")']"
1859	Preis-/Leistungsverhältnis ebenfalls gut.	"['(""restaurant prices"", ""positive"", ""NULL"")']"
1860	Weine- alle besten Labels dabei.	"['(""drinks style_options"", ""positive"", ""Weine"")']"
1861	Die Kellner sind arrogant und respektlos!	"['(""service general"", ""negative"", ""Kellner"")']"
1862	Getränk nachbestellt und wieder mehr als 10 Minute darauf warten müssen.	"['(""service general"", ""negative"", ""NULL"")']"
1863	Die bestellten Wiener Schnitzel waren leider zäh und fest deshalb wurde auch eine Portion zurückgenommen.	"['(""food quality"", ""negative"", ""Wiener Schnitzel"")']"
1864	Das Personal super nett und herzlich, die Küche Supergut!	"['(""service general"", ""positive"", ""Personal"")', '(""food quality"", ""positive"", ""Küche"")']"
1865	Unsere Pizzen waren wieder sehr gut.	"['(""food quality"", ""positive"", ""Pizzen"")']"
1866	Wir kamen für einen angenehmen Abend, wurden aber an der Tür in die Hölle geführt.	"['(""restaurant general"", ""negative"", ""NULL"")']"
1867	Wir freuen uns schon auf das nächste Mal.	"['(""restaurant general"", ""positive"", ""NULL"")']"
1868	Kein Preisnachlass, keine Rücknahme!!	"['(""service general"", ""negative"", ""Rücknahme"")', '(""restaurant prices"", ""negative"", ""NULL"")']"
1869	Ein gelungenes kulinarisches Erlebnis, das wir gerne wiederholen werden!	"['(""restaurant general"", ""positive"", ""NULL"")', '(""food quality"", ""positive"", ""NULL"")']"
1870	Wir haben draußen gesessen und wurde sehr freundlich bedient.	"['(""service general"", ""positive"", ""NULL"")']"
1871	Die Haxe war trocken und faserig, die Kruste hätte man mit dem Presslufthammer bearbeiten müssen, um sie zu zerteilen.	"['(""food quality"", ""negative"", ""Haxe"")', '(""food quality"", ""negative"", ""Kruste"")']"
1872	Nette Bedienung, schönes Ambiente.	"['(""service general"", ""positive"", ""Bedienung"")', '(""ambience general"", ""positive"", ""Ambiente"")']"
1873	Selbst am Nachbartisch hat eine Frau nur ein paar Happen von Ihrer Haxe und dem Knödel gegessen und den Rest zurückgegeben.	"['(""food quality"", ""negative"", ""NULL"")']"
1874	Wir haben uns sehr wohl gefühlt.	"['(""ambience general"", ""positive"", ""NULL"")']"
1875	Ich hatte Rahmschwammerl in Rahm mit Semmelknödel und war zufrieden.	"['(""food quality"", ""positive"", ""Rahmschwammerl in Rahm mit Semmelknödel"")']"
1876	Das Essen ist immer frisch gekocht und heiss.	"['(""food quality"", ""positive"", ""Essen"")']"
1877	Obwohl wir deftiges Essen schätzen, haben wir es nicht gut vertragen.	"['(""food quality"", ""negative"", ""Essen"")']"
1878	Sehr enttäuschend!!!	"['(""restaurant general"", ""negative"", ""NULL"")']"
1879	Kurze Zeit später folgt die Hauptspeise, wieder gut gefüllter Teller, gegrillter Fisch und Gemüse, gedünstete Meeresfrüchte in LOC.	"['(""food style_options"", ""positive"", ""Teller"")']"
1880	Besonders charmant war unser Kellner Bruno.	"['(""service general"", ""positive"", ""Bruno"")']"
1881	Unmögliches Raumklima innerhalb.	"['(""ambience general"", ""negative"", ""Raumklima"")']"
1882	Zu dem auch nur lauwarm.	"['(""food quality"", ""negative"", ""NULL"")']"
1883	Alles in allem: schneller Service, gutes Essen, Getränke zu teuer und am regelmäßigen Austausch des Wassers vom LOC arbeiten wir noch	"['(""food quality"", ""positive"", ""Essen"")', '(""service general"", ""negative"", ""NULL"")', '(""drinks prices"", ""negative"", ""Getränke"")', '(""service general"", ""positive"", ""Service"")']"
1884	Anfangs haben wir 2 Stunden gekegelt, das anschließende Sharing Table Buffet war äußerst lecker, mit großer Auswahl und sehr freundlicher Bedienung.	"['(""service general"", ""positive"", ""Bedienung"")', '(""food style_options"", ""positive"", ""Sharing Table Buffet"")', '(""food quality"", ""positive"", ""Sharing Table Buffet"")']"
1885	Um uns zu unterhalten, mussten wir uns fast schon anschreien.	"['(""ambience general"", ""negative"", ""NULL"")']"
1886	Sowohl die freundlichen Bedienungen, das gute Essen und das hervorragende Bier entsprachen dabei unserer bisherigen Erfahrung.	"['(""food quality"", ""positive"", ""Essen"")', '(""drinks quality"", ""positive"", ""Bier"")', '(""service general"", ""positive"", ""Bedienungen"")']"
1887	Personal nahm sich der Kritik nicht an.	"['(""service general"", ""negative"", ""Personal"")']"
1888	Das Saisonbier schmeckte ebenfalls.	"['(""drinks quality"", ""positive"", ""Saisonbier"")']"
1889	Und unschön, dass das den Ober überhaupt nicht interessiert hat 👎	"['(""service general"", ""negative"", ""Ober"")']"
1890	Preislich dafür zumindest teilweise deutlich überzeugen.	"['(""restaurant prices"", ""negative"", ""NULL"")']"
1891	Fleissiger Service.	"['(""service general"", ""positive"", ""Service"")']"
1892	Insgesamt empfand ich das gesamte Servicepersonal als herablassend.	"['(""service general"", ""negative"", ""Servicepersonal"")']"
1893	Als ich dieses reklamiert hatte, dauerte es noch ewig bis ich ein neues Glas bekommen hatte.	"['(""service general"", ""negative"", ""NULL"")']"
1894	Das Essen und Ambiente waren wirklich perfekt.	"['(""food quality"", ""positive"", ""Essen"")', '(""ambience general"", ""positive"", ""Ambiente"")']"
1895	Ähnliches beobachteten wir dann wiederholt, wurden immernoch nicht bedient und verließen dann das Café.	"['(""service general"", ""negative"", ""NULL"")']"
1896	Der Versuch das volle Lokal quasi im Alleingang zu stemmen und dabei noch so aufmerksam und freundlich zu sein ist ihm gelungen!	"['(""service general"", ""positive"", ""NULL"")', '(""ambience general"", ""negative"", ""Lokal"")']"
1897	Der Thunfisch war komplett durch und trocken, die gegrillten LOC ebenfalls und der Tintenfisch war von einer derart zähen Konsistenz, dass meine Frau diesen, nach dem ersten Probieren, genauso hat liegenlassen, wie die Hälfte des Thunfischs und der LOC.	"['(""food quality"", ""negative"", ""Thunfisch"")', '(""food quality"", ""negative"", ""Tintenfisch"")', '(""food quality"", ""negative"", ""LOC"")']"
1898	Das vom Kindergesicht ebenfalls, wurde aber nachträglich in Soße ertränkt, was der Panade nicht gut tat.	"['(""food quality"", ""negative"", ""Panade"")']"
1899	Essen sehr schnell an Tisch geliefert Filet auf den Punkt und alles super lecker.	"['(""service general"", ""positive"", ""NULL"")', '(""food quality"", ""positive"", ""Filet"")']"
1900	Dort hat sich niemand bei uns als zuständiges Personal zu erkenne gegeben (und das ist eines der absolut hervorhebenswerten Goodies eines LOCs).	"['(""service general"", ""negative"", ""NULL"")']"
1901	Im Ergebnis haben weder die Speisen noch der Wein ihren Preis gerechtfertigt.	"['(""food prices"", ""negative"", ""Speisen"")', '(""drinks prices"", ""negative"", ""Wein"")']"
1902	Vor Ort ist der Laden schon teurer als der Rest, dafür aber nicht so viel Besser.	"['(""restaurant general"", ""negative"", ""Laden"")', '(""restaurant prices"", ""negative"", ""Laden"")']"
1903	Essen kam erst sehr spät und zu sehr unterschiedlichen Zeiten.	"['(""service general"", ""negative"", ""NULL"")']"
1904	Nicht mehr - aber auch nicht weniger.	"['(""restaurant general"", ""neutral"", ""NULL"")']"
1905	6 Salatblätter Frisee und 2/3 Croutons sind keine 12,50€ wert!	"['(""food prices"", ""negative"", ""Croutons"")', '(""food prices"", ""negative"", ""Salatblätter Frisee"")']"
1906	Die Qualität der Speisen war enttäuschend und das Beschwerdemanagement war absolut unzureichend.	"['(""service general"", ""negative"", ""Beschwerdemanagement"")', '(""food quality"", ""negative"", ""Speisen"")']"
1907	Preis deutlich zu hoch.	"['(""restaurant prices"", ""negative"", ""NULL"")']"
1908	Super Service, schönes Ambiente und sehr gutes Essen.	"['(""food quality"", ""positive"", ""Essen"")', '(""ambience general"", ""positive"", ""Ambiente"")', '(""service general"", ""positive"", ""Service"")']"
1909	auf das Essen warten müssen, weil der Laden so voll ist.	"['(""service general"", ""negative"", ""NULL"")', '(""ambience general"", ""negative"", ""Laden"")']"
1910	Der Wein eher gewöhnungsbedürftig!	"['(""drinks quality"", ""negative"", ""Wein"")']"
1911	Als wir bezahleenn wollten, war sie auch wieder nicht auffindbar, dann bekamen wir endlich die Rechnung und sie war wieder weg, bis wir dann endlich bezahlen konnten.	"['(""service general"", ""negative"", ""NULL"")']"
1912	Vielen Dank für diesen schönen Abend!	"['(""restaurant general"", ""positive"", ""NULL"")']"
1913	lokale Küche (Töttchen), ein eigenes Bier und vor allem super Service.	"['(""service general"", ""positive"", ""Service"")']"
1914	Denn irgendwie geht es mir mittlerweile auf den Keks diese Warterei.	"['(""service general"", ""negative"", ""Warterei"")']"
1915	Schon beim Betreten wurden vor uns 2 Damen beschimpft, weil man anscheinend nicht mit Kinderwagen das Kaffee betreten darf.	"['(""service general"", ""negative"", ""Damen"")']"
1916	Ein sehr nettes Lokal im LOC von LOC.	"['(""restaurant general"", ""positive"", ""Lokal"")']"
1917	Auch ein «Katzentisch» direkt am Eingang kann man eigentlich nicht als solchen verkaufen (gerade im Winter wenn die Leute rein und rausgehen wird derjenige der dort mit dem Rücken zur Tür sitzt jedes Mal von kalter Zugluft eingeholt.	"['(""ambience general"", ""negative"", ""Zugluft"")']"
1918	Schade, so hatten wir uns den Abend nicht vorgestellt.	"['(""restaurant general"", ""negative"", ""NULL"")']"
1919	Ich war mit meiner Freundin da & wir hatten einen sehr schönen und kulinarisch ansprechenden Abend.	"['(""restaurant general"", ""positive"", ""NULL"")', '(""food quality"", ""positive"", ""NULL"")']"
1920	Wir waren durchweg alle zufrieden.	"['(""restaurant general"", ""positive"", ""NULL"")']"
1921	Ist ganz nett.	"['(""restaurant general"", ""positive"", ""NULL"")']"
1922	Aber eben nichts besonderes.	"['(""restaurant general"", ""neutral"", ""NULL"")']"
1923	Netter und freundlicher Service.	"['(""service general"", ""positive"", ""Service"")']"
1924	Sehr schönes und gemütliches Restaurant.	"['(""ambience general"", ""positive"", ""Restaurant"")']"
1925	Toll finde ich, dass man hier eine kleine Flasche Coke bekommt und man kein Glas aus einer 1,5L Flasche erhält.	"['(""drinks style_options"", ""positive"", ""Flasche Coke"")']"
1926	Die Haxe war knusprig und das Fleisch zart.	"['(""food quality"", ""positive"", ""Fleisch"")', '(""food quality"", ""positive"", ""Haxe"")']"
1927	!Natürlich das Bier topp und auch der Kellner topp und freundlich!!	"['(""service general"", ""positive"", ""Kellner"")', '(""drinks quality"", ""positive"", ""Bier"")']"
1928	Am besten war der Service - sehr freundlich und aufmerksam.	"['(""service general"", ""positive"", ""Service"")']"
1929	Wir mussten über 30 Minuten warten bis die Angelegenheit endlich geregelt werden konnte, ein persönliche Entschuldigung vom Chef blieb aus.	"['(""service general"", ""negative"", ""Chef"")']"
1930	Die Räumlichkeit ist sehr schön.	"['(""ambience general"", ""positive"", ""Räumlichkeit"")']"
1931	Dessert auch wunderbar!	"['(""food quality"", ""positive"", ""Dessert"")']"
1932	Immer wieder gerne wenn wir in LOC sind.	"['(""restaurant general"", ""positive"", ""NULL"")']"
1933	Ja, das Lokal ist sehr gut gelegen.	"['(""ambience general"", ""positive"", ""Lokal"")']"
1934	"Die ""Getrüffelte Kürbissuppe"" bestand darin, dass man statt dem üblichen LOC Kürbiskernöl einfach nur getrüffeltes Öl auf die Suppe geträufelt hatte."	"['(""food quality"", ""negative"", ""getrüffeltes Öl"")', '(""food quality"", ""negative"", ""Getrüffelte Kürbissuppe"")']"
1935	Essen nicht zu toppen( Kabeljaufilet und zum Nachtisch Blausilikum), alles super kreiert und gekocht, in einem schönen Ambiente.	"['(""ambience general"", ""positive"", ""Ambiente"")', '(""food quality"", ""positive"", ""Kabeljaufilet"")', '(""food quality"", ""positive"", ""Essen"")', '(""food quality"", ""positive"", ""Blausilikum"")', '(""food style_options"", ""positive"", ""Blausilikum"")', '(""food style_options"", ""positive"", ""Kabeljaufilet"")']"
1936	Service wirklich auf Zack - mit Roboter-Unterstützung.	"['(""service general"", ""positive"", ""Service"")']"
1937	Wir werden nicht wiederkommen.	"['(""restaurant general"", ""negative"", ""NULL"")']"
1938	!Das ist unanständig und diskriminiert das ganze Geschäft.	"['(""restaurant general"", ""negative"", ""NULL"")']"
1939	Klasse Essen, leckeres Kölsch	"['(""food quality"", ""positive"", ""Essen"")', '(""drinks quality"", ""positive"", ""Kölsch"")']"
1940	Steak nicht leicht essbar und mit Sehnen.	"['(""food quality"", ""negative"", ""Steak"")']"
1941	Die Bedienung war freundlich, flott und gut gelaunt.	"['(""service general"", ""positive"", ""Bedienung"")']"
1942	Wir erhielten kleine Teller mit recht überschaubaren Portionen (keine Oliven, die ich bei jeder Art von Griechen erwarte ) Geschmacklich war alles in Ordnung.	"['(""food style_options"", ""negative"", ""Portionen"")', '(""food quality"", ""neutral"", ""NULL"")']"
1943	Ein rund im gelungenen Abend	"['(""restaurant general"", ""positive"", ""NULL"")']"
1944	Die Qualität des Essens fand ich aber sehr durchschnittlich.	"['(""food quality"", ""neutral"", ""Essens"")']"
1945	Ich kann es nur empfehlen.	"['(""restaurant general"", ""positive"", ""NULL"")']"
1946	Gemütliche Atmung und rustikale Deko an Wänden.	"['(""ambience general"", ""positive"", ""Atmung"")', '(""ambience general"", ""positive"", ""Deko an Wänden"")']"
1947	Wir kommen gerne wieder!	"['(""restaurant general"", ""positive"", ""NULL"")']"
1948	Das ist nicht ok.	"['(""restaurant general"", ""negative"", ""NULL"")']"
1949	Zu Beginn mussten wir lange warten, um überhaupt bedient zu werden.	"['(""service general"", ""negative"", ""NULL"")']"
1950	Wir hatten einen wundervollen Abend mit einem 6-Gänge Menü mit Weinbegleitung und jeder Gang war einfach nur perfekt aufeinander abgestimmt und das beste was wir seit langem gegessen haben.	"['(""restaurant general"", ""positive"", ""NULL"")', '(""food quality"", ""positive"", ""Gang"")', '(""food style_options"", ""positive"", ""Gang"")']"
1951	Das Essen ist sehr schmackhaft.	"['(""food quality"", ""positive"", ""Essen"")']"
1952	Sehr angenehmer Aufenthalt bei freundlichem Personal und gelungenem Essen, sogar mit Geburtstagsüberraschung.	"['(""food quality"", ""positive"", ""Essen"")', '(""restaurant general"", ""positive"", ""NULL"")', '(""service general"", ""positive"", ""Personal"")']"
1953	Schon nett!!	"['(""restaurant general"", ""positive"", ""NULL"")']"
1954	Haben uns beschwert - hat aber nicht viel genützt...wsl weil ja trotzdem jeder da rein will und auch reingeht... wir sicher nie wieder!	"['(""restaurant general"", ""negative"", ""NULL"")']"
1955	Ein gelungener Abend	"['(""restaurant general"", ""positive"", ""NULL"")']"
1956	Hier gab es bayrische Küche, sehr schön und wohl schmeckend auf dem Teller , z.Bs.	"['(""food style_options"", ""positive"", ""NULL"")', '(""food quality"", ""positive"", ""NULL"")']"
1957	Was mich diesmal echt gestört hat war der Service.	"['(""service general"", ""negative"", ""Service"")']"
1958	Auf meine Reklamation hin wurde gesagt, dass der Kartoffelsalat in Ordnung sei.	"['(""food quality"", ""neutral"", ""Kartoffelsalat"")']"
1959	Schnelligkeit in der Küche etc. alles super.	"['(""restaurant general"", ""positive"", ""NULL"")', '(""service general"", ""positive"", ""Küche"")']"
1960	Ein sehr enttäuschender Abend.	"['(""restaurant general"", ""negative"", ""NULL"")']"
1961	Das LOC für 18,60€ Ist dermaßen überbraten, dass das Fleisch trocken, hart und kaum zu schneiden war.	"['(""restaurant prices"", ""negative"", ""LOC"")', '(""food quality"", ""negative"", ""Fleisch"")']"
1962	Die Bedienung war sehr aufmerksam und nett und hat bis zum Ende der Zeit die Getränke stets am Tisch getauscht bzw. aktiv nachgefragt.	"['(""service general"", ""positive"", ""Bedienung"")']"
1963	Leider dauerte es auch noch mal 15Min bis die Getränke kamen.	"['(""service general"", ""negative"", ""NULL"")']"
1964	Personal sehr nett und zuvorkommend.	"['(""service general"", ""positive"", ""Personal"")']"
1965	Essen war absolut in Ordnung.	"['(""food quality"", ""neutral"", ""Essen"")']"
1966	Den Käse zur Pasta verspätet nachgereicht.	"['(""service general"", ""negative"", ""NULL"")']"
1967	Meine bisherigen sehr guten Eindrücke von diesem Restaurant wurden am frühen Freitagabend sehr getrübt durch ein absolut unakzeptables, aufgewärmtes Essen von der Tageskarte: Trockener Kap-Seehecht, gekochte Salzkartoffeln, wo sich schon eine Kruste gebildet hatte.	"['(""food quality"", ""negative"", ""Kap-Seehecht"")', '(""food quality"", ""negative"", ""Salzkartoffeln"")', '(""food quality"", ""negative"", ""Essen"")']"
1968	Die Auswahl der Sprizz sind groß - schmeckt auch ohne Alkohol.	"['(""food style_options"", ""positive"", ""Auswahl der Sprizz"")']"
1969	Wie kann ein Betrieb der uns immer gut gefallen hat, so schnell 3 klassig werden.	"['(""restaurant general"", ""negative"", ""Betrieb"")']"
1970	Tolle Beratung, tolle Bewirtung und essen der extraklasse.	"['(""food quality"", ""positive"", ""essen"")', '(""service general"", ""positive"", ""Bewirtung"")', '(""service general"", ""positive"", ""Beratung"")']"
1971	Wir hatten uns schon sehr auf diesen Abend gefreut, aber leider mehr als nur ok war das nicht.	"['(""restaurant general"", ""neutral"", ""NULL"")']"
1972	Auch die Scherben wurden nicht alle entfernt.	"['(""service general"", ""negative"", ""NULL"")']"
1973	Wir haben dann Lasagne bestellt, die leider ziemlich kalt serviert wurde und auch sonst nur durchschnittlich geschmeckt hat.	"['(""food quality"", ""neutral"", ""Lasagne"")', '(""food quality"", ""negative"", ""Lasagne"")']"
1974	Ich bin gerne hier.. ein großer Minus Punkt ist, dass die die Tische nicht abgeräumt werden.	"['(""service general"", ""negative"", ""NULL"")', '(""restaurant general"", ""positive"", ""NULL"")']"
1975	Nach einem spontanen Besuch heute Mittag draußen ( es war nichts los ) sind wir zur der Einsicht gekommen, dass wir dieses Brauhaus nie wieder betreten werden.	"['(""restaurant general"", ""negative"", ""Brauhaus"")']"
1976	Wir fahren gerne wieder hin.	"['(""restaurant general"", ""positive"", ""NULL"")']"
1977	Besuch in der RESTAURANT_NAME und immer wieder eine Reise wert!	"['(""restaurant general"", ""positive"", ""RESTAURANT_NAME"")']"
1978	Richtig lecker und zartes Fleisch, wir kommen auf jeden Fall wieder!	"['(""food quality"", ""positive"", ""Fleisch"")', '(""restaurant general"", ""positive"", ""NULL"")']"
1979	Der Service war sehr freundlich.	"['(""service general"", ""positive"", ""Service"")']"
1980	"Wir waren mittags hier, das Ambiente ist top und auch das Bier ist super, leider sind die Speisen ""nur"" Ok."	"['(""food quality"", ""neutral"", ""Speisen"")', '(""ambience general"", ""positive"", ""Ambiente"")', '(""drinks quality"", ""positive"", ""Bier"")']"
1981	Wir sind ganz zufällig dort gelandet und waren begeistert.	"['(""restaurant general"", ""positive"", ""NULL"")']"
1982	Wir gehen da nicht mehr hin.	"['(""restaurant general"", ""negative"", ""NULL"")']"
1983	Urige Kneipe auf zwei Etagen für Liebhaber deftiger Gerichte.	"['(""food quality"", ""positive"", ""Gerichte"")', '(""ambience general"", ""positive"", ""Kneipe"")']"
1984	Wir freuten uns sehr, dass es mit demWunsch nach einemschönen Ecktisch geklappt hat.	"['(""ambience general"", ""positive"", ""Ecktisch"")']"
1985	Besonders Herr Gilles, Herr Natrup und Herr Torres (Aufzählung in alphabetischer Reihenfolge) erfreuen uns immer wieder aufs Neue durch professionellen Service.	"['(""service general"", ""positive"", ""Natrup"")', '(""service general"", ""positive"", ""Service"")', '(""service general"", ""positive"", ""Torres"")', '(""service general"", ""positive"", ""Gilles"")']"
1986	Die Qualität des Fleisches und auch der anderen Speisen waren bisher sehr gut.	"['(""food quality"", ""positive"", ""Speisen"")', '(""food quality"", ""positive"", ""Fleisches"")']"
1987	Schade.	"['(""restaurant general"", ""negative"", ""NULL"")']"
1988	Der Apfelwein hat besch...gemeckt.	"['(""drinks quality"", ""negative"", ""Apfelwein"")']"
1989	LOC unfreundliches, überfordertes und langsames Personal.	"['(""service general"", ""negative"", ""Personal"")']"
1990	Bier kam schnell, war frisch, kalt und gut.	"['(""service general"", ""positive"", ""NULL"")', '(""drinks quality"", ""positive"", ""Bier"")']"
1991	Schade, hätte es einfach gerne gehabt wie bestellt.	"['(""service general"", ""negative"", ""NULL"")']"
1992	Die Begrüßung war kühl und wirkte gezwungen und lieblos.	"['(""service general"", ""negative"", ""Begrüßung"")']"
1993	Wenn man das alles berücksichtigt, konnte ich mit meinem Teller sehr zufrieden sein.	"['(""food quality"", ""positive"", ""Teller"")']"
1994	Bodenständige und ehrliche Küche in sensationeller Qualität zu einem fairen Preis!	"['(""restaurant prices"", ""positive"", ""NULL"")', '(""food quality"", ""positive"", ""Küche"")']"
1995	So mußte ich feststellen, dass mein Geburtstagsgeschenk für meine Frau ziemlich in die Hose gegangen war...	"['(""restaurant general"", ""negative"", ""NULL"")']"
1996	Service war freundlich und schnell.	"['(""service general"", ""positive"", ""Service"")']"
1997	Das Essen war wirklich lecker, der Service freundlich und die Atmosphäre nett u authentisch.	"['(""food quality"", ""positive"", ""Essen"")', '(""ambience general"", ""positive"", ""Atmosphäre"")', '(""service general"", ""positive"", ""Service"")']"
1998	Einziger Lichtblick und auch der Grund warum ich es nicht mit „mangelhaft“ bewerte, war der sehr freundliche Kellner.	"['(""service general"", ""positive"", ""Kellner"")']"
1999	Unterirdisch waren die Bratkartoffeln.	"['(""food quality"", ""negative"", ""Bratkartoffeln"")']"
2000	Sie waren trocken und fad.	"['(""food quality"", ""negative"", ""NULL"")']"
2001	Wer auf Haxe steht macht hier gar nichts falsch ...	"['(""food quality"", ""positive"", ""Haxe"")']"
2002	Das war ein Volltreffer, ich kann mich nicht daran erinnern jemals so eine gute Pasta gegessen zu haben.	"['(""food quality"", ""positive"", ""Pasta"")', '(""restaurant general"", ""positive"", ""NULL"")']"
2003	Wenn es mein Kaffee wäre, würde ich diesen unzufriedenen Kellner fristlos entlassen!	"['(""service general"", ""negative"", ""Kellner"")', '(""restaurant general"", ""negative"", ""Kaffee"")']"
2004	Nicht gemütlich.	"['(""ambience general"", ""negative"", ""NULL"")']"
2005	Von den darin aufgeführten Speisen lief uns schon das Wasser im Mund zusammen.	"['(""food style_options"", ""positive"", ""Speisen"")']"
2006	Wurst ist ok, aber nicht das non plus ultra.	"['(""food quality"", ""neutral"", ""Wurst"")']"
2007	Einzig unsere Bedienung hätte etwas freundlicher sein können.	"['(""service general"", ""negative"", ""Bedienung"")']"
2008	Das konnte man gar nicht essen.	"['(""food quality"", ""negative"", ""NULL"")']"
2009	Uns hat es gut gefallen und wir würden sicher nochmal hingehen.	"['(""restaurant general"", ""positive"", ""NULL"")']"
2010	Den Empfang und den Service würde ich als „unterkühlt“ bezeichnen, nicht schlimm, aber auch nicht herzlich.	"['(""service general"", ""negative"", ""Empfang"")', '(""service general"", ""negative"", ""Service"")']"
2011	Die Bedienung war sehr freundlich und aufmerksam.	"['(""service general"", ""positive"", ""Bedienung"")']"
2012	Leckeres Bier gab es auch!	"['(""drinks quality"", ""positive"", ""Bier"")']"
2013	Gerne kommen wir wieder!	"['(""restaurant general"", ""positive"", ""NULL"")']"
2014	Wo gibt es die beste Currywurst LOC, natürlich nur hier mitten im LOC.	"['(""food quality"", ""positive"", ""Currywurst"")']"
2015	3 Damen hinter der Kuchentheke mit einer wahnsinnigen Motivation uns zu bedienen.	"['(""service general"", ""positive"", ""Damen"")']"
2016	Die Vorspeise (Suppe und überbackener Ziegenkäse) war leider geschmacklich kein Hit und haben den Preis keineswegs gerechtfertigt.	"['(""food quality"", ""negative"", ""Vorspeise"")', '(""food quality"", ""negative"", ""Suppe"")', '(""food quality"", ""negative"", ""Ziegenkäse"")', '(""food prices"", ""negative"", ""NULL"")']"
2017	Genau am Martinstag haben wir hier zum zweiten Mal (nach 2021) Gans gegessen - ein riesiger Unterschied: geradezu winzige Portionen und ungeschultes Personal, dafür aber gesalzene Preise [2021 ca.	"['(""food quality"", ""negative"", ""Portionen"")', '(""service general"", ""negative"", ""Personal"")', '(""restaurant prices"", ""negative"", ""NULL"")']"
2018	Dazu kam ein extrem unfreundlicher Kellner, der die Gäste am Nachbartisch sogar aufforderte wieder zum Weihnachtsmarkt zu gehen, wenn sie einen Tee zum Aufwärem bestellen wollten.	"['(""service general"", ""negative"", ""Kellner"")']"
2019	Das Essen ist super lecker und die Mitarbeiter total nett!	"['(""food quality"", ""positive"", ""Essen"")', '(""service general"", ""positive"", ""Mitarbeiter"")']"
2020	Insgesamt eher unterer Durchschnitt bei den örtlichen LOC.	"['(""restaurant general"", ""negative"", ""NULL"")']"
2021	Wir waren mit allem sehr zufrieden und kommen gern wieder!	"['(""restaurant general"", ""positive"", ""NULL"")']"
2022	Leider war der Schweinebraten zum Teil sehr trocken und ungenießbar.	"['(""food quality"", ""negative"", ""Schweinebraten"")']"
2023	Es war das Geld nicht wert.	"['(""restaurant prices"", ""negative"", ""Geld"")']"
2024	Durchaus einen Besuch wert.	"['(""restaurant general"", ""positive"", ""NULL"")']"
2025	Nie wieder.	"['(""restaurant general"", ""negative"", ""NULL"")']"
2026	Die Portionen waren sehr gross und eigentlich zu viel für uns älteren Leute.	"['(""food style_options"", ""positive"", ""Portionen"")']"
2027	Toller Abend!!	"['(""restaurant general"", ""positive"", ""NULL"")']"
2028	Gutes Essen Schöner Spielplatz	"['(""food quality"", ""positive"", ""Essen"")', '(""restaurant miscellaneous"", ""positive"", ""Spielplatz"")']"
2029	..Bei der Abrechnung wurde ein Bier falsch berechnet.	"['(""service general"", ""negative"", ""Abrechnung"")']"
2030	Sehr freundliches Personal, mit dem italienischen Outfit ein Stück LOC in LOC.	"['(""service general"", ""positive"", ""Personal"")']"
2031	Glühwein wird aus dreckigen Thermoskannen für 27 Euro an der SB Theke serviert.	"['(""food prices"", ""negative"", ""Glühwein"")', '(""drinks quality"", ""negative"", ""Glühwein"")']"
2032	Service war bei der Auswahl eines Schnapses auch sehr beratend unterwegs.	"['(""service general"", ""positive"", ""Service"")']"
2033	Uns hat es allen bestens geschmeckt.	"['(""food quality"", ""positive"", ""NULL"")']"
2034	Ich würde das Lokal wieder empfehlen.	"['(""restaurant general"", ""positive"", ""Lokal"")']"
2035	Der LOC (42,50€) aus der Flasche war ordentlich, nicht mehr, der offene Sauvignon im Glas dagegen sehr blass und mit 6,90€ entschieden zu teuer veranschlagt.	"['(""drinks quality"", ""negative"", ""Sauvignon im Glas"")', '(""drinks quality"", ""neutral"", ""LOC"")']"
2036	Sehr sehr gut die Vorspeise „Gefüllte Riesenchampignons“!	"['(""food quality"", ""positive"", ""Gefüllte Riesenchampignons"")']"
2037	Belebter Laden, in dem man von Frau Maar an der Reservierung schon mit einem herzlichen Lächeln empfangen wird.	"['(""service general"", ""positive"", ""Maar"")']"
2038	Das Essen war spitze, viel selbst gemacht.	"['(""food quality"", ""positive"", ""Essen"")']"
2039	Für ( was wir zu diesem Zeitpunkt dachten) 60€ doch sehr überschaubar.	"['(""restaurant prices"", ""positive"", ""60€"")']"
2040	Auch die Kellnerin, die eigentlich für unseren Tisch zuständig war, war sehr nett.	"['(""service general"", ""positive"", ""Kellnerin"")']"
2041	Auf gehobenem Niveau waren jedoch die Preise.	"['(""restaurant prices"", ""negative"", ""NULL"")']"
2042	Portionen auch ordentlich.	"['(""food style_options"", ""positive"", ""Portionen"")']"
2043	Trotzdessen Empfehlung Nummer 1 für LOC!	"['(""restaurant general"", ""positive"", ""NULL"")']"
2044	Von Mal zu Mal wurde es immer schlechter…doch dieses Wochenende wurde einfach wieder übertroffen.	"['(""restaurant general"", ""negative"", ""NULL"")']"
2045	Die Weinkarte wurde erst gar nicht angeboten und auch auf Nachfrage erst sehr verzögert ausgehändigt.	"['(""service general"", ""negative"", ""NULL"")']"
2046	Weinschorle stark verdünnt vom Geschmack her.	"['(""drinks quality"", ""negative"", ""Weinschorle"")']"
2047	Weitere junge Servicekräfte liefen gelangweilt umher.	"['(""service general"", ""negative"", ""Servicekräfte"")']"
2048	Der Zwiebelkuchen ist absolut zu empfehlen.	"['(""food quality"", ""positive"", ""Zwiebelkuchen"")']"
2049	Am Rand kalt, in der Mitte heiß.	"['(""food quality"", ""negative"", ""NULL"")']"
2050	Wir mussten mehrmals einen Bestellversuch starten bis jemand für uns zuständig war.	"['(""service general"", ""negative"", ""NULL"")']"
2051	Das Essen kommt im Minutentakt und ist gerade noch mittelmäßig.	"['(""food quality"", ""neutral"", ""Essen"")']"
2052	Beides schmeckte uns hervorragend !	"['(""food quality"", ""positive"", ""NULL"")']"
2053	Mein Besuch mit einer Gruppe von 16 Personen war sehr angenehm.	"['(""restaurant general"", ""positive"", ""NULL"")']"
2054	An der LOC muss noch gefeilt werden, aber alles andere war sehr lecker.	"['(""food quality"", ""positive"", ""NULL"")', '(""ambience general"", ""negative"", ""LOC"")']"
2055	LOC, tolles Essen, und nette Bedienung.	"['(""food quality"", ""positive"", ""Essen"")', '(""service general"", ""positive"", ""Bedienung"")']"
2056	Die perfekte Location für ein Date.	"['(""location general"", ""positive"", ""Location"")']"
2057	Sehr guter Wein, sowohl rot als auch weiß.	"['(""drinks quality"", ""positive"", ""Wein"")']"
2058	Der Kellner war unfreundlich, langsam und hat uns auch einmal angebrüllt weil wir mehr Alt wollten.	"['(""service general"", ""negative"", ""Kellner"")']"
2059	Fazit: Das Essen war gut, der Apfelwein hat sogar meinem ausländischen Besuch geschmeckt.	"['(""food quality"", ""positive"", ""Essen"")', '(""drinks quality"", ""positive"", ""Apfelwein"")']"
2060	Die Quiche war okay, nichts besonderes; der Salat war gut!	"['(""food quality"", ""positive"", ""Salat"")', '(""food quality"", ""neutral"", ""Quiche"")']"
2061	Wer noch nie im RESTAURANT_NAME war, muss unbedingt hier hin.	"['(""restaurant general"", ""positive"", ""RESTAURANT_NAME"")']"
2062	Die Hummer Suppe ein Gaumenschmaus, gefolgt vom Heilbutt, so lecker und dann das weiße Schoko Mousse- yummy 😋.	"['(""food quality"", ""positive"", ""Heilbutt"")', '(""food quality"", ""positive"", ""Hummer Suppe"")', '(""food quality"", ""positive"", ""Schoko Mousse"")']"
2063	Selbst unter Corona hatte das Restaurant sein Level gehalten.	"['(""restaurant general"", ""positive"", ""Restaurant"")']"
2064	Ich war fassungslos.	"['(""restaurant general"", ""negative"", ""NULL"")']"
2065	in Summe war es ein gutes und leckeres Gericht.	"['(""food quality"", ""positive"", ""Gericht"")']"
2066	Ein toller Abend mit fantastischem Essen von großartiger Qualität -die Seezunge war ein Traum- und einem super Service!	"['(""food quality"", ""positive"", ""Essen"")', '(""restaurant general"", ""positive"", ""NULL"")', '(""service general"", ""positive"", ""Service"")', '(""food quality"", ""positive"", ""Seezunge"")']"
2067	Beim vorletzten Mal hatten wir das gleiche Erlebnis mit den extrem langen Wartezeiten.	"['(""service general"", ""negative"", ""Wartezeiten"")']"
2068	Leider lässt der Service sehr zu wünschen übrig, man wartet ewig bis man bestellen kann wenn überhaupt einer kommt.	"['(""service general"", ""negative"", ""Service"")']"
2069	Die bestellten Biersorten waren lecker!	"['(""drinks quality"", ""positive"", ""Biersorten"")']"
2070	Da es vermutlich wegen der Buchmesse viel zu laut war, konnte keine vernünftige Unterhaltung stattfinden.	"['(""ambience general"", ""negative"", ""NULL"")']"
2071	Feines Essen, nette Bedienung.	"['(""food quality"", ""positive"", ""Essen"")', '(""service general"", ""positive"", ""Bedienung"")']"
2072	Wir kommen gern wieder !	"['(""restaurant general"", ""positive"", ""NULL"")']"
2073	Die Beilagen hingegen waren super.	"['(""food quality"", ""positive"", ""Beilagen"")']"
2074	Alles in allem ein schöner Sonntagabend.	"['(""restaurant general"", ""positive"", ""NULL"")']"
2075	Aber: bleibt weg von den Bratkartoffeln, die sind wabbelig und fad, null Kartoffelgeschmack, und trotz Versicherung der sehr netten und bemühten Bedienung sind wir sicher, daß es LOC ist.	"['(""service general"", ""positive"", ""Bedienung"")', '(""food quality"", ""negative"", ""Bratkartoffeln"")']"
2076	Wir kommen auf jeden Fall wieder!	"['(""restaurant general"", ""positive"", ""NULL"")']"
2077	Es gab absolut nichts zu beanstanden und wir haben uns rundum wohl gefühlt.	"['(""restaurant general"", ""positive"", ""NULL"")']"
2078	Das Bier ist klasse, genau wie die Lokation.	"['(""drinks quality"", ""positive"", ""Bier"")', '(""location general"", ""positive"", ""Lokation"")']"
2079	Wir werden dort nicht mehr aufkreuzen.	"['(""restaurant general"", ""negative"", ""NULL"")']"
2080	Aber der Service ließ zu Wünschen übrig.	"['(""service general"", ""negative"", ""Service"")']"
2081	Da ist der kleine Landgasthof im LOC Umland wesentlich flexibler, wenn man im Krankheitsfall eine Kohlfahrt (z.B.) absagen muss!	"['(""service general"", ""negative"", ""NULL"")']"
2082	Aber darauf wurde nicht eingegangen.	"['(""service general"", ""negative"", ""NULL"")']"
2083	Der laue Sommerabend unter den grossen Sonnensegeln war schoen, allerdings wirkt der Aussenbereich etwas sehr „selbstgemacht“, das kann sicher boch etwas schöner werden.	"['(""ambience general"", ""positive"", ""Sommerabend unter den grossen Sonnensegeln"")', '(""ambience general"", ""negative"", ""Aussenbereich"")', '(""ambience general"", ""neutral"", ""NULL"")']"
2084	Langsamer Service, Bestellungen falsch aufgenommen.	"['(""service general"", ""negative"", ""Service"")']"
2085	Der Blick in die Speisekarte war der erste Schock mit der überteuerten Thaisuppe (ich glaube es waren 18€) und für das Dessert waren noch einmal 18 Euro angeschrieben.	"['(""food prices"", ""negative"", ""Speisekarte"")', '(""food prices"", ""negative"", ""Dessert"")', '(""food prices"", ""negative"", ""Thaisuppe"")']"
2086	Die Letzten erhielten ihr Gericht erst nach einer 1 h, wo alle mit dem Essen fertig waren.	"['(""service general"", ""negative"", ""NULL"")']"
2087	Absolut empfehlenswert.	"['(""restaurant general"", ""positive"", ""NULL"")']"
2088	LOC mir wenig Atmosphäre und sehr viel Gewusel.	"['(""ambience general"", ""negative"", ""Gewusel"")', '(""ambience general"", ""negative"", ""Atmosphäre"")']"
2089	Deshalb haben wir diesen Besuch nicht in positiver Erinnerung....	"['(""restaurant general"", ""negative"", ""NULL"")']"
2090	Das naturtrübe Bier frisch gezapft.... schön gekühlt und wunderbarer Geschmack.	"['(""drinks quality"", ""positive"", ""Bier"")']"
2091	Wirklich lecker, ein grosses Angebot und eine tolle Atmosphäre.	"['(""ambience general"", ""positive"", ""Atmosphäre"")', '(""food quality"", ""positive"", ""NULL"")', '(""restaurant general"", ""positive"", ""Angebot"")']"
2092	Das hinterlässt bei mir einen schalen Geschmack…	"['(""food quality"", ""negative"", ""NULL"")']"
2093	Hauptspeise eine riesige Enttäuschung.	"['(""food quality"", ""negative"", ""Hauptspeise"")']"
2094	"Auf Nachfrage war vom ersten Kellner die Antwort ""Das muss so sein"", der 2te wenigstens in die Küche und ja man würde das Ausbessern intern, der 2 Sterne Koche in der küche aber ja wisse was er tut (Wenn das wahr wäre, kenne ich Hinterhofköche die keine verbrannten Produkte raus schicken, heiß servieren oder in Jus ersäufen)."	"['(""food quality"", ""negative"", ""Produkte"")']"
2095	Der Preis mit 9.90€ definitiv nicht gerechtfertigt.	"['(""restaurant prices"", ""negative"", ""NULL"")']"
2096	überaus fein.	"['(""food quality"", ""positive"", ""NULL"")']"
2097	Außerdem sind die Pizzen wirklich groß und es gibt nur die eine Größe, sodass man für die einfachste Pizza schon 9 Euro zahlt.	"['(""food style_options"", ""negative"", ""NULL"")', '(""food prices"", ""negative"", ""Pizza"")']"
2098	Hier stimmte Preis/Leistung.	"['(""restaurant prices"", ""positive"", ""NULL"")']"
2099	Trinken geht da gut, essen besser woanders!!	"['(""food quality"", ""negative"", ""essen"")', '(""drinks quality"", ""positive"", ""Trinken"")']"
2100	Wir Waren wieder gerne bei euch zum Essen, wie Erwartet war der Besuch im RESTAURANT_NAME eine Gaumenfreude.	"['(""food quality"", ""positive"", ""Essen"")', '(""food quality"", ""positive"", ""NULL"")']"
2101	Wir haben uns hier sehr wohlgefuehlt und kommen auch bestimmt nochmal wieder.	"['(""restaurant general"", ""positive"", ""NULL"")', '(""ambience general"", ""positive"", ""NULL"")']"
2102	Einfache und schnelle Reservierung via Internet, super nette Servicemitarbeiter, klasse Essen.	"['(""food quality"", ""positive"", ""Essen"")', '(""service general"", ""positive"", ""Servicemitarbeiter"")', '(""service general"", ""positive"", ""Reservierung via Internet"")']"
2103	Sehr freundliches Personal.	"['(""service general"", ""positive"", ""Personal"")']"
2104	Hauptgang mit Ei und Ramen war dann wieder topp.	"['(""food quality"", ""positive"", ""Ei"")', '(""food quality"", ""positive"", ""Hauptgang"")', '(""food quality"", ""positive"", ""Ramen"")']"
2105	Ich wollte es unbedingt flambiert, weil das beim letzten Mal sooo gut roch.	"['(""food quality"", ""positive"", ""NULL"")']"
2106	Ein rundum leckerer Abend.	"['(""food quality"", ""positive"", ""NULL"")']"
2107	Das Restaurant ist LOC und die Atmosphäre gleicht eher fast food als vera cucina italiana!	"['(""ambience general"", ""negative"", ""Atmosphäre"")']"
2108	Sehr gute Scampi, aber eben nur die.	"['(""food quality"", ""positive"", ""Scampi"")']"
2109	Leider sind die Toiletten sehr unsauber, nicht gepflegt mit starker Geruchsbildung der einem auf dem Weg dorthin schon entgegen schlägt.	"['(""ambience general"", ""negative"", ""Toiletten"")']"
2110	Teilweise durchgegart, teilweise medium, fast roh und sehr sehr fett.	"['(""food quality"", ""negative"", ""NULL"")']"
2111	Leider war auf der normalen Webseite nicht vermerkt, dass Sonntags nur Brunch möglich ist.	"['(""service general"", ""negative"", ""Webseite"")']"
2112	Super lecker, perfekt zubereitet und sehr große Portionen.	"['(""food style_options"", ""positive"", ""Portionen"")']"
2113	Steak Menü für 5 Personen ist mega mickrig!!	"['(""food style_options"", ""negative"", ""Steak Menü"")']"
2114	Immer wieder gerne	"['(""restaurant general"", ""positive"", ""NULL"")']"
2115	Wir waren an 2 Abende in dieser netten Location und haben mitnetten Freunden ein hervorragendes Menü gegessen.	"['(""food quality"", ""positive"", ""Menü"")', '(""ambience general"", ""positive"", ""Location"")']"
2116	Nun kann es schon mal vorkommen, dass der Tisch nicht pünktlich frei ist.	"['(""service general"", ""negative"", ""NULL"")']"
2117	Nachfrage beim Kellner, die wären frisch von morgens?????!!!!!!	"['(""food quality"", ""negative"", ""NULL"")']"
2118	Die Pizzen sind außergewöhnliche lecker mit dünnem Boden und sehr üppig belegt.	"['(""food quality"", ""positive"", ""Pizzen"")']"
2119	Bier kann man gut trinken und der Service war sehr nett.	"['(""drinks quality"", ""positive"", ""Bier"")', '(""service general"", ""positive"", ""Service"")']"
2120	Furztrocken.	"['(""food quality"", ""negative"", ""NULL"")']"
2121	2mal Fisch, 1mal herzhafte südamerikanische (!)	"['(""food quality"", ""positive"", ""NULL"")']"
2122	Schon mit der Reservierung gab es Probleme.	"['(""service general"", ""negative"", ""Reservierung"")']"
2123	Leider kamen die Gerichte zu unterschiedlichen Zeiten, was bei uns und auch an den anderen Tischen zu sehen war.	"['(""service general"", ""negative"", ""NULL"")']"
2124	Da wir kein Tisch reserviert haben , würden wir nicht so gerne aufgenommen und wurde nur ne Stunde Zeit gegeben zum Essen …schade sonst war das Essen sehr lecker	"['(""food quality"", ""positive"", ""Essen"")', '(""service general"", ""negative"", ""NULL"")']"
2125	Rubrik Touri-Schrott!	"['(""restaurant miscellaneous"", ""negative"", ""NULL"")']"
2126	Wir werden dieses Restaurant sicher nicht noch einmal besuchen.	"['(""restaurant general"", ""negative"", ""Restaurant"")']"
2127	..., aber kulinarisches Highlight ist es keines.	"['(""food quality"", ""negative"", ""NULL"")']"
2128	Sehr leckerer Lachsteller mit Kartoffeln und Gemüse in schönem Ambiente.	"['(""food quality"", ""positive"", ""Lachsteller mit Kartoffeln"")', '(""ambience general"", ""positive"", ""Ambiente"")', '(""food quality"", ""positive"", ""Gemüse"")']"
2129	Tolles Ambiente, Blick in die offene Küche, für die wärmeren Jahreszeiten gibt es auch eine Möglichkeit draußen zu sitzen.	"['(""ambience general"", ""positive"", ""Ambiente"")']"
2130	Rundherum positive Bewertung.	"['(""restaurant general"", ""positive"", ""NULL"")']"
2131	Daß das nicht klappen kann am Valentinstag wenn Paate gemütlich feiern wollen ist wohl völlig klar.	"['(""restaurant general"", ""negative"", ""NULL"")']"
2132	Immerhin keine lange Wartezeit.	"['(""service general"", ""positive"", ""Wartezeit"")']"
2133	), die Bedienung zuvorkommend und liebenswert, die Weine dazu passend.	"['(""service general"", ""positive"", ""Bedienung"")', '(""drinks quality"", ""positive"", ""Weine"")']"
2134	Das Ambiente ist stimmig.	"['(""ambience general"", ""positive"", ""Ambiente"")']"
