id	text	labels
g1079435-d3498474-r271346275:0	Un service passable .. Des plats surcuits, des sauces figées dans leur pot (on se demande si elles n'étaient pas sur d'autres tables avant de nous être servies) , le prix est correct mais le goût n'est pas au rendez vous ... très déçu par ce resto	[('service general', 'neutral', 'service'), ('food quality', 'negative', 'plats'), ('food quality', 'negative', 'sauces'), ('restaurant prices', 'neutral', 'NULL'), ('food quality', 'negative', 'NULL'), ('restaurant general', 'negative', 'resto')]
g1080298-d1332050-r275655485:0	Nous avons bien aimé l'ambiance, sur la promenade principale de Narbonne-Plage, et la qualité du service.	[('ambience general', 'positive', 'ambiance'), ('location general', 'positive', 'promenade'), ('service general', 'positive', 'service')]
g1080298-d1332050-r275655485:1	Nous reviendrons!	[('restaurant general', 'positive', 'NULL')]
g1080298-d4701165-r281527562:0	on s'attendait à mieux (attente, qualité moyenne).	[('service general', 'negative', 'attente'), ('food quality', 'negative', 'NULL')]
g1080298-d4701165-r281527562:1	Pas mal, mais sans plus.	[('restaurant general', 'neutral', 'NULL')]
g1080298-d4701165-r281527562:2	Nous ne pensons pas y retourner	[('restaurant general', 'negative', 'NULL')]
g1080559-d3686505-r151173923:0	Une adresse à garder pour soi vue imprenable sur l hippodrome et le golf pensez à réserver en bas près des baies vitrées la cuisine et bonne et en plus le service est avec le sourire	[('restaurant general', 'positive', 'adresse'), ('location general', 'positive', 'vue'), ('food quality', 'positive', 'cuisine'), ('service general', 'positive', 'service')]
g1080574-d1337519-r211045323:0	Une petite dame nous accueille sans le sourire mais surtout sans enthousiasme, ça devait l'énerver d'avoir des clients un mardi soir .... 3 tables.	[('service general', 'negative', 'NULL')]
g1080574-d1337519-r211045323:2	On commande quand même, lasagnes pâteuses, avec beaucoup de fromage sans saveur sur le dessus, ce qui atténuait l'acidité du concentré de tomates ... !	[('food quality', 'negative', 'lasagnes'), ('food quality', 'negative', 'fromage'), ('food quality', 'negative', 'concentré de tomates')]
g1080574-d1337519-r211045323:3	Dessert tout sauf maison .... !	[('food quality', 'negative', 'Dessert')]
g1080574-d1337519-r211045323:4	Je ne conseille vraiment pas, même si votre frigo est vide et que les autres restau d'à côté sont pleins et que vous ne savez pas où aller .....	[('restaurant general', 'negative', 'NULL')]
g1582538-d3877732-r250915172:0	Vraiment très agréablement surpris!	[('restaurant general', 'positive', 'NULL')]
g1582538-d3877732-r250915172:1	Le menu du jour est très bon et bien servi!	[('food quality', 'positive', 'menu du jour'), ('service general', 'positive', 'NULL')]
g1582538-d3877732-r250915172:2	toujours très original, on y goutte des plats qu'on ne verra pas autre part.	[('restaurant miscellaneous', 'positive', 'NULL'), ('food style_options', 'positive', 'plats')]
g1582538-d3877732-r250915172:3	La table des desserts donne vraiment envie, on vous y coupe une bonne part de tarte gourmande ou de gâteau frais, fait maison!	[('food style_options', 'positive', 'table des desserts'), ('food quality', 'positive', 'tarte gourmande'), ('food quality', 'positive', 'gâteau')]
g1582538-d3877732-r250915172:4	On se sent un peu comme à la maison avec la qualité bien relevée!	[('ambience general', 'positive', 'NULL'), ('food quality', 'positive', 'NULL')]
g1582538-d3877732-r250915172:5	Et l'équipe est adorable!	[('service general', 'positive', 'équipe')]
g1582538-d3877732-r250915172:6	Y aller également pour la terrasse qui est très jolie!	[('ambience general', 'positive', 'terrasse')]
g1833139-d7211477-r282922737:0	concept étonnant au départ mais très éfficace car la cuisine est bonne et l'endroit convivial!! le tartare est excélent et les frites maison sont a volonté pour un prix tout a fait convenable!	[('restaurant miscellaneous', 'positive', 'NULL'), ('food quality', 'positive', 'cuisine'), ('ambience general', 'positive', 'endroit'), ('food quality', 'positive', 'tartare'), ('food quality', 'positive', 'frites'), ('food prices', 'positive', 'NULL'), ('food style_options', 'positive', 'frites')]
g1833139-d7211477-r282922737:1	très bien	[('restaurant general', 'positive', 'NULL')]
g187073-d1328515-r282975754:0	2 heures dattentes minumum aucun service et patronne execrable !	[('service general', 'negative', 'attentes'), ('service general', 'negative', 'service'), ('service general', 'negative', 'patronne')]
g187073-d1328515-r282975754:1	Tellement decu a deconseiller vivement !!	[('restaurant general', 'negative', 'NULL')]
g187073-d1328515-r282975754:2	Les anciens patrons navaient rien avoir, la patronne ny connait rien de rien en restauration	[('restaurant general', 'negative', 'NULL')]
g187073-d2234111-r233672137:0	situé dans la petite Venise avec terrasse au bord de l'eau, l'endroit semblait idéal pour cette journée passée à Colmar.	"[('ambience general', 'positive', ""terrasse au bord de l'eau""), ('location general', 'positive', 'endroit')]"
g187073-d2234111-r233672137:1	Puis nous avons été, disons, surpris par l'accueil.	[('service general', 'negative', 'accueil')]
g187073-d2234111-r233672137:2	Un personnage assez dédaigneux nous a accueillis à contre cœur au vu de son attitude.	[('service general', 'negative', 'NULL')]
g187073-d2234111-r233672137:3	Même si le repas fut assez copieux et bon, nous avons pas pris autant de plaisir que le lieu nous laissait espéré.	[('food style_options', 'positive', 'repas'), ('food quality', 'positive', 'repas'), ('restaurant general', 'negative', 'lieu')]
g187073-d2234111-r233672137:5	Hormis ce personnage, les autres personnes de ce restaurants furent courtoises et très affables.. dommage	[('service general', 'positive', 'NULL')]
g187073-d2346663-r285268023:0	Au début c'était pas mal du tout puis petit à petit ca a baissé en qualité sans arrêts !	[('restaurant general', 'negative', 'NULL')]
g187073-d2346663-r285268023:1	Le service est moyen, les plats également et les prix sont élevés par rapport à la qualité et à la quantité	[('service general', 'negative', 'service'), ('food quality', 'negative', 'plats'), ('restaurant prices', 'negative', 'NULL'), ('food style_options', 'negative', 'plats')]
g187073-d2705770-r280684337:0	Nous sommes habitués de l'établissement depuis 3ans, et le restaurant ne fais que s'améliorer.	[('restaurant general', 'positive', 'restaurant')]
g187073-d2705770-r280684337:1	La cuisine est travaillée et change régulièrement, le service est très professionnel, attentionné et charmant.	[('food quality', 'positive', 'cuisine'), ('food style_options', 'positive', 'cuisine'), ('service general', 'positive', 'service')]
g187073-d2705770-r280684337:2	Jamais déçus depuis 3 ans.	[('restaurant general', 'positive', 'NULL')]
g187073-d2705770-r280684337:3	Continuez !	[('restaurant general', 'positive', 'NULL')]
g187073-d6353467-r248081497:0	Nous y sommes allés par hasard et n'avons pas été déçus!	[('restaurant general', 'positive', 'NULL')]
g187073-d6353467-r248081497:1	La chaleur de l'établissement et des serveurs contribuent à un bien-être certain!!	[('ambience general', 'positive', 'établissement'), ('service general', 'positive', 'serveurs')]
g187073-d6353467-r248081497:2	Malgré le monde présent, nous avons été rapidement servis.	[('service general', 'positive', 'NULL')]
g187073-d6353467-r248081497:3	La nourriture et le vin proposé étaient succulents.	[('food quality', 'positive', 'nourriture'), ('drinks quality', 'positive', 'vin')]
g187073-d6353467-r248081497:4	Nous y retournerons!	[('restaurant general', 'positive', 'NULL')]
g187075-d1324447-r268262547:0	Accueil minable !	[('service general', 'negative', 'Accueil')]
g187075-d1324447-r268262547:1	Attente interminable !	[('service general', 'negative', 'Attente')]
g187075-d1324447-r268262547:2	Premier plat servi : insectes présents !	[('restaurant miscellaneous', 'negative', 'NULL')]
g187075-d1324447-r268262547:3	Nous alertons le personnel qui rejette la faute sur nous (insectes venant de l'extérieur).	[('service general', 'negative', 'personnel')]
g187075-d1324447-r268262547:5	Deuxième plat servi : encore des INSECTES.	[('restaurant miscellaneous', 'negative', 'NULL')]
g187075-d1324447-r268262547:7	Je déconseille fortement !	[('restaurant general', 'negative', 'NULL')]
g187075-d2494303-r273809197:2	Celui-ci était d'un excellent rapport qualité/prix et très bon en plus.	[('food quality', 'positive', 'NULL'), ('food prices', 'positive', 'NULL')]
g187075-d2494303-r273809197:3	L'accueil fait par la patronne est toujours souriant et sympathique et le service dynamique et professionnel.	[('service general', 'positive', 'accueil'), ('service general', 'positive', 'NULL')]
g187075-d2494303-r273809197:4	Connaissant bien la cuisine de son mari je ne suis pas étonné de la qualité du plat du jour.	[('food quality', 'positive', 'plat du jour.'), ('food quality', 'positive', 'cuisine')]
g187075-d2494303-r273809197:5	Le cadre vient d'être rafraichi il y a quelques semaines et la maison à colombage qui abrite le restaurant a été rénovée également, bref : Que du positif.	[('ambience general', 'positive', 'cadre'), ('ambience general', 'positive', 'maison à colombage'), ('restaurant general', 'positive', 'NULL')]
g187075-d3489527-r254992608:0	Petit restaurant au décor soigné, aux tables bien mises.	[('ambience general', 'positive', 'décor')]
g187075-d3489527-r254992608:1	L'accueil manque un peu de chaleur, le service qui suivra également.	[('service general', 'negative', 'accueil'), ('service general', 'negative', 'service')]
g187075-d3489527-r254992608:2	"Les différents menus à base de ""Mezzés"" se ressemblent, les spécialités sont réussies pour certaines (hoummous, taboulé..), moins réussies pour d'autres comme par exemple la purée d'aubergine assez fade ou ces boulettes ayant un arrière goût ""brûlé""."	"[('food style_options', 'negative', 'menus'), ('food quality', 'positive', 'hoummous'), ('food quality', 'positive', 'taboulé'), ('food quality', 'negative', ""purée d'aubergine""), ('food quality', 'negative', 'boulettes')]"
g187075-d3489527-r254992608:3	Nous sommes dans le classique du genre avec peu de surprise et des prix plutôt élevés.	[('food style_options', 'negative', 'NULL'), ('restaurant prices', 'negative', 'NULL')]
g187075-d3489527-r254992608:4	Mention spéciale toutefois à la carte des vins (libanais) et au geste du restaurateur qui a offert une partie des desserts.	[('drinks style_options', 'positive', 'carte des vins'), ('service general', 'positive', 'restaurateur')]
g187075-d3489527-r254992608:5	Allons, une bonne soirée tout de même, mais un effort souhaité sur les goûts et saveurs méditerranéennes !	[('restaurant general', 'positive', 'NULL'), ('food quality', 'negative', 'NULL')]
g187077-d2250282-r285122402:0	A ne pas rater !	[('restaurant general', 'positive', 'NULL')]
g187077-d2250282-r285122402:1	Excellent restaurant a tout point de vue le service la patronne très agréable les plats excellents le vin très bon !	[('restaurant general', 'positive', 'restaurant'), ('service general', 'positive', 'service'), ('service general', 'positive', 'patronne'), ('food quality', 'positive', 'plats'), ('drinks quality', 'positive', 'vin')]
g187077-d2250282-r285122402:2	Touristes de passage dans le coin nous y reviendrons sans hésiter une prochaine fois un des meilleurs restaurants fait depuis longtemps	[('restaurant general', 'positive', 'restaurants')]
g187077-d3912314-r240787952:0	Bar tapas le soir, décoration changeante et parfois approximative.	[('ambience general', 'neutral', 'décoration')]
g187077-d3912314-r240787952:1	Les vins sont bons mais pas excellent, les tapas quand il y en a encore sont bonnes, heureusement que le personnel est sympathique.	[('drinks quality', 'neutral', 'vins'), ('food quality', 'positive', 'tapas'), ('food style_options', 'negative', 'tapas'), ('service general', 'positive', 'personnel')]
g187077-d3984325-r265548233:1	La déco pourrait être revisité mais l'accueil est bon la prise de commande est rapide et très souriante.	[('ambience general', 'negative', 'déco'), ('service general', 'positive', 'accueil'), ('service general', 'positive', 'NULL')]
g187077-d3984325-r265548233:2	Les plats sont classiques mais corrects avec un prix qui l'est aussi.Vient ensuite l'ambiance musicale qui correspond à l'idée que l'on se fait de ses endroits .	[('food quality', 'neutral', 'plats'), ('food style_options', 'neutral', 'plats'), ('food prices', 'neutral', 'plats'), ('ambience general', 'neutral', 'ambiance musicale')]
g187077-d3984325-r265548233:3	Bonne soirée passé dans ce lieu	[('restaurant general', 'positive', 'lieu')]
g187079-d3590623-r272464202:0	Viande de boeuf façon chewing gum, frites couleur marron foncé molles et baignant encore dans leur huile.	[('food quality', 'negative', 'Viande de boeuf'), ('food quality', 'negative', 'frites')]
g187079-d3590623-r272464202:1	Service austère.	[('service general', 'negative', 'Service')]
g187079-d3590623-r272464202:3	Nous avons rarement aussi mal mangé à Bordeaux.	[('food quality', 'negative', 'NULL')]
g187079-d3724139-r275447636:0	Déjà il y a un gros loupé niveau hygiène :le cuisinier sort dehors avec ses gants puis retourne en cuisine sans les changer ...	[('restaurant miscellaneous', 'negative', 'NULL')]
g187079-d3724139-r275447636:1	Ensuite, viande pas cuite et frites molles .... ( malade le lendemain)	[('food quality', 'negative', 'viande'), ('food quality', 'negative', 'frites'), ('food quality', 'negative', 'NULL')]
g187079-d3724139-r275447636:2	Le soir pas de menu donc ça revient super cher ( rapport qualité \prix on ne s'y retrouve pas à mon sens).	[('restaurant prices', 'negative', 'NULL'), ('food style_options', 'negative', 'NULL'), ('restaurant general', 'negative', 'NULL')]
g187079-d817721-r260340034:0	La carte est originale et attractive et les produits de qualité, malheureusement la note est bien trop salée par rapport à l'expérience délivrée.	[('food style_options', 'positive', 'carte'), ('food quality', 'positive', 'produits'), ('restaurant prices', 'negative', 'NULL'), ('restaurant general', 'negative', 'NULL')]
g187079-d817721-r260340034:1	En effet l'accueil plutôt lourd laisse place à un service manquant d'enthousisame et de sourire.	[('service general', 'negative', 'accueil'), ('service general', 'negative', 'service')]
g187079-d817721-r260340034:2	Les plats sont très bons, bien cuisinés et présentés mais les tarifs des vins sont plutôt élevés et au final, la note s'avère en décalage avec l'expérience vécue (plus de 100€ à deux pour 1 entrée/2 plats/1 dessert avec vin et café), dans une ambiance vintage/rustique plutôt réussie, mais gâchée par une musique pop/variét sans lien avec la cadre et le concept, diffusée un peu trop fort pour un restaurant ou l'on souhaite passer un moment de calme et de détente.	[('food quality', 'positive', 'plats'), ('drinks prices', 'negative', 'vins'), ('restaurant prices', 'negative', 'NULL'), ('ambience general', 'positive', 'ambiance'), ('ambience general', 'negative', 'musique'), ('food style_options', 'positive', 'plats')]
g187079-d817721-r280565787:0	Mon coup de coeur de l'année 2014.	[('restaurant general', 'positive', 'NULL')]
g187079-d817721-r280565787:1	Amateur de fromage, lorsque je suis descendu dans la cave à fromage, en accés illimité, avec plus de 200 fromages à goûter, je me suis cru au paradis pour 32€.	[('food style_options', 'positive', 'cave à fromage'), ('food prices', 'positive', 'NULL')]
g187079-d817721-r280565787:2	Ajouter à cela une binne salade aux noix et du pain au figues, au lardons et j'en passe, plus un service sympa, j'ai passé un excellent moment à chaque passage ici (ma 1ère visite en a appelé d'autres).	[('food quality', 'positive', 'salade aux noix'), ('service general', 'positive', 'service'), ('restaurant general', 'positive', 'NULL'), ('food style_options', 'positive', 'NULL')]
g187079-d817721-r280565787:3	Possibilité de manger des plats à la carte sur la thématique du fromage.	[('food style_options', 'neutral', 'plats')]
g187079-d817721-r280565787:4	Très belle cave à vin.	[('drinks quality', 'positive', 'cave à vin')]
g187079-d817721-r280565787:5	20/20 pour ce resto	[('restaurant general', 'positive', 'resto')]
g187087-d1054346-r272330658:0	Un restaurant pour une soirée étape très sympa avec une réception accueillante.	[('restaurant general', 'positive', 'restaurant'), ('service general', 'positive', 'réception')]
g187087-d1054346-r272330658:1	Simple mais efficace pour un repas du soir , à découvrir mais le midi cela doit être bien.	[('restaurant general', 'positive', 'NULL')]
g187087-d1068283-r209933922:0	Nous étions cinq pour repas d'affaire tout c'est très bien passé nous avons tous trouvé nos plats excellents, nous reviendrons avec plaisir.	[('food quality', 'positive', 'plats'), ('restaurant general', 'positive', 'NULL')]
g187087-d3727373-r237692994:1	Nous arrivons, le responsable ne nous trouve pas sur les réservations.	[('service general', 'negative', 'NULL')]
g187087-d3727373-r237692994:2	Il nous dit qu'il ne regarde plus internet...Pourquoi proposer l'option dans ce cas ?????	[('service general', 'negative', 'NULL')]
g187087-d3727373-r237692994:3	Et nous case où il peut...	[('service general', 'negative', 'NULL')]
g187087-d3727373-r237692994:4	Pain du buffet cramé, on nous dit que c'est normal...Une serveuse d'un certain âge très très désagréable et pressée de voir partir les clients, même pas fini l'entrée, on nous emmène le plat, et je ne vous dit pas les réflexions d'un gôut douteux.	[('food quality', 'negative', 'Pain'), ('service general', 'negative', 'serveuse')]
g187087-d3727373-r237692994:5	Ca a beaucoup changé, nous n'y remettrons plus les pieds.....	[('restaurant general', 'negative', 'NULL')]
g187091-d1325827-r240732814:1	Très déçu:	[('restaurant general', 'negative', 'NULL')]
g187091-d1325827-r240732814:2	Salle tres bruyante	[('ambience general', 'negative', 'Salle')]
g187091-d1325827-r240732814:3	Serveuse très spécial	[('service general', 'negative', 'Serveuse')]
g187091-d1325827-r240732814:4	"Repas très moyen pas de sauce même en n en demandant à la serveuse réponse de la serveuse ""ce soir c est la dèche """	[('food quality', 'negative', 'Repas'), ('food style_options', 'negative', 'Repas'), ('service general', 'negative', 'serveuse')]
g187091-d1325827-r240732814:5	Repas pas tres bien présenté	[('food style_options', 'negative', 'Repas')]
g187091-d1325827-r240732814:6	Digestion compliqué le lendemain tous mes amis et moi même...	[('food quality', 'negative', 'NULL')]
g187091-d1327273-r194284231:0	Service très très long, la patronne qui raconte sa vie alors que le restaurant est bondé et que tout le monde attend, des erreurs dans les plats, du bruit dans les cuisines, etc.	[('service general', 'negative', 'Service'), ('service general', 'negative', 'patronne'), ('service general', 'negative', 'NULL'), ('ambience general', 'negative', 'NULL')]
g187091-d1327273-r194284231:1	Nous nous sommes fait livrer plusieurs fois et nous n'avons jamais été déçus mais le service sur place est déplorable...	[('service general', 'negative', 'service'), ('restaurant miscellaneous', 'positive', 'NULL')]
g187091-d1327273-r194284231:2	Pourtant les plats sont bons et la déco sympa.	[('food quality', 'positive', 'plats'), ('ambience general', 'positive', 'déco')]
g187091-d2221132-r263477843:2	"Menu complet de très bon rapport qualité/prix (produits proposés, cuisson et présentation des assiettes) et service rapide mais il faut améliorer quelques points pour être un bon restaurant : entretien des appareils sanitaires dans la ""salle d'eau"", chaleur de l'accueil et choix des vins proposés (je viens juste de voir sur tripadvisor qu'il s'agissait d'un bar à vins, je n'ai pas compris le concept alors)"	[('food prices', 'positive', 'Menu'), ('food quality', 'positive', 'Menu'), ('food quality', 'positive', 'produits'), ('food style_options', 'positive', 'assiettes'), ('service general', 'positive', 'service'), ('restaurant general', 'negative', 'restaurant'), ('restaurant miscellaneous', 'negative', 'NULL'), ('service general', 'negative', 'accueil'), ('drinks style_options', 'negative', 'vins')]
g187091-d3464501-r235318144:0	Petit restau suggéré par une amie, on ne regrette pas l''expérience !	[('restaurant general', 'positive', 'restau')]
g187091-d3464501-r235318144:1	Produits frais, plats proposés en fonction de l'arrivage, menu concis mais plats extrêmement savoureux.	[('food quality', 'positive', 'Produits'), ('food quality', 'positive', 'plats'), ('food style_options', 'neutral', 'menu'), ('food quality', 'positive', 'plats')]
g187091-d3464501-r235318144:2	A recommander absolument.	[('restaurant general', 'positive', 'NULL')]
g187091-d5025303-r276491720:0	Vraiment une adresse à retenir pour les amateurs de viande , une entrecôte qui fond dans la bouche , une sauce simple mais goûteuses et un verre de vin de bonne qualité.	[('restaurant miscellaneous', 'positive', 'adresse'), ('food quality', 'positive', 'entrecôte'), ('food quality', 'positive', 'sauce'), ('drinks quality', 'positive', 'vin')]
g187091-d5025303-r276491720:1	Vraiment je recommande chaudement cette adresse.	[('restaurant general', 'positive', 'adresse')]
g187095-d1872852-r270870454:0	J'ai tout aimé ... :-)	[('restaurant general', 'positive', 'NULL')]
g187095-d1872852-r270870454:1	Accueil et service sont agréables et efficaces	[('service general', 'positive', 'NULL'), ('service general', 'positive', 'service')]
g187095-d1872852-r270870454:2	Tous les plats sont bons avec une mention spéciale pour le cassoulet breton	[('food quality', 'positive', 'cassoulet breton'), ('food quality', 'positive', 'plats')]
g187095-d1872852-r270870454:4	Restaurant bondé le midi mieux vaut arriver tôt	[('restaurant miscellaneous', 'negative', 'Restaurant')]
g187095-d1954560-r227348486:0	Accueil glacial, à peine installés et la carte en main que l'on vient prendre commande.	[('service general', 'negative', 'Accueil'), ('service general', 'negative', 'NULL')]
g187095-d1954560-r227348486:1	Comptez trois quarts d'heure pour avoir uniquement le plat.	[('service general', 'negative', 'NULL')]
g187095-d1954560-r227348486:2	D'ailleurs plat qui nous est grossièrement transmit de mains à mains.	[('service general', 'negative', 'NULL')]
g187095-d1954560-r227348486:3	Je n'appelle pas ça un service digne d'un restaurants.	[('service general', 'negative', 'service')]
g187095-d1954560-r227348486:4	Une viande qui n'est pas cuite comme à notre demande : saignante et non à point comme demandé.	[('food quality', 'negative', 'viande')]
g187095-d1954560-r227348486:5	Aucune commande de dessert n'a été prise après une demie heure d'attente à la fin du plat.	[('service general', 'negative', 'NULL')]
g187095-d1954560-r227348486:7	Départ aussi désagréable que l'accueil.	[('service general', 'negative', 'accueil'), ('service general', 'negative', 'Départ')]
g187095-d1954560-r227348486:8	Déçus de notre soirée car j'ai connu cette taverne sous de meilleurs jours.	[('restaurant general', 'negative', 'taverne')]
g187095-d1954560-r227348486:9	Beaucoup trop onéreux pour la qualité des plats.	[('food quality', 'negative', 'plats'), ('restaurant prices', 'negative', 'NULL')]
g187095-d1954560-r227348486:10	Un rapport qualité/prix qui se passe donc de commentaire.	[('restaurant prices', 'negative', 'NULL'), ('food quality', 'neutral', 'qualité/prix')]
g187095-d1954560-r227348486:11	Je déconseille +++ .	[('restaurant general', 'negative', 'NULL')]
g187095-d2489564-r275289811:0	Nous avons rarement mangé des pizza aussi médiocres... pas cuites, mal garnies,...	[('food quality', 'negative', 'pizza')]
g187095-d2489564-r275289811:1	AFFREUX!!! à déconseiller!!!	[('restaurant general', 'negative', 'NULL')]
g187095-d3747513-r268495052:0	Très bon restaurant .Repas effectué le midi en groupe	[('restaurant general', 'positive', 'restaurant')]
g187095-d3747513-r268495052:1	Service assez rapide vu le nombre de table,assiette bien remplie,personnel sympa choix suffisant	[('service general', 'positive', 'Service'), ('food style_options', 'positive', 'assiette'), ('service general', 'positive', 'personnel'), ('food style_options', 'positive', 'NULL')]
g187095-d3747513-r268495052:2	Un resto très sympa	[('restaurant general', 'positive', 'resto')]
g187103-d1327074-r281100867:0	endroit décontracté simple.	[('ambience general', 'positive', 'endroit')]
g187103-d1327074-r281100867:1	sans prétention	[('restaurant miscellaneous', 'neutral', 'NULL')]
g187103-d1327074-r281100867:2	mais un moment agréable avec des amis pour un rapport qualité prix imbattable	[('restaurant prices', 'positive', 'NULL'), ('ambience general', 'positive', 'NULL'), ('restaurant general', 'positive', 'NULL')]
g187103-d1327074-r281100867:4	très bonne paella ( pour les connaisseurs ) oui grillée dans le fond comme à Barcelone	[('food quality', 'positive', 'paella')]
g187103-d1327074-r281100867:5	tapas copieuses et bonnes	[('food quality', 'positive', 'tapas'), ('food style_options', 'positive', 'tapas')]
g187103-d1327074-r281100867:6	viandes excellentes pour les amateurs	[('food quality', 'positive', 'viandes')]
g187103-d1327074-r281100867:8	patron atypique mais à connaître.	[('service general', 'positive', 'patron')]
g187103-d1327074-r281100867:9	très à l écoute !!	[('service general', 'positive', 'NULL')]
g187103-d2329304-r282963974:0	1ère fois que le service n'est pas à la hauteur de la cuisine dans les restos que je fréquente à Rennes, dommage.	[('service general', 'negative', 'service')]
g187103-d2329304-r282963974:1	Carte des vins sympa, on me refuse de corriger le tir sur un verre de vin servi plus généreusement précédemment (à 5,90€ le verre, le comportement du patron (?) est décevant).	[('drinks style_options', 'negative', 'Carte des vins'), ('service general', 'negative', 'patron'), ('drinks style_options', 'negative', 'verre de vin'), ('drinks prices', 'negative', 'verre de vin')]
g187103-d2329304-r282963974:2	La viande est bonne, bien cuite comme demandé.	[('food quality', 'positive', 'viande')]
g187103-d2329304-r282963974:3	Les frites sont molles, dommage aussi, pour un resto qui sert des plats accompagnés de pommes de terre.	[('food quality', 'negative', 'frites'), ('food style_options', 'neutral', 'plats')]
g187103-d2329304-r282963974:4	Bref une formule à des prix corrects pour centre ville, un vrai potentiel mais absence de sens commerçant et des petits hics qui coincent...dommage encore, surtout de l'avoir fait à un commerçant des métiers de bouche du coin...	[('food prices', 'neutral', 'formule'), ('restaurant general', 'positive', 'NULL'), ('service general', 'negative', 'NULL')]
g187103-d2356006-r280461370:0	un bon petit resto qui sert d'excellentes pizzas ou d'autres petits plats pour ceux qui préfèrent débuter autre chose	[('restaurant general', 'positive', 'resto'), ('food quality', 'positive', 'pizzas'), ('food quality', 'positive', 'plats')]
g187103-d2356006-r280461370:1	service tardif possible : pratique après un bon ciné	[('service general', 'positive', 'service')]
g187103-d2356006-r280461370:2	bon accueil	[('service general', 'positive', 'accueil')]
g187111-d2221139-r258427248:1	Il ne dit pas bonjour, baisse la tête, ne vous regarde dans pas dans les yeux et donne ce sentiment que vous le dérangez.	[('service general', 'negative', 'NULL')]
g187111-d2221139-r258427248:3	Il m'a répondu que ça l'ennuyait de travailler un dimanche.	[('service general', 'negative', 'NULL')]
g187111-d2221139-r258427248:4	Je vis à Dijon et c'est bien la dernière fois que j'y mets les pieds.	[('restaurant general', 'negative', 'NULL')]
g187111-d2385660-r284846850:0	"Nous apprécions toujours de nous restaurer ""à l'italienne"" dans ce tout petit resto dijonnais."	[('restaurant general', 'positive', 'resto')]
g187111-d2385660-r284846850:1	Mais la dernière fois, c'était un peu moins bien : la pâte à pizza était difficile à couper, ne faudrait-il pas que le patron achète de nouveaux couteaux, car ceux d'IKEA laissent à désirer pour ce gendre de plats.	[('food quality', 'negative', 'pâte à pizza'), ('restaurant miscellaneous', 'negative', 'NULL')]
g187111-d2385660-r284846850:2	Et toujours aussi difficile de venir manger sans avoir réservé !	[('restaurant miscellaneous', 'negative', 'NULL')]
g187111-d3423656-r282520762:0	Sur la place du Bareuzay, symbolique de Dijon, une agréable terrasse.	[('ambience general', 'positive', 'terrasse'), ('location general', 'neutral', 'place du Bareuzay')]
g187111-d3423656-r282520762:1	"La carte est banale, avec une option ""plats bourguignons"" classiques."	[('food style_options', 'negative', 'carte')]
g187111-d3423656-r282520762:2	Carte des vins très limitée en choix aussi bien en quantité qu'en qualité.	[('drinks style_options', 'negative', 'Carte des vins'), ('drinks quality', 'negative', 'Carte des vins')]
g187111-d3423656-r282520762:4	L'andouillette qui n'était pas une 5A était excellente, les frites, légumes et purée également.	[('food quality', 'positive', 'andouillette'), ('food quality', 'positive', 'frites'), ('food quality', 'positive', 'légumes'), ('food quality', 'positive', 'purée')]
g187111-d3423656-r282520762:5	Globalement satisfaisant.	[('restaurant general', 'positive', 'NULL')]
g187111-d3423656-r282520762:6	Rien à reprocher au service si ce n'est la hâte de fermer la boutique !	[('service general', 'neutral', 'service')]
g187111-d5533894-r241388800:0	Sur la forme : l'établissement est plutôt bien décoré, lumineux et agréable, tout à fait dans le style américain.	[('ambience general', 'negative', 'établissement')]
g187111-d5533894-r241388800:1	Le responsable est souriant et accueillant, même s'il en fait parfois un peu trop, mais c'est mieux comme ça.	[('service general', 'positive', 'responsable')]
g187111-d5533894-r241388800:2	Sur le fond : j'y suis allé 2 fois dans les 3 derniers mois pour manger un hamburger et franchement le contenu de l'assiette n'est pas à la hauteur du prix et c'est véritablement sur ce point que se situe le problème.	[('food prices', 'negative', 'assiette'), ('food quality', 'negative', 'assiette')]
g187111-d5533894-r241388800:3	Les hamburgers sont vendus entre 12 et 16 euros ce qui est beaucoup trop pour des préparations très industrielles : pain durci par la cuisson, pas de légumes dans le sandwich et frites qui ne sont pas faites maison.	[('food prices', 'negative', 'hamburgers'), ('food quality', 'negative', 'préparations'), ('food quality', 'negative', 'pain'), ('food style_options', 'negative', 'sandwich'), ('food quality', 'negative', 'frites')]
g187111-d5533894-r241388800:4	En résumé cet établissement c'est un peu comme le Canada Dry, ça ressemble mais ça n'en est pas....	[('restaurant general', 'negative', 'NULL')]
g187122-d2219300-r244953567:1	Si l'accueil et le cadre sont agréables, ne soyez pas pressé, 2h30 pour les menus du jour, ça commence à faire	[('service general', 'positive', 'accueil'), ('ambience general', 'positive', 'cadre'), ('service general', 'negative', 'NULL')]
g187122-d2219300-r244953567:2	En plus 7 euros 50 pour deux oeufs mimosa sans fioritures est tout simplement du vol	[('food prices', 'negative', 'oeufs mimosa'), ('food style_options', 'negative', 'oeufs mimosa')]
g187122-d2219300-r244953567:3	Je vous passe les plats tièdes et sans saveur appuyée	[('food quality', 'negative', 'plats')]
g187122-d2219300-r244953567:4	Le café offert ne peux pas tout effacer	[('restaurant general', 'negative', 'NULL')]
g187122-d2219300-r244953567:5	Donc déçu de ma seconde expérience, mon porte monnaie s'en souviendra	[('restaurant general', 'negative', 'NULL'), ('restaurant prices', 'negative', 'NULL')]
g187122-d2253489-r276554003:1	Le cadre est convivial, le personnel y est agréable.	[('ambience general', 'positive', 'cadre'), ('service general', 'positive', 'personnel')]
g187122-d2253489-r276554003:2	La carte est généreuse.	[('food style_options', 'positive', 'carte')]
g187122-d2253489-r276554003:3	Ayant pu goûter à la crêpe montagnarde, celle-ci est copieuse et bien garni.	[('food style_options', 'positive', 'crêpe montagnarde')]
g187122-d2253489-r276554003:4	Le cidre, pas qu'exceptionnel, est frais et s'accompagne bien.	[('drinks quality', 'positive', 'cidre')]
g187122-d2253489-r276554003:5	Quand au prix, je ne les trouve pas excessif quand à la qualité des plats servi.	[('food quality', 'positive', 'plats'), ('restaurant prices', 'positive', 'NULL')]
g187122-d2253489-r276554003:6	A faire en famille, en couple ou entre amis	[('restaurant miscellaneous', 'positive', 'NULL')]
g187122-d2277420-r286816327:0	la décoration très sympa.	[('ambience general', 'positive', 'décoration')]
g187122-d2277420-r286816327:1	l'endroit a une lumière feutré, c'est très agréable et très relaxant.	[('ambience general', 'positive', 'endroit')]
g187122-d2277420-r286816327:2	la cuisine est très bonne.	[('food quality', 'positive', 'cuisine')]
g187122-d2277420-r286816327:3	le service est nickel.	[('service general', 'positive', 'service')]
g187122-d3253908-r246575372:0	très déçu : Vaisselle, décor un peu vieillot.	[('ambience general', 'negative', 'décor'), ('restaurant miscellaneous', 'negative', 'Vaisselle')]
g187122-d3253908-r246575372:1	Toiles d'araignées, nappe pas très nette.	[('restaurant miscellaneous', 'negative', 'NULL')]
g187122-d3253908-r246575372:2	Côté repas nous avons dû réclamer deux fois pour avoir le vin que nous avions pris en apéritif.	[('service general', 'negative', 'NULL')]
g187122-d3253908-r246575372:3	Le vin n'a pas été servi à la bonne température.	[('drinks quality', 'negative', 'vin')]
g187122-d3253908-r246575372:4	De beaux verres auraient été appréciés pour boire un bon vin.	[('drinks style_options', 'negative', 'vin')]
g187122-d3253908-r246575372:5	Pour le plat le serveur nous avait dit que la viande était servie avec une sauce au foie gras, nous n avons pas retrouvé le goût du foie gras car en fait c'était une sauce au vin qui masquait complètement le foie gras.	[('food style_options', 'negative', 'viande'), ('food quality', 'negative', 'sauce au vin')]
g187122-d3253908-r246575372:6	Pour le dessert farandole de desserts : rien d'extraordinaire que des classiques avec beaucoup de crème au beurre.	[('food style_options', 'negative', 'farandole de desserts')]
g187122-d3253908-r246575372:7	En revanche vous ne ressortez pas avec la faim car c'est copieux.	[('food style_options', 'positive', 'NULL')]
g187122-d3253908-r246575372:8	En conclusion bien trop cher pour ce que nous avons mangé : manque d originalité et le service n est pas à la hauteur.	[('restaurant prices', 'negative', 'NULL'), ('food style_options', 'negative', 'NULL'), ('service general', 'negative', 'service')]
g187140-d1322541-r286192533:0	On ne peut dire que du bien de ce restaurant.	[('restaurant general', 'positive', 'restaurant')]
g187140-d1322541-r286192533:1	Le cadre est tout simplement incroyable / le menu unique a 36 euros vous fait découvrir quelques plats typiques corses....	[('ambience general', 'positive', 'cadre'), ('food style_options', 'neutral', 'menu')]
g187140-d1322541-r286192533:2	Attention menu pantagruélique...	[('food style_options', 'positive', 'menu')]
g187140-d1322541-r286192533:3	De la bonne cuisine de grand mère qui tient au corps.	[('food quality', 'positive', 'cuisine')]
g187140-d1322541-r286192533:4	Et pour couronner le tout de sympathique serveurs a l accent prononcé avec toujours un brin d humour.	[('service general', 'positive', 'serveurs')]
g187140-d1322541-r286192533:6	On apprécie la chaleur Corse comme ça !	[('ambience general', 'positive', 'NULL')]
g187140-d1322541-r286192533:7	Bravo	[('restaurant general', 'positive', 'NULL')]
g187140-d1323739-r259481225:0	Pas terrible.	[('restaurant general', 'negative', 'NULL')]
g187140-d1323739-r259481225:1	Pizza sèche, très peu d'ingrédients et un bord énooorme tout sec pour la Regina bianca.	[('food quality', 'negative', 'Pizza'), ('food style_options', 'negative', 'Pizza')]
g187140-d1323739-r259481225:2	Ça ne vaut certes pas le prix...	[('food quality', 'negative', 'NULL'), ('food prices', 'negative', 'NULL'), ('restaurant prices', 'negative', 'NULL')]
g187140-d2066610-r265781517:0	Petit endroit sympa pour manger pendant notre escale de 2h après notre balade en bateau.	[('restaurant general', 'positive', 'endroit')]
g187140-d2066610-r265781517:1	Le repas était correct pour une escale rapide,le patron très sympathique et le paysage magnifique.	[('food quality', 'neutral', 'repas'), ('service general', 'positive', 'patron'), ('location general', 'positive', 'paysage')]
g187140-d4734576-r284845256:0	Vraiment horrible certaines choses sont réchauffées, certaines pas cuites, on ne peut pas appeler ça de la cuisine!	[('food quality', 'negative', 'choses')]
g187140-d4734576-r284845256:1	Vraiment nul!	[('restaurant general', 'negative', 'NULL')]
g187143-d1327801-r268704148:0	burgers excellents, on est accro dès qu'on a gouté.	[('food quality', 'positive', 'burgers')]
g187143-d1327801-r268704148:1	"Le ""complet"" est fameux, à la hauteur du ""samourai"" de son concurrent le bigban."	[('food quality', 'positive', 'complet'), ('food quality', 'positive', 'samourai'), ('food quality', 'positive', 'bigban')]
g187143-d1327801-r268704148:2	Cela me manque!	[('restaurant general', 'positive', 'NULL')]
g187143-d1327801-r268704148:3	unique à Besançon.	[('restaurant general', 'positive', 'NULL')]
g187143-d1327801-r268704148:4	En plus le cuisinier est adorable.	[('service general', 'positive', 'cuisinier')]
g187143-d1327801-r268704148:5	A emporter uniquement.	[('restaurant miscellaneous', 'neutral', 'NULL')]
g187143-d1334240-r221037683:1	Oui c'est frais,	[('food quality', 'positive', 'NULL')]
g187143-d1334240-r221037683:2	Oui, c'est plutôt cuit à point	[('food quality', 'positive', 'NULL')]
g187143-d1334240-r221037683:4	La complexité annoncée des plats, elle est ou ?	[('food style_options', 'negative', 'plats')]
g187143-d1334240-r221037683:5	Ce n'est pas à tomber par terre	[('food quality', 'negative', 'NULL')]
g187143-d1334240-r221037683:6	"Il y peut y avoir des sauces ""sur etagere"" dans les plats cuisines"	[('food quality', 'negative', 'sauces')]
g187143-d1334240-r221037683:7	Bref, rien qui justifie 3 heures à table pour 2 plats pour 4 personnes, si ce n'est un bon moyen de se démarquer des autres restaus Viêt/thaï .	[('service general', 'negative', 'NULL')]
g187143-d1334240-r221037683:8	De la bonne com !	[('restaurant miscellaneous', 'negative', 'NULL')]
g187143-d1764397-r245318896:0	Accueil zero	[('service general', 'negative', 'Accueil')]
g187143-d1764397-r245318896:1	REFUS DU PASSTIME alors qu'ils sont dedans et prévenu à la réservation et en arrivant.	[('service general', 'negative', 'NULL')]
g187143-d1764397-r245318896:2	C'est une BELLE ARNAQUE !!!!	[('restaurant general', 'negative', 'NULL')]
g187143-d1764397-r245318896:3	On s'est fait INSULTER par le responsable le 20 décembre 2014 c'est INADMISSIBLE !!!!	[('service general', 'negative', 'responsable')]
g187143-d1764397-r245318896:4	Dommage pour les patrons qui perdent du monde à cause de l'employé qui se prend pour un patron justement !	[('service general', 'negative', 'employé')]
g187143-d1764397-r245318896:5	Un jeune serveur très sympa je le plaint !	[('service general', 'positive', 'serveur')]
g187143-d1764397-r245318896:6	ADIEU !!!	[('restaurant general', 'negative', 'NULL')]
g187143-d3895071-r258653920:0	Le cadre est vraiment sympathique et la déco très agréable ce qui contraste avec le peu d'amabilité d'une des serveuses assez désagréable et passée maître dans l'art de faire des réflexions à la clientèle.	[('ambience general', 'positive', 'cadre'), ('ambience general', 'positive', 'déco'), ('service general', 'negative', 'serveuses')]
g187143-d3895071-r258653920:1	L'autre serveuse étant, pour sa part , très gauche dans le service.	[('service general', 'negative', 'service')]
g187143-d3895071-r258653920:2	Et pour parfaire le tout la musique très forte de l'espace lounge empêche toute conversation entre les convives ce qui est dommage car la cuisine est bonne dans son ensemble hormis les desserts qui nous ont été vendus comme desserts maison mais qui semblent plutôt sortir de chez Metro ou autres fournisseurs restauration!	[('ambience general', 'negative', 'musique'), ('food quality', 'negative', 'desserts'), ('food quality', 'positive', 'cuisine')]
g187143-d3895071-r258653920:3	Pour conclure la carte comporte quelques fautes d'orthographe.	[('restaurant miscellaneous', 'negative', 'NULL')]
g187143-d3895071-r258653920:4	Il suffirait de peu de chose pour améliorer l'ensemble.	[('restaurant general', 'negative', 'NULL')]
g187143-d6499916-r218269120:0	Une cuisine simple avec des produits frais et cuisinés maison.	[('food style_options', 'positive', 'cuisine'), ('food quality', 'positive', 'produits')]
g187143-d6499916-r218269120:1	Accueil chaleureux.	[('service general', 'positive', 'Accueil')]
g187143-d6499916-r218269120:2	Même les petits biscuits qui accompagnent le café sont faits maison.	[('food quality', 'positive', 'biscuits')]
g187143-d6499916-r218269120:3	Rien à dire, simple mais très bon et très frais.	[('food quality', 'positive', 'NULL')]
g187147-d1034843-r227563120:0	Accueil au top !	[('service general', 'positive', 'Accueil')]
g187147-d1034843-r227563120:1	Restaurant sans pretention d'après la devanture mais avec une cuisine de qualité !	[('restaurant miscellaneous', 'neutral', 'Restaurant'), ('food quality', 'positive', 'cuisine')]
g187147-d1034843-r227563120:2	Kir offert avec une mise en appetit avec des rillettes et du saucisson.	[('service general', 'positive', 'NULL')]
g187147-d1034843-r227563120:3	Peu de choix à la carte, mais c'est aussi comme ça qu'on a plus de chance de faire des bons plats!	[('food style_options', 'neutral', 'carte'), ('food quality', 'positive', 'plats')]
g187147-d1034843-r227563120:4	Et c'est reussi !	[('restaurant general', 'positive', 'NULL')]
g187147-d1034843-r227563120:5	C'est ma cantine j'adore !	[('restaurant general', 'positive', 'NULL')]
g187147-d1034843-r227563120:6	Continuez comme ça je vous encourage chaudement !	[('restaurant general', 'positive', 'NULL')]
g187147-d1054615-r214901404:0	Un local sympathique, un personnel très jeune, agréable, au bar comme au restaurant.	[('ambience general', 'positive', 'local'), ('service general', 'positive', 'personnel')]
g187147-d1054615-r214901404:1	Le rapport qualité-prix reste tendu, un peu cher pour les repas, même si l'espace est intéressant, entre les arbres.	[('restaurant prices', 'negative', 'NULL'), ('food prices', 'negative', 'repas'), ('ambience general', 'positive', 'espace'), ('restaurant general', 'negative', 'NULL'), ('food quality', 'neutral', 'repas')]
g187147-d1054615-r214901404:2	L'intérêt serait d'y découvrir de jeunes artistes qui s'y produisent régulièrement.	[('restaurant miscellaneous', 'positive', 'NULL')]
g187147-d1054615-r214901404:3	Malheureusement, ils ne sont guère respectés: mauvaise acoustique, public bruyant.	[('ambience general', 'negative', 'NULL')]
g187147-d1054615-r214901404:4	Il faudrait inviter les gérants à permettre un son écoutable.	[('ambience general', 'negative', 'NULL')]
g187147-d1077634-r239773694:0	Le concept avait l'air sympa, mais de qui se moque t'on?	[('restaurant general', 'negative', 'NULL')]
g187147-d1077634-r239773694:1	Les quantités sont microscopiques et les prix stratosphériques!	[('food style_options', 'negative', 'quantités'), ('restaurant prices', 'negative', 'NULL')]
g187147-d1077634-r239773694:2	Compter environ 20€ pour un oeuf cocotte (même pas cuit correctement), un plat comprenant environ 50g de poulet et 3 haricots verts et deux rondelles de pomme de terre et une salade de fruit...	[('food prices', 'negative', 'oeuf cocotte'), ('food quality', 'negative', 'oeuf cocotte'), ('food style_options', 'negative', 'plat'), ('food prices', 'negative', 'plat')]
g187147-d1077634-r239773694:3	Ambiance du lieu extrêmement bruyante.	[('ambience general', 'negative', 'Ambiance')]
g187147-d1077634-r239773694:4	Bref, à fuir, sauf si vraiment vous n'avez pas faim...	[('restaurant general', 'negative', 'NULL')]
g187147-d1089305-r171630135:0	Cuisine bonne mais au final l'addition est salée	[('food quality', 'positive', 'Cuisine'), ('restaurant prices', 'negative', 'NULL')]
g187147-d1089305-r171630135:1	Plats bien exécutés, les sauces sont également bonnes	[('food quality', 'positive', 'Plats'), ('food quality', 'positive', 'sauces')]
g187147-d1089305-r171630135:2	Parpadelle aux écrevisses et palourdes très bon mais légèrement trop gras	[('food quality', 'positive', 'Parpadelle aux écrevisses'), ('food quality', 'positive', 'palourdes')]
g187147-d1089305-r171630135:3	Le veau était goûtu	[('food quality', 'positive', 'veau')]
g187147-d1089305-r171630135:4	La tarte tatin divine	[('food quality', 'positive', 'tarte tatin')]
g187147-d1099973-r130147318:0	Accueil très sympa dans ce petit restaurant .	[('service general', 'positive', 'Accueil')]
g187147-d1099973-r130147318:1	Le service est très attentionné ,la salle est petite mais très agréable	[('service general', 'positive', 'service'), ('ambience general', 'positive', 'salle')]
g187147-d1099973-r130147318:2	Au niveau de la cuisine c est correct mais ce n est pas exceptionnel !	[('food quality', 'neutral', 'cuisine')]
g187147-d1099973-r130147318:4	Par contre Le fondant au chocolat est très bon	[('food quality', 'positive', 'fondant au chocolat')]
g187147-d1113739-r231078339:0	Des plats correctement servis, un pavé de turbot excellent et des prix corrects pour le quartier.	[('service general', 'positive', 'NULL'), ('food quality', 'positive', 'pavé de turbot'), ('restaurant prices', 'positive', 'NULL')]
g187147-d1113739-r231078339:1	Et pour enrober le tout, un service avec le sourire du début à la fin :) !	[('service general', 'positive', 'service')]
g187147-d1113739-r231078339:2	Je reviens toujours en ce lieu avec un vrai plaisir !	[('restaurant general', 'positive', 'lieu')]
g187147-d1119908-r146734960:0	Restaurant désormais à éviter.	[('restaurant general', 'negative', 'Restaurant')]
g187147-d1119908-r146734960:1	Mauvais rapport qualité prix.	[('restaurant prices', 'negative', 'NULL'), ('restaurant general', 'negative', 'NULL')]
g187147-d1119908-r146734960:2	L'entrecôte qui dans le menu était censée être 300 g c'était une portion du gendre cantine de l'école.	[('food style_options', 'negative', 'entrecôte')]
g187147-d1119908-r146734960:3	Et en générale les portions étaient ridicules pour leur prix.	[('food style_options', 'negative', 'portions'), ('food prices', 'negative', 'portions')]
g187147-d1119908-r146734960:4	Les pommes sautés étaient des simples frites.	[('food quality', 'negative', 'pommes sautés')]
g187147-d1119908-r146734960:5	Dommage, car le décor demeure impressionnant.	[('ambience general', 'positive', 'décor')]
g187147-d1163179-r242024621:0	Un excellent restau, le magret au miel est divin, le soufflé parfait, le personnel très agréable, le service rapide, l'ambiance et la déco géniales, un bon moment en famille !	[('restaurant general', 'positive', 'restau'), ('food quality', 'positive', 'magret au miel'), ('food quality', 'positive', 'soufflé'), ('service general', 'positive', 'personnel'), ('service general', 'positive', 'service'), ('ambience general', 'positive', 'ambiance'), ('restaurant general', 'positive', 'NULL'), ('ambience general', 'positive', 'déco')]
g187147-d1163179-r242024621:1	Pas a la portée de toutes les bourses, sans pour autant être très cher.	[('restaurant prices', 'neutral', 'NULL')]
g187147-d1191240-r240499837:0	Si le plat fut correct (saint jacques - risotto)...il ne fallait pas avoir trop faim...seulement trois saint jacques le tout à peine chaud.	[('food quality', 'neutral', 'saint jacques - risotto'), ('food quality', 'neutral', 'plat'), ('food style_options', 'negative', 'saint jacques - risotto')]
g187147-d1191240-r240499837:1	Pour les autres plat, aucun légume vert n'est proposé en accompagnement il faut se contenter de frites, purée de pommes de terre risotto ou les légumes du pot au feu....Le service inexistant, à la question qu'y a-t-il dans le café gourmand la réponse fut ça dépend...	[('food style_options', 'negative', 'plat'), ('service general', 'negative', 'service')]
g187147-d1191240-r240499837:2	Une serveuse qui s’ébouriffe les cheveux derrière le bar...Et la petite touche qui va bien nous sommes ressortis imprégnés d'une odeur de friture...	[('service general', 'negative', 'serveuse'), ('restaurant miscellaneous', 'negative', 'NULL')]
g187147-d1191240-r240499837:3	Bref inutile de faire un détour pour se restaurer dans ce bistrot	[('restaurant general', 'negative', 'bistrot')]
g187147-d1211203-r170663157:0	Toujours très rempli le midi, je n'ai eu l'occasion d'y aller que le soir.	[('restaurant miscellaneous', 'neutral', 'NULL')]
g187147-d1211203-r170663157:1	Et à chaque fois, pas de déception : carte variée, produits frais et de qualité, plats savoureux, portions copieuses et service très sympathique.	[('restaurant general', 'positive', 'NULL'), ('food style_options', 'positive', 'carte'), ('food quality', 'positive', 'produits'), ('food quality', 'positive', 'plats'), ('food style_options', 'positive', 'portions'), ('service general', 'positive', 'service')]
g187147-d1211203-r170663157:2	Les prix restent corrects également.	[('restaurant prices', 'neutral', 'NULL')]
g187147-d1211203-r170663157:3	A conseiller donc!	[('restaurant general', 'positive', 'NULL')]
g187147-d1211203-r280065031:0	Cela fait trois fois maintenant que je vais dîner à ce restaurant et trois fois que je me régale toujours autant.	[('restaurant general', 'positive', 'restaurant')]
g187147-d1211203-r280065031:1	Les plats sont goûteux et dans de bonnes quantités.	[('food quality', 'positive', 'plats'), ('food style_options', 'positive', 'plats')]
g187147-d1211203-r280065031:2	Il y en a pour toutes les envies (viandes, poissons).	[('food style_options', 'positive', 'NULL')]
g187147-d1211203-r280065031:3	Je conseille fortement la cassolette de moules ou le boudin (s'il revient à la carte), mais dans l'ensemble, tout est bon.	[('food quality', 'positive', 'cassolette de moules'), ('food quality', 'positive', 'boudin'), ('food quality', 'positive', 'NULL')]
g187147-d1211203-r280065031:4	L'assiette de fromage, s'il vous reste un peu de place, est généreuse et excellente.	[('food quality', 'positive', 'assiette de fromage'), ('food style_options', 'positive', 'assiette de fromage')]
g187147-d1211203-r280065031:5	On aura compris donc un petit coup de coeur : allez y entre amis ou entre amoureux vous ne serez jamais déçus !	[('restaurant general', 'positive', 'NULL')]
g187147-d1327880-r242392720:1	Nous avons passé un bon moment.	[('restaurant general', 'positive', 'NULL')]
g187147-d1327880-r242392720:2	Petit hic: l'assiette de charcuterie proposée à l'apéritif pour deux personnes n'était vraiment pas copieuse, même pour deux personnes.	[('food style_options', 'negative', 'assiette de charcuterie')]
g187147-d1327880-r242392720:3	Mais pour le reste, cuisine variée, bonne carte de vins, nous reviendrons!	[('drinks style_options', 'positive', 'carte de vins'), ('food style_options', 'positive', 'cuisine'), ('restaurant general', 'positive', 'NULL')]
g187147-d1336322-r243511045:0	Service tres long et glacial.	[('service general', 'negative', 'Service')]
g187147-d1336322-r243511045:1	Nourriture surgelée et mal décongelée.	[('food quality', 'negative', 'Nourriture')]
g187147-d1336849-r242014326:0	Dîner entre amis et expérience affreuse.	[('restaurant general', 'negative', 'NULL')]
g187147-d1336849-r242014326:1	Service d'une lenteur incroyable.	[('service general', 'negative', 'Service')]
g187147-d1336849-r242014326:2	Un menu unique imposé pour la table de dix (!!!).	[('food style_options', 'negative', 'menu')]
g187147-d1336849-r242014326:3	Choix terrible.	[('food style_options', 'negative', 'Choix')]
g187147-d1336849-r242014326:4	Présentation des plats médiocre.	[('food style_options', 'negative', 'plats')]
g187147-d1336849-r242014326:5	Goût affreux - surtout ne jamais prendre le bœuf d'un derrier goût dégoûtant dans une casserole de puré de pommes de terre comme une soupe amère.	[('food quality', 'negative', 'bœuf')]
g187147-d1336849-r242014326:6	Extrêmement cher: 185 euros par couple.	[('restaurant prices', 'negative', 'NULL')]
g187147-d1336849-r242014326:7	A éviter!!!!	[('restaurant general', 'negative', 'NULL')]
g187147-d1336849-r242014326:8	Impensable que de restaurants comme celui ci existent sur Paris...	[('restaurant general', 'negative', 'restaurants')]
g187147-d1381523-r158339054:0	Au deumerant, c est un endroit original pour fêter son anniversaire ...	[('restaurant miscellaneous', 'neutral', 'endroit')]
g187147-d1381523-r158339054:1	Nous etions une tablée de 15 un vendredi soir, le service était exécrable, plats froids, pas aimable, restaurant tellement sombre qu on ne voit pas ce qu on y mange (je comprend pourquoi maintenant...)	[('service general', 'negative', 'service'), ('food quality', 'negative', 'plats'), ('ambience general', 'negative', 'restaurant'), ('service general', 'negative', 'NULL')]
g187147-d1381523-r158339054:2	Le serveur n hésite pas a accuser ses clients de ne pas payer (alors que c est son travail de calculer correctement ..) le manager est agressif et empoigne ses clients sous prétexte qu ils ont pas payer ....	[('service general', 'negative', 'serveur')]
g187147-d1381523-r158339054:3	Bref 15 personnes qui ne reviendrons plus ....	[('restaurant general', 'negative', 'NULL')]
g187147-d1390879-r184171903:0	Cuisine réchauffée au micro ondes, service lent, mais surtout prix tres excessif compte tenu de la qualité assez moyenne.	[('food quality', 'negative', 'Cuisine'), ('service general', 'negative', 'service'), ('restaurant prices', 'negative', 'NULL'), ('food quality', 'negative', 'NULL')]
g187147-d1390879-r184171903:1	Une adresse à éviter.	[('restaurant general', 'negative', 'adresse')]
g187147-d1392655-r199033401:0	Positif: accueil souriant, ambiance sympathique, cadre charmant	[('service general', 'positive', 'accueil'), ('ambience general', 'positive', 'ambiance'), ('ambience general', 'positive', 'cadre')]
g187147-d1392655-r199033401:1	Négatif: le contenu de l'assiette	[('food quality', 'negative', 'assiette')]
g187147-d1392655-r199033401:2	La carte est courte, ce qui peut être un avantage ( turn-over important donc fraicheur des produits) mais se révèle un inconvénient quand il y a des produits manquants (la truffe ce jour-là), donc choix restreint.	[('food style_options', 'negative', 'carte'), ('food style_options', 'negative', 'produits')]
g187147-d1392655-r199033401:3	Nous avons eu le tort de nous rabattre sur un burger et un fish and chips, erreur fatale: burger moyen, frites molles et grasses, quant au fish and chips impression d'ingurgiter uniquement de la pâte à friture baignée de graisse.	[('food quality', 'negative', 'frites'), ('food quality', 'negative', 'fish and chips'), ('food quality', 'negative', 'burger')]
g187147-d1392655-r199033401:4	La tarte tropézienne bien que délicieuse, n'a pas été suffisante pour rattraper ce déjeuner raté.	[('food quality', 'positive', 'tarte tropézienne'), ('restaurant general', 'negative', 'NULL'), ('food style_options', 'negative', 'tarte tropézienne')]
g187147-d1450531-r187797211:0	On aurait du se méfier du restaurant presque vide un vendredi soir.	[('restaurant miscellaneous', 'negative', 'restaurant')]
g187147-d1450531-r187797211:1	Sous prétexte d'inventaire, il manquait la moitié des plats, entrées et vins.	[('food style_options', 'negative', 'plats'), ('drinks style_options', 'negative', 'vins'), ('food style_options', 'negative', 'entrées')]
g187147-d1450531-r187797211:2	On a eu froid durant tout le repas.	[('ambience general', 'negative', 'NULL')]
g187147-d1450531-r187797211:3	Les toilettes sont immondes et le service est désinvolte au possible.	[('restaurant miscellaneous', 'negative', 'NULL'), ('service general', 'negative', 'service')]
g187147-d1450531-r187797211:4	Quelle déception !	[('restaurant general', 'negative', 'NULL')]
g187147-d1450531-r187797211:5	Les plats étaient tout de même bons mais maigrichons.	[('food quality', 'positive', 'plats'), ('food style_options', 'negative', 'plats')]
g187147-d1474710-r254855516:0	Grosse déception, accueil médiocre.	[('service general', 'negative', 'accueil'), ('restaurant general', 'negative', 'NULL')]
g187147-d1474710-r254855516:1	Demande de changement de place car nous étions près de la porte mais nous sommes restés sans réponse.	[('service general', 'negative', 'NULL')]
g187147-d1474710-r254855516:2	"Nous avons eu l'impression de deranger car il dit à son collègue ""Pff ils veulent changer de place""."	[('service general', 'negative', 'NULL')]
g187147-d1474710-r254855516:3	Poulet très sec et frite froide pour 15,50 € + saumon grillé très très sec et riz dégeu pour 16,50 €	[('food quality', 'negative', 'Poulet'), ('food quality', 'negative', 'frite'), ('food quality', 'negative', 'saumon grillé'), ('food quality', 'negative', 'riz'), ('food prices', 'negative', 'NULL')]
g187147-d1474710-r254855516:4	A savoir aussi les quantités ne sont pas les mêmes entre un menu et le plat à la carte.	[('food style_options', 'negative', 'NULL')]
g187147-d1474710-r254855516:5	Ce fut la 1e et dernière fois.	[('restaurant general', 'negative', 'NULL')]
g187147-d1474710-r254855516:6	C'est une honte	[('restaurant general', 'negative', 'NULL')]
g187147-d1474710-r268236876:0	Un endroit à fuir absolument.	[('restaurant general', 'negative', 'endroit')]
g187147-d1474710-r268236876:1	42€ pour deux verres de vin blanc - à peine passable - sans nous avoir donné la carte, bien évidemment.	[('drinks quality', 'negative', 'verres de vin blanc'), ('service general', 'negative', 'NULL'), ('drinks prices', 'negative', 'verres de vin blanc')]
g187147-d1474710-r268236876:2	Des serveurs antipathiques au possible.	[('service general', 'negative', 'serveurs')]
g187147-d1474710-r268236876:3	Des chaises bancales et un intérieur déprimant.	[('ambience general', 'negative', 'intérieur'), ('restaurant miscellaneous', 'negative', 'NULL')]
g187147-d1474710-r268236876:4	Pas besoin d'en dire plus, ce bar est affreux	[('restaurant general', 'negative', 'bar')]
g187147-d1494308-r188893298:0	Décoration vieillotte , des menus sales et gras , un service inexistant , une bière chaude qui n'a même pas été changee , des viandes trop cuites ( accompagnées de poires !!) et limités avariées ...	[('ambience general', 'negative', 'Décoration'), ('restaurant miscellaneous', 'negative', 'menus'), ('service general', 'negative', 'service'), ('drinks quality', 'negative', 'bière'), ('food quality', 'negative', 'viandes'), ('food style_options', 'negative', 'viandes')]
g187147-d1494308-r188893298:1	Bref un scandale !!! A éviter !!!	[('restaurant general', 'negative', 'NULL')]
g187147-d1515398-r264607143:0	Très bon bistrot.	[('restaurant general', 'positive', 'bistrot')]
g187147-d1515398-r264607143:1	Accueil très très sympa !!! Nous avons très bien mangé avec des plats traditionnels comme à la maison, la qualité mais aussi la quantité sont en rdv !!!	[('service general', 'positive', 'Accueil'), ('food quality', 'positive', 'plats'), ('food style_options', 'positive', 'plats')]
g187147-d1515398-r264607143:3	Bistrot à recommander surtout si vous souhaitez passer un moment à Montmartre sans être dans la cohue des restaurants à touristes !!!	[('restaurant miscellaneous', 'positive', 'Bistrot')]
g187147-d1515398-r264607143:4	Mais pensez à réserver car il n'y a pas beaucoup de places et le bistrot se remplit vite !!!	[('restaurant miscellaneous', 'neutral', 'bistrot')]
g187147-d1516382-r258841083:1	Le veau était tellement vieux .....qu'on aurait dit du mauvais bœuf saignant...	[('food quality', 'negative', 'veau')]
g187147-d1516382-r258841083:2	Le jambon était racorni	[('food quality', 'negative', 'jambon')]
g187147-d1516382-r258841083:3	Les pates collantes	[('food quality', 'negative', 'pates')]
g187147-d1516382-r258841083:4	La crème figée et sans gout	[('food quality', 'negative', 'crème')]
g187147-d1516382-r258841083:6	A 18 euros 90 c'est du vol	[('food prices', 'negative', 'NULL')]
g187147-d1516382-r258841083:8	Le verre de rosé devait venir d'un fond de cubi	[('drinks quality', 'negative', 'verre de rosé')]
g187147-d1516382-r258841083:10	Quant au service je préfère ne pas en parler	[('service general', 'negative', 'service')]
g187147-d1516382-r258841083:11	Pas un sourire, pas une parole aimable	[('service general', 'negative', 'NULL')]
g187147-d1516382-r258841083:12	On doit leur faire manger la cuisine du restau.....	[('food quality', 'negative', 'cuisine')]
g187147-d1516382-r258841083:14	Evitez à tout prix	[('restaurant general', 'negative', 'NULL')]
g187147-d1567976-r183244327:0	Très décevant malgré un très bon emplacement.	[('restaurant general', 'negative', 'NULL'), ('location general', 'positive', 'emplacement')]
g187147-d1567976-r183244327:1	Serveur pas du tout sympa avec un humour très noir et ni merci ou rien en partant.	[('service general', 'negative', 'Serveur')]
g187147-d1567976-r183244327:2	Le service est beaucoup trop rapide pour que ce soit fait en direct.	[('food quality', 'negative', 'NULL')]
g187147-d1567976-r183244327:3	Le saumon n'était pas très frais et la dinde pas assez cuite.	[('food quality', 'negative', 'saumon'), ('food quality', 'negative', 'dinde')]
g187147-d1567976-r183244327:4	Les desserts maisons apparemment sont corrects.	[('food quality', 'neutral', 'desserts maisons')]
g187147-d1650840-r242497721:0	L'ambiance est agréable dans ce petit restaurant à la déco sobre et élégante.	[('ambience general', 'positive', 'ambiance'), ('ambience general', 'positive', 'déco')]
g187147-d1650840-r242497721:1	Les menus à 20 euros sont servis le midi et le soir et comprennent entrée+ plat+ dessert.	[('food style_options', 'neutral', 'menus à 20 euros')]
g187147-d1650840-r242497721:2	Nous y sommes allés le midi entre collègues et c'était très bien.	[('restaurant general', 'positive', 'NULL')]
g187147-d1650840-r242497721:3	Le service est efficace et la cuisine traditionnelle est très bonne.	[('service general', 'positive', 'service'), ('food quality', 'positive', 'cuisine traditionnelle')]
g187147-d1650840-r242497721:4	Vous pouvez aussi prendre le menu à 34 euros plus sophistiqué ou choisir la carte.	[('food style_options', 'neutral', 'menu')]
g187147-d1769263-r142565528:0	Un vrai luxe: une terrasse une calme au coeur de Paris!	[('ambience general', 'positive', 'terrasse')]
g187147-d1769263-r142565528:1	Certes la carte n'est pas géniale, le tarif n'est pas particulièrement bon marché, mais quand il fait beau et que l'on veut déjeuner dehors en s'entendant parler le lieu est appréciable.	[('food style_options', 'negative', 'carte'), ('restaurant prices', 'negative', 'NULL'), ('ambience general', 'positive', 'lieu')]
g187147-d1774964-r260536177:0	Accueil moyen, on a l'impression d'embêter le personnel.	[('service general', 'negative', 'Accueil')]
g187147-d1774964-r260536177:1	On s'installe à une table, on nous demande au final de nous déplacer.	[('service general', 'negative', 'NULL')]
g187147-d1774964-r260536177:2	On choisit notre menu, le carpaccio vient de métro c'est certain et les frites ne sont pas fraîches.	[('food quality', 'negative', 'frites'), ('food quality', 'negative', 'carpaccio')]
g187147-d1774964-r260536177:3	Sans parler de la mousse au chocolat qui n'a rien d'une mousse.	[('food quality', 'negative', 'mousse au chocolat')]
g187147-d1774964-r260536177:4	Mais plutôt d'une chose pâteuse trop sucré.	[('food quality', 'negative', 'NULL')]
g187147-d1774964-r260536177:5	Carafe d'eau demandé deux fois avant de l'avoir.	[('service general', 'negative', 'NULL')]
g187147-d1774964-r260536177:6	Petit plus : Un serveur nous a offert un apéritif.	[('service general', 'positive', 'serveur')]
g187147-d1774964-r260536177:7	Mais à une attitude un peu deplacé, limite gênante d'un dragueur grossier.	[('service general', 'negative', 'NULL')]
g187147-d1774964-r260536177:8	Cela peut plaire à certaine personne, mais notre table en a été dérangé.	[('service general', 'negative', 'NULL')]
g187147-d1792445-r174875334:0	Ce restaurant se situe dans une rue piétonne dédiée aux touristes de masse et est entouré d'autres restaurants du même acabit.	[('location general', 'negative', 'rue piétonne'), ('restaurant general', 'negative', 'restaurant')]
g187147-d1792445-r174875334:1	L'animation y est pénible et bruyante et ne correspond pas au genre d'établissement que nous recherchions.	[('ambience general', 'negative', 'animation')]
g187147-d1792445-r174875334:2	La nourriture y est plus que médiocre ( poisson brûlé, plat de moules sans saveur, desserts insipides ) et de plus un service inexistant plus une addition plus que salée.	[('food quality', 'negative', 'nourriture'), ('food quality', 'negative', 'poisson'), ('food quality', 'negative', 'plat de moules'), ('food quality', 'negative', 'desserts'), ('service general', 'negative', 'service'), ('restaurant prices', 'negative', 'NULL')]
g187147-d1804977-r259316015:0	Le service dans ce bistro plus que typique parisien est agréablement bon.	[('restaurant miscellaneous', 'neutral', 'bistro'), ('service general', 'positive', 'service')]
g187147-d1804977-r259316015:2	Les plats sont décevants, trop gras avec un goût pas agréable.	[('food quality', 'negative', 'plats')]
g187147-d1804977-r259316015:3	Les prix comme on peut se l'imaginer dans ce type d'établissement pas trop élevés mais quand même trop pour la qualité servi.	[('food quality', 'negative', 'NULL'), ('restaurant prices', 'negative', 'NULL')]
g187147-d1863423-r275546008:0	Tout a été mauvais.	[('restaurant general', 'negative', 'NULL')]
g187147-d1863423-r275546008:1	En commençant par les escargots tièdes et minuscules, l'entre côté pleine de veines sans goût et Sans texture.	[('food quality', 'negative', 'escargots'), ('food style_options', 'negative', 'escargots'), ('food quality', 'negative', 'entre côté')]
g187147-d1863423-r275546008:2	Les serveuses totalement absentes et incompétente et le responsable aveugle a tout ca.	[('service general', 'negative', 'serveuses')]
g187147-d1863423-r275546008:3	Quelle blague et pour finir une addition de 75€ alors que je n'ai rien pu manger !	[('restaurant prices', 'negative', 'NULL'), ('food quality', 'negative', 'NULL'), ('restaurant general', 'negative', 'NULL')]
g187147-d1863423-r275546008:4	A éviter comme la peste	[('restaurant general', 'negative', 'NULL')]
g187147-d1869876-r253058218:0	Petit restaurant typiquement parisien, mais les plats sont délicieux !	[('restaurant miscellaneous', 'neutral', 'restaurant'), ('food quality', 'positive', 'plats')]
g187147-d1869876-r253058218:1	Entrée au chèvre chaud, suivi d'un magret de canard miel/citron accompagné de pommes sautées, un vrai délice !	[('food quality', 'positive', 'Entrée'), ('food quality', 'positive', 'magret de canard')]
g187147-d1869876-r253058218:2	Leur cave est également excellente !	[('drinks quality', 'positive', 'cave')]
g187147-d1869876-r253058218:3	Bref une adresse à mémoriser et où je retournerais !	[('restaurant general', 'positive', 'adresse')]
g187147-d1931769-r208098047:0	Choix du buffet très restreint.	[('food style_options', 'negative', 'buffet')]
g187147-d1931769-r208098047:1	Nourriture tiède.	[('food quality', 'negative', 'Nourriture')]
g187147-d1931769-r208098047:2	Accueil Moyen.	[('service general', 'negative', 'Accueil')]
g187147-d1931769-r208098047:3	Globalement Moyen ...	[('restaurant general', 'negative', 'NULL')]
g187147-d1931769-r208098047:4	Choix de dessert quasi inexistant.	[('food style_options', 'negative', 'dessert')]
g187147-d1931769-r208098047:5	À volonté c'est beaucoup dire.	[('food style_options', 'negative', 'NULL')]
g187147-d2001829-r195744098:0	L endroit est sympa mais le service du personnel n était pas au rendez vous	[('ambience general', 'positive', 'endroit'), ('service general', 'negative', 'service')]
g187147-d2001829-r195744098:1	La nourriture est moyenne	[('food quality', 'negative', 'nourriture')]
g187147-d2001829-r195744098:2	Le choix est limité (idéal pour les petits appétits )	[('food style_options', 'neutral', 'NULL')]
g187147-d2001829-r195744098:3	Pas de viennoiserie pour un brunch pas top même si le concept est américain on est en France et le minimum aurait été un croissant	[('food style_options', 'negative', 'brunch')]
g187147-d2001829-r195744098:4	Le personnel ne surveille pas vos assiettes et l on est obligé d insister pour se faire servir	[('service general', 'negative', 'personnel')]
g187147-d2001829-r195744098:5	Le seul point positif est le chocolat chaud	[('drinks quality', 'positive', 'chocolat chaud')]
g187147-d2001829-r198367000:0	Jolie déco, bonne musique, nourriture d'un rapport qualité/prix correcte...un établissement qui serait des plus agréables si le service n'était pas détestable et tout sauf professionnel :	[('ambience general', 'positive', 'déco'), ('ambience general', 'positive', 'musique'), ('food prices', 'neutral', 'nourriture'), ('restaurant general', 'positive', 'établissement'), ('service general', 'negative', 'service'), ('food quality', 'neutral', 'nourriture')]
g187147-d2001829-r198367000:1	- Un chef de rang mal aimable qui vous donne l'impression de déranger après avoir à peine poser un pied dans l'établissement	[('service general', 'negative', 'chef de rang')]
g187147-d2001829-r198367000:2	- Des serveuses/serveurs sous pression (y compris en tout début de service lorsque l'endroit est quasi-vide) et d'une impolitesse rare	[('service general', 'negative', 'serveuses/serveurs')]
g187147-d2001829-r198367000:3	- Mention spécial au barman qui semble être la seule personne sympathique de l'endroit	[('service general', 'positive', 'barman')]
g187147-d2001829-r198367000:5	En bref, la qualité du service est un comble pour un établissement mettant en avant ses influences new-yorkaise!	[('service general', 'negative', 'service'), ('restaurant miscellaneous', 'neutral', 'établissement')]
g187147-d2001829-r198367000:6	Après une 4ème visite et un constat identique, je n'y remettrais plus les pieds!	[('restaurant general', 'negative', 'NULL')]
g187147-d2058328-r229960356:0	Disons le clairement, il s'agit de notre restaurant préféré à Paris!	[('restaurant general', 'positive', 'restaurant')]
g187147-d2058328-r229960356:1	Nous y avons été 5 ou 6 fois déjà et à chaque fois nous nous sommes régalés pour un prix très raisonnable compte tenu de la qualité et du fait que nous sommes à Paris.	[('food quality', 'positive', 'NULL'), ('food prices', 'positive', 'NULL')]
g187147-d2058328-r229960356:2	Jeudi dernier nous avons particulièrement apprécié l'échine de cochon confite avec ses gnocchis (les meilleures que j'ai été amené à goûter) et ses girolles.	[('food quality', 'positive', 'échine de cochon confite'), ('food quality', 'positive', 'gnocchis')]
g187147-d2058328-r229960356:3	En dessert, en plus de l'incontournable tarte au citron servie autrement, nous nous sommes également régalés avec la brioche perdue...Superbe!	[('food quality', 'positive', 'tarte au citron servie autrement'), ('food quality', 'positive', 'brioche perdue')]
g187147-d2058328-r229960356:5	Bref, dès que nous avons une occasion à fêter, nous allons dans ce restaurant.	[('restaurant general', 'positive', 'restaurant')]
g187147-d2058328-r229960356:6	Dernier point, la salle est sobre et de bon goût!	[('ambience general', 'positive', 'salle')]
g187147-d2084844-r196203175:0	tout était très bien : accueil - déco - repas !	[('service general', 'positive', 'accueil'), ('ambience general', 'positive', 'déco'), ('food quality', 'positive', 'repas')]
g187147-d2084844-r196203175:1	tous les ingrédients sont réunis pour passer une très bonne soirée !	[('restaurant general', 'positive', 'NULL')]
g187147-d2084844-r196203175:2	tarif très abordable - j'ai déjà très envie d'y retourner pour faire découvrir notre coup de coeur à nos amis !!	[('restaurant prices', 'positive', 'NULL'), ('restaurant general', 'positive', 'NULL')]
g187147-d2087172-r264852052:0	Une grande déception!	[('restaurant general', 'negative', 'NULL')]
g187147-d2087172-r264852052:1	La carte annonce des plats frais et savoureux et nous avons malheureusement eu des mets quelconques, voir très passables à des tarifs dépassant la prestation.	[('food quality', 'negative', 'mets'), ('restaurant prices', 'negative', 'NULL'), ('food style_options', 'positive', 'carte')]
g187147-d2087172-r264852052:2	Je vous le déconseille...	[('restaurant general', 'negative', 'NULL')]
g187147-d2138896-r246046753:0	Le service est médiocre , la nourriture mauvaise et la note est trés haute .	[('service general', 'negative', 'service'), ('food quality', 'negative', 'nourriture'), ('restaurant prices', 'negative', 'NULL')]
g187147-d2138896-r246046753:1	A éviter .	[('restaurant general', 'negative', 'NULL')]
g187147-d2146860-r282299845:0	Un petit bistrot de quartier sympa, on y mange bien et le service est agréable.	[('restaurant general', 'positive', 'bistrot'), ('food quality', 'positive', 'NULL'), ('service general', 'positive', 'service')]
g187147-d2146860-r282299845:1	"Plats de bistrot classiques, pour des prix ""parisiens"" (15-20 euros)."	[('food style_options', 'neutral', 'Plats'), ('food prices', 'neutral', 'NULL')]
g187147-d2146860-r282299845:2	Allez y si vous vivez dans le quartier, ou le midi où les formules sont plus abordables.	[('food prices', 'positive', 'formules')]
g187147-d2146860-r282299845:3	La terrasse pendant l'été est très sympa et assez spacieuse, idéal pour boire un verre.	[('ambience general', 'positive', 'terrasse')]
g187147-d2174563-r234071343:0	Le seul point fort c'est la terrasse.	[('ambience general', 'positive', 'terrasse')]
g187147-d2174563-r234071343:1	Très agréable.	[('ambience general', 'positive', 'NULL')]
g187147-d2174563-r234071343:2	Service quasiment inexistant.	[('service general', 'negative', 'Service')]
g187147-d2174563-r234071343:3	Mais où vont-ils donc chercher leurs serveuses et serveurs.	[('service general', 'negative', 'serveuses et serveurs')]
g187147-d2174563-r234071343:4	Aucun professionnalisme.	[('service general', 'negative', 'NULL')]
g187147-d2174563-r234071343:6	Le congelé règne en maître.	[('food quality', 'negative', 'NULL')]
g187147-d2174563-r234071343:7	La fraîcheur douteuse.Desserts industriels.	[('food quality', 'negative', 'NULL'), ('food quality', 'negative', 'Desserts')]
g187147-d2174563-r234071343:8	Uniquement pour prendre un verre en terrasse et dîner AILLEURS.	[('restaurant general', 'negative', 'NULL')]
g187147-d2206833-r245896157:0	Petite brasserie, carte sympa et bien achalandée, les serveurs ne sont pas très sympathiques, rendement avant tout.	[('food style_options', 'positive', 'carte'), ('service general', 'negative', 'serveurs'), ('restaurant miscellaneous', 'negative', 'NULL')]
g187147-d2206833-r245896157:1	Le plat du jour est correctement servi, le gratin sent l'ail a 3 mètres.	[('food quality', 'neutral', 'plat du jour'), ('food quality', 'negative', 'gratin')]
g187147-d2206833-r245896157:2	Un verre de vin servi presque gelé.	[('drinks quality', 'negative', 'verre de vin')]
g187147-d2238430-r248664703:0	Le spaguetti carbonara qui baigne dans la crème complètement liquide, l'accueil pas très agréable, je n'y retournerais pas.	[('food quality', 'negative', 'spaguetti carbonara'), ('food quality', 'negative', 'crème'), ('service general', 'negative', 'accueil'), ('restaurant general', 'negative', 'NULL')]
g187147-d2239316-r239304403:1	tant par la qualité des mets que par l'accueil;	[('food quality', 'negative', 'mets'), ('service general', 'negative', 'accueil')]
g187147-d2239316-r239304403:2	En résumé, si vous pouvez éviter ce piège à touristes n'hésitez pas.	[('restaurant general', 'negative', 'NULL')]
g187147-d2254367-r266862241:0	Dans ce quartier très touristique, ce petit restaurant sans prétention propose des plats peu onéreux et même une formule menu très accessible.	[('restaurant miscellaneous', 'neutral', 'restaurant'), ('food prices', 'positive', 'plats'), ('food prices', 'positive', 'formule menu'), ('location general', 'neutral', 'quartier')]
g187147-d2254367-r266862241:1	Certes il ne s'agit pas de grande cuisine mais le rapport qualité/prix est tout à fait honnête.	[('food quality', 'neutral', 'cuisine'), ('food prices', 'positive', 'NULL')]
g187147-d2346326-r232711313:0	Un excellent emplacement avec un fort potentiel mais tout a été nul.	[('location general', 'positive', 'emplacement'), ('restaurant general', 'negative', 'NULL')]
g187147-d2346326-r232711313:1	Énorme attente pour prendre la commande et quand le serveur vient enfin, il prend la commande des derniers arrivés.	[('service general', 'negative', 'attente'), ('service general', 'negative', 'serveur')]
g187147-d2346326-r232711313:2	Longue attente encore pour avoir ses boissons.	[('service general', 'negative', 'attente')]
g187147-d2346326-r232711313:4	Serveurs pas aimables du tout, aucune classe.	[('service general', 'negative', 'Serveurs')]
g187147-d2346326-r232711313:6	Vu la lenteur pour qu'un serveur vienne jusqu'à nous, nous nous sommes dirigés vers les caisses pour payer.	[('service general', 'negative', 'serveur')]
g187147-d2346326-r232711313:7	Un des serveurs a été rapide cette fois ci en venant vers nous car il avait l'air de penser qu'on allait partir sans payer.	[('service general', 'negative', 'serveurs')]
g187147-d2346326-r232711313:8	Il nous a jeté un regard peu appréciable.	[('service general', 'negative', 'NULL')]
g187147-d2346326-r232711313:9	Vraiment le service aura été horrible du début jusqu'à la fin et ceux pour la plupart des clients qui étaient installés autour de nous.	[('service general', 'negative', 'service')]
g187147-d2346326-r232711313:10	Fuyezzzz	[('restaurant general', 'negative', 'NULL')]
g187147-d2352281-r224731425:0	Ils nous ont donné le mauvais plat, ensuite quand ils l'ont changé, le plat était froid.	[('service general', 'negative', 'NULL'), ('food quality', 'negative', 'plat')]
g187147-d2352281-r224731425:1	On a commandé un moelleux au chocolat, un plat généralement difficile a rater, mais il était pas moelleux et il avait pas de goût.	[('food quality', 'negative', 'moelleux au chocolat')]
g187147-d2431919-r245399220:0	Service de tres bonne qualité, restaurant agreable et cuisine delicieuse !	[('service general', 'positive', 'Service'), ('ambience general', 'positive', 'restaurant'), ('food quality', 'positive', 'cuisine')]
g187147-d2431919-r245399220:1	Les produits sont frais et de saison, cest un regal !	[('food quality', 'positive', 'produits')]
g187147-d2431919-r245399220:2	Jy retournerai a coup sur pour decouvrir les autres plats de la carte.	[('restaurant general', 'positive', 'NULL')]
g187147-d2431919-r275486883:0	Nous sommes allés diner dans ce restaurant à l'improviste nous y retournerons sans souci !	[('restaurant general', 'positive', 'restaurant')]
g187147-d2431919-r275486883:1	Très bonne carte avec des plats simples mais recherchés.	[('food style_options', 'positive', 'carte')]
g187147-d2431919-r275486883:2	Les serveurs sont vraiment très sympa et accueillant.	[('service general', 'positive', 'serveurs')]
g187147-d2431919-r275486883:3	Un délice dans ce quartier ou beaucoup de restaurants sont des pièges à touristes.	[('restaurant general', 'positive', 'NULL')]
g187147-d2431919-r275486883:4	Je recommande vivement!	[('restaurant general', 'positive', 'NULL')]
g187147-d2477816-r282304814:0	J'y viens souvent le midi, crèpes excellentes et très grands choix.	[('food quality', 'positive', 'crèpes'), ('food style_options', 'positive', 'crèpes')]
g187147-d2477816-r282304814:1	Les galettes sont savoureuses et à prix très raisonnables.	[('food quality', 'positive', 'galettes'), ('food prices', 'positive', 'galettes')]
g187147-d2477816-r282304814:2	Service sympathique.	[('service general', 'positive', 'Service')]
g187147-d2481163-r210591775:0	rien de transcendant; rapport qualité prix à peine moyen, ils sont tous comme ça dans la rue.	[('restaurant prices', 'neutral', 'NULL'), ('restaurant general', 'neutral', 'NULL')]
g187147-d2481163-r210591775:1	propreté limite, toilettes à éviter.	[('restaurant miscellaneous', 'negative', 'NULL')]
g187147-d2481163-r210591775:2	ne pas hésiter à faire quelques centaines de mètres supplémentaires.	[('restaurant general', 'negative', 'NULL')]
g187147-d2520468-r190596033:0	Très bon accueil, carte de brasserie complète, bon rapport qualité prix, cadre agréable.	[('service general', 'positive', 'accueil'), ('food style_options', 'positive', 'carte'), ('restaurant prices', 'positive', 'NULL'), ('ambience general', 'positive', 'cadre'), ('restaurant general', 'positive', 'NULL')]
g187147-d2520468-r190596033:1	Service très sympathique et efficace, nous avons été servi en moins de 10min un vendredi soir à 20h.	[('service general', 'positive', 'Service')]
g187147-d2520468-r190596033:2	Qualité des plats très correcte, ma pièce du boucher était très bonne et tendre, et ma panna cotta délicieuse.	[('food quality', 'positive', 'plats'), ('food quality', 'positive', 'pièce du boucher'), ('food quality', 'positive', 'panna cotta')]
g187147-d2520468-r190596033:3	Evidemment ce n'est pas un resto gastronomique mais ce n'est pas ce qu'on lui demande!	[('restaurant general', 'neutral', 'resto')]
g187147-d2528029-r177289336:0	Des produits simples mais bons (oeufs au plat, tomates rôties et bacon), puis cheesecake maison réussi.	[('food quality', 'positive', 'produits'), ('food quality', 'positive', 'cheesecake')]
g187147-d2528029-r177289336:1	Le bémol fut l'attente et les serveurs sympathiques mais un peu dépassés	[('service general', 'negative', 'serveurs'), ('service general', 'negative', 'attente')]
g187147-d2620480-r270783301:0	Repas de qualité et fait maison, très bon rapport qualité prix, juste à côté de la tour eiffel.	[('food quality', 'positive', 'Repas'), ('food prices', 'positive', 'NULL'), ('location general', 'positive', 'tour eiffel')]
g187147-d2620480-r270783301:1	Accueil très sympathique.	[('service general', 'positive', 'Accueil')]
g187147-d2620480-r270783301:2	J'ai tendance à avoir des apprioris sur les repas dans les brasseries mais la nous avons été satisfait.	[('food quality', 'positive', 'repas')]
g187147-d2694960-r242979898:0	Cuisine surgelée, de mauvaise qualité.	[('food quality', 'negative', 'Cuisine')]
g187147-d2694960-r242979898:1	Mauvaise cuisson des aliments.	[('food quality', 'negative', 'aliments')]
g187147-d2694960-r242979898:2	Pas de responsable dans le restaurant pour répondre à nos demandes.	[('service general', 'negative', 'NULL')]
g187147-d2694960-r242979898:3	Toutefois le service est très agréable	[('service general', 'positive', 'service')]
g187147-d2709368-r193257030:0	J'ai adoré ce restaurant!	[('restaurant general', 'positive', 'restaurant')]
g187147-d2709368-r193257030:1	Petit et chaleureux, nous avons super bien mangé!	[('ambience general', 'positive', 'NULL'), ('food quality', 'positive', 'NULL')]
g187147-d2709368-r193257030:2	Le service était au TOP, l'accueil génial, notre plat excellent!	[('service general', 'positive', 'service'), ('service general', 'positive', 'accueil'), ('food quality', 'positive', 'plat')]
g187147-d2709368-r193257030:3	Je le recommande à tout le monde!	[('restaurant general', 'positive', 'NULL')]
g187147-d2709368-r237421992:0	Nous nous sommes arrêtés par hasard devant le restaurant, qui ne paye pas de mine de l'extérieur.	[('ambience general', 'negative', 'restaurant')]
g187147-d2709368-r237421992:1	Quelle bonne surprise !	[('restaurant general', 'positive', 'NULL')]
g187147-d2709368-r237421992:2	Des produits, frais, joliment présentés et très bons.	[('food quality', 'positive', 'produits'), ('food style_options', 'positive', 'produits')]
g187147-d2709368-r237421992:3	L'ensemble faisait preuve d'originalité sans être prétentieux, pour une somme très correcte.	[('restaurant prices', 'positive', 'NULL'), ('restaurant miscellaneous', 'positive', 'NULL'), ('food style_options', 'positive', 'NULL')]
g187147-d3175080-r233973764:0	Les tarifs sont au dessus de la moyenne Parisienne au regard de la prestation tout aussi banale.	[('restaurant prices', 'negative', 'NULL'), ('restaurant general', 'negative', 'NULL')]
g187147-d3175080-r233973764:1	Le bémol significatif comme d autres l ont confirmé en amont dans les commentaires : l accueil et le service....PAS UN SOURIRE.	[('service general', 'negative', 'accueil'), ('service general', 'negative', 'service')]
g187147-d3175080-r233973764:3	.. servi avec un lance pierre !	[('service general', 'negative', 'NULL')]
g187147-d3175080-r233973764:4	Pas un merci ... quelle tristesse.	[('service general', 'negative', 'NULL')]
g187147-d3175080-r233973764:5	Alors en cas d'absolue nécessité uniquement pour la survie sinon cherchez dans les abords immédiats.	[('restaurant general', 'negative', 'NULL')]
g187147-d3175080-r233973764:6	Pour rencontrer des gens beaucoup plus sympas.	[('ambience general', 'negative', 'NULL')]
g187147-d3188499-r243581235:0	Une catastrophe à éviter absolument.	[('restaurant general', 'negative', 'NULL')]
g187147-d3188499-r243581235:1	Nous y sommes allés avant un spectacle, les serveurs sont débordés et désagréables, un vrai cliché parisien!	[('service general', 'negative', 'serveurs')]
g187147-d3188499-r243581235:2	Un serveur qui avait servi deux fois la commande à une table voisine a juste crié sur ses clientes.	[('service general', 'negative', 'serveur')]
g187147-d3188499-r243581235:3	Quant à nous, notre passage par les toilettes était mémorable, une heure d'attente (salle géante, 4 toilettes pour tout le monde, bien joué), une odeur nauséabonde et franchement une propreté plus que limite.	[('restaurant miscellaneous', 'negative', 'NULL')]
g187147-d3188499-r243581235:4	"Ensuite, remontant dans la salle, un serveur énervé de nous entendre dire ""il n'y a pas de serviettes pour s'essuyer les mains en bas"" fait un croche-patte à mon mari, qui manque de s'étaler de tout son long par terre."	[('service general', 'negative', 'serveur')]
g187147-d3188499-r243581235:5	Une agression inutile qui nous a gaché la soirée.	[('service general', 'negative', 'NULL')]
g187147-d3188499-r243581235:6	Bref, nous n'y retournerons jamais.	[('restaurant general', 'negative', 'NULL')]
g187147-d3215707-r208333865:0	Ambiance et cadre très sympa!	[('ambience general', 'positive', 'Ambiance'), ('ambience general', 'positive', 'cadre')]
g187147-d3215707-r208333865:1	Mais surtout des produits frais, enfin de vraies frites qui ne baignent pas dans l'huile, de la salade fraiche et un bon petit dessert!!	[('food quality', 'positive', 'produits'), ('food quality', 'positive', 'frites'), ('food quality', 'positive', 'salade'), ('food quality', 'positive', 'dessert')]
g187147-d3215707-r208333865:4	Très bon rapport qualité prix!	[('food prices', 'positive', 'NULL'), ('food quality', 'positive', 'NULL')]
g187147-d3216867-r254353823:0	Le seul bon point le cadre très sympa.	[('ambience general', 'positive', 'cadre')]
g187147-d3216867-r254353823:1	Même en pleine hiver nous avons pu manger en terrasse grâce au chauffage extérieur.	[('ambience general', 'positive', 'terrasse')]
g187147-d3216867-r254353823:2	Sinon c'est simple tout ce qui n'est pas préparer est bon, le reste sans saveur.	[('food quality', 'negative', 'NULL')]
g187147-d3216867-r254353823:3	Cocktail trop sucré vs bon vin.	[('drinks quality', 'negative', 'Cocktail'), ('drinks quality', 'positive', 'vin')]
g187147-d3216867-r254353823:4	Plateau de fromage charcuterie très bon vs Bruchetas et pâte sans goût.	[('food quality', 'positive', 'Plateau de fromage charcuterie'), ('food quality', 'negative', 'Bruchetas'), ('food quality', 'negative', 'pâte')]
g187147-d3216867-r254353823:5	Mais surtout le pire nos plats sont arrivés avant l'entrée, nous avons donc signalé que nous n'avions pas eu l'entrée.	[('service general', 'negative', 'NULL')]
g187147-d3216867-r254353823:6	Nos entrée sont donc arrivées puis nos plats après une très longue attente alors que c'était les assiettes arrivées trop tôt qu'ils ont réchauffées... Des pâtes froides au dessus et qui fument en dessous = micro-onde.	[('service general', 'negative', 'attente'), ('food quality', 'negative', 'pâtes')]
g187147-d3216867-r254353823:7	Un pain qui sut de l'eau = micro onde.	[('food quality', 'negative', 'pain')]
g187147-d3216867-r254353823:8	Ils n'ont donc pas pris la peine de refaire nos assiettes.	[('service general', 'negative', 'NULL')]
g187147-d3216867-r254353823:9	Bref les plats préparés ne sont pas bon et ils se moquent des clients.	[('food quality', 'negative', 'plats préparés'), ('restaurant general', 'negative', 'NULL')]
g187147-d3334046-r158441962:0	"Cuisine très quelconque dans un cadre pourtant ""bon chic bon genre""."	[('food quality', 'negative', 'Cuisine'), ('ambience general', 'neutral', 'cadre')]
g187147-d3334046-r158441962:1	Les vins y sont très chers.	[('drinks prices', 'negative', 'vins')]
g187147-d3334046-r158441962:2	Le maître d'hôtel méprisant et grossier.	"[('service general', 'negative', ""maître d'hôtel"")]"
g187147-d3334046-r158441962:3	A fuir absolument !	[('restaurant general', 'negative', 'NULL')]
g187147-d3349129-r221743802:0	Nous y sommes allé hier soir et nous avons été plus que déçus..	[('restaurant general', 'negative', 'NULL')]
g187147-d3349129-r221743802:1	Service lamentable, viandes médiocres et note très salée!	[('service general', 'negative', 'Service'), ('food quality', 'negative', 'viandes'), ('restaurant prices', 'negative', 'NULL')]
g187147-d3349129-r221743802:2	A éviter de toute urgence!	[('restaurant general', 'negative', 'NULL')]
g187147-d3412675-r163663857:0	Si vous voulez vous régaler de la mise en bouche au dessert n'hésitez pas à pousser la porte et de demander une table à l'étage.	[('food quality', 'positive', 'NULL')]
g187147-d3412675-r163663857:1	Pour les connaisseurs en dessert il faut surtout prendre le mille fleuilles au fruit rouge.	[('food quality', 'positive', 'mille fleuilles au fruit rouge')]
g187147-d3412675-r163663857:2	Vous ne pouvez pas lècher l'assiette car cela ne se fait pas, mais vous avez beaucoup de regret que votre dessert soit terminer.	[('food quality', 'positive', 'dessert')]
g187147-d3412675-r180902470:0	Ne pas se fier à l'entrée vide, tout se passe à l'étage.	[('ambience general', 'positive', 'NULL')]
g187147-d3412675-r180902470:1	Belle déco, faible éclairage, accueil décontracté.	[('ambience general', 'positive', 'déco'), ('ambience general', 'neutral', 'éclairage'), ('service general', 'positive', 'accueil')]
g187147-d3412675-r180902470:4	Le service est rapide.	[('service general', 'positive', 'service')]
g187147-d3412675-r180902470:5	Les petites quantités des entrées sont frustrantes, car les saveurs sont excellentes mais elles sont bien dosées pour arriver jusqu'au dessert.	[('food style_options', 'negative', 'entrées'), ('food quality', 'positive', 'NULL'), ('food style_options', 'positive', 'NULL')]
g187147-d3412675-r180902470:6	Les produits sont de saison.	[('food quality', 'positive', 'produits')]
g187147-d3412675-r180902470:7	Le chef maîtrise les mélanges de goûts et de textures.	[('food quality', 'positive', 'NULL')]
g187147-d3412675-r180902470:8	Cela manque peut-être un peu d'originalité mais on se régale tout de même.	[('food style_options', 'negative', 'NULL'), ('food quality', 'positive', 'NULL')]
g187147-d3498968-r240263031:0	Une bonne cuisine Française dans ce restaurant, un lieu très chaleureux, un bon service que demander de plus?	[('service general', 'positive', 'service'), ('food quality', 'positive', 'cuisine Française'), ('ambience general', 'positive', 'lieu')]
g187147-d3498968-r240263031:1	Je retournerais avec un grand plaisir dans ce restaurant.	[('restaurant general', 'positive', 'restaurant')]
g187147-d3628421-r258912116:0	Brasserie parisienne de quartier ni plus ni moins.	[('restaurant miscellaneous', 'neutral', 'Brasserie parisienne')]
g187147-d3628421-r258912116:1	Les plats sont corrects tout comme le service et l'ambiance.	[('service general', 'neutral', 'service'), ('ambience general', 'neutral', 'ambiance'), ('food quality', 'neutral', 'plats')]
g187147-d3628421-r258912116:2	Rien de négatif à dire sur ce restaurant mais il ne sort pas de l'ordinaire.	[('restaurant general', 'neutral', 'restaurant')]
g187147-d3673580-r235127999:1	Deco pas mal, musique pour les 30/40 ans assez sympa.	[('ambience general', 'positive', 'Deco'), ('ambience general', 'neutral', 'musique')]
g187147-d3673580-r235127999:2	Bons cocktails et barman très sympa.	[('drinks quality', 'positive', 'cocktails'), ('service general', 'positive', 'barman')]
g187147-d3673580-r235127999:3	Choix de plats très classique, et qualité des plats médiocre.	[('food quality', 'negative', 'plats'), ('food style_options', 'neutral', 'plats')]
g187147-d3673580-r235127999:4	Service très perfectible (lent, et mal organisé).	[('service general', 'negative', 'Service')]
g187147-d3673580-r235127999:5	Je n'y retournerai pas sauf pour prendre un verre je pense.	[('restaurant general', 'negative', 'NULL')]
g187147-d3682234-r283088970:0	Le restaurant est très bien situé, proche du Sacré Coeur.	[('location general', 'positive', 'Sacré Coeur'), ('location general', 'positive', 'restaurant')]
g187147-d3682234-r283088970:1	Le service n'est pas très agréable mais est rapide !	[('service general', 'positive', 'service'), ('service general', 'negative', 'service')]
g187147-d3682234-r283088970:2	La pizza capricioza était bonne mais pas exceptionnel.	[('food quality', 'neutral', 'pizza capricioza')]
g187147-d3682234-r283088970:3	Pour la salade, mon ami avait pris une salade, le prix était un peu élevé pour une salade verte et 2 tranches de jambon sous vide.	[('food prices', 'negative', 'salade'), ('food quality', 'negative', 'salade')]
g187147-d3693829-r248014416:0	Bel endroit !	[('restaurant general', 'positive', 'endroit')]
g187147-d3693829-r248014416:1	Entrées a partager : tres bonnes !	[('food quality', 'positive', 'Entrées')]
g187147-d3693829-r248014416:2	Par contre les plats : attention !	[('food quality', 'negative', 'plats')]
g187147-d3693829-r248014416:3	Portions ridicules!	[('food style_options', 'negative', 'Portions')]
g187147-d3693829-r248014416:4	Et donc super cher pour ce que c'est !	[('restaurant prices', 'negative', 'NULL')]
g187147-d3693829-r248014416:5	Et gout , pas du tout a la hauteur du prix !	[('food quality', 'negative', 'NULL'), ('food prices', 'negative', 'NULL')]
g187147-d3693829-r248014416:6	Decevant coté cuisine !	[('food quality', 'negative', 'cuisine')]
g187147-d3720862-r227057598:0	Comment peut-on dire cuisine maison avec ces asperges en boite ,son boeuf bourguignon rempli de bas morceaux .....ces escargots decongeles etc ...cuisine française vraiment?	[('food quality', 'negative', 'NULL'), ('food quality', 'negative', 'asperges'), ('food quality', 'negative', 'boeuf bourguignon'), ('food quality', 'negative', 'escargots'), ('food quality', 'negative', 'NULL')]
g187147-d3720862-r227057598:1	j'y suis venue par hasard avec mon fils et n'y mettrais plus les pieds malheureusement des étrangers sont venus eux aussi ,les pauvres !! l'accueil est médiocre et les prix bien trop eleves pour la qualité.	[('restaurant general', 'negative', 'NULL'), ('service general', 'negative', 'accueil'), ('restaurant prices', 'negative', 'NULL'), ('restaurant general', 'negative', 'NULL')]
g187147-d3720862-r227057598:2	A bannir absolument.	[('restaurant general', 'negative', 'NULL')]
g187147-d3879173-r270122012:0	C'était pas mal mais malgré leur originalité et leur belle présentation, j'ai été un peu déçu par les plats : artichauts en boîte (les boîtes sont en bas de l'escalier...), viande un peu trop cuite, vins chers.	[('food quality', 'negative', 'plats'), ('food quality', 'negative', 'viande'), ('food quality', 'negative', 'artichauts'), ('drinks prices', 'negative', 'vins'), ('restaurant general', 'positive', 'NULL'), ('food style_options', 'positive', 'plats')]
g187147-d3879173-r270122012:1	Ceci dit, la bonne humeur de la serveuse et la présentation des plats rattrapent un peu cet avis mitigé.	[('service general', 'positive', 'serveuse'), ('food style_options', 'positive', 'plats')]
g187147-d3982598-r229977371:0	Cela fait plusieurs fois qu'on y vient et on n'est jamais déçus, ni les proches qu'on y amène.	[('restaurant general', 'positive', 'NULL')]
g187147-d3982598-r229977371:1	Leur couscous est vraiment excellent.	[('food quality', 'positive', 'couscous')]
g187147-d3982598-r229977371:2	Les boulettes sont délicieuses, les brochettes d'agneau également.	"[('food quality', 'positive', 'boulettes'), ('food quality', 'positive', ""brochettes d'agneau"")]"
g187147-d3982598-r229977371:4	La suggestion du chef change régulièrement et la dernière en date, couscous méchoui est particulièrement bonne.	[('food style_options', 'neutral', 'suggestion du chef'), ('food quality', 'positive', 'couscous méchoui')]
g187147-d3982598-r229977371:5	Pour ne rien gâcher, le cadre est agréable et le service attentionné.	[('ambience general', 'positive', 'cadre'), ('service general', 'positive', 'service')]
g187147-d3982598-r229977371:6	A tester absolument et venez en ayant très très faim !	[('restaurant general', 'positive', 'NULL')]
g187147-d3989748-r275822551:0	Les tapas sont excellents...La charcuterie est de qualité aussi.	[('food quality', 'positive', 'charcuterie'), ('food quality', 'positive', 'tapas')]
g187147-d3989748-r275822551:1	Tout nous a donné envie...Rien à dire!	[('food quality', 'positive', 'NULL')]
g187147-d3989748-r275822551:2	Service agréable qui plus est.	[('service general', 'positive', 'Service')]
g187147-d3989748-r275822551:3	Bonne petite adresse!	[('restaurant general', 'positive', 'adresse')]
g187147-d4235143-r220435098:0	Ni brasserie ni restaurant.	[('restaurant general', 'neutral', 'NULL')]
g187147-d4235143-r220435098:1	Un simple café de quartier qui s'improvise restaurateur.	[('restaurant general', 'negative', 'café')]
g187147-d4235143-r220435098:2	Des salades insipides et des plats réchauffés (mal).	[('food quality', 'negative', 'salades'), ('food quality', 'negative', 'plats')]
g187147-d4235143-r220435098:3	Carte des vins inexistante.	[('drinks style_options', 'negative', 'vins')]
g187147-d4235143-r220435098:4	Desserts industriels.	[('food quality', 'negative', 'Desserts')]
g187147-d4271736-r164730477:0	On a l'impression que tout est improvisé, qu'il n'y a pas de compétence ni au niveau accueil, ni au niveau service, ni au niveau cuisine (plats surgelés).	[('service general', 'negative', 'accueil'), ('service general', 'negative', 'service'), ('food quality', 'negative', 'cuisine'), ('food quality', 'negative', 'plats'), ('restaurant general', 'negative', 'NULL')]
g187147-d4271736-r164730477:1	Ambiance sonore beaucoup trop élevée pour un restaurant.	[('ambience general', 'negative', 'Ambiance')]
g187147-d4271736-r164730477:2	Dommage pour eux, on n'a pas envie de renouveler l'expérience.	[('restaurant general', 'negative', 'NULL')]
g187147-d4271843-r202457064:0	la pire expérience culinaire de Paris, avec une addition astronomique : ravioles de homard à 20 euros ( les ravioles devaient avoir au moins 3 jours) puis dos de cabillaud pas cuit sur veilles pommes de terre, assorti de roquette pas fraiche à 47 euros.	[('restaurant prices', 'negative', 'NULL'), ('restaurant general', 'negative', 'NULL'), ('food quality', 'negative', 'ravioles de homard'), ('food prices', 'negative', 'ravioles de homard'), ('food quality', 'negative', 'dos de cabillaud'), ('food quality', 'negative', 'pommes de terre'), ('food quality', 'negative', 'roquette'), ('food prices', 'negative', 'dos de cabillaud')]
g187147-d4271843-r202457064:1	Nous n'avons pas pris de dessert.	[('restaurant general', 'negative', 'NULL')]
g187147-d4271843-r202457064:2	La décoration est horrible.	[('ambience general', 'negative', 'décoration')]
g187147-d4271843-r202457064:3	a proscrire !	[('restaurant general', 'negative', 'NULL')]
g187147-d4272002-r260711186:0	Accueil très froid, la patronne est très antipathique et agressive.	[('service general', 'negative', 'Accueil'), ('service general', 'negative', 'patronne')]
g187147-d4272002-r260711186:1	On avait l'impression de la déranger en demandant de la mayonnaise ou de la moutarde.	[('service general', 'negative', 'NULL')]
g187147-d4272002-r260711186:2	Le pavé de rumsteack commandé à point était trop cuit, on a trouvé un cheveu dans un hamburger ce qui n'a pas semblé les choquer.	[('food quality', 'negative', 'pavé de rumsteack'), ('restaurant miscellaneous', 'negative', 'NULL')]
g187147-d4272002-r260711186:3	Le rosé était tiède.	[('drinks quality', 'negative', 'rosé')]
g187147-d4272002-r260711186:4	Nous n'y retournerons pas et ne leur ferons pas de publicité	[('restaurant general', 'negative', 'NULL')]
g187147-d4469705-r220591154:0	Manifestement ce restaurant a préféré tout miser sur le cadre au détriment de la cuisine !	[('ambience general', 'positive', 'cadre'), ('food quality', 'negative', 'cuisine')]
g187147-d4469705-r220591154:1	Burger hyper sec, mal cuit, frites sans goût à part celui de l'huile, bière chaude... service assez sympathique et qui semblait presque plus navré que nous du naufrage total de cette soirée.	[('food quality', 'negative', 'Burger'), ('food quality', 'negative', 'frites'), ('drinks quality', 'negative', 'bière'), ('service general', 'positive', 'service'), ('restaurant general', 'negative', 'NULL')]
g187147-d4469705-r220591154:2	Assurément à éviter.	[('restaurant general', 'negative', 'NULL')]
g187147-d4469705-r220591154:4	J'oubliais : si vous trouvez votre cheeseburger à 14,50€ trop sec, on vous signale que vous auriez pu rajouter une feuille de salade ou un cornichon... facturés 0,50€ !	[('food quality', 'negative', 'cheeseburger'), ('food style_options', 'negative', 'cheeseburger'), ('food prices', 'negative', 'cheeseburger')]
g187147-d4469705-r220591154:5	Tout est dit.	[('restaurant general', 'negative', 'NULL')]
g187147-d4469705-r220591154:6	Rideau.	[('restaurant general', 'negative', 'NULL')]
g187147-d4471415-r270717110:0	Un croque monsieur sans frite avec de la salade en sachet, évidement sans saveur...	[('food style_options', 'negative', 'croque monsieur'), ('food quality', 'negative', 'salade')]
g187147-d4471415-r270717110:1	Je vous parler pas du prix...	[('food prices', 'negative', 'NULL')]
g187147-d4471415-r270717110:2	On trouve un chewing-gum collé au fond de notre verre d'eau, la serveuse ne s'excuse pas et met la faute sur le lave-vaisselle... on nous propose même pas un geste commercial il faut le demander au manager qui ne peut que nous offrir un café (mais on bois pas de café...).	[('restaurant miscellaneous', 'negative', 'NULL'), ('service general', 'negative', 'serveuse'), ('service general', 'negative', 'NULL')]
g187147-d4471415-r270717110:3	"Encore une fois ce restau semble être la brasserie à touriste typiquement parisienne qui achète ses produits de basse qualité chez ""métro""et vous les fait payer un blinde !"	[('restaurant miscellaneous', 'negative', 'restau'), ('food prices', 'negative', 'produits'), ('food quality', 'negative', 'produits')]
g187147-d4471415-r270717110:4	Pauvre touriste !	[('restaurant general', 'negative', 'NULL')]
g187147-d5225776-r279485100:1	Accueil rapide et courtois.	[('service general', 'positive', 'Accueil')]
g187147-d5225776-r279485100:2	Les plats, bien présentés, colorés et ragoutants, étaient copieux et savoureux.	[('food quality', 'positive', 'plats'), ('food style_options', 'positive', 'plats')]
g187147-d5225776-r279485100:3	Desserts originaux et légers.	[('food quality', 'positive', 'Desserts'), ('food style_options', 'positive', 'Desserts')]
g187147-d5547664-r279984913:0	A l'heure où le Marais se transforme, change de visage et pas forcément dans le meilleur sens du terme, un vrai découverte ce soir !! Je confirme que depuis bien des années je n'ai pas aussi bien mangé dans ce quartier que ce soir !	[('food quality', 'positive', 'NULL'), ('restaurant general', 'positive', 'NULL')]
g187147-d5547664-r279984913:1	Un grand remerciement pour cette cuisine riche moderne et pleine de saveur, merci également à l'accueil au service, la gentillesse et le professionnalisme du personnel merci et merci encore	[('food quality', 'positive', 'cuisine'), ('service general', 'positive', 'accueil'), ('service general', 'positive', 'service'), ('service general', 'positive', 'personnel'), ('food style_options', 'positive', 'cuisine')]
g187147-d5943832-r254846937:0	Bien évidemment que l'on paie l'emplacement mais ce n'est pas une raison.	[('location general', 'positive', 'emplacement'), ('restaurant prices', 'negative', 'NULL')]
g187147-d5943832-r254846937:1	La choucroute, le produit phare, est acide et se mange sans réel plaisir....c'est dommage avec un tel potentiel de ne pas faire mieux.	[('food quality', 'negative', 'choucroute'), ('restaurant general', 'negative', 'NULL')]
g187147-d5943832-r254846937:2	Service correct et rapide il ne manque pas grand chose.	[('service general', 'positive', 'Service'), ('restaurant general', 'positive', 'NULL')]
g187147-d6405461-r234970703:0	On a trouvé tout très bon mais l accueil pas très sympa et le service horrible.	[('service general', 'negative', 'accueil'), ('service general', 'negative', 'service')]
g187147-d6405461-r234970703:1	La serveuse n a pas souri de tout le diner, elle nous a servi le premier plat avant des boissons, on a du demande des couverts et du pain trois fois.	[('service general', 'negative', 'serveuse'), ('service general', 'negative', 'NULL')]
g187147-d6405461-r234970703:2	Le prix est raisonnable pour la quantité mais le service est tellement horrible que du coup on a trouvé ça cher.	[('restaurant prices', 'negative', 'NULL'), ('food style_options', 'neutral', 'quantité'), ('service general', 'negative', 'service')]
g187147-d6405461-r234970703:3	C est l endroit parfait si on a envie de se faire oublier et ignorer!	[('service general', 'negative', 'endroit')]
g187147-d6405461-r234970703:4	On ne le recommend pas du tout!!!!	[('restaurant general', 'negative', 'NULL')]
g187147-d6483261-r272575407:0	Dans ce quartier tranquille, un restaurant où l'on peut diner dehors sous les arcades en dégustant une très bonne cuisine de saison.	[('location general', 'positive', 'quartier'), ('food quality', 'positive', 'cuisine'), ('ambience general', 'positive', 'restaurant')]
g187147-d6483261-r272575407:1	Un accueil sympathique et de bon conseil pour le choix des vins.	[('service general', 'positive', 'accueil')]
g187147-d6483261-r272575407:2	De plus, un bon rapport qualité/prix pour ce restaurant parisien.	[('restaurant prices', 'positive', 'restaurant'), ('restaurant general', 'positive', 'restaurant')]
g187147-d6483261-r272575407:3	A recommander.	[('restaurant general', 'positive', 'NULL')]
g187147-d6485557-r261916011:0	Des produits frais,un accueil , un service sympathique et un menu déjeuner à un prix imbattable,ce restaurant mériterait d'être signalé dans les différents guides.	[('food quality', 'positive', 'produits'), ('service general', 'positive', 'service'), ('food prices', 'positive', 'menu déjeuner'), ('restaurant general', 'positive', 'restaurant'), ('service general', 'positive', 'accueil')]
g187147-d6485557-r270933087:0	Excellent dîner , serveuse très aimable , et ambiance tamisée .. Nous avons testé plusieurs entrées et plats .. Personne n a été déçu .	[('food quality', 'positive', 'dîner'), ('service general', 'positive', 'serveuse'), ('ambience general', 'positive', 'ambiance'), ('restaurant general', 'positive', 'NULL')]
g187147-d6485557-r270933087:1	A conseiller !	[('restaurant general', 'positive', 'NULL')]
g187147-d6561412-r270575780:0	Une adresse chaleureuse, avec un cadre cosy et agréable.	[('ambience general', 'positive', 'adresse'), ('ambience general', 'positive', 'cadre')]
g187147-d6561412-r270575780:1	D'excellents tapas, dégustés avec des cocktails délicieux, et pour le moins originaux !	[('food quality', 'positive', 'tapas'), ('drinks quality', 'positive', 'cocktails'), ('drinks style_options', 'positive', 'cocktails')]
g187147-d6877828-r267314039:0	Lieu sympathique, c'est ce qui est vendu.	[('ambience general', 'positive', 'Lieu')]
g187147-d6877828-r267314039:1	Mais coté service et organisation, c'est de l'improvisation en permanence.	[('service general', 'negative', 'service')]
g187147-d6877828-r267314039:2	Temps d'attente trop long et manque évident d'organisation.	"[('service general', 'negative', ""Temps d'attente""), ('service general', 'negative', 'NULL')]"
g187147-d695072-r151206284:0	"A part sa situation et son cadre, vraiment rien d exceptionnel pour cette ""cantine""!"	[('location general', 'positive', 'situation'), ('ambience general', 'positive', 'cadre'), ('restaurant general', 'negative', 'NULL')]
g187147-d695072-r151206284:1	Des plats sans saveur a des prix exorbitants!	[('food quality', 'negative', 'plats'), ('food prices', 'negative', 'plats')]
g187147-d695072-r151206284:2	On se dit toujours qu avez le prix affiches sur la carte, on devrait au moins bien manger.	[('food prices', 'negative', 'carte'), ('food quality', 'negative', 'NULL')]
g187147-d695072-r151206284:3	Et bien NON, passez votre chemin et n entrez pas a la pomponette, c est l arnaque!	[('restaurant general', 'negative', 'pomponette')]
g187147-d695094-r263478630:0	Déception au moment de gouter l'onglet épais et bourratif , le foie de veau de mon mari avait la même apparence que mon plat, même sauce marron aux echalotes...franchement rien d'exceptionnel!	[('food quality', 'negative', 'foie de veau'), ('food quality', 'negative', 'onglet'), ('food quality', 'negative', 'sauce marron aux echalotes'), ('food quality', 'negative', 'NULL')]
g187147-d695094-r263478630:1	Le service sympa sans plus et le prix en accords avec la quantité , bons desserts ,mais on n'y retournera pas !	[('service general', 'positive', 'service'), ('food quality', 'positive', 'desserts'), ('food prices', 'neutral', 'NULL')]
g187147-d695099-r213681876:0	Cette adresse a été très bien durant plusieurs années.	[('restaurant general', 'positive', 'adresse')]
g187147-d695099-r213681876:1	Mais ça, c'était avant.	[('restaurant general', 'negative', 'NULL')]
g187147-d695099-r213681876:2	La carte est moins complète, certains plats particulièrement gouteux et originaux ont disparu.	[('food style_options', 'negative', 'carte')]
g187147-d695099-r213681876:3	Le service s'est dégradé.	[('service general', 'negative', 'service')]
g187147-d695099-r213681876:4	Plus de sourire, accueil glacial.	[('service general', 'negative', 'accueil')]
g187147-d695099-r213681876:5	Et la cuisine se déteriore, tout cela est de moins en moins digeste.	[('food quality', 'negative', 'cuisine')]
g187147-d695099-r213681876:6	C'est bien dommage.	[('restaurant general', 'negative', 'NULL')]
g187147-d695107-r194313962:0	Ici, aucun artifice.	[('restaurant general', 'positive', 'NULL')]
g187147-d695107-r194313962:1	Des produits frais, bien assaisonnés et préparés avec respect de la cuisine française.	[('food quality', 'positive', 'produits')]
g187147-d695107-r194313962:2	Le personnel est attentionné, patient, courtois et discret...	[('service general', 'positive', 'personnel')]
g187147-d695107-r194313962:3	Bravo	[('restaurant general', 'positive', 'NULL')]
g187147-d695107-r262030496:0	Les terrines et la viande sont excellents ainsi que les vins du Beaujolais.	[('food quality', 'positive', 'terrines'), ('food quality', 'positive', 'viande'), ('drinks quality', 'positive', 'vins du Beaujolais')]
g187147-d695107-r262030496:1	Une cuisine simple mais goûteuse avec de bons produits.	[('food quality', 'positive', 'cuisine'), ('food quality', 'positive', 'produits')]
g187147-d695107-r262030496:2	L’entrecôte aux échalotes avec ses champignons poêles est un délice.	[('food quality', 'positive', 'entrecôte aux échalotes')]
g187147-d695107-r262030496:3	c'est toujours un régal d'y aller.	[('food quality', 'positive', 'NULL')]
g187147-d695114-r263801558:0	Des prix très élevés pour des plats à la limite du mangeable.	[('food quality', 'negative', 'plats'), ('food prices', 'negative', 'plats')]
g187147-d695114-r263801558:1	J'ai mangé un poulet surcruit et très sec pour 25euros !	[('food quality', 'negative', 'poulet'), ('food prices', 'negative', 'poulet')]
g187147-d695114-r263801558:2	Une honte	[('restaurant general', 'negative', 'NULL')]
g187147-d695114-r280456667:0	A tout heure on peut manger correctement et si l'on s'en tient aux menus c'est correct et a tarif acceptable compte tenu du caractère institutionnel du restaurant.	[('food quality', 'neutral', 'menus'), ('food prices', 'neutral', 'menus'), ('ambience general', 'positive', 'restaurant')]
g187147-d695114-r280456667:1	A la carte c'est beaucoup plus cher mais le choix est plus large.	[('food prices', 'negative', 'carte'), ('food style_options', 'positive', 'carte')]
g187147-d695114-r280456667:2	Accueil souriant, service rapide dans un cadre classé, c'est un bon souvenir de Paris	[('service general', 'positive', 'Accueil'), ('service general', 'positive', 'service'), ('ambience general', 'positive', 'cadre'), ('restaurant general', 'positive', 'NULL')]
g187147-d695115-r213875078:0	Vraiment delicieux.	[('food quality', 'positive', 'NULL')]
g187147-d695115-r213875078:1	La cuisine est excellente dans un cadre original dans lequel on se sent bien.	[('food quality', 'positive', 'cuisine'), ('ambience general', 'positive', 'cadre')]
g187147-d695115-r213875078:2	Une belle carte pleine de bonnes surprises.	[('food style_options', 'positive', 'carte')]
g187147-d695115-r250178681:0	Cet établissement est très agréable.	[('ambience general', 'positive', 'établissement')]
g187147-d695115-r250178681:1	Le service y est parfait, le personnel fort sympathique et compétent.	[('service general', 'positive', 'service'), ('service general', 'positive', 'personnel')]
g187147-d695115-r250178681:2	La cuisine excellente, et les truffes y sont servies à prix très doux.	[('food quality', 'positive', 'cuisine'), ('food prices', 'positive', 'truffes')]
g187147-d695115-r250178681:3	En bref c' est certainement un des meilleurs bistrot parisien.	[('restaurant general', 'positive', 'NULL')]
g187147-d695179-r233738791:0	"Tout était parfait : l'accueil, le cadre, l'ambiance (une pianiste joue des morceaux classiques entre deux ""numéros de chant""), le repas très fin, et surtout les chants !"	[('service general', 'positive', 'accueil'), ('ambience general', 'positive', 'cadre'), ('ambience general', 'positive', 'ambiance'), ('food quality', 'positive', 'repas'), ('ambience general', 'positive', 'chants')]
g187147-d695179-r233738791:1	Avoir des artistes talentueux qui chantent de l'opéra juste à côté de nous, c'est magique !	[('ambience general', 'positive', 'NULL')]
g187147-d695179-r233738791:2	Une excellente soirée qui vaut largement le prix.	[('restaurant general', 'positive', 'NULL'), ('restaurant prices', 'positive', 'NULL')]
g187147-d695189-r251436609:1	J'ai trouvé la cuisine assez ,moyenne.	[('food quality', 'negative', 'cuisine')]
g187147-d695189-r251436609:2	Mon entrée de l'avocat a été tout à fait ordinaire.	[('food quality', 'neutral', 'entrée')]
g187147-d695189-r251436609:3	Le plat des coquilles Saint Jacques avec des pâtes a été correct.	[('food quality', 'neutral', 'coquilles Saint Jacques')]
g187147-d695189-r251436609:4	Le dessert une tarte fine a été très moyen.	[('food quality', 'negative', 'tarte fine')]
g187147-d695189-r251436609:5	La tarte a été froide et pas particulièrement fraîche.	[('food quality', 'negative', 'tarte')]
g187147-d695189-r251436609:6	La glace d'accompagnement était correcte mais une petite boule seulement.	[('food quality', 'neutral', 'glace'), ('food style_options', 'negative', 'glace')]
g187147-d695189-r251436609:7	Nous avons été presque les seuls clients pendant la soirée.	[('restaurant miscellaneous', 'negative', 'NULL')]
g187147-d695189-r251436609:8	Mes collègues ont été en moyenne satisfaits.	[('restaurant general', 'neutral', 'NULL')]
g187147-d695189-r251436609:9	Mon voisin a fait réchauffer ses rognons qui étaient froid.	[('food quality', 'negative', 'rognons')]
g187147-d695189-r251436609:10	Donc ne pas sélectionner ce restaurant pour un repas gourmet mais pour manger correctement sans plus.	[('food quality', 'neutral', 'repas'), ('restaurant general', 'neutral', 'restaurant')]
g187147-d695264-r251049321:0	Jamais nous ne retournerons dans ce restaurant.	[('restaurant general', 'negative', 'restaurant')]
g187147-d695264-r251049321:1	Nous avons gouté plusieurs plats sans saveur, sans raffinement.	[('food quality', 'negative', 'plats')]
g187147-d695264-r251049321:2	Je ne vois pas d'ou il peut tenir sa réputation.	[('restaurant general', 'negative', 'NULL')]
g187147-d695264-r251049321:3	Donc si vous allez au restaurant pour passer un agréable moment et manger de bonnes choses A EVITER.	[('food quality', 'negative', 'NULL'), ('ambience general', 'negative', 'NULL')]
g187147-d695264-r251049321:4	Si vous allez au restaurant pour être vu c'est l'endroit idéal.	[('restaurant general', 'negative', 'endroit')]
g187147-d695264-r251049321:5	A part la cuisine lamentable, le décor est sympa et le service est très agréable.	[('food quality', 'negative', 'cuisine'), ('ambience general', 'positive', 'décor'), ('service general', 'positive', 'service')]
g187147-d714972-r238411009:0	Le maître mot, l'authenticité.	[('restaurant miscellaneous', 'positive', 'NULL')]
g187147-d714972-r238411009:1	Ici, la cuisine française est à l'honneur.	[('food style_options', 'positive', 'cuisine française')]
g187147-d714972-r238411009:2	Une table de caractère où l'on se rend quand on apprécie les bonnes choses.	[('food quality', 'positive', 'table')]
g187147-d714972-r238411009:3	Du gout du juste, on adore.	[('food quality', 'positive', 'NULL')]
g187147-d714972-r238411009:4	L'esprit convivial comme on aime.	[('ambience general', 'positive', 'NULL')]
g187147-d714972-r238411009:5	un peu bruyant néanmoins compte tenu de la proximité des tables.	[('ambience general', 'negative', 'NULL')]
g187147-d714972-r238411009:6	Un vrai régal faites que ça dure.	[('food quality', 'positive', 'NULL')]
g187147-d718040-r276053524:0	Très bon rapport qualité prix pour ce petit restaurant très agréable.	[('restaurant prices', 'positive', 'restaurant'), ('restaurant general', 'positive', 'restaurant')]
g187147-d718040-r276053524:1	Service impeccable, le patron et le serveur ont toujours le sourire !	[('service general', 'positive', 'Service'), ('service general', 'positive', 'patron'), ('service general', 'positive', 'serveur')]
g187147-d718040-r276053524:2	Nous avons testé de nombreux plats différents et toujours excellents !	[('food quality', 'positive', 'plats')]
g187147-d718125-r136582295:0	Rapport qualité-prix très honnête pour ce grand restaurant.	[('restaurant prices', 'positive', 'NULL'), ('restaurant general', 'positive', 'restaurant')]
g187147-d718125-r136582295:1	Excellent.	[('food quality', 'positive', 'NULL')]
g187147-d718125-r136582295:2	De l'entrée au dessert en passant par un très beau choix de carte des vins.	[('drinks style_options', 'positive', 'carte des vins')]
g187147-d718125-r136582295:3	Tout ça pour une trentaine d'euros, et moins de 50€ avec boisson, c'est remarquable !	[('restaurant prices', 'positive', 'NULL')]
g187147-d718125-r136582295:4	Bravo	[('restaurant general', 'positive', 'NULL')]
g187147-d718132-r119263750:0	L'atmosphère et le décors classique vous ravirons.	[('ambience general', 'positive', 'atmosphère'), ('ambience general', 'positive', 'décors')]
g187147-d718132-r119263750:1	Le service a été impeccable, à la fois diligent et discret.	[('service general', 'positive', 'service')]
g187147-d718132-r119263750:2	J'adore ces restaurants où on a toujours du vin dans notre coupe sans jamais avoir à toucher à la bouteille, pour moi çà témoigne que le personnel garde toujours un oeil sur vous pour vous servir.	[('service general', 'positive', 'personnel')]
g187147-d718132-r119263750:3	La synchronisation (moment pour servir les différents plats) était tout à fait correcte.	[('service general', 'positive', 'synchronisation')]
g187147-d718132-r119263750:4	La nourriture était savoureuse.	[('food quality', 'positive', 'nourriture')]
g187147-d718132-r119263750:5	Un peu plus de légumes dans les portions serait apprécié pour notre goût.	[('food style_options', 'negative', 'NULL')]
g187147-d718132-r119263750:6	La carte des vins était adéquate, mais le vin est servi un tantinet trop chaud.	[('drinks style_options', 'positive', 'carte des vins'), ('drinks quality', 'negative', 'vin')]
g187147-d718133-r279293892:0	Un déjeuner parfait !	[('restaurant general', 'positive', 'déjeuner')]
g187147-d718133-r279293892:1	L'accueil et le service sont irréprochables : sympathique , pas du tout guindé ; jeune, généreux !	[('service general', 'positive', 'accueil'), ('service general', 'positive', 'service')]
g187147-d718133-r279293892:2	L'accueil et le service, c'est comme dans l'assiette avec un menu déjeuner qui n'a pas son égal !	[('food quality', 'positive', 'menu déjeuner'), ('service general', 'positive', 'accueil'), ('service general', 'positive', 'service')]
g187147-d718133-r279293892:3	Tout est raffiné, parfumé, esthétique, surprenant !	[('food quality', 'positive', 'NULL'), ('food style_options', 'positive', 'NULL')]
g187147-d718133-r279293892:4	Un grand bonheur !	[('food quality', 'positive', 'NULL')]
g187147-d718133-r279293892:5	Beaucoup de gentillesse , plein de saveurs !	[('service general', 'positive', 'NULL'), ('food quality', 'positive', 'NULL')]
g187147-d718133-r279293892:6	What else ?	[('restaurant general', 'positive', 'NULL')]
g187147-d718134-r168142384:0	Les plats sont excellents de l'entrée au dessert.	[('food quality', 'positive', 'plats')]
g187147-d718134-r168142384:1	Cela rattrape l'heure et demi d'attente pour avoir une place.	[('service general', 'negative', 'attente')]
g187147-d718134-r168142384:2	En effet, le soir il n'y a pas de réservation possible, donc c'est sur une liste d'attente qui, parait-il en fin de semaine peut être tres longue.	[('restaurant miscellaneous', 'negative', 'NULL')]
g187147-d718134-r168142384:3	Le cadre est très agréable et le service cordial.	[('ambience general', 'positive', 'cadre'), ('service general', 'positive', 'service')]
g187147-d718146-r234555664:0	Restaurant bondé.	[('restaurant miscellaneous', 'neutral', 'Restaurant')]
g187147-d718146-r234555664:1	C'est bon signe.	[('restaurant general', 'positive', 'NULL')]
g187147-d718146-r234555664:2	On confirme bonne table parisienne.	[('food quality', 'positive', 'NULL')]
g187147-d718146-r234555664:3	Apéro maison conseillé.	[('food quality', 'positive', 'Apéro')]
g187147-d718146-r234555664:4	Juste un peu déçu sur l'assaisonnement.	[('food quality', 'negative', 'assaisonnement')]
g187147-d718146-r234555664:5	Foie gras manquait un peu de cuisson.	[('food quality', 'negative', 'Foie gras')]
g187147-d718146-r234555664:6	Lièvre pas mauvais mais trop broyé.	[('food quality', 'negative', 'Lièvre')]
g187147-d718146-r234555664:7	Le vin parfait.	[('drinks quality', 'positive', 'vin')]
g187147-d718146-r234555664:8	Service aimable.	[('service general', 'positive', 'Service')]
g187147-d718792-r256539595:0	"Charmante ambiance de brasserie avec un personnel très sympathique, plats typiquement français et de saison mais préparés de façon un peu trop ""industriel"" : Par exemple, le gigot de 7 heures servi en cocotte est bouilli !!! Rapport qualité/prix un peu exagéré."	[('ambience general', 'positive', 'ambiance'), ('food quality', 'negative', 'plats'), ('food quality', 'negative', 'gigot'), ('food prices', 'negative', 'NULL'), ('food quality', 'negative', 'NULL'), ('service general', 'positive', 'personnel'), ('food style_options', 'positive', 'plats')]
g187147-d718799-r284156821:3	- Le sourcing des produits est top	[('food quality', 'positive', 'produits')]
g187147-d718799-r284156821:4	- c'est bon, maîtrisé et des fois original	[('food quality', 'positive', 'NULL'), ('food style_options', 'positive', 'NULL')]
g187147-d718799-r284156821:5	- Formule le midi TOP	[('food style_options', 'positive', 'Formule')]
g187147-d718799-r284156821:8	- patron désagréable, bourru et hautain	[('service general', 'negative', 'patron')]
g187147-d718799-r284156821:9	- c'est souvent cher	[('restaurant prices', 'negative', 'NULL')]
g187147-d718799-r284156821:10	"- Les vins ""bio"" ""naturel"" souvent cher et dégueulasse"	[('drinks prices', 'negative', 'vins'), ('drinks quality', 'negative', 'vins')]
g187147-d718799-r284156821:14	A faire si on est dans le coin, mais pas la peine de s'y précipiter, des très bon bistros c'est pas ce qui manque à Paris.	[('restaurant general', 'neutral', 'NULL')]
g187147-d718802-r273847722:0	Cuisine correcte mais pas exceptionnelle, service lent.	[('food quality', 'neutral', 'Cuisine'), ('service general', 'negative', 'service')]
g187147-d718802-r273847722:1	N'accepte ni les tickets restaurants ni la carte American Express... et vous le fait savoir sans ménagement.	[('service general', 'negative', 'NULL'), ('restaurant miscellaneous', 'negative', 'NULL')]
g187147-d718802-r273847722:2	Dommage car le cadre est sympa.	[('ambience general', 'positive', 'cadre'), ('restaurant general', 'negative', 'NULL')]
g187147-d718804-r215863872:1	La terrasse est bien, pour la cuisine c'est autre chose...	[('ambience general', 'positive', 'terrasse'), ('food quality', 'negative', 'cuisine')]
g187147-d718804-r215863872:2	Une dorade au chorizo, sans chorizo.	[('food style_options', 'negative', 'dorade au chorizo')]
g187147-d718804-r215863872:3	A la place une espèce de confit de tomates au citron tout simplement immangeable.	[('food quality', 'negative', 'confit de tomates au citron')]
g187147-d718804-r215863872:5	Et bien, trop de jus de citron mais aucun geste commercial.	[('service general', 'negative', 'NULL')]
g187147-d718804-r215863872:6	"La ""purée"" dite maison est de la mousseline, et je ne parle pas des autres légumes qui sont bouillis et sans goût."	[('food quality', 'negative', 'purée'), ('food quality', 'negative', 'légumes')]
g187147-d718804-r215863872:7	Je trouve regrettable également que tous les plats sont arrivés froids...	[('food quality', 'negative', 'plats')]
g187147-d718804-r215863872:8	Le carpaccio de tomates en entrée était bon.	[('food quality', 'positive', 'carpaccio')]
g187147-d718804-r215863872:9	Le dessert, une soupe de fraises au basilic était correct.	[('food quality', 'neutral', 'soupe de fraises au basilic')]
g187147-d718804-r215863872:10	Bref, pour deux personnes avec une bouteille de rosé : 86€ pour des plats froids, sans saveurs, et qui ne correspondent pas à ce qui est écrit sur la carte.	[('food quality', 'negative', 'plats'), ('restaurant prices', 'negative', 'NULL')]
g187147-d718804-r215863872:11	A cela s'ajoute la mauvaise foi de la patronne...	[('service general', 'negative', 'patronne')]
g187147-d718804-r215863872:12	Malgré une terrasse sympa, je ne mettrai plus jamais les pieds de ma vie dans ce restaurant...	[('ambience general', 'positive', 'terrasse'), ('restaurant general', 'negative', 'restaurant')]
g187147-d718807-r133440963:0	Une équipe aimable, de la vraie nourriture traditionnelle française, fraîcheur des aliments, inventivité (pieds de cochons à tester :)) dans les recettes, de bon petits vins, franchement, ça fait 4 fois que j'y vais, et j'en suis toujours ravie !	[('service general', 'positive', 'équipe'), ('food quality', 'positive', 'nourriture traditionnelle française'), ('food quality', 'positive', 'aliments'), ('food quality', 'positive', 'pieds de cochons'), ('drinks quality', 'positive', 'vins'), ('restaurant general', 'positive', 'NULL')]
g187147-d718807-r133440963:1	A deux pas du panthéon en plus, on se dit que ça va être touristique, mais non : un décor assez intime, rétro, avec de grands miroirs, la carte sur une ardoise à l'ancienne, les tables en beau bois...	[('ambience general', 'positive', 'décor')]
g187147-d718807-r133440963:2	Une très bonne adresse !	[('restaurant general', 'positive', 'adresse')]
g187147-d718807-r133440963:3	je vous conseille la formule à 16,50 €.	[('food quality', 'positive', 'formule'), ('food prices', 'positive', 'formule')]
g187147-d718815-r239220174:0	Nous avons très bien mangé.	[('food quality', 'positive', 'NULL')]
g187147-d718815-r239220174:1	Le point fort de ce bistrot chaleureux est sa cuisine.	[('ambience general', 'positive', 'bistrot'), ('food quality', 'positive', 'cuisine')]
g187147-d718815-r239220174:2	Les plats sont servis en quantité suffisante et bien chauds.	[('food style_options', 'positive', 'plats')]
g187147-d718815-r239220174:3	L'accueil est souriant et le service agréable.	[('service general', 'positive', 'accueil'), ('service general', 'positive', 'service')]
g187147-d718815-r239220174:4	Le menu à 26 euros pour entrée/plat/dessert offre un rapport qualité/prix très satisfaisants.	[('food prices', 'positive', 'menu'), ('food quality', 'positive', 'menu')]
g187147-d718815-r239220174:5	Les points négatifs sont le manque d'espace (les tables sont petites et très rapprochées), l'environnement plutôt bruyant et le délai d'attente avant d'être servis (45 minutes environ avant d'avoir l'entrée).	[('service general', 'negative', 'attente'), ('restaurant miscellaneous', 'negative', 'NULL'), ('ambience general', 'negative', 'environnement')]
g187147-d718815-r239220174:6	Malgré cela, j'y retournerai avec plaisir et vous invite à découvrir cet endroit.	[('restaurant general', 'positive', 'endroit')]
g187147-d719218-r246393236:1	La cuisine est très bonne mais les prix sont exagérés même pour le quartier.	[('food quality', 'positive', 'cuisine'), ('restaurant prices', 'negative', 'NULL')]
g187147-d719218-r246393236:2	La patronne quant à elle est inexistante voire désinvolte et désagréable avec les clients.	[('service general', 'negative', 'patronne')]
g187147-d719490-r191353563:0	Temps d'attente très long et le service mauvais ce qui gâche un peu la soiree.	"[('service general', 'negative', ""Temps d'attente""), ('service general', 'negative', 'service')]"
g187147-d719490-r191353563:1	Beaucoup trop de tables pour la surface, les clients sont entassés.	[('restaurant miscellaneous', 'negative', 'NULL')]
g187147-d719490-r191353563:2	Une nourriture correcte.	[('food quality', 'neutral', 'nourriture')]
g187147-d779419-r270630138:0	"Le repas est très bon avec des produit de qualité, enfin du ""fait maison""."	[('food quality', 'positive', 'repas'), ('food quality', 'positive', 'produit')]
g187147-d779419-r270630138:1	Serveuse très agréable et souriante.	[('service general', 'positive', 'Serveuse')]
g187147-d779419-r270630138:2	Menu à 25€ très complet et goutteux, rapport qualité/prix imbattable dans le quartier.	[('food quality', 'positive', 'Menu'), ('food style_options', 'positive', 'Menu'), ('food prices', 'positive', 'Menu')]
g187147-d779419-r270630138:3	Si on cherche la petite bête, peut etre un peu d'attente.	[('service general', 'negative', 'attente')]
g187147-d779419-r270630138:4	Nous reviendrons.	[('restaurant general', 'positive', 'NULL')]
g187147-d779840-r237971138:0	Ma meilleure adresse de restau thai!	[('restaurant general', 'positive', 'restau')]
g187147-d779840-r237971138:1	Dans mon assiette: la cuisine est un délice.	[('food quality', 'positive', 'cuisine')]
g187147-d779840-r237971138:2	Fine, parfumée, avec du lait de coco en parcimonie, savamment épicée.	[('food quality', 'positive', 'NULL'), ('food style_options', 'positive', 'NULL')]
g187147-d779840-r237971138:3	L'accueil: au top!	[('service general', 'positive', 'accueil')]
g187147-d779840-r237971138:4	L'alliance de la chaleur asiatique et tout la délicatesse du service à l occidentale.	[('service general', 'positive', 'service'), ('ambience general', 'positive', 'NULL')]
g187147-d779840-r237971138:5	L'attente n'est pas plus longue qu ailleurs.	[('service general', 'neutral', 'attente')]
g187147-d779840-r237971138:6	On se sent guidé dans nos choix de mets.	[('service general', 'positive', 'NULL')]
g187147-d779840-r237971138:7	Mon porte-feuille: tout à fait raisonnable.	[('restaurant prices', 'positive', 'NULL')]
g187147-d779840-r237971138:9	Cela fait des années que j y ai fait mon qg et les convives que j ai amené en ont fait le leur.	[('restaurant general', 'positive', 'NULL')]
g187147-d781410-r245477683:0	Cuisine de mauvaise qualité, plats certainement réchauffés plusieurs fois, hygiène à désirer...	[('food quality', 'negative', 'Cuisine'), ('restaurant miscellaneous', 'negative', 'NULL'), ('food quality', 'negative', 'plats')]
g187147-d781410-r245477683:1	Les serveurs sont difficilement compréhensibles et surtout peu aimables !	[('service general', 'negative', 'serveurs')]
g187147-d781410-r245477683:2	Enfin, on ne peut pas dire que le cadre soit agréable.	[('ambience general', 'negative', 'cadre')]
g187147-d781410-r245477683:3	En résumé, ce restaurant est à éviter.	[('restaurant general', 'negative', 'restaurant')]
g187147-d783245-r182683264:0	Sympathique restaurant de quartier au cadre bien parisien avec toutes ces affiches sur les murs.	[('restaurant general', 'positive', 'restaurant'), ('ambience general', 'positive', 'cadre')]
g187147-d783245-r182683264:1	"On est un peu serrés mais vos voisins sont toujours agréables et certains ont ce qu'on appelle ""une tête""."	[('ambience general', 'positive', 'NULL')]
g187147-d783245-r182683264:2	Côté cuisine c'est très honorable et il y a un bon rapport qualité/prix.	[('food quality', 'positive', 'cuisine'), ('food prices', 'positive', 'cuisine')]
g187147-d783245-r182683264:3	Rien de gastronomique bien sûr mais cuisine de terroir.On vient ici pour passer un bon moment entre copains sans se ruiner et on y revient avec plaisir.	[('food style_options', 'positive', 'cuisine'), ('restaurant prices', 'positive', 'NULL'), ('restaurant miscellaneous', 'positive', 'NULL'), ('restaurant general', 'positive', 'NULL')]
g187147-d783786-r234074304:0	Et bien moi je n'ai absolument rien à redire sur le service !	[('service general', 'positive', 'service')]
g187147-d783786-r234074304:1	Les serveurs et serveuses étaient sympas et tout était très bien organisé, il n'y avait pas du tout de pression au contraire ils étaient tous très cool malgré la tonne de plats qu'ils avaient à servir !	[('service general', 'positive', 'serveurs'), ('service general', 'positive', 'serveuses')]
g187147-d783786-r234074304:2	Le courant est très bien passé avec nous et pourtant nous étions une grande tablée de 12 personnes très actives !	[('service general', 'positive', 'NULL')]
g187147-d783786-r234074304:3	Quelques-uns ont vu leur souris d'agneau pas bien cuite donc 2 bouteilles de rouges nous ont été offertes en compensation.	"[('food quality', 'negative', ""souris d'agneau""), ('service general', 'positive', 'NULL')]"
g187147-d783786-r234074304:4	Moi j'ai pris un filet de boeuf sauce aux morilles, c'était tout à fait délicieux et cuit comme il le fallait, parfait.	[('food quality', 'positive', 'filet de boeuf sauce aux morilles')]
g187147-d783786-r234074304:5	Les frites maison sont un régal également.	[('food quality', 'positive', 'frites')]
g187147-d783786-r234074304:6	Aussi je vous conseille de gouter le mojito, un grand verre pour 5€, super bon.	[('drinks quality', 'positive', 'mojito'), ('drinks prices', 'positive', 'mojito')]
g187147-d783786-r234074304:7	Nous sommes venus un samedi soir, le restaurant était plein, même sur la terrasse, donc un conseil : réservez à l'avance !	[('restaurant miscellaneous', 'neutral', 'restaurant')]
g187147-d783786-r234074304:8	Pour la plupart d'entre nous, nous avons trouvé notre QG du quai de seine !	[('restaurant general', 'positive', 'NULL')]
g187147-d786001-r274077961:0	Un restaurant accueillant, le chef et ses collaborateurs sont très sympas et souriants.	[('ambience general', 'positive', 'restaurant'), ('service general', 'positive', 'chef'), ('service general', 'positive', 'ses collaborateurs')]
g187147-d786001-r274077961:1	L'ambiance y est décontractée et cosy à la fois...	[('ambience general', 'positive', 'ambiance')]
g187147-d786001-r274077961:2	Si j'avais habité le quartier, il y aurait eu de fortes chances pour que j'en fasse ma cantine du soir.	[('restaurant general', 'positive', 'NULL')]
g187147-d786001-r274077961:3	Une cuisine de bistrot mais très soigneuse, certains plats traditionnels sont excellemment revisités.	[('food quality', 'positive', 'cuisine'), ('food quality', 'positive', 'plats traditionnels')]
g187147-d786001-r274077961:4	Le pot au feu aux joues de boeuf est à tomber par terre!	[('food quality', 'positive', 'pot au feu aux joues de boeuf')]
g187147-d786001-r274077961:5	Délicieux au palais , ils sont aussi très agréables à la vue.	[('food quality', 'positive', 'NULL'), ('food style_options', 'positive', 'NULL')]
g187147-d786001-r274077961:6	Bravo!	[('restaurant general', 'positive', 'NULL')]
g187147-d786149-r239880232:0	L'endroit est sale, la nourriture industrielle et de très mauvaise qualité, le personnel peu aimable, rien dans ce restaurant n'est acceptable.	[('restaurant miscellaneous', 'negative', 'endroit'), ('food quality', 'negative', 'nourriture'), ('service general', 'negative', 'personnel'), ('restaurant general', 'negative', 'restaurant')]
g187147-d786149-r239880232:1	A fuir.	[('restaurant general', 'negative', 'NULL')]
g187147-d789100-r275092629:0	Nous sommes allé, avec ma copine et des amies, l'accueil est chaleureux, le cadre très sympa.	[('service general', 'positive', 'accueil'), ('ambience general', 'positive', 'cadre')]
g187147-d789100-r275092629:1	Les couscous et tajines sont délicieux accompagné d'un bon vin rouge marocain de la sympathies du personnel et du thé à la menthe, une soirée très agréable.	[('food quality', 'positive', 'couscous'), ('food quality', 'positive', 'tajines'), ('drinks quality', 'positive', 'vin rouge marocain'), ('service general', 'positive', 'personnel'), ('drinks quality', 'positive', 'thé à la menthe'), ('restaurant general', 'positive', 'NULL')]
g187147-d789100-r275092629:2	Un rapport qualité prix correct.	[('restaurant prices', 'neutral', 'NULL'), ('restaurant general', 'neutral', 'NULL')]
g187147-d7910212-r273306333:1	Cuisine bonne mais rien d'extraordinaire, lotte, pintade...	[('food quality', 'neutral', 'Cuisine')]
g187147-d7910212-r273306333:2	Un menu enfant avec un seul choix de plat et pas possible d'avoir autre chose, nous avons dû commander la pintade beaucoup trop copieuse pour un enfant de 8 ans qui nou sa été compté en plat adulte à 25 euros !	[('food style_options', 'negative', 'menu enfant'), ('food style_options', 'negative', 'pintade'), ('food prices', 'negative', 'pintade')]
g187147-d7910212-r273306333:3	Une très chère volaille !	[('food prices', 'negative', 'volaille')]
g187147-d7910212-r273306333:5	Bref 140 euros à 3 avec 2 verres de vin et une limonade, c'est trop pour un déjeuner très simple.	[('restaurant prices', 'negative', 'déjeuner')]
g187147-d7910212-r273306333:6	Service moyen avec un jeune homme dont, à mon avis ce n'est pas le métier.	[('service general', 'negative', 'Service'), ('service general', 'negative', 'jeune homme')]
g187147-d7910212-r273306333:7	Le patron breton est, lui, sympa !	[('service general', 'positive', 'patron')]
g187147-d793191-r257724950:0	Très conviviale, c'est plus qu'un restaurant,on se sent en famille.Un	[('ambience general', 'positive', 'NULL')]
g187147-d793191-r257724950:1	repas et un vin irréprochable, service impeccable.	[('service general', 'positive', 'service'), ('food quality', 'positive', 'repas'), ('drinks quality', 'positive', 'vin')]
g187147-d793296-r180039349:0	Malgré la bonne volonté de la serveuse, on sent l'endroit assez mal organisé.	[('service general', 'positive', 'serveuse'), ('service general', 'negative', 'endroit')]
g187147-d793296-r180039349:1	En effet , entre les plats qui arrivent en retard et ceux qui ne sont pas cuits comme demandé, c'est un peu agaçant.	[('service general', 'negative', 'NULL'), ('food quality', 'negative', 'plats')]
g187147-d793296-r180039349:2	Les produits sont bons et de bonne qualité cependant et l'endroit, même si un peu sombre à mon goût, n'est pas désagréable.	[('food quality', 'positive', 'produits'), ('ambience general', 'positive', 'endroit')]
g187147-d793296-r180039349:3	A améliorer pour que cela devienne une vraie bonne adresse !	[('restaurant general', 'negative', 'adresse')]
g187147-d795288-r194158635:0	Nous avons beaucoup fréquenté ce petit restaurant , mais là il a beaucoup baissé ...	[('restaurant general', 'negative', 'restaurant')]
g187147-d795288-r194158635:1	On repart avec une faim de loup car les assiettes sont minuscules, et l addition ..., très salée ...	[('restaurant prices', 'negative', 'NULL'), ('food style_options', 'negative', 'assiettes')]
g187147-d795288-r194158635:3	A éviter si on tient à son porte monnaie...!	[('restaurant prices', 'negative', 'NULL')]
g187147-d796790-r259054204:0	Bel endroit certes et c'est tout ce que je pourrai écrire de positif.	[('restaurant miscellaneous', 'positive', 'endroit'), ('restaurant general', 'negative', 'endroit')]
g187147-d796790-r259054204:1	Un service inexistant et totalement désordonné ; un patron qui passe plus de temps à discuter avec ses amis en plein milieu de la salle de restaurant plutot que de faire son travail.	[('service general', 'negative', 'service'), ('service general', 'negative', 'patron')]
g187147-d796790-r259054204:2	Une ambiance qui se veut bobo / parisienne mais alors plutot sur le déclin vu le panel (âgé) de la salle.	[('ambience general', 'negative', 'ambiance')]
g187147-d796790-r259054204:3	Quant à la nourriture, elle est horrible.	[('food quality', 'negative', 'nourriture')]
g187147-d796790-r259054204:4	A éviter absolument .	[('restaurant general', 'negative', 'NULL')]
g187147-d7972483-r271185057:0	Un excellent repas mélangeant saveur américaines et savoir faire français de l'entrée jusqu'au dessert.	[('food quality', 'positive', 'repas'), ('food style_options', 'positive', 'repas')]
g187147-d7972483-r271185057:1	Nous étions 5 et avons gouté 2 entrées, 5 plats et 4 desserts, tous excellents et très bien préparés, particulièrement les entrées.	[('food quality', 'positive', 'entrées'), ('food quality', 'positive', 'plats'), ('food quality', 'positive', 'desserts')]
g187147-d7972483-r271185057:2	L'ambiance est chaleureuse et originale et le service sans fausses notes et amical est de plus assez rapide.La sélection des vins est en accord avec la carte et le prix avec la votre ;).	[('ambience general', 'positive', 'ambiance'), ('service general', 'positive', 'service'), ('drinks style_options', 'positive', 'vins'), ('restaurant prices', 'positive', 'NULL')]
g187147-d798971-r246183177:0	A recommander, plats excellents, qualité irréprochable, rapport qualité/prix intéressant.	[('food quality', 'positive', 'plats'), ('restaurant prices', 'positive', 'NULL'), ('restaurant general', 'positive', 'NULL')]
g187147-d798971-r246183177:1	Notre choix, magret de canard, délicieux, cassoulet, excellent et côtes d'agneau à se lécher les babines.	"[('food quality', 'positive', 'magret de canard'), ('food quality', 'positive', ""côtes d'agneau""), ('food quality', 'positive', 'cassoulet')]"
g187147-d798971-r246183177:2	Les desserts ne sont pas en reste, charlotte au choco, pain perdu et café gourmand.	[('food quality', 'positive', 'desserts')]
g187147-d798971-r246183177:3	Personnel hyper sympa et de bon conseil.	[('service general', 'positive', 'Personnel')]
g187147-d798971-r246183177:4	Nous y reviendrons !!	[('restaurant general', 'positive', 'NULL')]
g187147-d799578-r31693043:0	"L'intérieur est sympathique, l'ambiance chaleureuse, le service ""à la bonne franquette""."	[('ambience general', 'positive', 'intérieur'), ('ambience general', 'positive', 'ambiance'), ('service general', 'neutral', 'service')]
g187147-d799578-r31693043:1	Un rapport qualité-prix correct pour le quartier .	[('restaurant prices', 'neutral', 'NULL'), ('restaurant general', 'neutral', 'NULL')]
g187147-d799578-r31693043:2	En revanche, les plats que nous avons commandés n'avaient franchement rien d'exceptionnel : légumes pas assez cuits, une souris d'agneau servie en grosse portion, sans finesse aucune.	"[('food quality', 'negative', 'plats'), ('food quality', 'negative', 'légumes'), ('food style_options', 'negative', ""souris d'agneau"")]"
g187147-d799578-r31693043:3	Bon choix de vins.	[('drinks style_options', 'positive', 'vins')]
g187147-d799578-r31693043:4	La ballade romantique apres le repas s'impose.	[('location general', 'positive', 'NULL')]
g187147-d803519-r282932467:1	Petite salade d'été, simple fraîche et pas cher.	[('food quality', 'positive', 'salade'), ('food prices', 'positive', 'salade')]
g187147-d803519-r282932467:2	Tiramisu a la fraise efficace en fin de dîner.	[('food quality', 'positive', 'Tiramisu a la fraise')]
g187147-d803519-r282932467:3	Service sympa, l'équipe très jeune.	[('service general', 'positive', 'Service')]
g187147-d803519-r282932467:4	un des serveurs a le physique d'un enfant de 15ans ;) mais très dynamique et sympa.	[('service general', 'positive', 'serveurs')]
g187147-d803519-r282932467:5	J'y venais souvent il y a quelques année, l'été sur des grandes tables en terrasse à partager de super moments avec ma famille.	[('restaurant miscellaneous', 'positive', 'NULL'), ('ambience general', 'positive', 'terrasse')]
g187147-d803519-r282932467:6	Dommage que je n'ai pas réussi à retrouver cet esprit ce soir la.	[('ambience general', 'negative', 'NULL')]
g187147-d803911-r185527774:0	Un restaurant surement très réputé mais alors il y a longtemps...	[('restaurant general', 'negative', 'restaurant')]
g187147-d803911-r185527774:1	La décoration est restée comme avant et cela a son charme.	[('ambience general', 'positive', 'décoration')]
g187147-d803911-r185527774:2	Mais dans l'assiette aucune cuisine, du réchauffé industriel comme au resto d'entreprise!	[('food quality', 'negative', 'cuisine'), ('food quality', 'negative', 'NULL')]
g187147-d803911-r185527774:3	Un serveur sympathique mais c'est le seul point positif.	[('service general', 'positive', 'serveur'), ('restaurant general', 'negative', 'NULL')]
g187147-d803911-r185527774:4	Allez donc dans une brasserie, vous serez moins déçus.	[('restaurant general', 'negative', 'NULL')]
g187147-d804109-r161366715:0	Très passable, des prix qui refroidissent, un accueil plus que moyen.	[('service general', 'negative', 'accueil'), ('restaurant prices', 'negative', 'NULL'), ('restaurant general', 'negative', 'NULL')]
g187147-d804109-r161366715:1	Et en prime quand un serveur marche sur vos affaires et casse quelque chose, aucune excuse, on vous apporte la note très rapidement...	[('service general', 'negative', 'serveur')]
g187147-d804109-r161366715:2	"Et quand on demande au moins des excuses, on se fou de nos tetes et on est ""gentiment"" prié de ne pas revenir (pour la faire courte)."	[('service general', 'negative', 'NULL')]
g187147-d804109-r161366715:3	C'est sûr je n'y remettrais plus les pieds !!	[('restaurant general', 'negative', 'NULL')]
g187147-d804109-r161366715:4	C'est une honte !	[('restaurant general', 'negative', 'NULL')]
g187147-d809052-r241016390:0	Même en cherchant bien nous ne trouvons toujours pas de points positifs à ce repas!	[('restaurant general', 'negative', 'NULL')]
g187147-d809052-r241016390:1	Service très lent et désordonné, cuisine surgelée et mauvaise, des assiettes banales qu'un enfant peut préparer et qui ne mettent pas en appétit ...	[('service general', 'negative', 'Service'), ('food quality', 'negative', 'cuisine'), ('food style_options', 'negative', 'assiettes')]
g187147-d809052-r241016390:2	Aucune excuse pour le service et l'attente.	[('service general', 'negative', 'service'), ('service general', 'negative', 'attente')]
g187147-d809052-r241016390:3	0 sur toute la ligne.	[('restaurant general', 'negative', 'NULL')]
g187147-d809052-r241016390:4	Plus jamais cet attrape-touristes	[('restaurant miscellaneous', 'negative', 'NULL')]
g187147-d895824-r231506893:0	Je ne conseillerais pas cet établissement.	[('restaurant general', 'negative', 'établissement')]
g187147-d895824-r231506893:1	J'ai pris un tartare coupé au couteau mais le boeuf était de très mauvaise qualité, la viande toute fibreuse et dure et le plat n'avait donc aucune saveur.	[('food quality', 'negative', 'tartare'), ('food quality', 'negative', 'boeuf'), ('food quality', 'negative', 'viande'), ('food quality', 'negative', 'plat')]
g187147-d895824-r231506893:2	Moi qui adore le tartare, je n'en ai même pas mangé les 3/4.	[('food quality', 'negative', 'tartare')]
g187147-d895824-r231506893:3	Ce n'était pas frais et la viande était mauvaise.	[('food quality', 'negative', 'viande'), ('food quality', 'negative', 'NULL')]
g187147-d945494-r280101574:0	Un ami nous a recommandé ce restaurant, et il a eu bien raison.	[('restaurant general', 'positive', 'restaurant')]
g187147-d945494-r280101574:1	Accueil très chaleureuse , service impeccable, les gerants sont très sympathique et très professionnel.	[('service general', 'positive', 'NULL'), ('service general', 'positive', 'service'), ('service general', 'positive', 'gerants')]
g187147-d945494-r280101574:2	La qualité de la nourriture est juste magnifique, on peut même repartir avec des petits pots ou ingrédients utilisé par le restaurant qui sont vendu à la sortie.	[('food quality', 'positive', 'nourriture'), ('restaurant miscellaneous', 'positive', 'NULL')]
g187147-d945494-r280101574:3	Je le recommande grandement	[('restaurant general', 'positive', 'NULL')]
g187147-d947484-r266104321:0	L'accueil est vraiment conviviale, c'est un petit paradis quand on est en terrasse, la cuisine est excellente.	[('service general', 'positive', 'accueil'), ('ambience general', 'positive', 'terrasse'), ('food quality', 'positive', 'cuisine')]
g187147-d947484-r266104321:1	Je le conseille vivement.	[('restaurant general', 'positive', 'NULL')]
g187147-d949737-r258138594:0	Par malchance je n'avais pas consulté les avis avant de décider de notre dîner dans ce restaurant quelle erreur !	[('restaurant general', 'negative', 'restaurant')]
g187147-d949737-r258138594:1	Cela m'oblige à être très désagréable pour cet avis malgré ma nature conciliante.	[('restaurant general', 'negative', 'NULL')]
g187147-d949737-r258138594:3	L'apéritif inclus ne nous est pas servi et les entrées sont amenées précipitamment jusque là rien de trop grave ...foie gras et saumon corrects puis une heure d'attente pour avoir les plats : un tartare et un pavé au poivre la viande devait être de qualité correcte sensée être une sélection Hugo Desnoyer (mauvaise idée de laisser maltraiter ainsi ses produits) mais si le tartare est mangeable bien que peu assaisonné le pavé lui est cuit façon semelle sèche et charbonneuse mais effectivement saignante à coeur, un exploit et l'huile utilisée pour les frites n'a pas dû être filtrée donc elles sont plutôt bonnes mais grises ...	[('service general', 'negative', 'NULL'), ('food quality', 'neutral', 'foie gras'), ('food quality', 'neutral', 'saumon'), ('service general', 'negative', 'attente'), ('food quality', 'neutral', 'tartare'), ('food style_options', 'negative', 'tartare'), ('food quality', 'negative', 'pavé'), ('food quality', 'negative', 'frites'), ('food quality', 'neutral', 'viande')]
g187147-d949737-r258138594:4	De nouveau 30 à 40 mn d'attente pour les desserts qui ne sont pas mangeables et renvoyés à la 2ème bouchée tarte fine au pommes trop froide et glace vanille arrivée à moitié fondue et pour mon mari crêpes cartonnées ...	[('food quality', 'negative', 'desserts'), ('food quality', 'negative', 'tarte fine au pommes'), ('food quality', 'negative', 'glace vanille'), ('food quality', 'negative', 'crêpes'), ('service general', 'negative', 'attente')]
g187147-d949737-r258138594:5	Les erreurs se multiplient sur 3 tables de clients proches...	[('service general', 'negative', 'NULL')]
g187147-d949737-r258138594:6	Passons rapidement sur la carafe d'eau arrivée à mi repas et le vin jamais resservi la musique façon rave pas adaptée et pour finir pas un geste sur l'addition pour nous rendre plus indulgents ?	[('ambience general', 'negative', 'musique'), ('service general', 'negative', 'NULL')]
g187147-d949737-r258138594:7	Le cadre sympathique et un peu de professionnalisme pourraient redresser la barre mais à l'heure actuelle rapport qualité prix réellement exécrable	[('ambience general', 'positive', 'cadre'), ('restaurant prices', 'negative', 'NULL'), ('restaurant general', 'negative', 'NULL')]
g187147-d949737-r258138594:8	Passez votre chemin !	[('restaurant general', 'negative', 'NULL')]
g187147-d953748-r244202182:0	De pire en pire... cette crêperie que nous côtoyons depuis bientôt 10 ans a gagné en décoration autant qu'elle a perdu en goût et qualité dans les assiettes...	[('food quality', 'negative', 'assiettes'), ('ambience general', 'positive', 'décoration'), ('restaurant general', 'negative', 'crêperie')]
g187147-d953748-r244202182:1	Crêpes et galettes qui arrivent 2min30 après avoir passé la commande...très sèches...pas de saveurs et surtout une soirée de crampes d'estomac pour les 4 personnes qui étaient autour de la table, à peine 20min après le diner !!!	[('food quality', 'negative', 'Crêpes et galettes'), ('food quality', 'negative', 'NULL')]
g187147-d953748-r244202182:2	Nous regrettons la bonne crêperie d'il y a quelques années et n'y retournerons finalement plus !	[('restaurant general', 'negative', 'crêperie')]
g187147-d953748-r244202182:3	Malgré une terrasse ensoleillée et verdoyante très agréable aux beaux jours...DOMMAGE	[('ambience general', 'positive', 'terrasse'), ('restaurant general', 'negative', 'NULL')]
g187151-d2632598-r222747220:1	Bon accueil mais service un peu long.	[('service general', 'positive', 'accueil'), ('service general', 'negative', 'service')]
g187151-d2632598-r222747220:2	Nous n'avons goûté que les pizzas qui étaient quelconques.	[('food quality', 'negative', 'pizzas')]
g187151-d2632598-r222747220:3	Tarifs très raisonnables.	[('restaurant prices', 'positive', 'NULL')]
g187151-d3325374-r135868379:0	Service ultra lent, serveuses sans sourire ni amabilité minimale, besoin de réclamer la carte, galette œuf jambon fromage sans saveur et triste présentation.	[('service general', 'negative', 'serveuses'), ('service general', 'negative', 'Service'), ('food quality', 'negative', 'galette œuf jambon fromage'), ('service general', 'negative', 'NULL'), ('food style_options', 'negative', 'galette œuf jambon fromage')]
g187151-d3325374-r135868379:1	Gros effort à faire sur la cuisine et le service.	[('food quality', 'negative', 'cuisine'), ('service general', 'negative', 'service')]
g187151-d3325374-r277158312:0	Quel horrible souvenir !	[('restaurant general', 'negative', 'NULL')]
g187151-d3325374-r277158312:1	Nous avons été attiré comme les autres personnes par la terrasse et les prix bas.	[('ambience general', 'positive', 'terrasse'), ('restaurant prices', 'positive', 'NULL')]
g187151-d3325374-r277158312:2	Mais dès que nous avons été installé ce fut un désastre.	[('restaurant general', 'negative', 'NULL')]
g187151-d3325374-r277158312:3	Nous avons demandé du Coca-Cola et on nous a servi du soda discount sans nous en avoir informé, qui plus est il était chaud.	[('drinks quality', 'negative', 'soda'), ('service general', 'negative', 'NULL')]
g187151-d3325374-r277158312:4	Lorsque nous l'avons fait remarqué, les serveuses ont pris l'air de ne pas comprendre.	[('service general', 'negative', 'serveuses')]
g187151-d3325374-r277158312:6	L'entrée était très maigre, surtout de la salade.	[('food style_options', 'negative', 'entrée')]
g187151-d3325374-r277158312:7	Puis la serveuse et son mari le cuisiner se sont mis à parler à côté de notre table de leur fils qui était malade et qui n'arrivait pas aller aux toilettes (ils ont bien sur prononcé des mots grossiers devant nous).	[('ambience general', 'negative', 'NULL')]
g187151-d3325374-r277158312:8	Cela nous a tellement dégouté que nous sommes partis avant même d'attendre le plat principal.	[('ambience general', 'negative', 'NULL')]
g187151-d3325374-r277158312:9	La serveuse a rigolé quant nous lui avons expliqué ne pas apprécier leur conversation, nous avons donc compris le sérieux de l'établissement ....	[('service general', 'negative', 'serveuse'), ('restaurant general', 'negative', 'NULL')]
g187151-d3325374-r277158312:10	Je vous déconseille totalement ce restaurant médiocre ou malheureusement beaucoup de touristes étrangers se font piéger.	[('restaurant general', 'negative', 'restaurant')]
g187151-d3325374-r277158312:11	Les toilettes étaient sales.	[('restaurant miscellaneous', 'negative', 'NULL')]
g187151-d3325374-r277158312:12	J'ai remarqué un petit écriteau qui indiqué que leur viande de canard venait des pays de l'Est, un comble pour le pays du cassoulet.	[('food quality', 'negative', 'viande de canard')]
g187155-d2467288-r225229825:0	Test du menu à 9.90 plat et dessert : pièce de bœuf de 3 millimètres d épaisseur 4 centimètres de large sans goût une honte, desset crème caramel au beurre salé industrielle chimique pas bon	[('food quality', 'negative', 'pièce de bœuf'), ('food quality', 'negative', 'desset crème caramel au beurre salé')]
g187155-d2467288-r225229825:1	Je déconseille ce restaurant	[('restaurant general', 'negative', 'restaurant')]
g187155-d2656941-r251469423:1	Nous saluons et demandons une table, ce qui pour des restaurateurs est le comble, nous avons eu l'air de les déranger , je n'avais jamais vu ça, les clients les gonflaient, clairement !	[('service general', 'negative', 'restaurateurs')]
g187155-d2656941-r251469423:2	aucune politesse et installation à une table sale qui l'est restée même lorsque nous avons pris place.	[('service general', 'negative', 'NULL')]
g187155-d2656941-r251469423:3	"Pendant le repas, nous avons vu un serveur dégouté de son travail (ou peut être de l'ambiance à son travail ) ; la ""patronne"", en tout cas, celle qui avait l'air d'avoir un poste plus élévé, est celle qui a été la plus désagréable."	[('service general', 'negative', 'serveur'), ('service general', 'negative', 'patronne'), ('ambience general', 'negative', 'ambiance')]
g187155-d2656941-r251469423:4	La nourriture, intolérable !	[('food quality', 'negative', 'nourriture')]
g187155-d2656941-r251469423:5	des plats sans passion, vaisselle cassée, plat du jour ( riz crustacés en gros ) très sec, sans sauce, gambas pas fraîches, une pauvre décoration superflue... bref aucun goût.	[('food style_options', 'negative', 'décoration'), ('food quality', 'negative', 'plats'), ('service general', 'negative', 'NULL'), ('food quality', 'negative', 'plat du jour'), ('food quality', 'negative', 'gambas'), ('food quality', 'negative', 'NULL')]
g187155-d2656941-r251469423:6	Si encore les plats avaient pu rattrapper le personnel !!	[('food quality', 'negative', 'plats'), ('service general', 'negative', 'personnel')]
g187155-d2656941-r251469423:7	La prochaine fois, eh bien il n'y en aura pas ici en tout cas !	[('restaurant general', 'negative', 'NULL')]
g187155-d2656941-r251469423:8	Nous sommes venus courant MAI 2013 ( j'ai mis fev 2014 mais on peut pas remonter avant ) et je ne poste qu'aujourdh'ui, mais ce restaurant, qui n'en est pas un, m'a tellement fait halluciner, (car oui des gens ouvrent un resto en ayant absolument rien compris au business ) que je me suis promie de le relever !! et je me promets la prochaine fois de quitter le restaurant dès le début !	[('restaurant general', 'negative', 'restaurant')]
g187155-d2656941-r251469423:9	Il devrait être interdit de payer pour cela !	[('restaurant general', 'negative', 'NULL')]
g187155-d2656941-r251469423:10	C'est une insulte à l'art, qu'est la cuisine.	[('restaurant general', 'negative', 'NULL')]
g187155-d2656941-r251469423:11	L'explication de ce désastre pourrait provenir d'un repreneur peu scrupeuleux ?	[('restaurant general', 'negative', 'NULL')]
g187155-d3194494-r225589189:1	Nous avons été seduits par la devanture de ce petit restaurant sans prétention.	[('restaurant miscellaneous', 'positive', 'restaurant')]
g187155-d3194494-r225589189:2	Nous avons très bien soupé.	[('food quality', 'positive', 'NULL')]
g187155-d3194494-r225589189:3	Le repas pris était typique de la région (salade de chèvre miel, seiche à la seitoise et son excellent rizotto....).	[('food style_options', 'positive', 'repas'), ('food quality', 'positive', 'rizotto')]
g187155-d3194494-r225589189:4	Les desserts joliment présentés et agréablement bons.	[('food quality', 'positive', 'desserts'), ('food style_options', 'positive', 'desserts')]
g187155-d3194494-r225589189:5	Nous y reviendrons avec grand plaisir.	[('restaurant general', 'positive', 'NULL')]
g187162-d3685071-r286657867:0	Après s'y être rendu deux fois, je ne suis vraiment pas convaincue.	[('restaurant general', 'negative', 'NULL')]
g187162-d3685071-r286657867:1	L'accueil n'est pas tip-top, le service non plus et les plats ne sont pas géniaux.	[('service general', 'negative', 'service'), ('service general', 'negative', 'accueil'), ('food quality', 'negative', 'plats')]
g187162-d3685071-r286657867:2	En effet les pâtes étaient trop cuites, mal assaisonnées, dommage pour un resto italien.	[('food quality', 'negative', 'pâtes')]
g187162-d3685071-r286657867:3	Dommage, même si le pain est exquis.	[('food quality', 'positive', 'pain'), ('restaurant general', 'negative', 'NULL')]
g187162-d4282113-r244643659:0	Déçu.	[('restaurant general', 'negative', 'NULL')]
g187162-d4282113-r244643659:1	La cuisine est vraiment fade, sans saveur.	[('food quality', 'negative', 'cuisine')]
g187162-d4282113-r244643659:2	Pour quelqu'un qui n'y connaît rien à la cuisine indienne voir épicée en général, ça passe mais pour les autres vous serez déçus.	[('food quality', 'negative', 'NULL')]
g187162-d4282113-r244643659:3	C'est très cher pour ce que c'est.	[('restaurant prices', 'negative', 'NULL')]
g187162-d4282113-r244643659:4	J'y suis allée 2 fois pour être sûre, mais à chaque fois la déception (assiette d'entrée diverses réchauffée au micro-onde, le pain naan élastique et la viande (j'avais pris une fois du bœuf, une fois de l'agneau) remplit de petit morceaux de graisse.	"[('food quality', 'negative', 'NULL'), ('food quality', 'negative', ""assiette d'entrée""), ('food quality', 'negative', 'pain naan'), ('food quality', 'negative', 'viande')]"
g187162-d4282113-r244643659:5	Non franchement, ce n'est pas un bon restaurant indien	[('restaurant general', 'negative', 'restaurant indien')]
g187162-d4817543-r282798322:0	La cuisine était tout simplement excellente en particulier la spécialité du restaurant, les linguini aux écrevisses.	[('food quality', 'positive', 'cuisine'), ('food quality', 'positive', 'linguini aux écrevisses')]
g187162-d4817543-r282798322:1	Le patron a beaucoup d'humour et prend plaisir à animer la salle.	[('service general', 'positive', 'patron')]
g187162-d4817543-r282798322:2	Une perle.	[('restaurant general', 'positive', 'NULL')]
g187164-d1402721-r237318486:1	Je me dois de le dire pour vous éviter le massacre à d'autre….	[('restaurant general', 'negative', 'NULL')]
g187164-d1402721-r237318486:2	Pourtant lorsqu'à 20hoo dans un resto c'est vide c'est que c'est louche… Mais bon on avait pas mal tournée et les restos de Metz était complet ….	[('restaurant miscellaneous', 'negative', 'resto')]
g187164-d1402721-r237318486:4	"Entrée grasse et surgelée ""nem aux poireaux"", bordeaux amer, et onglet avec polenta à gerber… ( viande caoutchouc) bref on est parti en 4ème vitesse les assiettes pas débarrassées histoire de changer d'air au plus vite pour ne pas faire une scène un vendredi soir après une semaine de fou…30 euros par personne."	[('food quality', 'negative', 'Entrée'), ('food quality', 'negative', 'nem aux poireaux'), ('food quality', 'negative', 'onglet avec polenta'), ('food quality', 'negative', 'viande'), ('restaurant general', 'negative', 'NULL'), ('restaurant prices', 'negative', 'NULL'), ('drinks quality', 'negative', 'bordeaux')]
g187164-d1402721-r237318486:5	Quel gâchis.	[('restaurant general', 'negative', 'NULL')]
g187164-d1750965-r279744529:0	Les serveuses sont gentilles, le serveur ou chef de rang n'est pas professionnel.	[('service general', 'positive', 'serveuses'), ('service general', 'negative', 'serveur')]
g187164-d1750965-r279744529:1	Humour douteux, pas du tout à sa place dans ce qui se veut un bon restaurant.	[('service general', 'negative', 'NULL')]
g187164-d1750965-r279744529:2	Le but est clairement de rentabiliser la terrasse.	[('service general', 'negative', 'NULL')]
g187164-d1750965-r279744529:3	Donc tu manges et surtout tu ne t'attardes pas et on te le fait bien comprendre.	[('service general', 'negative', 'NULL')]
g187164-d1750965-r279744529:4	Aucune explication sur les plats.	[('service general', 'negative', 'NULL')]
g187164-d1750965-r279744529:5	Limite désagréable.	[('service general', 'negative', 'NULL')]
g187164-d1750965-r279744529:6	Je n'y retournerai pas.	[('restaurant general', 'negative', 'NULL')]
g187164-d2282811-r279714469:0	Le cadre est très plaisant, classe mais un peu cher pour la qualité.	[('ambience general', 'positive', 'cadre'), ('restaurant prices', 'negative', 'NULL'), ('food quality', 'negative', 'NULL')]
g187164-d2282811-r279714469:1	C'est la deuxième fois que nous y allons entre midi et deux et un peu déçue par rapport à la 1ère fois.	[('restaurant general', 'negative', 'NULL')]
g187164-d2282811-r279714469:2	Le service est impeccable, personnel agréable.	[('service general', 'positive', 'service'), ('service general', 'positive', 'personnel')]
g187164-d3468932-r269562341:0	Des mets dans l'ensemble correcte mais un canard trop sec , un tiramitsu trop expresso et une gaufre à la chantilly trop chocolatée !	[('food quality', 'negative', 'canard'), ('food quality', 'negative', 'tiramitsu'), ('food style_options', 'negative', 'gaufre'), ('food quality', 'neutral', 'mets')]
g187164-d3468932-r269562341:1	Le moelleux speculos/chocolat était a tom et pas terre.	[('food quality', 'positive', 'moelleux speculos/chocolat')]
g187164-d3468932-r269562341:2	Une addition un peu salée tout de même pour le plaisir gustatif !!!	[('restaurant prices', 'negative', 'NULL'), ('food quality', 'neutral', 'NULL')]
g187164-d4014105-r278942380:0	Quasi gastronomique, des plat de qualités avec plein de saveurs un délice, y allant régulièrement le midi pour ma pause déjeuné je suis rarement déçu et l'accueil et le service sont au top, je recommande !!	[('food style_options', 'positive', 'NULL'), ('food quality', 'positive', 'plat'), ('restaurant general', 'positive', 'NULL'), ('service general', 'positive', 'accueil'), ('service general', 'positive', 'service'), ('restaurant general', 'positive', 'NULL')]
g187175-d1323640-r182961160:0	Repas copieux, généreux et plutôt bon.	[('food quality', 'positive', 'Repas'), ('food style_options', 'positive', 'Repas')]
g187175-d1323640-r182961160:1	Patron gentil mais débordé (succès oblige) d'où une certaine attente qui reste supportable.	[('service general', 'positive', 'Patron'), ('service general', 'negative', 'NULL'), ('service general', 'negative', 'Patron')]
g187175-d1324468-r254016596:0	Situé non loin de mon bureau , je m'y rend assez régulièrement , lors d'un autre passage j'avais étais déçu et je voulais pas rester sur une mauvaise impression car en restauration il peut avoir des jours sans , je décide d'y aller avec plusieurs collègues mais cette fois l'impression est confirmée ...	[('restaurant general', 'negative', 'NULL')]
g187175-d1324468-r254016596:1	Viande à point servie bleu , buffet d'entrée répétitif et sans intérêt , service sans sourire , premier arriver premier oublier.	"[('food quality', 'negative', 'Viande'), ('food style_options', 'negative', ""buffet d'entrée""), ('service general', 'negative', 'service'), ('service general', 'negative', 'NULL')]"
g187175-d1324468-r254016596:2	15 minutes après avoir finis le plat principal nous ne sommes toujours pas débarrassés.	[('service general', 'negative', 'NULL')]
g187175-d1324468-r254016596:3	Pas de dessert , pas de café , la note merci et au revoir.	[('restaurant general', 'negative', 'NULL')]
g187175-d4274999-r261894068:0	Un endroit chaleureux pour manger au milieu de plein de bouteilles de vins.	[('ambience general', 'positive', 'endroit')]
g187175-d4274999-r261894068:1	Repas très copieux et bon marché !!	[('food style_options', 'positive', 'Repas'), ('food prices', 'positive', 'Repas')]
g187175-d4274999-r261894068:2	Avec une petite histoire sur la bouteille de vin choisie excellemment raconter par le patron fort agréable.	[('service general', 'positive', 'patron')]
g187175-d4274999-r261894068:3	Un endroit a recommander bien évidement pour le centre-ville de toulouse.	[('restaurant general', 'positive', 'endroit')]
g187175-d4274999-r261894068:4	Avis +++++	[('restaurant general', 'positive', 'NULL')]
g187175-d5895235-r283369631:1	Nous avons trouvés les prix chers pour un restaurant de quartier populaire; Que du surgelé en plus.	[('restaurant prices', 'negative', 'restaurant'), ('food quality', 'negative', 'NULL')]
g187175-d5895235-r283369631:2	Et pas de rab, si vous avez encore faim ....	[('food style_options', 'negative', 'NULL')]
g187175-d5895235-r283369631:3	Je ne vous le conseille pas.	[('restaurant general', 'negative', 'NULL')]
g187175-d5895235-r283369631:4	Le patron ne s’intéresse qu'aux habitués (les entreprises de bureau), les autres passent après...	[('service general', 'negative', 'patron')]
g187175-d788853-r198933869:0	Entrée, plat, dessert nous avons adoré !	[('food quality', 'positive', 'Entrée'), ('food quality', 'positive', 'plat'), ('food quality', 'positive', 'dessert')]
g187175-d788853-r198933869:1	Un très bon restaurant avec une super vue sur la cathédrale St Étienne, et le personnel est accueillant !	[('location general', 'positive', 'vue'), ('restaurant general', 'positive', 'restaurant'), ('service general', 'positive', 'personnel')]
g187175-d788853-r198933869:2	A recommander !	[('restaurant general', 'positive', 'NULL')]
g187178-d1319910-r260824414:0	A faire avant la fermeture car c'est un endroit mythique de Lille.	[('restaurant general', 'positive', 'endroit')]
g187178-d1319910-r260824414:1	Un peu déçue par le service (beaucoup de faux pas qu'on ne doit pas voir dans ce type de restaurant : nous nous sommes même débrouillés tout seuls pour récupérer nos manteaux et sortir du restaurant), émerveillée par le cadre, et la carte des vins mais je suis restée sur ma faim quant à la qualité des assiettes !	[('service general', 'negative', 'service'), ('ambience general', 'positive', 'cadre'), ('drinks style_options', 'positive', 'carte des vins'), ('food quality', 'negative', 'assiettes'), ('service general', 'negative', 'NULL')]
g187178-d1319910-r260824414:2	"Dommage mais je pourrai dire ""J'y étais!""."	[('restaurant general', 'negative', 'NULL')]
g187178-d2282922-r240259092:3	Toutes les tables alentours, arrivés après nous, ont eu leur commande rapidement et étrangement pour nous ça traîne.	[('service general', 'negative', 'NULL')]
g187178-d2282922-r240259092:4	".... mon ami va donc prendre des nouvelles de nos plats en précisant que nous sommes pressés "" je vais voir où ça en est"" puis silence radio."	[('service general', 'negative', 'NULL')]
g187178-d2282922-r240259092:6	4 plats plus tard toujours aucune trace de nos assiettes.	[('service general', 'negative', 'NULL')]
g187178-d2282922-r240259092:8	Au bout de 40 minutes d'attente nous nous décidons à partir, bien enervés.	[('service general', 'negative', 'attente')]
g187178-d2282922-r240259092:9	J'explique le pourquoi à une serveuse qui était entrain d'encaisser et là cerise sur le gâteau : elle nous facture la bouteille d'eau sans une excuse !!	[('service general', 'negative', 'NULL')]
g187178-d2282922-r240259092:11	Dommage car les plats avaient l'air très bon contrairement aux sandwichs triangle du supermarché que nous avons dû manger en vitesse dans la rue !!	[('food style_options', 'positive', 'plats')]
g187178-d2282922-r240259092:12	Je peux comprendre qu'on nous ai oublié, les erreurs ça arrive mais il y a des manière de faire passer la pilule.	[('service general', 'negative', 'NULL')]
g187178-d2282922-r240259092:13	Nous n'y mettrons plus les pieds !	[('restaurant general', 'negative', 'NULL')]
g187178-d3359955-r263860028:0	Nous ne sommes pas ici dans un restau à touristes, le décor est simple et sobre, même un peu trop à mon goût, moi qui aime les intérieurs cosys et les ptits chichis, la carte des vins sur une feuille A5 pliée en deux me rebute un peu au premier abord.	[('ambience general', 'negative', 'décor'), ('restaurant miscellaneous', 'negative', 'NULL'), ('restaurant miscellaneous', 'positive', 'NULL')]
g187178-d3359955-r263860028:1	Mais nous ne sommes pas là non plus pour ça, mais pour manger des rognons qui apparemment ont fait ici la réputation de ce restau du vieux lille.	[('food quality', 'positive', 'rognons')]
g187178-d3359955-r263860028:2	Les fameux plats arrivent, ni trop tôt, ni sans se faire attendre.	[('service general', 'positive', 'NULL')]
g187178-d3359955-r263860028:3	Vraiment pas mal du tout ces petits rognons, on comprend leur succès, même si j'aurais aimé un peu plus de sauce et de garniture.	[('food quality', 'positive', 'rognons'), ('food style_options', 'negative', 'sauce'), ('food style_options', 'negative', 'garniture')]
g187178-d3359955-r263860028:5	Mon conjoint a vraiment apprécié son dessert bon et conséquent.	[('food quality', 'positive', 'dessert'), ('food style_options', 'positive', 'dessert')]
g187178-d3359955-r263860028:6	pour ma part, j'ai été agréablement surprise par la crème au spéculos.	[('food quality', 'positive', 'crème au spéculos')]
g187178-d3359955-r263860028:7	J'y retournerai certainement pour manger un plat qui sort de ce qui peut se faire dans le vieux lille pour attraper le touriste, même si j'aurais aimé quelques euros de moins sur l'addition.	[('restaurant prices', 'negative', 'NULL')]
g187178-d3359955-r263860028:8	Enfin, contrairement à ce que j'ai pu lire ici, le restaurant était particulièrement propre lors de mon passage.	[('restaurant miscellaneous', 'positive', 'restaurant')]
g187178-d4173834-r267142253:1	Le lieu est propre et le service correct, quoique un peu long (mais peut-être manquait-il du personnel ce jour là).	[('restaurant miscellaneous', 'positive', 'lieu'), ('service general', 'positive', 'service'), ('service general', 'negative', 'service')]
g187178-d4173834-r267142253:2	J'ai apprécié d'avoir des couverts différents pour l'entrée et le plat (car combien de restaurants vous laissent désormais les mêmes couverts!),	[('service general', 'positive', 'NULL')]
g187178-d4173834-r267142253:3	ainsi que le contenu des assiettes.	[('food quality', 'positive', 'assiettes')]
g187178-d4173834-r267142253:5	L'entrée et le plat étaient assez classiques (avec un bémol pour la salade sans goût) mais le dessert était bon.	[('food quality', 'negative', 'salade'), ('food quality', 'positive', 'dessert'), ('food style_options', 'neutral', 'entrée'), ('food style_options', 'neutral', 'plat')]
g187178-d4173834-r267142253:6	Mes collègues aussi étaient satisfaits de leurs assiettes dans l'ensemble.	[('food quality', 'positive', 'assiettes')]
g187178-d4173834-r267142253:7	Adresse à tester sans hésiter.	[('restaurant general', 'positive', 'Adresse')]
g187178-d947032-r245717891:0	Nous avons pris les pâtes au foie gras et cèpes, celles-ci baignaient dans de la crème et de la crème balsamique!	[('food quality', 'negative', 'pâtes au foie gras et cèpes')]
g187178-d947032-r245717891:1	Sans parler de l'huile!	[('food quality', 'negative', 'NULL')]
g187178-d947032-r245717891:2	Nous avons aussi pris le risotto aux St Jacques qui était très riche en crème!	[('food quality', 'negative', 'risotto aux St Jacques')]
g187178-d947032-r245717891:3	Et les St Jacques étaient caoutchouteuses!	[('food quality', 'negative', 'St Jacques')]
g187178-d947032-r245717891:4	Nous sommes parties de là écoeurées!	[('restaurant general', 'negative', 'NULL')]
g187178-d947032-r245717891:5	Très décevant.	[('restaurant general', 'negative', 'NULL')]
g187198-d2041733-r222676078:0	Si la note est peu élevée (61,90) pour un repas et une bouteille de vin du mois.	[('drinks prices', 'negative', 'bouteille de vin du mois'), ('food prices', 'negative', 'repas')]
g187198-d2041733-r222676078:1	Inutile de faire le déplacement pour ce restaurant, tout y est médiocre.	[('restaurant general', 'negative', 'restaurant')]
g187198-d2041733-r222676078:2	On ne nous avait jamais fait le gag du saumon mariné dont la moitié était en salade.	[('food quality', 'negative', 'saumon mariné')]
g187198-d2041733-r222676078:3	Les produits ne sont pas maison, ce qui se ressent sur le goût.	[('food quality', 'negative', 'produits')]
g187198-d2041733-r222676078:4	Le service est moyen.	[('service general', 'negative', 'service')]
g187198-d2041733-r222676078:5	L'absence de clients du cru était un bon indice, piégés !	[('restaurant general', 'negative', 'NULL')]
g187198-d3380274-r269235681:0	je cherchais avec mon amie un endroit ou passer un bon moment tout en mangeant bien, ce fut l'endroit idéal ! et on a également aussi bien bu, dans un restaurant avec un nom pareil, cela semble d'ailleurs normal...	[('restaurant general', 'positive', 'endroit'), ('drinks quality', 'positive', 'NULL')]
g187198-d3380274-r269235681:1	Le patron est bien sympa : on recommande sans hésiter.	[('service general', 'positive', 'patron'), ('restaurant general', 'positive', 'NULL')]
g187198-d3380274-r269235681:2	et j'y retournerai avec mon amoureux !	[('restaurant general', 'positive', 'NULL')]
g187198-d3845154-r255380212:1	L'accueil est agréable, par contre l'espace est restreint si l on veut déjeuner sur place.	[('service general', 'positive', 'accueil'), ('restaurant miscellaneous', 'negative', 'espace')]
g187198-d3845154-r255380212:2	L'avantage est qu'il est possible de prendre des plats à emporter.	[('restaurant miscellaneous', 'positive', 'NULL')]
g187198-d3845154-r255380212:3	"J'ai pris un menu ""galette"" (galette + crêpe + bolée de cidre à 9€40)."	"[('food style_options', 'neutral', 'menu ""galette""')]"
g187198-d3845154-r255380212:4	C'est un bon rapport qualité/prix.	[('food prices', 'positive', 'NULL'), ('food quality', 'positive', 'NULL')]
g187198-d3845154-r255380212:5	Les galettes sont copieuses et les crêpes excellentes, fines et légères.	[('food style_options', 'positive', 'galettes'), ('food quality', 'positive', 'crêpes')]
g187198-d3845154-r255380212:6	Un plat et une galette du jour sont également proposés.	[('food style_options', 'neutral', 'galette du jour'), ('food style_options', 'neutral', 'plat')]
g187206-d2205086-r180308486:0	Un bon resto quand on sait le nombre de restos qu'il y a dans la rue.	[('restaurant general', 'positive', 'resto')]
g187206-d2205086-r180308486:2	Celui-ci a un bon rapport qualité-prix.	[('restaurant prices', 'positive', 'NULL'), ('restaurant general', 'positive', 'NULL')]
g187206-d2205086-r180308486:3	Dire que tout est frais?	[('food quality', 'positive', 'NULL')]
g187206-d2205086-r180308486:4	en tout cas, c'est bon et bien cuisiné.	[('food style_options', 'positive', 'NULL'), ('food quality', 'positive', 'NULL')]
g187206-d2205086-r180308486:5	L'accueil est sympathique.	[('service general', 'positive', 'accueil')]
g187206-d2205086-r180308486:6	très bien pour une petite sortie entre amis un samedi soir.	[('restaurant miscellaneous', 'positive', 'NULL')]
g187206-d2205086-r180308486:7	je recommande ce restaurant.	[('restaurant general', 'positive', 'restaurant')]
g187206-d4606069-r283959222:0	Nous nous sommes arrêtés par hasard et nous sommes repartis conquis.	[('restaurant general', 'positive', 'NULL')]
g187206-d4606069-r283959222:1	La carte n'est pas énormément étoffée mais c'est normal puisque que tout est frais et cuisiné sur place.	[('food style_options', 'neutral', 'carte'), ('food quality', 'positive', 'NULL')]
g187206-d4606069-r283959222:2	La mousse au chocolat en dessert était excellente.	[('food quality', 'positive', 'mousse au chocolat')]
g187206-d4606069-r283959222:3	Seul bémol, le prix du vin au verre qui est trop cher.	[('drinks prices', 'negative', 'vin au verre')]
g187206-d7015016-r279931558:0	Très bien situé sur le port face à l'aquarium.	[('location general', 'positive', 'port'), ('location general', 'positive', 'aquarium')]
g187206-d7015016-r279931558:1	Accueil très aimable et décor lounge plutôt cosy.	[('service general', 'positive', 'Accueil'), ('ambience general', 'positive', 'décor')]
g187206-d7015016-r279931558:2	En revanche ce qu'il y avait dans mon assiette : danger !	[('food quality', 'negative', 'assiette')]
g187206-d7015016-r279931558:3	J'ai soulevé le couvercle de mon burger pour vérifier et suis tombé sur des feuilles de salade toutes flétries pour ne pas dire pire que ça.	[('food quality', 'negative', 'feuilles de salade')]
g187206-d7015016-r279931558:4	Les frites étaient quasiment transformées en purée tellement elles étaient imbibées de graisse.	[('food quality', 'negative', 'frites')]
g187206-d7015016-r279931558:5	Beurk.	[('food quality', 'negative', 'NULL')]
g187206-d7015016-r279931558:6	Si vous avez la santé fragile passez votre chemin.	[('food quality', 'negative', 'NULL')]
g187206-d7701542-r270808539:0	Nous avions envie de moules frites et nous avons été un peu déçus : des moules trop cuites (voire re-cuites), sèches et fades.	[('food quality', 'negative', 'moules'), ('restaurant general', 'negative', 'NULL')]
g187206-d7701542-r270808539:1	Ok ce n'est pas la saison, nous ne nous y reprendrons pas.	[('food quality', 'negative', 'NULL')]
g187206-d7701542-r270808539:2	Les frites et le vin blanc étaient médiocres.	[('food quality', 'negative', 'frites'), ('drinks quality', 'negative', 'vin blanc')]
g187207-d1739381-r231404724:0	Une carte correcte mais plus trop au goût du jour, sans trop d'évolution.	[('food style_options', 'neutral', 'carte')]
g187207-d1739381-r231404724:1	Cadre très agréable principalement en ext malgré un manque de jardinier .....	[('ambience general', 'positive', 'Cadre')]
g187207-d3380505-r280183276:0	Le menu du midi en semaine est très abordable, les plats sont excellents.	[('food prices', 'positive', 'menu du midi'), ('food quality', 'positive', 'plats')]
g187207-d3380505-r280183276:1	Service de bon niveau.	[('service general', 'positive', 'Service')]
g187207-d3380505-r280183276:2	Cadre exceptionnel ; la salle est dans une ancienne abbaye réaménagée.	[('ambience general', 'positive', 'Cadre')]
g187207-d3721902-r279950763:0	je ne vais plus dans cet établissement depuis deux mois à cause du laisser aller de la cuisine qui n'est plus à la hauteur de la qualité de la chaine.	[('food quality', 'negative', 'cuisine')]
g187207-d3721902-r279950763:1	ce qui est régulièrement raté, ce sont les cuissons des viandes : du bleu arrivant froid à peine dégelé au centre , du saignant juste bleu, etc... les chips offertes en entrée étaient infectes : huileuses comme des éponges et au gout de brulé.	[('food quality', 'negative', 'viandes'), ('food quality', 'negative', 'chips')]
g187207-d3721902-r279950763:2	Bref si cet établissement ne se re-saisit pas il perdra sa clientèle régulière (les gens de passage se feront piéger mais cela porte préjudice à l'ensemble de la chaine).	[('restaurant general', 'negative', 'établissement')]
g187207-d3721902-r279950763:3	nous avons constaté ces négligences trois fois avant de prendre la décision de ne plus y remettre les pieds.	[('restaurant general', 'negative', 'NULL')]
g187207-d3721902-r279950763:5	en plus nous avons attendu très longtemps une carafe d'eau et la sauce censée accompagner la viande lors de notre dernier essai.	[('service general', 'negative', 'NULL')]
g187207-d3721902-r279950763:6	bref très déçu par rapport à ce que c'était par le passé.	[('restaurant general', 'negative', 'NULL')]
g187207-d3721902-r279950763:7	seul le vin était correct en rapport Q/P, les entrées et desserts sont inégaux quant à eux.	[('drinks quality', 'neutral', 'vin'), ('drinks prices', 'neutral', 'vin'), ('food quality', 'negative', 'entrées'), ('food quality', 'negative', 'desserts'), ('food prices', 'negative', 'entrées'), ('food prices', 'negative', 'desserts')]
g187207-d7343067-r258261585:0	Très déçu, peu d'amabilité, je pense que l'hygiène n'est pas au rendez-vous (serveuse cheveux détachées et gras) le cuisinier surpris en train de piquer dans les plats avec ses doigts, vaisselles très sales, viandes cuites à l'avance, nourriture sans saveur, pain vendu dès l'entrée et en libre service en salle.	[('service general', 'negative', 'NULL'), ('restaurant miscellaneous', 'negative', 'NULL'), ('food quality', 'negative', 'nourriture'), ('restaurant general', 'negative', 'NULL')]
g187207-d7343067-r258261585:1	Passez votre chemin ça vaut mieux à surtout ne pas recommander.	[('restaurant general', 'negative', 'NULL')]
g187207-d778869-r286120323:0	Cuisine à la fois raffinée et généreuse qui travaille avec des produits de qualité.	[('food quality', 'positive', 'Cuisine'), ('food style_options', 'positive', 'Cuisine'), ('food quality', 'positive', 'produits')]
g187207-d778869-r286120323:1	Le service est très agréable !	[('service general', 'positive', 'service')]
g187207-d778869-r286120323:2	Ce restaurant est devenu notre préféré sur Poitiers, nous le recommandons donc vivement !!!	[('restaurant general', 'positive', 'restaurant')]
g187209-d2416523-r258651167:0	Vraiment ravi très joli resto, accueil très sympathique avec un serveur à l'ecoute et de très bon conseil , niveau repas vraiment très bon rien à redire.	[('ambience general', 'positive', 'resto'), ('service general', 'positive', 'accueil'), ('service general', 'positive', 'serveur'), ('food quality', 'positive', 'repas')]
g187209-d2416523-r258651167:1	Je conseille ce petit resto a tous.	[('restaurant general', 'positive', 'NULL')]
g187209-d2416523-r258651167:2	Je pense y retourner très vite en couple cette fois ci car le cadre et magnifique, la nourriture est délicieuse et l'accueil très chaleureux	[('ambience general', 'positive', 'cadre'), ('food quality', 'positive', 'nourriture'), ('service general', 'positive', 'accueil')]
g187209-d3331856-r241685274:0	Nous avons très bien été accueilli, par une jolie serveuse, mais le reste a été une expérience horrible.	[('service general', 'positive', 'serveuse'), ('restaurant general', 'negative', 'NULL')]
g187209-d3331856-r241685274:1	40 minutes montre en main pour avec une salade abîmée et des pattes réchauffer qui devaient au moins avoir 3 jours.	[('food quality', 'negative', 'salade'), ('food quality', 'negative', 'pattes'), ('service general', 'negative', 'NULL')]
g187209-d3331856-r241685274:2	Le pain était sec et rassi.	[('food quality', 'negative', 'pain')]
g187209-d3331856-r241685274:3	Mauvais rapport qualité/prix.	[('restaurant prices', 'negative', 'NULL'), ('restaurant general', 'negative', 'NULL')]
g187209-d4070250-r259984150:0	Le cadre est charmant , bien agencé et convivial !	[('ambience general', 'positive', 'cadre')]
g187209-d4070250-r259984150:1	Le patron sympathique et les vins servis au verre ou en bouteille sont bons ..beaucoup d'originalité dans les tapas proposées , au demeurant , fort bons ...	[('service general', 'positive', 'patron'), ('drinks quality', 'positive', 'vins'), ('drinks style_options', 'positive', 'vins'), ('food style_options', 'positive', 'tapas'), ('food quality', 'positive', 'tapas')]
g187209-d4070250-r259984150:2	Un peu cher toutefois	[('restaurant prices', 'negative', 'NULL')]
g187209-d6735398-r237571768:0	La livraison de brunch à domicile est vraiment une idée de génie!	[('service general', 'positive', 'livraison')]
g187209-d6735398-r237571768:1	Si l'on ajoute à cela des produits frais, du goûts et des recettes originales, c'est le paradis!	[('food quality', 'positive', 'produits'), ('food style_options', 'positive', 'recettes'), ('restaurant general', 'positive', 'NULL')]
g187209-d6735398-r237571768:2	Les prix sont également très raisonnables (20 euros pour la formule la plus élevée, livraison incluse) et les quantités, plus que copieuses.	[('restaurant prices', 'positive', 'NULL'), ('food style_options', 'positive', 'quantités')]
g187209-d6735398-r237571768:3	Les confitures maison sont un délice, je vous conseille prune - fenouil, association atypique mais divine!	[('food quality', 'positive', 'confitures maison'), ('food style_options', 'positive', 'prune - fenouil')]
g187212-d2215986-r140498637:0	Cet endroit mériterait d'etre ouvert plus souvent et d'avoir plus de place et du personnel.	[('restaurant general', 'negative', 'endroit')]
g187212-d2215986-r140498637:1	Car des bagels ça change des snacks habituels, la place est sympa.	[('location general', 'positive', 'place'), ('food style_options', 'positive', 'bagels')]
g187212-d2215986-r140498637:2	Mais cette gentille patronne est vite débordée.	[('service general', 'negative', 'patronne'), ('service general', 'positive', 'patronne')]
g187212-d2215986-r140498637:3	Ces bagels sont bons, peu de choix mais de qualités, et elle a toujours le sourire et le mot sympa.	[('food quality', 'positive', 'bagels'), ('food style_options', 'negative', 'bagels'), ('service general', 'positive', 'NULL')]
g187212-d2215986-r140498637:4	Si elles améliorent certains points elle peut vite être vicitime de son succès allez y faire un tour si vous êtes curieux.	[('restaurant general', 'positive', 'NULL')]
g187212-d2215986-r140498637:5	adresse sympa pour manger sur le pouce le midi loin du gras et des snacks habituels dont on se lasse.	[('restaurant miscellaneous', 'positive', 'adresse'), ('food quality', 'positive', 'NULL')]
g187212-d2490949-r185625207:0	Super ambiance, tip top entre amis.	[('ambience general', 'positive', 'ambiance')]
g187212-d2490949-r185625207:2	On a même vu une serveuse fumer en cuise !	[('restaurant miscellaneous', 'negative', 'NULL')]
g187212-d2490949-r185625207:3	Rédibitoire pour notre groupe d'amis !	[('restaurant miscellaneous', 'negative', 'NULL')]
g187212-d954217-r237562692:0	Endroit à éviter le soir si vous êtes en famille car apparemment il y a quelquefois des soirées à thème et du coup les organisateurs (pas le propriétaire du lieu) nous ont fait comprendre qu'il fallait que l'on parte.	[('restaurant miscellaneous', 'negative', 'Endroit')]
g187253-d1059925-r182398547:0	Excellent restaurant.	[('restaurant general', 'positive', 'restaurant')]
g187253-d1059925-r182398547:1	Ambiance et deco super.	[('ambience general', 'positive', 'Ambiance'), ('ambience general', 'positive', 'deco')]
g187253-d1059925-r182398547:3	Des hamburgers, des pizzas succulentes, des brushettas, et une escalope milanaise exceptionnelle.	[('food quality', 'positive', 'hamburgers'), ('food quality', 'positive', 'pizzas'), ('food quality', 'positive', 'brushettas'), ('food quality', 'positive', 'escalope milanaise')]
g187253-d1059925-r182398547:4	Vous allez vous régaler.	[('restaurant general', 'positive', 'NULL')]
g187253-d1066323-r282644003:0	Les pizzas sont honnêtement très bonnes !	[('food quality', 'positive', 'pizzas')]
g187253-d1066323-r282644003:1	Le chef ne tire pas sur la marchandise : une pizza bien garnie !	[('food style_options', 'positive', 'pizza')]
g187253-d1066323-r282644003:2	Les serveuses sont souriantes et disponibles.	[('service general', 'positive', 'serveuses')]
g187253-d1066323-r282644003:3	Seul bémol : le chef parle (crie) un peu fort sur les serveuses au moindre petit truc de travers, un peu trop stricte à mon goût (je ne voudrais pas être à leur place).	[('ambience general', 'negative', 'NULL')]
g187253-d1066323-r282644003:4	J'y retournerai quand même bien volontiers ; pour la qualité des pizzas :)	[('food quality', 'positive', 'pizzas')]
g187253-d1098498-r217655976:0	J'y suis allė avec des habitués qui m'en avait dit du bien et qu'elle ne fut pas notre déception:	[('restaurant general', 'negative', 'NULL')]
g187253-d1098498-r217655976:1	- service beaucoup trop long sachant que nous sommes arrivés parmi les premiers (19:45) que nous avons été placés au fin fond de la terrasse sur le trottoir et que nous en sommes répartis à 22h15 alors que des gens arrivés après nous sont répartis bien avant...	[('service general', 'negative', 'service'), ('service general', 'negative', 'NULL')]
g187253-d1098498-r217655976:2	- serveur peu précautionneux qui a fait tomber les couverts sur ma compagne en la tâchant sans excuses, pour une table de 4 il nous portait les carafes d'eau une par une (contenance 75 cl) alors que nous lui avions suggéré d'en porter 2 à chaque fois pour que cela arrange tout le monde mais pas entendu ce qui fait que nous avons attendu des fois plus d'un 1/4h pour se désaltérer avec une eau à température ambiante (30°) - Les glaçons nous ont été porté dans une coupe à glace sans cuillère sympa pour l'hygiène!	"[('service general', 'negative', 'serveur'), ('restaurant miscellaneous', 'negative', ""sympa pour l'hygiène""), ('service general', 'negative', 'NULL')]"
g187253-d1098498-r217655976:3	- la nourriture: les pizzas sont bonnes, pour les supions à la persillade passez votre chemin car il y a beaucoup mieux.	[('food quality', 'positive', 'pizzas'), ('food quality', 'negative', 'supions à la persillade')]
g187253-d1098498-r217655976:4	En effet, les supions sont servis à peine frits avec des têtes d'ail entières tout comme les pommes de terre sautées du jamais vu et surtout aucun goût!	[('food quality', 'negative', 'supions'), ('food style_options', 'negative', 'supions'), ('food quality', 'negative', 'pommes de terre sautées')]
g187253-d1098498-r217655976:5	De plus les pommes de terre étaient trop salées donc besoin de beaucoup d'eau (cf 2ème paragraphe) - Les desserts: citrons givrés rien à dire car c'est de l'habituel industriel, le tiramisu est lui servi avec chantilly et crème anglaise???	[('food quality', 'negative', 'pommes de terre'), ('food style_options', 'negative', 'tiramisu'), ('food quality', 'negative', 'citrons givrés')]
g187253-d1098498-r217655976:6	Du jamais vu et surtout sans intérêt pour mon dessert favori qui se suffit sans artifice...	[('food quality', 'negative', 'dessert')]
g187253-d1098498-r217655976:7	- le limoncello: à la fin du menu à 30€, servi à température ambiante tout comme l'eau alors que cela se sert glacé...	[('drinks quality', 'negative', 'limoncello')]
g187253-d1098498-r217655976:9	En conclusion pour tout le monde très décevant et le rapport qualité prix n'y est pas du tout tant au niveau du service ou des plats servis car quand on veut mettre en place sa patte dans le décorum il ne faut pas que le reste soit négligé chose que le patron semble avoir perdu de vue alors que son père l'avait bien compris !	[('restaurant prices', 'negative', 'NULL'), ('service general', 'negative', 'service'), ('food quality', 'negative', 'plats'), ('restaurant general', 'negative', 'NULL')]
g187253-d1223545-r227663690:1	Résultat il n'y avait plus de table dispo sur la terrasse vue mer, installée à l'interieur, table pas installée non plus!	[('service general', 'negative', 'NULL')]
g187253-d1223545-r227663690:2	Wok thai médiocre, 2 salades chèvre/saumon, l'une correcte mais l'autre manquait brousse et feuille de brique!!!	[('food quality', 'negative', 'Wok thai'), ('food quality', 'neutral', 'salades chèvre/saumon'), ('food quality', 'negative', 'salades chèvre/saumon')]
g187253-d1223545-r227663690:3	"Nous réclamons des rinces doigts pour les fruits de mer, ils arrivent en même temps que le dessert avec en excuse ""on en avait plus, on est allé en chercher ailleurs"" étonnant quand on propose des plateaux de fruits de mer."	[('service general', 'negative', 'NULL')]
g187253-d1223545-r227663690:4	Pour finir le fraisier (plutot une mousse décoré de quelques fraises) commandé pour l'anniversaire nous est arrivé sur la table comme un cheveu sur la soupe!	[('food quality', 'negative', 'fraisier'), ('service general', 'negative', 'NULL')]
g187253-d1223545-r227663690:5	Une fois découpé nous nous sommes retrouvé avec un amas de crème dans les assiettes!!!	[('food quality', 'negative', 'NULL')]
g187253-d1223545-r227663690:6	Heureusement que j'avais prévu les bougies car aucune attention particulière des serveurs pour savoir si tout allait bien, si le gateau nous convenait, enfin un minimum d'attention aurait été apprécié pour une addition de 270 euros!!!!!!!!!!!!	[('service general', 'negative', 'NULL'), ('restaurant prices', 'negative', 'NULL'), ('service general', 'negative', 'serveurs')]
g187253-d1234630-r274467132:0	Correspond par tous points au piège à touristes par excellence.	[('restaurant general', 'negative', 'piège à touristes')]
g187253-d1234630-r274467132:2	Carte alléchante de spécialités locales, service continu et prix exorbitants.	[('food style_options', 'positive', 'Carte'), ('restaurant miscellaneous', 'positive', 'NULL'), ('restaurant prices', 'negative', 'NULL')]
g187253-d1234630-r274467132:3	En effet, on nous accepte à 15 h 00 pour déjeuner à 8, mais le serveur est seul à cette heure et le restaurant est encore bien rempli.	[('restaurant miscellaneous', 'negative', 'restaurant')]
g187253-d1234630-r274467132:4	Le service est donc extrêmement long et très désorganisé.	[('service general', 'negative', 'service')]
g187253-d1234630-r274467132:5	Quand aux plats, très décevants.	[('food quality', 'negative', 'plats')]
g187253-d1234630-r274467132:6	On nous a apporté la pince à homard au moment de débarrasser la table !!! Les cafés sont arrivés bien avant les desserts...	[('service general', 'negative', 'NULL')]
g187253-d1234630-r274467132:7	Bref une addition très salée pour un repas très long et mangé sans plaisir !	[('food prices', 'negative', 'repas'), ('food quality', 'negative', 'repas'), ('service general', 'negative', 'repas')]
g187253-d1234630-r281354019:0	Tout d'abord un serveur nous a littéralement sauté dessus lorsque nous lisions la carte, malgré cette méthode plutôt brutale le contenu de la carte avait l'air pas mal, nous avons donc décidés d’accepter, ensuite après avoir fait notre choix, l'attente a été longue, heureusement l'égarement d'une serveuse avec ses assiettes nous a fait passer le temps, elles nous a fait de la peine.	[('service general', 'negative', 'serveur'), ('food style_options', 'positive', 'carte'), ('service general', 'negative', 'attente')]
g187253-d1234630-r281354019:1	Or, les plats étaient corrects, par contre dès l'installation des assiettes, le serveur a pris mon demi de Leffe qui n'était pas terminé sans que je m'en aperçoive, c'est une pratique plutôt douteuse pour pousser à la consommation, je suppose qu'il souhaitait que j'en reprenne un autre puisqu'en plus il n'a posé sur la table ni eau, ni pain, j'ai du le demander, et il m'a répondu d'attendre car il n'avait plus de pain, cela voulait il dire qu'il attendait qu'une table se libère pour nous donner sa corbeille?	[('service general', 'negative', 'serveur'), ('food quality', 'neutral', 'plats'), ('service general', 'negative', 'NULL')]
g187253-d1234630-r281354019:2	Et pour finir, je me rends à la caisse pour payer, et là, la cerise sur la gâteau il m'annonce qu'ils ne prennent pas la carte, en 2015, avec une situation géographique pareille, et tous ces touristes, c'est la première fois que j'entends cela, ça sent l'arnaque, non?	[('restaurant miscellaneous', 'negative', 'NULL')]
g187253-d1234630-r281354019:3	Donc j'ai du retirer avec un serveur qui m'a suivi au cas où j'aurais décidé de ne pas revenir, en plus on a l'impression d'être des voleurs, et à mon retour un monsieur était présent à la caisse, il ne souriait pas et en plus était très désagréable.	[('service general', 'negative', 'monsieur')]
g187253-d1234630-r281354019:4	Dommage car le cadre est pas mal, mais je ne conseille à personne ce restaurant, qui en plus était assez cher pour ce que nous avons eu, et sur la note pas de numéro de SIRET, ni le nom du restaurant.	[('ambience general', 'positive', 'cadre'), ('restaurant prices', 'negative', 'restaurant'), ('restaurant general', 'negative', 'restaurant')]
g187253-d1308414-r269942828:0	Nous avons choisi ce restaurant un peu par hasard : garés à deux pas, nous avons été attirés par une carte mettant en valeur des produits frais et le fait maison.	[('food style_options', 'positive', 'carte'), ('food quality', 'positive', 'produits')]
g187253-d1308414-r269942828:1	La terrasse sur la place est agréable (peu de circulation).	[('ambience general', 'positive', 'terrasse')]
g187253-d1308414-r269942828:2	Le personnel est très prévenant.	[('service general', 'positive', 'personnel')]
g187253-d1308414-r269942828:3	La cuisine est raffinée : le menu du marché avec ses 3 entrées surprises est délicieux.	[('food quality', 'positive', 'cuisine'), ('food quality', 'positive', 'menu du marché')]
g187253-d1308414-r269942828:4	La bouillabaisse, copieuse, était un régal (aucune arête en plus !).	[('food style_options', 'positive', 'bouillabaisse'), ('food quality', 'positive', 'bouillabaisse')]
g187253-d1308414-r269942828:5	Le seul petit bémol : le plat principal du menu m'a été servi quasi froid, peut-être à cause du temps de préparation de la bouillabaisse.	[('food quality', 'negative', 'plat principal')]
g187253-d1308414-r269942828:6	Un adresse à recommander...	[('restaurant general', 'positive', 'adresse')]
g187253-d1322797-r265876149:0	Restaurant que j’appréciais déjà en repas d'affaire.	[('restaurant general', 'positive', 'Restaurant')]
g187253-d1322797-r265876149:1	Sortie privée avec mon épouse, et vraiment pas déçus : accueil très sympa, bonne table,serveur prévenant et pas d'attente pour la commande.	[('restaurant general', 'positive', 'NULL'), ('service general', 'positive', 'accueil'), ('service general', 'positive', 'serveur'), ('service general', 'positive', 'attente')]
g187253-d1322797-r265876149:2	un régal sur les poissons à la plancha : poissons hyper frais, et très bien préparés.	[('food quality', 'positive', 'poissons à la plancha'), ('food quality', 'positive', 'poissons')]
g187253-d1322797-r265876149:3	Un peu d'attente pour les desserts, mais normal vu l'affluence (réputation et qualité obligent).	[('service general', 'neutral', 'attente'), ('restaurant miscellaneous', 'positive', 'NULL')]
g187253-d1322797-r265876149:4	De surcroit, rapport qualité pris très correct (45€ par personne avec un excellent vin).	[('restaurant prices', 'positive', 'NULL'), ('drinks quality', 'positive', 'vin'), ('restaurant general', 'positive', 'NULL')]
g187253-d1322797-r265876149:5	on y reviendra pour déguster le reste de la carte...et pour le coucher de soleil magnifique sur la baie de Marseille et les iles.	[('location general', 'positive', 'NULL'), ('restaurant general', 'positive', 'NULL')]
g187253-d1323139-r272593855:0	La terrasse est très bien exposée, le personnel est très sympathique et la cuisine est de grande qualité.	[('ambience general', 'positive', 'terrasse'), ('service general', 'positive', 'personnel'), ('food quality', 'positive', 'cuisine')]
g187253-d1323139-r272593855:1	Les produits utilisés sont frais et tout ce que nous avons mangé était super bon.	[('food quality', 'positive', 'produits'), ('food quality', 'positive', 'NULL')]
g187253-d1323139-r272593855:2	Nous y retournerons certainement pour manger sous ce magnifique platane qui représente bien la terrasse du sud de la France.	[('ambience general', 'positive', 'platane')]
g187253-d1323139-r272593855:3	Mention spéciale aux serveurs pour leur professionnalisme.	[('service general', 'positive', 'serveurs')]
g187253-d1323139-r272593855:4	Ils savent mettre à l'aise les clients en leur donnant de bons conseils sans les déranger.	[('service general', 'positive', 'NULL')]
g187253-d1328827-r266271011:0	Cheveux dans les plats	[('restaurant miscellaneous', 'negative', 'NULL')]
g187253-d1328827-r266271011:1	Millefeuille tomates mozzarella : simple salade tomate mozza	[('food style_options', 'negative', 'Millefeuille tomates mozzarella')]
g187253-d1328827-r266271011:3	Pas eu l'apéritif offert	[('service general', 'negative', 'NULL')]
g187253-d1328827-r266271011:4	Pâtes au saumon servies comme à la maison	[('food style_options', 'negative', 'Pâtes au saumon')]
g187253-d1328827-r266271011:5	Aïoli : Mayo amora avec de l'ail	[('food quality', 'negative', 'Aïoli')]
g187253-d1328827-r266271011:6	Chantilly premier prix	[('food quality', 'negative', 'Chantilly')]
g187253-d1328827-r266271011:7	Dorade au champagne : Colin surgelé avec de la sauce blanche et des herbes, pas de champagne	[('food quality', 'negative', 'Dorade au champagne')]
g187253-d1328827-r266271011:8	Légumes surgelés dans les plats	[('food quality', 'negative', 'Légumes')]
g187253-d1328827-r266271011:9	Café gourmand : café et une part de tarte aux pommes surgelée (écrit fait maison sur la carte)	[('food quality', 'negative', 'tarte aux pommes')]
g187253-d1328827-r266271011:10	Ne jamais y aller!!!	[('restaurant general', 'negative', 'NULL')]
g187253-d1329377-r193520980:0	Nous nous attendions à quelque chose de très grande qualité, c'était un peu ordinaire et certains plats étaient fades.	[('food quality', 'negative', 'plats'), ('restaurant general', 'negative', 'NULL')]
g187253-d1329377-r193520980:1	Le confit ne ressemble pas à un confit (ça ressemble à une saucisse) et le gout ne suit pas non plus.	[('food quality', 'negative', 'confit')]
g187253-d1329377-r193520980:2	La croustade de saint Jacques est le meilleur de nos plats (les saint jacques sont généreuses et la sauce est bonne).	[('food style_options', 'positive', 'saint jacques'), ('food quality', 'positive', 'sauce'), ('food quality', 'positive', 'croustade de saint Jacques')]
g187253-d1329377-r193520980:3	Bref, pas mauvais, mais un peu décevant.	[('restaurant general', 'negative', 'NULL')]
g187253-d1331961-r118398179:0	Nous avions réservé dans ce restaurant en voyant qu'il était recommandé par le Gault et Millau, il a une déco super sympa et tout paraissait être réuni pour découvrir une nouvelle bonne table sur Marseille.	[('ambience general', 'positive', 'déco')]
g187253-d1331961-r118398179:1	Hélas, quelle ne fut pas notre déception!	[('restaurant general', 'negative', 'NULL')]
g187253-d1331961-r118398179:2	Pas de vin à moins de 35 € la bouteille, des prix qui se justifieraient si la qualité des mets était à la hauteur.	[('food quality', 'negative', 'mets'), ('drinks prices', 'negative', 'bouteille')]
g187253-d1331961-r118398179:3	La viande était dure, les fruits de mer des pâtes surgelés et sans goût.	[('food quality', 'negative', 'viande'), ('food quality', 'negative', 'fruits de mer')]
g187253-d1331961-r118398179:4	De plus l'un des convives a été malade après le repas.	[('food quality', 'negative', 'repas')]
g187253-d1331961-r118398179:5	Reste le service, sympathique mais un peu trop décontracté qui ne suffit pas à relever l'absence de qualité de ce restaurant.	[('service general', 'neutral', 'service'), ('restaurant general', 'negative', 'restaurant')]
g187253-d1332190-r282285117:0	Bon on a du mal tomber, on va dire ca comme ca.....	[('restaurant general', 'negative', 'NULL')]
g187253-d1332190-r282285117:1	Serveurs désagréables, vous etes pas du coin?	[('service general', 'negative', 'Serveurs')]
g187253-d1332190-r282285117:2	dommage!	[('restaurant general', 'negative', 'NULL')]
g187253-d1332190-r282285117:3	recomptez votre monnaie, croyez moi , vous avez franchement interet.	[('service general', 'negative', 'NULL')]
g187253-d1332190-r282285117:4	Il nous a fait le coup, mais on a pu le constater ce soir là, ils ont fait le coup à au moins huit tables qui se sont plaintes.	[('service general', 'negative', 'NULL')]
g187253-d1332190-r282285117:5	Bon, bien sur l'erreur était en leur faveur!!! prés de vingt euros pour nous sur une addition de 85€ !	[('service general', 'negative', 'NULL')]
g187253-d1332190-r282285117:6	"prsque 20% !!! Le plus beau: sans se démonter: ""ben quoi c'est le pourboire!!!!"" Rien à dire de plus"	[('service general', 'negative', 'NULL')]
g187253-d1332190-r282285117:7	"Quand aux plats, n'y allez pas pour faire une découverte originale, que du ""classique""...."	[('food style_options', 'negative', 'plats')]
g187253-d1332190-r282285117:8	Ca ressemble à ce que les restaurateurs achétent chez Métro ....	[('food quality', 'negative', 'NULL')]
g187253-d1550066-r280463454:0	Un restau au bord de l'eau c'est sympa.	[('location general', 'positive', 'restau')]
g187253-d1550066-r280463454:1	Surtout que le service y est rapide et plutôt agréable, les portions généreuses et le lieux vraiment joli.	[('service general', 'positive', 'service'), ('food style_options', 'positive', 'portions'), ('ambience general', 'positive', 'lieux')]
g187253-d1550066-r280463454:2	Mais qu'est ce que c'est gras !	[('food quality', 'negative', 'NULL')]
g187253-d1550066-r280463454:3	Ces pauvres poulpes auraient pu mourir d'un excès de cholestérol s'ils n'avaient pas fini sur la plancha.	[('food quality', 'negative', 'poulpes')]
g187253-d1550066-r280463454:4	Et hop, une après midi à te les digérer.	[('food quality', 'negative', 'NULL')]
g187253-d1550066-r280463454:5	Et je parle pas de l'aïoli...	[('food quality', 'negative', 'aïoli')]
g187253-d1550066-r280463454:6	Donc bien mais pourrais vraiment gagner en qualité.	[('food quality', 'negative', 'NULL'), ('restaurant general', 'positive', 'NULL')]
g187253-d1550066-r280463454:7	Dernière remarque, pourquoi du saumon ??	[('food style_options', 'negative', 'NULL')]
g187253-d1550066-r280463454:9	Allez, un petit effort quoi !	[('restaurant general', 'negative', 'NULL')]
g187253-d1639457-r152371370:0	Nous avions aimé ce restaurant du temps de l'ancienne équipe mais alors là déception.	[('restaurant general', 'negative', 'restaurant')]
g187253-d1639457-r152371370:1	Après un accueil et un service moyen, la carte paraissait alléchante mais quand les plats sont arrivés ce n'était pas à la hauteur.	[('service general', 'negative', 'accueil'), ('service general', 'negative', 'service'), ('food style_options', 'positive', 'carte'), ('food quality', 'negative', 'plats')]
g187253-d1639457-r152371370:2	Les produits sont bons mais la cuisine reste simple par rapport aux tarifs.	[('food quality', 'positive', 'produits'), ('food style_options', 'negative', 'cuisine'), ('food prices', 'neutral', 'cuisine')]
g187253-d1639457-r152371370:3	Un tartare de saumon avec trop d'oignons.	[('food style_options', 'negative', 'tartare de saumon')]
g187253-d1639457-r152371370:5	Une profiterole proposée XL mais dans l'assiette le chou était trop cuit, donc déception, il vaut mieux avoir une profiterole plus petite mais meilleure.	[('food style_options', 'positive', 'profiterole'), ('food quality', 'negative', 'chou')]
g187253-d1639457-r152371370:6	Les prix sont trop élevés par rapport à ce qu'on nous a proposé.	[('food prices', 'negative', 'NULL'), ('food quality', 'negative', 'NULL')]
g187253-d1639457-r152371370:7	D'ailleurs il n'y avait que trois tables dans le restaurant, un vendredi soir !	[('restaurant miscellaneous', 'negative', 'restaurant')]
g187253-d1854779-r278211239:1	En 2 mois ce resto s' est dégradé à une vitesse phénoménale!	[('restaurant general', 'negative', 'resto')]
g187253-d1854779-r278211239:2	Désorganisation totale du service, obligé de redemander à plusieurs reprises l'apéritif ainsi que le vin, à croire qu'ils ne veulent pas qu'on consomme.	[('service general', 'negative', 'service')]
g187253-d1854779-r278211239:3	Une attente interminable avant de passer commande.	[('service general', 'negative', 'attente')]
g187253-d1854779-r278211239:4	Normal quand les serveuses et serveuses ne gèrent pas leurs tables...vacances va et vient sans aucune logique de service!	[('service general', 'negative', 'serveuses et serveuses'), ('service general', 'negative', 'service')]
g187253-d1854779-r278211239:5	Heureusement la qualité de la cuisine rattrape cela mais quel gâchis pour ce petit resto italien avec une magnifique terrasse et des produits frais.	[('ambience general', 'positive', 'terrasse'), ('food quality', 'positive', 'cuisine')]
g187253-d1854779-r278211239:6	S' il vous plaît monsieur le patron remettez de l'ordre dans votre organisation.	[('service general', 'negative', 'NULL')]
g187253-d1854779-r278211239:7	La personne qui accueille et place les gens ferait mieux de gérer le service au lieu de se promener les mains dans les poches.	[('service general', 'negative', 'service')]
g187253-d1854779-r278211239:8	C'est pas compris d'attribuer à chaque serveur une partie du resto et ainsi chacun peut suivre ses commandes	[('service general', 'negative', 'NULL')]
g187253-d1900905-r238944051:1	Et bien c'est toujours aussi bien.	[('restaurant general', 'positive', 'NULL')]
g187253-d1900905-r238944051:2	La formule est parfaite.	[('food style_options', 'positive', 'formule')]
g187253-d1900905-r238944051:3	La viande est toujours cuite comme on le souhaite et si vous n'avez pas assez de frites demandez-en au serveur il vous en apportera une assiette.	[('food quality', 'positive', 'viande'), ('service general', 'positive', 'serveur'), ('food style_options', 'positive', 'NULL')]
g187253-d1900905-r238944051:4	Le personnel est tres attentionné.	[('service general', 'positive', 'personnel')]
g187253-d1900905-r238944051:5	En somme un Resto où on peut venir entre amis pour bien manger et de manière rapide si on le souhaite	[('restaurant general', 'positive', 'Resto')]
g187253-d2027102-r115708876:1	Nous avons été positivement surpris.	[('restaurant general', 'positive', 'NULL')]
g187253-d2027102-r115708876:2	Tout d'abord l'accueil fut très agréable, souriant et avenant.	[('service general', 'positive', 'accueil')]
g187253-d2027102-r115708876:3	La cuisine sans prétention reste simple et de bonne qualité.	[('food quality', 'positive', 'cuisine'), ('food style_options', 'positive', 'cuisine')]
g187253-d2027102-r115708876:4	Portions équilibrées, sauf peut-être pour l'entrée (moules gratinées) qui était trop petite tant les moules étaient bonnes.	[('food style_options', 'positive', 'Portions'), ('food quality', 'positive', 'moules'), ('food style_options', 'negative', 'entrée')]
g187253-d2027102-r115708876:5	Le vin blanc était tout à fait adéquat et à un prix plus que raisonnable, 14 euros...	[('drinks quality', 'positive', 'vin blanc'), ('drinks prices', 'positive', 'vin blanc')]
g187253-d2027102-r115708876:7	Nous recommandons ce petit restaurant qui se trouve dans le quartier du Panier.	[('restaurant general', 'positive', 'restaurant')]
g187253-d2161275-r243891446:0	Une bonne surprise sur le port de Marseille.	[('restaurant general', 'positive', 'NULL'), ('location general', 'positive', 'port de Marseille')]
g187253-d2161275-r243891446:1	Les prix pratiqués sont corrects, et la nourriture est bonne, en quantité et avec un large choix (un plateau de fromages affiche plus de 30 spécimens !)	[('restaurant prices', 'positive', 'NULL'), ('food quality', 'positive', 'nourriture'), ('food style_options', 'positive', 'plateau de fromages'), ('food style_options', 'positive', 'nourriture')]
g187253-d2161275-r243891446:3	Certes, ce n'est pas de la gastronomie, mais on ne vient pas à un buffet à volonté pour cela.	[('food style_options', 'neutral', 'NULL')]
g187253-d2161275-r243891446:4	On repart donc repu et heureux d'avoir passé un bon moment pour pas trop cher (sur le port, c'est assez remarquable).	[('restaurant general', 'positive', 'NULL'), ('restaurant prices', 'positive', 'NULL'), ('location general', 'positive', 'port')]
g187253-d2185886-r237459426:0	certes cet établissement est bien situé, mais ça ne justifie pas les tarifs pratiqués pour une qualité juste moyenne.	[('location general', 'positive', 'établissement'), ('restaurant prices', 'negative', 'NULL'), ('food quality', 'neutral', 'NULL')]
g187253-d2185886-r237459426:1	Le plat du jour comme son nom l'indique est plutôt un gage de fraicheur et qualité; ce jour là si le sanglier était convenable, l'accompagnement très limite à savoir des pâtes desséchées et froides.	[('food quality', 'neutral', 'sanglier'), ('food quality', 'negative', 'accompagnement'), ('food quality', 'negative', 'pâtes'), ('food quality', 'positive', 'plat du jour')]
g187253-d2185886-r237459426:2	Un service convenable, mais à ne pas renouveler, il y a tant de petits restaurants qui savent servir une cuisine de meilleure qualité	[('service general', 'neutral', 'service')]
g187253-d2189616-r221189178:1	mais grosse déception :	[('restaurant general', 'negative', 'mais grosse déception')]
g187253-d2189616-r221189178:2	une pizza assez bonne mais servie sans couverts ?	[('food quality', 'positive', 'pizza'), ('service general', 'negative', 'NULL')]
g187253-d2189616-r221189178:3	Une bière pression à 3,7 euros sans bulle avec un goût d'eau, bref une bière coupée à l'eau.	[('drinks prices', 'negative', 'bière pression'), ('drinks quality', 'negative', 'bière pression')]
g187253-d2189616-r221189178:6	J'ai retenté ma chance avec une bière bouteille 6 euros arrivée ouverte avec une rondelle de citron à l'intérieur ??	[('drinks style_options', 'negative', 'bière bouteille'), ('drinks prices', 'negative', 'bière bouteille')]
g187253-d2189616-r221189178:7	idem sans bulle et un goût d'eau.	[('drinks quality', 'negative', 'NULL')]
g187253-d2189616-r221189178:8	La voisine à la table d'à côté a renvoyé son verre de vin blanc sous prétexte qu'il y avait tellement de glaçons qu'elle n'avait plus le goût du vin.	[('drinks style_options', 'negative', 'verre de vin blanc')]
g187253-d2189616-r221189178:9	Comme évoqué précédemment : ne pas aller aux toilettes, dégueulasse !	[('restaurant miscellaneous', 'negative', 'NULL')]
g187253-d2189616-r221189178:10	Serveurs de 18 ans très sympas mais tips pas possible là ....	[('service general', 'positive', 'Serveurs')]
g187253-d2189616-r221189178:11	Vraiment dommage !	[('restaurant general', 'negative', 'NULL')]
g187253-d2189616-r221189178:12	Il ne faut absolument pas cautionner ça !!	[('restaurant general', 'negative', 'NULL')]
g187253-d2244194-r278706020:0	"par esprit masochiste sans doute, je suis retourné dans ce ""restaurant"" en me disant que peut-être.... en fait rien n'a changé, service nul, avec du personnel mal fagoté, mal habillé, peu professionnel.On attend 20mn pour avoir la carte, si on ne prend pas d'apéro."	[('restaurant general', 'negative', 'restaurant'), ('service general', 'negative', 'service'), ('service general', 'negative', 'personnel'), ('service general', 'negative', 'NULL')]
g187253-d2244194-r278706020:1	"la situation est bonne mais la cuisine st détestable, c'est une mangeoire à touristes, comme l'est la place où on ""attend"" vraiment le touriste."	[('location general', 'positive', 'situation'), ('food quality', 'negative', 'cuisine'), ('restaurant general', 'negative', 'mangeoire à touristes')]
g187253-d2244194-r278706020:2	Vin au verre pas frais, en bouteille assez cher et une bière en bouteille peu covaincante	[('drinks quality', 'negative', 'Vin au verre'), ('drinks prices', 'negative', 'bouteille'), ('drinks quality', 'negative', 'bière en bouteille')]
g187253-d2244194-r278706020:3	"service de cantine, la serveuse porte la ""soupe"" de poissons entre ses 2 mains par ce que l'assiette est chaude, sans liteau, sans classe vraiment"	[('service general', 'negative', 'service'), ('service general', 'negative', 'serveuse')]
g187253-d2244194-r278706020:4	on y bouffe plus que l'on s'y restaure à éviter vraiment	[('food quality', 'negative', 'NULL')]
g187253-d2248119-r222961718:0	Attirés par la devanture se déclinant comme plutôt chic, certes le prix du menu à 15€ n'inspirait pas une cuisine raffinée... mais là c'est pire que tout...	[('food quality', 'negative', 'NULL'), ('restaurant miscellaneous', 'positive', 'NULL'), ('food prices', 'positive', 'menu')]
g187253-d2248119-r222961718:1	Du surgelé mais du surgelé pas bon !!! Poulpes marinés.... c'est à dire un poulpe qui ressemble à du vrai caoutchouc avec du vinaigre....en gros une simple salade!	[('food quality', 'negative', 'poulpe'), ('food quality', 'negative', 'NULL')]
g187253-d2248119-r222961718:2	Des moules marinières qui baignanit....dans leur eau oui sans sauce : sans intérets!!!	[('food style_options', 'negative', 'moules marinières')]
g187253-d2248119-r222961718:4	Pour moi le pire reste le service!!	[('service general', 'negative', 'service')]
g187253-d2248119-r222961718:5	Un management inexistant : 15 à 20 minutes d'attente entre chaque plat, une serveuse qui sert des plats sur la table à côté mais qui ne nous débarasse que 10 minutes après...et le must....quand au choix du dessert il ne restait plus qu'un dessert aux fruits rouges sur les 4 possibilités du menu... mon ami n'aimant pas ces derniers...le patron a refusé d'échanger le café contre le dessert qu'il ne prenait pas.....	[('service general', 'negative', 'serveuse'), ('food style_options', 'negative', 'dessert'), ('service general', 'negative', 'patron'), ('service general', 'negative', 'attente'), ('service general', 'negative', 'management')]
g187253-d2248119-r222961718:6	Un relationnel client naz!	[('service general', 'negative', 'NULL')]
g187253-d2248119-r222961718:7	Quant à la salade de fruit acide et pétillante... je soupconne qu'ils y aient mis de l'orangina...	[('food quality', 'negative', 'salade de fruit')]
g187253-d2261564-r243521218:0	Resto de bord de mer idéalement situé.	[('location general', 'positive', 'Resto')]
g187253-d2261564-r243521218:1	Bon service, accueil chaleureux.	[('service general', 'positive', 'service'), ('service general', 'positive', 'accueil')]
g187253-d2261564-r243521218:2	Néanmoins, repas onéreux, sans grand choix, lourds et très gras.	[('food style_options', 'negative', 'repas'), ('food prices', 'negative', 'repas'), ('food quality', 'negative', 'repas')]
g187253-d2261564-r243521218:3	Je ne retournerai pas dans ce restaurant, même après 10 heures de digestion, la salade de chèvre chaud n'est toujours pas passée.	[('restaurant general', 'negative', 'restaurant'), ('food quality', 'negative', 'salade de chèvre chaud')]
g187253-d2290839-r195921991:0	....quel accueil froid et quel service antipathique!	[('service general', 'negative', 'accueil'), ('service general', 'negative', 'service')]
g187253-d2290839-r195921991:1	Amateurs de brunch nous y sommes allés un dimanche pour bruncher au soleil sur la terrasse: le brunch est servi à table et non en buffet, il est copieux et plutôt bon: il y a des œufs, du bacon, de la saucisse, des viennoiseries, du saumon et de la salade de fruit , du fromage blanc entres autres, son prix est correct , cependant nous avons été très déçus du service : serveuse speed et mal aimable, elle ne nous a pas débarrassé l'assiette de salé alors qu elle nous avait apporté le café pour les viennoiseries, nous avons mangé nos gaufres sur un coin de table pour ne pas les mélanger au reste de saucisse....pas très pro!	[('food style_options', 'positive', 'brunch'), ('ambience general', 'positive', 'terrasse'), ('food quality', 'positive', 'brunch'), ('food prices', 'positive', 'brunch'), ('service general', 'negative', 'service'), ('service general', 'negative', 'serveuse'), ('service general', 'negative', 'NULL')]
g187253-d2290839-r195921991:2	Nous lui avons demandé a être débarrassé, elle ne l'a pas fait mais est passé 3 fois devant nous les mains vides...c'est très moyen.	[('service general', 'negative', 'NULL')]
g187253-d2290839-r195921991:3	Dommage car le brunch était chouette mais l'accueil et le service ne méritent pas que nous revenions .	[('food quality', 'positive', 'brunch'), ('service general', 'negative', 'accueil'), ('service general', 'negative', 'service')]
g187253-d3158560-r267967733:0	Au départ nous avions déjà l impression de déranger, à la limite pas trop grave ville touristique et beaucoup de monde donc je pense les serveurs fatigués.	[('service general', 'negative', 'NULL')]
g187253-d3158560-r267967733:1	Une fois le repas à table, une catastrophe, sans parler des erreurs ou des oublis, une impression de viande avariée et j en passe...	[('food quality', 'negative', 'viande'), ('service general', 'negative', 'NULL'), ('food quality', 'negative', 'repas')]
g187253-d3158560-r267967733:2	En allant aux toilettes nous avons aperçu un établissement dans un état plus que laborieux, pire que dans nos pires cauchemars, sale, délabré, comment peut-on faire a manger dans un endroit pareil, je me sentais mal à voir ça.	[('restaurant miscellaneous', 'negative', 'établissement')]
g187253-d3158560-r267967733:3	A fermer de suite.	[('restaurant general', 'negative', 'NULL')]
g187253-d3158560-r267967733:4	Par pitié allez ailleurs merci.	[('restaurant general', 'negative', 'NULL')]
g187253-d3159170-r200522623:0	"Sous le soleil de l'Estaque, la terrasse de ce restaurant a un petit côté déco bien sympa (table façon teck, ""sets"" en ardoise)."	[('ambience general', 'positive', 'déco'), ('ambience general', 'positive', 'terrasse'), ('location general', 'positive', 'NULL')]
g187253-d3159170-r200522623:1	Le grand +, c'est l'accueil souriant des 2 serveuses, disponibles et connaissant bien les plats.	[('service general', 'positive', 'serveuses')]
g187253-d3159170-r200522623:2	Ai choisi un loup de mer fraichement pêché avec sa ratatouille sur purée accompagné d'une huile d'olive aux agrumes et herbes, le tout se révélant un peu insipide.	"[('food quality', 'negative', ""loup de mer fraichement pêché avec sa ratatouille sur purée accompagné d'une huile d'olive aux agrumes et herbes"")]"
g187253-d3159170-r200522623:3	Je suis d'autant + désolée de l'écrire que le service est un bonheur de gentillesse.	[('service general', 'positive', 'service')]
g187253-d3159170-r200522623:4	Le dessert ne m'a pas laissé de souvenir mémorable (un thé gourmand).	[('food quality', 'negative', 'dessert')]
g187253-d3159170-r200522623:5	Peut mieux faire, j'en suis sûre !	[('restaurant general', 'negative', 'NULL')]
g187253-d3247810-r266613025:0	Un incontournable!	[('restaurant general', 'positive', 'NULL')]
g187253-d3247810-r266613025:1	Une cuisine toujours fraiche et fine, de très bons produits, cuisinés avec talent et amour.	[('food quality', 'positive', 'cuisine'), ('food quality', 'positive', 'produits')]
g187253-d3247810-r266613025:2	Un accueil et service toujours parfait, un très bon choix de vin ( même les pichets sont très bon), d apéritifs et surtout tester les coktails!!	[('service general', 'positive', 'accueil'), ('service general', 'positive', 'service'), ('drinks style_options', 'positive', 'vin'), ('drinks quality', 'positive', 'pichets'), ('drinks quality', 'positive', 'coktails'), ('drinks style_options', 'positive', 'apéritifs')]
g187253-d3247810-r266613025:3	Inventés et préparés avec soin par le super bartender !!	[('drinks quality', 'positive', 'NULL')]
g187253-d3247810-r266613025:4	Entre la terrasse l été et les tables au coin de la cheminée l hiver, la musique, le cadre réunit tous les ingrédients pour passer une superbe soirée.	[('ambience general', 'positive', 'terrasse'), ('ambience general', 'positive', 'musique'), ('ambience general', 'positive', 'cadre'), ('ambience general', 'positive', 'cheminée')]
g187253-d3247810-r266613025:5	On y va les yeux fermés!	[('restaurant general', 'positive', 'NULL')]
g187253-d3347069-r275887686:0	A lire les différents commentaires élogieux, je me demande un peu si j'étais au même endroit ou si j'étais de mauvaise humeur ce jour-là...	[('restaurant general', 'negative', 'endroit')]
g187253-d3347069-r275887686:1	Cela étant, je n'ai pas trouvé le personnel sympathique, certes nous avons fini le déjeuner un peu tard (16h) mais on s'est fait pousser vers la sortie car le restaurant fermait (à quoi bon si c'est pour réouvrir deux heures plus tard ?!).	[('service general', 'negative', 'personnel'), ('service general', 'negative', 'NULL')]
g187253-d3347069-r275887686:2	La cuisine ne laisse pas de souvenir particulier, plutôt standard et pour le prix au final, on peut franchement s'attendre à beaucoup mieux !	[('food quality', 'neutral', 'cuisine'), ('restaurant prices', 'negative', 'NULL')]
g187253-d3347069-r275887686:3	Bref, ne correspond pas à ce qu'on m'en avait dit ni à ce que j'ai pu lire au sujet de ce restaurant...	[('restaurant general', 'negative', 'restaurant')]
g187253-d3367883-r261318845:0	Nous etions 5 ce jour a vouloir dejeuner en terasse de cet etablissement, avec son grand choix la carte convient a tout le monde.	[('food style_options', 'positive', 'carte')]
g187253-d3367883-r261318845:1	Une fois attables nous avons du attendre 15mn pour commander nos boissons et avoir les cartes, encore 15 mn plus tard le serveur revient pour prendre notre commande c est la qu il nous annonce qu il n y a ni pizzas ni hamburger ni cannelonis...	[('service general', 'negative', 'NULL'), ('food style_options', 'negative', 'NULL')]
g187253-d3367883-r261318845:2	Si cela nous avait ete communique en nous installant nous aurions decide de changer de restaurant.	[('restaurant general', 'negative', 'restaurant')]
g187253-d3367883-r261318845:3	"J ai du prendre les olives laissees par les clients de la table d a cote ( avec les noyaux sur la table qui n ont pas ete ramasses pendant notre attente ) je demande un cendrier pour y mettre nos noyaux le server me dit ""vous en demandez des choses vous"""	[('service general', 'negative', 'NULL'), ('service general', 'negative', 'server')]
g187253-d3367883-r261318845:5	Comme nous etions en train de boire nos consommations nous avons decide de faire un effort en commandant tous une viande, ne voyant pas le server revenir et au bout de 10 mn nous nous sommes leves pour aller regler la note dans le bureau de tabac apres avoir du attendre car 1 seule caisse le patron me demande d une facon moyennent aimable le numero de table.	[('service general', 'negative', 'server'), ('service general', 'negative', 'patron')]
g187253-d3482968-r264400769:0	"Le restaurant présente un cadre de type ""montagnard"" très jolie, par contre il est vrai que l'odeur est un peu désagréable en rentrant dans la salle."	[('ambience general', 'positive', 'cadre'), ('restaurant miscellaneous', 'negative', 'odeur')]
g187253-d3482968-r264400769:2	La cuisine est bonne, la serveuse était très souriante et a l'écoute du client.	[('food quality', 'positive', 'cuisine'), ('service general', 'positive', 'serveuse')]
g187253-d3482968-r264400769:3	Un petit bémol pour une dame faisant partie du personnel, qui était on ne peu plus désagréable.	[('service general', 'negative', 'personnel')]
g187253-d3482968-r264400769:4	Cela reste quand même un bon resto, a tester.	[('restaurant general', 'positive', 'resto')]
g187253-d3531866-r270325180:0	Déjà en arrivant, le cadre est exceptionnel !	[('ambience general', 'positive', 'cadre')]
g187253-d3531866-r270325180:1	"La terrasse en bas à gauche du restaurant est à 3 mètres de la mer ; la plage est sur le côté droit (de l'autre côté de la salle de restaurant) donc nous ne sommes pas ""dérangés"" par les plagistes."	[('location general', 'positive', 'restaurant'), ('ambience general', 'positive', 'terrasse')]
g187253-d3531866-r270325180:2	Quant à la cuisine, elle est délicate, raffinée et en portions généreuses !	[('food quality', 'positive', 'cuisine'), ('food style_options', 'positive', 'cuisine')]
g187253-d3531866-r270325180:3	Arrivages de poissons journalier, donc extra frais.	[('food quality', 'positive', 'poissons')]
g187253-d3531866-r270325180:4	Pour ceux qui n'aiment pas le poisson, la carte est diversifiée ; les desserts sont très gourmands !!!	[('food style_options', 'positive', 'carte'), ('food quality', 'positive', 'desserts')]
g187253-d3531866-r270325180:5	Le service est sympa et décontracté, le serveur vous met à l'aise tout de suite.	[('service general', 'positive', 'service'), ('service general', 'positive', 'serveur')]
g187253-d3531866-r270325180:6	Le tout est certes pas donné mais un plat et un dessert restent abordables.	[('restaurant prices', 'neutral', 'NULL')]
g187253-d3590719-r279323659:0	Repas de qualité à des pris très correct .	[('food quality', 'positive', 'Repas'), ('food prices', 'positive', 'Repas')]
g187253-d3590719-r279323659:1	Des produits frais avec des bonnes positions de l'équipe qui est au petit soin .	[('food quality', 'positive', 'produits'), ('service general', 'positive', 'équipe')]
g187253-d3590719-r279323659:2	Le petit plus une carte des a des pris très attractifs .	[('food prices', 'positive', 'carte')]
g187253-d3590719-r281453784:0	Un excellent petit resto avec des produits frais et plats faits maison, ce qui fait une carte réduite mais avec des plats avec un goût exquis.	[('food quality', 'positive', 'produits'), ('food style_options', 'neutral', 'carte'), ('restaurant general', 'positive', 'resto'), ('food quality', 'positive', 'plats')]
g187253-d3590719-r281453784:1	Je ne peux que conseiller ce restaurant avec un accueil excellent et une très bonne cuisine.	[('service general', 'positive', 'accueil'), ('food quality', 'positive', 'cuisine'), ('restaurant general', 'positive', 'restaurant')]
g187253-d4083914-r280941580:0	Un bistrot comme je les aime.	[('restaurant general', 'positive', 'bistrot')]
g187253-d4083914-r280941580:1	Ici vous êtes reçu comme il se doit.	[('service general', 'positive', 'NULL')]
g187253-d4083914-r280941580:2	La cuisine est simple mais de très bonne qualité.	[('food quality', 'positive', 'cuisine'), ('food style_options', 'neutral', 'cuisine')]
g187253-d4083914-r280941580:3	Service très agréable sur une belle terrasse.	[('service general', 'positive', 'Service'), ('ambience general', 'positive', 'terrasse')]
g187253-d4083914-r280941580:4	Le touriste est le bien venu et ici pas d'arnaque.	[('restaurant prices', 'positive', 'NULL'), ('service general', 'positive', 'NULL')]
g187253-d4083914-r280941580:5	Les prix sont raisonnables et on ne force pas à la consommation.	[('restaurant prices', 'positive', 'NULL'), ('service general', 'positive', 'NULL')]
g187253-d4083914-r280941580:6	Une adresse à noter lors de vos passages sur Marseille.	[('restaurant general', 'positive', 'adresse')]
g187253-d4083914-r280941580:7	La proximité de parking rendra votre séjour plus cool.	[('location general', 'positive', 'NULL')]
g187253-d4137659-r257264460:0	Si je devais déjà définir le cadre, je dirais bluffant.	[('ambience general', 'positive', 'cadre')]
g187253-d4137659-r257264460:1	La vue est sublime, la salle est très agréable et tranquille.	[('location general', 'positive', 'vue'), ('ambience general', 'positive', 'salle')]
g187253-d4137659-r257264460:2	La cuisine est très fine, parfaitement adaptée en quantité.	[('food quality', 'positive', 'cuisine'), ('food style_options', 'positive', 'cuisine')]
g187253-d4137659-r257264460:3	Le hic: le service, qui devrait être légèrement meilleur pour un restaurant de ce niveau (apéritifs arrivés à 15 minutes d'intervalle, deux serveurs ont voulu nous régler…), il manque un peu d'attention.	[('service general', 'neutral', 'service'), ('service general', 'neutral', 'NULL')]
g187253-d4137659-r257264460:4	Cependant le personnel reste très sympathique et l'attente n'est pas excessive (sauf pour l'apéritif, donc).	[('service general', 'positive', 'personnel'), ('service general', 'positive', 'attente')]
g187253-d4379462-r259558222:0	Nous étions des habitués de ce restaurant guinguette qui était à l'époque très agréable avec une magnifique vue sur le vieux port et avec une nourriture sans prétention avec de bon produits simples et frais....	[('ambience general', 'positive', 'restaurant'), ('location general', 'positive', 'vue'), ('food style_options', 'positive', 'nourriture'), ('food quality', 'positive', 'produits')]
g187253-d4379462-r259558222:1	Mais que c'est-il passé, ce restaurant est devenu un attrape touristes très cher sans aucune qualité!!!	[('restaurant prices', 'negative', 'restaurant'), ('restaurant general', 'negative', 'restaurant')]
g187253-d4379462-r259558222:2	Le service est déplorable et tout le restaurant se prend pour un 3* alors que la nourriture est vraiment très très mauvaise!!	[('service general', 'negative', 'service'), ('food quality', 'negative', 'nourriture')]
g187253-d4379462-r259558222:3	Nous sommes très triste et très déçus.. nous étions avec des Marseillais qui ont aussi trouvé cela très mauvais, un de nos amis à même été malade toute la nuit après le repas..	[('restaurant general', 'negative', 'NULL'), ('food quality', 'negative', 'NULL')]
g187253-d4379462-r259558222:4	Nous n'y retournerons plus..	[('restaurant general', 'negative', 'NULL')]
g187253-d4379462-r259558222:5	dommage, c'est vraiment du gâchis!!	[('restaurant general', 'negative', 'NULL')]
g187253-d4414030-r197767293:1	Cuisine typique marocaine, carte simple avec toute les plats du pays.	[('food style_options', 'positive', 'Cuisine'), ('food style_options', 'positive', 'carte')]
g187253-d4414030-r197767293:2	La patronne est amicale, prête a tout pour bien faire manger tout le monde.	[('service general', 'positive', 'patronne')]
g187253-d4414030-r197767293:3	Un plat (très copieux, et resservi si besoin) avec un thé a la menthe pour digérer : 12€	[('food style_options', 'positive', 'plat')]
g187253-d4414030-r197767293:5	A ne pas rater si vous êtes a la recherche de saveurs sans se casser le porte-monnaie!	[('food quality', 'positive', 'NULL'), ('restaurant prices', 'positive', 'NULL')]
g187253-d4972334-r237403818:0	Aucune fausse note dans ce resto...	[('restaurant general', 'positive', 'resto')]
g187253-d4972334-r237403818:1	En commençant par l'accueil chaleureux et très sympathique (nous accepter à 14 un 1er novembre...beaucoup ne l'aurait pas fait)	[('service general', 'positive', 'accueil')]
g187253-d4972334-r237403818:2	Un cadre simple mais pourtant très authentique et étudié...un style américain années 70 tout en simplicité et goût.	[('ambience general', 'positive', 'cadre')]
g187253-d4972334-r237403818:3	Le coeur...le repas!	[('food quality', 'positive', 'repas')]
g187253-d4972334-r237403818:4	Que ce sois les entrées...un prix très abordable (entre 5 et 7 euros) pour un rapport qualité/prix exceptionnel.	[('food prices', 'positive', 'entrées'), ('food quality', 'positive', 'entrées')]
g187253-d4972334-r237403818:5	Je vous conseille le tartare de saumon à la Thaï.	[('food quality', 'positive', 'tartare de saumon à la Thaï')]
g187253-d4972334-r237403818:6	Ensuite les plats...pas de doutes la spécialité très maîtrisé est le burger maison!	[('food quality', 'positive', 'burger')]
g187253-d4972334-r237403818:7	Un pain élaboré par un boulanger du coin, un steack haché frais, la qualité des produits frais, les frites maison, la petite salade accompagné d'une vinaigrette bien relevée.	[('food quality', 'positive', 'pain'), ('food style_options', 'positive', 'salade'), ('food quality', 'positive', 'produits frais'), ('food quality', 'positive', 'steack haché'), ('food quality', 'positive', 'frites')]
g187253-d4972334-r237403818:8	N'ayons pas peur des mots...à ce jour c'est le meilleur burger que j'ai mangé.	[('food quality', 'positive', 'burger')]
g187253-d4972334-r237403818:9	Même si il s'agit d'un concept à la mode...peu sont ceux qui le maitrisent comme ce restaurant !	[('restaurant general', 'positive', 'restaurant')]
g187253-d4972334-r237403818:10	Les dessert sont à tomber avec le cheesecake au Toblerone !	[('food quality', 'positive', 'cheesecake au Toblerone'), ('food quality', 'positive', 'dessert')]
g187253-d4972334-r237403818:11	Le tout à un pris très mesuré.	[('restaurant prices', 'positive', 'NULL')]
g187253-d4972334-r237403818:12	Entrée/ plat / dessert à 2 pour une 40 ene euros	[('food prices', 'positive', 'Entrée/ plat / dessert')]
g187253-d7591580-r286665099:0	Nous avons déjeuné hier dans ce restaurant avec vue sur la mer et terrasse très agréable.	[('location general', 'positive', 'vue'), ('ambience general', 'positive', 'terrasse')]
g187253-d7591580-r286665099:1	"Nous avons été accueilli en terrasse , la viande que j'avais commandée cuisson bleue est arrivée ""saignante"" , pas terrible pour un restaurant spécialiste en viandes!"	[('food quality', 'negative', 'viande'), ('restaurant general', 'negative', 'restaurant')]
g187253-d7591580-r286665099:3	Lorsque le serveur nous demande si ça allait , je lui dis que la viande était bonne mais que la cuisson n'était pas celle que j'avais demandé.	[('food quality', 'negative', 'viande'), ('food quality', 'positive', 'viande')]
g187253-d7591580-r286665099:4	Et là, quelle surprise le serveur se vexe, il n'est pas compréhensif, il nous amène l'addition , nous réglons et il ne nous dit même pas au revoir !!! Quel professionnalisme !!!! vu son comportement et son jeune âge , il est clair qu'il y a un manque de maturité , manager il y a urgence !	[('service general', 'negative', 'serveur'), ('service general', 'negative', 'NULL')]
g187253-d7591580-r286665099:5	Vu cet accueil, on ne reviendra plus !	[('service general', 'negative', 'accueil')]
g187253-d784568-r229967112:1	Très bon accueil, discret et efficace.	[('service general', 'positive', 'accueil')]
g187253-d784568-r229967112:2	Repas bon, raffiné, dans un bon timing.	[('food quality', 'positive', 'Repas'), ('service general', 'positive', 'timing'), ('food style_options', 'positive', 'Repas')]
g187253-d784568-r229967112:3	Un beau et grand classique, qui ne décevra pas, quelque que soient les goûts, des grands et petits.	[('food quality', 'positive', 'classique')]
g187253-d784568-r229967112:4	Bonne cave bien valorisée par de bons conseils en salle.	[('drinks quality', 'positive', 'cave'), ('service general', 'positive', 'NULL')]
g187253-d784568-r229967112:5	Ensemble un peu cher pour ceux qui font sauter quelques bouchons consécutifs ...	[('drinks prices', 'negative', 'NULL')]
g187253-d784568-r229967112:6	Rapport qualité / prix acceptable.	[('restaurant prices', 'neutral', 'NULL'), ('restaurant general', 'neutral', 'NULL')]
g187253-d797687-r183253540:0	Des plats au gout infâme réchauffés au micro ondes!	[('food quality', 'negative', 'plats')]
g187253-d797687-r183253540:1	Un accueil froid!	[('service general', 'negative', 'accueil')]
g187253-d797687-r183253540:2	Et pour couronner le tout des blattes se sont invitées à notre table!	[('restaurant miscellaneous', 'negative', 'NULL')]
g187253-d797687-r183253540:3	Nous avons été malades!	[('food quality', 'negative', 'NULL')]
g187253-d797687-r183253540:4	Cet établissement devrait être fermés!	[('restaurant general', 'negative', 'établissement')]
g187253-d804636-r163197804:0	"Cantine bruyante et sans autre charme que celui, un peu ringard, des photos délavées des ""people"" qui fréquentèrent les lieux un jour."	[('ambience general', 'negative', 'NULL')]
g187253-d804636-r163197804:1	Et puis enfin qu'est-ce que c'est que cette histoire de ne pas présenter de carte aux clients en 2013 ?	[('service general', 'negative', 'NULL')]
g187253-d804636-r163197804:2	Réputation surfaite pour une adresse qui surfe sur la mode qui porte le quartier.	[('restaurant general', 'negative', 'adresse')]
g187253-d804636-r163197804:3	Quand les institutions marseillaises s'endorment sur leur réputation, ne sont plus fréquentées que par les touristes.	[('restaurant general', 'negative', 'NULL')]
g187253-d804648-r206878302:0	Le cadre est exceptionnel, rien que ça, ça vaut le coup.	[('ambience general', 'positive', 'cadre')]
g187253-d804648-r206878302:1	Côté boullabaisse, on vous présente un énorme plateau de poisson avant la cuisson.	[('food style_options', 'positive', 'boullabaisse'), ('food style_options', 'positive', 'plateau de poisson')]
g187253-d804648-r206878302:2	Mais ils ont dû rétrécir à la cuisson, 2 morceaux plein d'arêtes, énormes oignons, un peu de jus...	[('food style_options', 'negative', 'NULL')]
g187253-d804648-r206878302:3	On reste sur sa faim, on en redemande, mais y'a pas de rab.	[('food style_options', 'negative', 'NULL')]
g187253-d804648-r206878302:4	Par contre, les bouteilles de vin n'attendent pas pour être remplacées, et là, l'addition est plus que salée.	[('drinks prices', 'negative', 'bouteilles de vin'), ('drinks style_options', 'neutral', 'bouteilles de vin')]
g187253-d804648-r206878302:5	Méfiance, les touristes se font bien allégés le porte-feuille.	[('restaurant prices', 'negative', 'NULL')]
g187253-d866360-r196718360:0	Très belle ambiance si vous aimez la lumière tamisée, êtes étudiants ou bobo/hipster.	[('ambience general', 'positive', 'ambiance')]
g187253-d866360-r196718360:1	Arrivez tôt car ça se remplit rapidement.	[('restaurant miscellaneous', 'neutral', 'NULL')]
g187253-d866360-r196718360:2	Tapas abordables, sauf pour l'assiette de manchego (cinq minces tranches pour 5€) et l'assiette de serrano (6 tranches pour 10€).	[('food prices', 'neutral', 'Tapas'), ('food style_options', 'negative', 'assiette de manchego'), ('food prices', 'negative', 'assiette de manchego'), ('food style_options', 'negative', 'assiette de serrano'), ('food prices', 'negative', 'assiette de serrano')]
g187253-d866360-r196718360:3	La matronne est un peu bruyante mais ça ajoute de la convivialité au tout.	[('ambience general', 'positive', 'NULL'), ('service general', 'neutral', 'matronne')]
g187253-d866360-r196718360:4	Pas la meilleure bouffe que j'ai mangé, mais pour le prix on ne se plaint pas.	[('food quality', 'neutral', 'bouffe'), ('food prices', 'positive', 'bouffe')]
g187253-d866360-r196718360:5	Les plats arrivent rapidement.	[('service general', 'positive', 'NULL')]
g187253-d866360-r196718360:6	Évitez d'y aller en gros groupe, six personnes c'est déjà beaucoup.	"[('restaurant miscellaneous', 'neutral', ""Évitez d'y aller en gros groupe"")]"
g187253-d907767-r282001273:0	PIZZA tellement fine qu'elle en est immangeable : il faut la casser.	[('food quality', 'negative', 'PIZZA')]
g187253-d907767-r282001273:1	Salade aux chèvres peu fraiche, cafés gourmands à 9 € , cadre poussiéreux, service peu professionnel.	[('food quality', 'negative', 'Salade aux chèvres'), ('food prices', 'negative', 'cafés gourmands'), ('ambience general', 'negative', 'cadre'), ('service general', 'negative', 'service')]
g187253-d907767-r282001273:2	Très vite la note atteint les 40 € pour mal manger.	[('food quality', 'negative', 'mal manger.'), ('restaurant prices', 'negative', 'NULL')]
g187253-d907767-r282001273:3	"Bref l'environnement du site ne justifie absolument pas le déplacement à ce ""restaurant"" dont on se demande si les tenanciers ont appris à cuisiner et savent ce qu'est un commerce."	[('restaurant general', 'negative', 'restaurant'), ('food quality', 'negative', 'NULL'), ('location general', 'negative', 'site'), ('service general', 'negative', 'NULL')]
g187265-d3724621-r161225264:0	Petit restaurant de marché sympa, les planchette apéritif sont bonne.	[('food quality', 'positive', 'planchette apéritif'), ('restaurant general', 'positive', 'restaurant')]
g187265-d3724621-r161225264:1	Le boeuf est d'une qualité fantastique, les vins nombreux esr disponible au verre, le tartare n'est pas terrible car beaucoup trop de moutarde dans le melange... d'ailleurs de la moutarde dans du tartare... bizarre.	[('food quality', 'positive', 'boeuf'), ('drinks style_options', 'positive', 'vins'), ('food quality', 'negative', 'tartare')]
g187265-d3724621-r161225264:2	Sinon ambiance sympa à deix pas de la part dieu.	[('ambience general', 'positive', 'ambiance'), ('location general', 'positive', 'part dieu')]
g187265-d3724621-r161225264:3	Bon mais il y a mieux.	[('restaurant general', 'neutral', 'NULL')]
g187265-d718105-r115426081:0	Que le chef cherche à réiventer les classiques lyonnais, pourquoi pas s'il le faisait avec talent.	[('food quality', 'negative', 'classiques lyonnais'), ('food style_options', 'neutral', 'NULL')]
g187265-d718105-r115426081:1	Malheureusement ledit menu aux accents typiquement lyonnais est non seulement mauvais mais à la limite du grotesque.	[('food quality', 'negative', 'menu')]
g187265-d718105-r115426081:2	Au delà, (1), la salle métiterait un rafraîchissement, (2), la patrone devrait apprendre à sourire et (3), les tarifs sont délirants vu la piètre cuisine qu'on nous a servis.	[('ambience general', 'negative', 'salle'), ('service general', 'negative', 'patrone'), ('food quality', 'negative', 'cuisine'), ('food prices', 'negative', 'cuisine')]
g187265-d807993-r250903963:1	Une vraie déception !	[('restaurant general', 'negative', 'NULL')]
g187265-d807993-r250903963:2	Des plats médiocres, sans saveur et surtout nous sommes ressorties en ayant faim !	[('food quality', 'negative', 'plats'), ('food style_options', 'negative', 'plats')]
g187265-d807993-r250903963:3	Dommage !	[('restaurant general', 'negative', 'NULL')]
g187269-d1811061-r210549792:1	La noté est salée et ne corresponds à ce qui se passe dans l'assiette!	[('restaurant prices', 'negative', 'NULL'), ('food quality', 'negative', 'assiette')]
g187269-d1811061-r210549792:2	Bien moyen, pour ce restaurant qui trône sur la place depuis bien longtemps à Saint Etienne.	[('restaurant general', 'negative', 'restaurant')]
g187269-d1811061-r210549792:3	Nous voulions le faire depuis longtemps, nous n'y retournerons pas et nous le déconseillons.	[('restaurant general', 'negative', 'NULL')]
g187269-d1811061-r210549792:4	Salle déserte, nous étions 6 au total, un samedi soir...	[('restaurant miscellaneous', 'negative', 'Salle')]
g187269-d1811061-r210549792:5	Menu Grands Gourmand, 2 plats, 4 € de supplément pour le fromage...	[('food prices', 'negative', 'fromage')]
g187269-d1811061-r210549792:6	L’accueil est agréable malgré tout.	[('service general', 'positive', 'accueil')]
g187269-d4727206-r260930353:0	Plats appétissants mais on attendait un meilleur goût.	[('food quality', 'neutral', 'Plats')]
g187269-d4727206-r260930353:1	Rapport qualité / prix acceptable.	[('restaurant prices', 'neutral', 'NULL'), ('food quality', 'neutral', 'NULL')]
g187269-d4727206-r260930353:2	Accueil sympathique mais service un peu speed.	[('service general', 'positive', 'Accueil'), ('service general', 'negative', 'service')]
g187269-d4737816-r250955200:0	Que ce soit au comptoir ou au drive, l'attente est longue .	[('service general', 'negative', 'attente')]
g187269-d4737816-r250955200:1	Les produits chauds sont fournis froids (frites, ...) et il manque toujours des éléments de la commande en plus de l'oubli récurrent des sauces, pailles et serviettes .	[('food quality', 'negative', 'produits'), ('service general', 'negative', 'NULL')]
g187269-d4737816-r250955200:2	La qualité des mets laisse à désirer pour cette grande enseigne .	[('food quality', 'negative', 'mets')]
g187269-d6591946-r277918006:0	Super accueil et cadre très bien renseigné sur les spécialités sud américaine !!!!!	[('service general', 'positive', 'accueil'), ('food style_options', 'positive', 'NULL')]
g187269-d6591946-r277918006:1	Cocktail sympa très bien manger a refaire au plus vite !!!!!	[('drinks quality', 'positive', 'Cocktail'), ('food quality', 'positive', 'NULL'), ('restaurant general', 'positive', 'NULL')]
g187269-d907777-r261465070:1	Pendant près de dix ans je n'y étais pas retourné et voila retour cette année et pas trop déçu bien que... comme je m'attendais à retrouver un temple de la gastronomie, la barre était un peu haute.	[('restaurant general', 'neutral', 'NULL')]
g187269-d907777-r261465070:2	Cela dit, la qualité est toujours au rendez vous, les prix aussi... mais la qualité a un prix et quand c'est très bon et goûteux ce n'est jamais trop coûteux.	[('food quality', 'positive', 'NULL'), ('food prices', 'negative', 'NULL')]
g187269-d907777-r261465070:3	Un peu isolé sur ce boulevard J Janin mais le stationnement reste possible sans aller trop loin.	[('location general', 'neutral', 'NULL')]
g187269-d907777-r261465070:4	A conseiller donc	[('restaurant general', 'positive', 'NULL')]
g196495-d1325023-r259859192:1	Je recommande ce restaurant qui est de loin le meilleur kebab de mulhouse .	[('restaurant general', 'positive', 'restaurant')]
g196495-d1325023-r259859192:2	Sauce blanche délicieuse !!!!	[('food quality', 'positive', 'Sauce blanche')]
g196495-d1325023-r259859192:3	Quant au personnel très souriant et agréable .	[('service general', 'positive', 'personnel')]
g196495-d2100294-r260548064:0	Nous avons dîner un dimanche soir , repas bon frais rien d'exceptionnel mais agréable !	[('food quality', 'positive', 'repas')]
g196495-d2100294-r260548064:1	Service sympathique !	[('service general', 'positive', 'Service')]
g196495-d2100294-r260548064:2	Un bon thaï !	[('restaurant general', 'positive', 'thaï')]
g196495-d3896129-r194408303:0	Un accueil très peu chaleureux, une attente très longue pour un repas qui ne vaut vraiment pas son prix !	[('service general', 'negative', 'accueil'), ('restaurant general', 'negative', 'attente'), ('food quality', 'negative', 'repas'), ('food prices', 'negative', 'repas')]
g196495-d3896129-r194408303:1	Je n'y retournerais plus	[('restaurant general', 'negative', 'NULL')]
g196495-d6895935-r247058285:0	Accueil désastreux,sur 3 serveurs, seulement 1 d'entre eux nous a dit bonjour, les serveurs sont sur leur téléphone derrière le bar, rigolent entre eux, en étant bien évidemment bruillants.	[('service general', 'negative', 'Accueil'), ('service general', 'negative', 'serveurs')]
g196495-d6895935-r247058285:1	Le pire sont les toilettes.	[('restaurant miscellaneous', 'negative', 'NULL')]
g196495-d6895935-r247058285:2	Une catastrophe, toutes les toilettes étant pleine d'excréments, plus de papier toilettes, des toilettes a la hauteur du personnel ....	[('restaurant miscellaneous', 'negative', 'NULL'), ('service general', 'negative', 'personnel')]
g196495-d6895935-r247058285:3	A éviter absolument, prenez vos jambes à votre cou.	[('restaurant general', 'negative', 'NULL')]
g196495-d7710044-r273021644:0	Accueil sympa, lieu sympa, carte sympa!	[('service general', 'positive', 'Accueil'), ('ambience general', 'positive', 'lieu'), ('food style_options', 'positive', 'carte')]
g196495-d7710044-r273021644:1	Tout les burgers sont alléchants.	[('food style_options', 'positive', 'burgers')]
g196495-d7710044-r273021644:2	Quelques soucis de gestion du stock, plusieurs plats non dispo...	[('restaurant miscellaneous', 'negative', 'plats')]
g196495-d7710044-r273021644:3	Dommage pour un samedi soir!	[('restaurant miscellaneous', 'negative', 'NULL')]
g196640-d1326868-r260872471:0	plusieurs repas le midi, souvent plat du jour, très bon rapport qualité prix pour restaurant poisson	[('restaurant prices', 'positive', 'restaurant'), ('food style_options', 'positive', 'repas'), ('restaurant general', 'positive', 'restaurant')]
g196640-d1388937-r181113173:0	Un restaurant de chaine, nous avons poussé la porte car en général, sans être extraordinaire c’est une valeur sur, pas trop chère et rapide.	[('restaurant miscellaneous', 'neutral', 'restaurant de chaine')]
g196640-d1388937-r181113173:1	Pas ici, propreté approximatif, compliqué au niveau du service, quand à la pizza, nul.	[('service general', 'negative', 'service'), ('food quality', 'negative', 'pizza'), ('restaurant miscellaneous', 'negative', 'NULL')]
g196640-d1388937-r181113173:2	Pas de chance ce jour là ou réel manque de qualité ?	[('food quality', 'negative', 'NULL')]
g196640-d1388937-r181113173:3	Je n’y retournerai pas…	[('restaurant general', 'negative', 'NULL')]
g196640-d3784521-r285274679:0	Superbe accueil.	[('service general', 'positive', 'accueil')]
g196640-d3784521-r285274679:1	Les sièges sont très confortables et le cadre est épuré.	[('ambience general', 'positive', 'cadre'), ('restaurant miscellaneous', 'positive', 'NULL')]
g196640-d3784521-r285274679:2	Un menu à 25€ peut vous permettre de bien manger sans trop vous ruiner et les plats de la carte sont très copieux également.	[('food prices', 'positive', 'menu'), ('food quality', 'positive', 'menu'), ('food style_options', 'positive', 'plats')]
g196640-d3784521-r285274679:3	Goutez la purée aux truffes, un régal!	[('food quality', 'positive', 'purée aux truffes')]
g196640-d3784521-r285274679:4	A recommander les yeux fermés!	[('restaurant general', 'positive', 'NULL')]
g196640-d4428534-r283820751:2	C'est tout simplement le meilleur que j'ai mangé !	[('food quality', 'positive', 'NULL')]
g196640-d4428534-r283820751:3	Bon, bio, cuisson parfaite, chaud, parfumé et légèrement épicé !	[('food quality', 'positive', 'NULL')]
g196640-d4428534-r283820751:5	Tout correspond 100% à mes goûts et mes attentes.	[('food quality', 'positive', 'NULL')]
g196640-d4428534-r283820751:6	Fraîcheur, goût, équilibre, très bon rapport qualité prix.	[('food prices', 'positive', 'NULL'), ('food quality', 'positive', 'NULL'), ('food quality', 'positive', 'NULL')]
g196640-d4428534-r283820751:7	En plus, le tout servi par une serveuse très sympathique !	[('service general', 'positive', 'serveuse')]
g196640-d4428534-r283820751:8	Que demander de plus !	[('restaurant general', 'positive', 'NULL')]
g196680-d7007014-r256470796:0	Situé dans une petite rue du vieux centre de Gap, ce restaurant est bien décoré.	[('ambience general', 'positive', 'restaurant')]
g196680-d7007014-r256470796:1	On pourrait presque se croire en Bretagne.	[('ambience general', 'positive', 'NULL')]
g196680-d7007014-r256470796:2	La petite carte est bien appétissante... hélas j'ai été un peu déçu par les Galettes, pas très grandes, pas très gouteuses, pas très chargés...	[('food quality', 'negative', 'Galettes'), ('food style_options', 'positive', 'carte'), ('food style_options', 'negative', 'Galettes')]
g196680-d7007014-r256470796:4	Le cidre est bon...	[('drinks quality', 'positive', 'cidre')]
g196680-d7007014-r256470796:5	ET les crêpes sont EXCELLENTES (la pate et les accompagnements).	[('food quality', 'positive', 'crêpes'), ('food quality', 'positive', 'pate'), ('food quality', 'positive', 'accompagnements')]
g196680-d7007014-r256470796:6	Le service est pro.	[('service general', 'positive', 'service')]
g196680-d7007014-r256470796:7	Il ne manque pas grand chose à cette adresse pour que j'y retourne volontiers.	[('restaurant general', 'positive', 'adresse')]
g196680-d7233499-r227244489:1	Un mélange de tout avec crème fraîche dessus, le tout sur une pâte délicieuse et parfaitement cuite...	[('food quality', 'positive', 'pâte')]
g196680-d7233499-r227244489:2	Cela,vaut vraiment le détour....	[('restaurant general', 'positive', 'NULL')]
g196680-d7233499-r227244489:3	Si vous n'avez pas le temps, demandez de l'emporter.....	[('restaurant miscellaneous', 'positive', 'NULL')]
g196680-d7702811-r279218028:1	La cuisine était correcte l'ambiance sympa .	[('ambience general', 'positive', 'ambiance'), ('food quality', 'neutral', 'cuisine')]
g196680-d7702811-r279218028:2	Par contre impossible de parler sans crier à cause du bruit .	[('ambience general', 'negative', 'NULL')]
g196680-d7702811-r279218028:3	La musique était vraiment très forte .	[('ambience general', 'negative', 'musique')]
g196680-d7702811-r279218028:4	Point ultra négatif : à la fin De notre repas la serveuse nous donne l'addition sans que nous l'ayons demandée .	[('service general', 'negative', 'serveuse')]
g196680-d7702811-r279218028:5	Et nous dit texto : si vous désirez café ou digestif c'eSt dans 5 min Max au bar !!!!!!!!	[('service general', 'negative', 'NULL')]
g196680-d7702811-r279218028:6	J'ai réservé une table à 21h pas de 21 h à 22 h !!! Je trouve cela très moyen .	[('service general', 'negative', 'NULL')]
g196680-d7702811-r279218028:7	Je n'y retournerais pas .	[('restaurant general', 'negative', 'NULL')]
g196719-d2614773-r269869318:0	Respecte complètement son appellation de restaurant montagnard.	[('restaurant general', 'positive', 'restaurant')]
g196719-d2614773-r269869318:1	Des plats très copieux, des produits du terroir ainsi qu'un service impeccable plongés dans une très bonne ambiance.	[('food style_options', 'positive', 'plats'), ('food quality', 'positive', 'produits'), ('service general', 'positive', 'service'), ('ambience general', 'positive', 'ambiance')]
g196719-d2614773-r269869318:2	Autre point positif, un coût très raisonnable.	[('restaurant prices', 'positive', 'NULL')]
g196719-d2614773-r269869318:3	Allez y en toutes confiance si vous souhaitez une cuisine simple, honnête et généreuse.	[('food quality', 'positive', 'cuisine'), ('food style_options', 'positive', 'cuisine')]
g196719-d2614773-r282960504:0	Cadre agréable et formule pour deux bien servie avec de bons produits!	[('ambience general', 'positive', 'Cadre'), ('food style_options', 'positive', 'formule'), ('food quality', 'positive', 'produits')]
g196719-d2614773-r282960504:1	Une belle carte montagnarde aussi, et d'excellentes glaces à déguster en été dans le petit jardin à l'arrière du restaurant.	[('food style_options', 'positive', 'carte'), ('food quality', 'positive', 'glaces'), ('ambience general', 'positive', 'jardin')]
g196719-d3348013-r236980536:1	Arrivé à 8 il n'y avait qu'une table de 2 occupé à croire que les gens s'étaient mieux renseigner.	[('restaurant general', 'negative', 'NULL')]
g196719-d3348013-r236980536:3	Résultat de la salade en sachet avec un toast de fromage ridicule sur une grande tranche de pain de mie et des plats catastrophiques...	[('food quality', 'negative', 'salade'), ('food style_options', 'negative', 'toast de fromage'), ('food quality', 'negative', 'plats')]
g196719-d3348013-r236980536:4	Aucun accompagnement noté sur le menu n'a été servi nous avons eu des frites congelé jetés sur nos viandes pour camoufler la misère et des haricots grillés pour ceux qui avaient du poisson.	[('food quality', 'negative', 'frites'), ('food style_options', 'negative', 'menu'), ('food quality', 'negative', 'viandes'), ('food quality', 'negative', 'haricots')]
g196719-d3348013-r236980536:5	Et le désastre du dessert à continuer.	[('food quality', 'negative', 'dessert')]
g196719-d3348013-r236980536:6	Bref nous l'avons fait remarquer à la serveuse qui nous a dis être autant d'accord que nous le menu aurait été changé le matin en cuisine mais pas sur le papier.	[('service general', 'negative', 'NULL')]
g196719-d3348013-r236980536:7	29euros c'est cher pour du congelé et du sachet.	[('food quality', 'negative', 'NULL'), ('food quality', 'negative', 'sachet'), ('restaurant prices', 'negative', 'NULL')]
g196719-d4294505-r223776905:1	Résultat, tout est très bon, avec mention spéciale aux ravioles en entrée et à la pintade en plat.	[('food quality', 'positive', 'ravioles'), ('food quality', 'positive', 'pintade'), ('food quality', 'positive', 'NULL')]
g196719-d4294505-r223776905:2	Les desserts sont un peu en dessous.	[('food quality', 'neutral', 'desserts')]
g196719-d4294505-r223776905:3	L'accueil et le service sont chaleureux.	[('service general', 'positive', 'accueil'), ('service general', 'positive', 'service')]
g196719-d4294505-r223776905:4	On y retournera !	[('restaurant general', 'positive', 'NULL')]
g196719-d7112090-r271954522:0	À éviter ...	[('restaurant general', 'negative', 'NULL')]
g196719-d7112090-r271954522:1	Salade en entrée correct puis quelle déception pour le tartare !	[('food quality', 'neutral', 'Salade'), ('food quality', 'negative', 'tartare')]
g196719-d7112090-r271954522:2	Celui ci était pour moi de la viande crue recouverte de ketchup.	[('food quality', 'negative', 'NULL')]
g196719-d7112090-r271954522:3	Je ne parle pas des accompagnements !	[('food quality', 'negative', 'accompagnements')]
g196719-d7112090-r271954522:4	Dommage que mon avis n'est était entendu pendant le repas.	[('service general', 'negative', 'NULL')]
g196719-d7112090-r271954522:5	Aucune proposition de changement ou geste commercial.	[('service general', 'negative', 'NULL')]
g207360-d1322426-r168375321:0	Avec mon conjoint, grands amateurs de restaurants asiatiques, nous avons été très déçus.	[('restaurant general', 'negative', 'NULL')]
g207360-d1322426-r168375321:1	Les nems sont corrects, les quantités sont petites (nous sommes sortis en ayant à peine assez mangé), le poulet croustillant ne l'est pas et baigne dans le gras.	[('food quality', 'neutral', 'nems'), ('food style_options', 'negative', 'quantités'), ('food quality', 'negative', 'poulet croustillant')]
g207360-d1322426-r168375321:2	Les prix sont assez élevés pour ce que nous avons mangé.	[('restaurant prices', 'negative', 'NULL')]
g207360-d1322426-r168375321:3	Ne parlons pas du sourire forcé de la serveuse, mais nous étions prévenu sur ce point.	[('service general', 'negative', 'serveuse')]
g207360-d1322426-r168375321:4	Nous n'y retournerons pas !	[('restaurant general', 'negative', 'NULL')]
g207360-d2614332-r251087094:0	Restaurant symphatique avec des bonnes pizzas et des salades délicieuses terasse et seul incovenient un escalier a monter si pas de place en bas	[('restaurant general', 'positive', 'Restaurant'), ('food quality', 'positive', 'pizzas'), ('food quality', 'positive', 'salades'), ('ambience general', 'positive', 'terasse'), ('restaurant miscellaneous', 'negative', 'NULL')]
g207360-d4481417-r281591572:1	L'odeur est déjà alléchante lorsqu'on passe devant.	[('food quality', 'positive', 'NULL')]
g207360-d4481417-r281591572:2	Le patron est vraiment super sympa et j'ai même eu droit à une pizza gratuite sans rien demander.	[('service general', 'positive', 'patron')]
g207360-d4481417-r281591572:3	Le bressane est ma préférée.	[('food quality', 'positive', 'bressane')]
g207360-d4481417-r281591572:4	La pâte est délicieuse et les pizzas sont bien garnies.	[('food quality', 'positive', 'pâte'), ('food style_options', 'positive', 'pizzas')]
g207360-d4481417-r281591572:5	Continuez comme ça c'est du bonheur !	[('restaurant general', 'positive', 'NULL')]
g207360-d5260480-r216023756:0	Tarif un peu élevé à la carte sauf pour la formule du jour.	[('food prices', 'negative', 'carte'), ('food prices', 'neutral', 'formule du jour')]
g207360-d5260480-r216023756:1	Bonne cuisine, un petit bémol pour le service.	[('food quality', 'positive', 'cuisine'), ('service general', 'negative', 'service')]
g207360-d5778124-r197371997:0	Un restaurant où l'on a l'embarras du choix pour s'assoir.	[('restaurant miscellaneous', 'neutral', 'restaurant')]
g207360-d5778124-r197371997:1	Vide en permanence, à croire qu'il s'agit d'une vitrine décorative de la rue...	[('restaurant miscellaneous', 'negative', 'NULL')]
g207360-d5778124-r197371997:2	On est aimablement accueilli par le propriétaire, grand sourire.	[('service general', 'positive', 'propriétaire')]
g207360-d5778124-r197371997:3	La déco est bas de gamme et clinquante.	[('ambience general', 'negative', 'déco')]
g207360-d5778124-r197371997:4	Les plats sont bons, typiques, la carte propose beaucoup de choix.	[('food style_options', 'neutral', 'plats'), ('food quality', 'positive', 'plats'), ('food style_options', 'positive', 'carte')]
g207360-d5778124-r197371997:5	Dès lors on se demande comment servir des produits frais avec aussi peu de fréquentation et une telle carte.	[('restaurant miscellaneous', 'negative', 'NULL')]
g207360-d5778124-r197371997:7	Un oasis de calme, où il faut chuchoter pour parler car cela résonne: tout est vide!	[('ambience general', 'negative', 'NULL'), ('restaurant miscellaneous', 'negative', 'NULL')]
g207360-d5778124-r197371997:8	Les prix pratiqués sont corrects.	[('restaurant prices', 'neutral', 'NULL')]
g293827-d3653319-r244802130:0	Un restaurant d'aspect extérieur agréable et bien situé qui nous a donné envie d'y dejeuner.	[('restaurant miscellaneous', 'positive', 'restaurant'), ('location general', 'positive', 'restaurant')]
g293827-d3653319-r244802130:1	Dès l'entrée l'accueil du serveur à été assez froid.	[('service general', 'negative', 'accueil')]
g293827-d3653319-r244802130:2	Arrive les plats, pour ma part un filet de vivaneau à la vietnamienne (juste recouvert d'une sauce hot sweet Chili industriel) et accompagné de légumes sautés (à l'eau...) qui plus est en supplément à 6€.	[('food style_options', 'negative', 'filet de vivaneau à la vietnamienne'), ('food quality', 'negative', 'sauce'), ('food prices', 'negative', 'légumes sautés'), ('food quality', 'negative', 'légumes sautés')]
g293827-d3653319-r244802130:3	Total 22€ le poisson, scandaleux !	[('food prices', 'negative', 'poisson')]
g293827-d3653319-r244802130:4	Les 2 autres convives ont pris un bo bun composé d'un pauvre nem coupé en 4, salade,vermicelle et du bœuf que je ne donnerai même pas à mon chien.	[('food style_options', 'negative', 'bo bun'), ('food quality', 'negative', 'bœuf')]
g293827-d3653319-r244802130:5	"Et pour conclure la seul réponse du patron ""peut-être avez-vous le goût de quelqu'un qui se nourrit au fast-food ""."	[('service general', 'negative', 'patron')]
g293827-d3653319-r244802130:6	Scandaleux !!!!	[('restaurant general', 'negative', 'NULL')]
g293827-d3664116-r284685459:0	En plein centre ville, rue La bourdonnais, c'est pas évident de se garer le midi en semaine.	[('location general', 'negative', 'NULL')]
g293827-d3664116-r284685459:1	L'accueil est sobre, le décor intime plait.	[('service general', 'neutral', 'accueil'), ('ambience general', 'positive', 'décor')]
g293827-d3664116-r284685459:2	Le restaurant n'est pas grand, avec un étage et un escalier abrupt.	[('restaurant miscellaneous', 'negative', 'restaurant')]
g293827-d3664116-r284685459:4	Nous avons un peu attendu pour que notre commande soit prise.	[('service general', 'neutral', 'NULL')]
g293827-d3664116-r284685459:5	Le midi, la carte est simple, on a le choix entre 3 entrées, 3 plats principaux et 3 déserts, sauf qu'au choix du dessert il n'y avait plus le choix mais un seul type de dessert.	[('food style_options', 'neutral', 'carte'), ('food style_options', 'negative', 'dessert')]
g293827-d3664116-r284685459:6	C'est un peu limite.	[('food style_options', 'negative', 'NULL')]
g293827-d3664116-r284685459:8	J'ai choisi en entrée un gratin de chouchou avec une petite salade trop assaisonnée.	[('food style_options', 'negative', 'salade')]
g293827-d3664116-r284685459:9	Le poisson, un peu dur, sans trop de saveur, et de quantité juste avec une bonne présentation	[('food quality', 'negative', 'poisson'), ('food style_options', 'neutral', 'poisson')]
g293827-d3664116-r284685459:10	Le service est assez rapide.	[('service general', 'positive', 'service')]
g293827-d3664116-r284685459:11	Le dessert salade fruit, correct.	[('food quality', 'neutral', 'salade fruit')]
g293827-d3664116-r284685459:12	Donc, c'est un restaurant banal, qui ne me laisse pas un souvenir impérissable.	[('restaurant general', 'neutral', 'restaurant')]
g293827-d6350928-r285775337:0	Excellentes pizzas!	[('food quality', 'positive', 'pizzas')]
g293827-d6350928-r285775337:1	Bien garnies, produits frais et surtout elles ne sont pas écoeurantes..	[('food quality', 'positive', 'produits'), ('food style_options', 'positive', 'NULL'), ('food quality', 'positive', 'NULL')]
g293827-d6350928-r285775337:2	A tres vite :)	[('restaurant general', 'positive', 'NULL')]
g293827-d6898510-r283618902:0	A l'heure de l'apéro c'est un lieu sympa bien situé au carré cathédrale.	[('location general', 'positive', 'lieu')]
g293827-d6898510-r283618902:1	Décoration sympa, service correcte.	[('ambience general', 'positive', 'Décoration'), ('service general', 'neutral', 'service')]
g293827-d6898510-r283618902:2	Arrivée l'heure du repas mieux vaut changer d'adresse.	[('restaurant general', 'negative', 'NULL')]
g293827-d6898510-r283618902:3	Carte chère pour la qualité, lenteur de service, plats tièdes.	[('food prices', 'negative', 'Carte'), ('service general', 'negative', 'service'), ('food quality', 'negative', 'plats'), ('food quality', 'negative', 'Carte')]
g293827-d6898510-r283618902:4	Dommage au vu des idées de créations.	[('food style_options', 'positive', 'NULL')]
g293827-d6898510-r283618902:5	Le flot : refuser les cartes bleues un weekends sans annonce !	[('restaurant miscellaneous', 'negative', 'NULL')]
g293827-d6898510-r283618902:6	Scandaleux	[('restaurant general', 'negative', 'NULL')]
g297569-d4062515-r269115031:0	Resto sympa et de très bonne grillades.	[('restaurant general', 'positive', 'Resto'), ('food quality', 'positive', 'grillades')]
g297569-d4062515-r269115031:1	Personnel très gentil et serviable.	[('service general', 'positive', 'Personnel')]
g297569-d4062515-r269115031:2	Une bonne référence à Kourou.	[('restaurant general', 'positive', 'NULL')]
g297569-d4062515-r269115031:3	Dommage qu'il n'y ait pas de terasse.	[('ambience general', 'negative', 'NULL')]
g297569-d4092469-r259302825:1	le prix est correct ,le service très bien, l'ambiance sympa par contre la qualité des produits très moyen.	[('restaurant prices', 'neutral', 'NULL'), ('service general', 'positive', 'service'), ('food quality', 'negative', 'produits'), ('ambience general', 'positive', 'ambiance')]
g297569-d4130785-r264968967:0	Nourriture médiocre.	[('food quality', 'negative', 'Nourriture')]
g297569-d4130785-r264968967:1	Prix élevé pour la prestation et surtout la netteté laisse à désirer dans ce restaurant.	[('restaurant prices', 'negative', 'NULL'), ('restaurant miscellaneous', 'negative', 'restaurant')]
g297569-d4130785-r264968967:2	Nous avons déjeuné entourés de mouche dans une salle climatisée.	[('restaurant miscellaneous', 'negative', 'NULL')]
g297569-d4130785-r264968967:3	Lorsque nous en avons fait la remarque au serveur, en guise de réponse nous avons eu droit à une remarque cynique.	[('service general', 'negative', 'serveur')]
g297569-d4130785-r264968967:4	Ce restaurant doit vite se ressaisir.	[('restaurant general', 'negative', 'restaurant')]
g297569-d4443971-r266268877:0	accueil agréable, cadre sympa.	[('service general', 'positive', 'accueil'), ('ambience general', 'positive', 'cadre')]
g297569-d4443971-r266268877:2	Le poisson est très bon, très frais, les portions copieuses, les sauces d'accompagnement et les légumes sont originales et très bonnes.	"[('food quality', 'positive', 'poisson'), ('food style_options', 'positive', 'portions'), ('food quality', 'positive', ""sauces d'accompagnement""), ('food quality', 'positive', 'légumes'), ('food style_options', 'positive', ""sauces d'accompagnement""), ('food style_options', 'positive', 'légumes')]"
g297569-d4443971-r266268877:3	Une très bonne adresse, dans le genre	[('restaurant general', 'positive', 'adresse')]
g297569-d4763779-r224062574:1	Même si' l'accueil est sympa et courtois, les prestations souffrent du monopole.	[('service general', 'positive', 'accueil'), ('restaurant general', 'negative', 'NULL')]
g297569-d4763779-r224062574:2	Boissons sans saveur, choix restreints, on se déplace pour trouver un serveur, on attend qu'il daigne à s'occuper de vous ... ex: un client est aller demander si on pouvait faire quelque chose pour l'insecte dans son plat, et bien non, s'est-il entendu dire, ce n'est pas de notre faute, on ne peut rien faire... service exceptionnel, si on en juge par ce fait divers!	[('drinks quality', 'negative', 'Boissons'), ('service general', 'negative', 'service'), ('food style_options', 'negative', 'NULL')]
g297569-d4763779-r224062574:3	Il suffirait pourtant de peu de choses pour faire de cet endroit un lieu exceptionnel car le site est magique et chargé d'histoire.	[('location general', 'positive', 'site'), ('restaurant general', 'positive', 'endroit')]
g3463365-d3594852-r200815446:2	Entrée: Saint Jacques en brochettes de qualité moyenne.	[('food quality', 'negative', 'Saint Jacques en brochettes')]
g3463365-d3594852-r200815446:3	On ne change pas les couverts...	[('service general', 'negative', 'NULL')]
g3463365-d3594852-r200815446:4	Plat: une pièce de boeuf grillée (pas très tendre), sans sauce, avec de la purée de carottes (très bonne), des brocolis et des pommes de terre pas cuites au milieu.	[('food quality', 'negative', 'pièce de boeuf grillée'), ('food quality', 'positive', 'purée de carottes'), ('food quality', 'negative', 'pommes de terre'), ('food style_options', 'neutral', 'pièce de boeuf grillée')]
g3463365-d3594852-r200815446:6	Nous avons entendu ce dernier dire depuis la cuisine que si on n'était pas content on n'avait qu'à les manger en purée!...	[('service general', 'negative', 'NULL')]
g3463365-d3594852-r200815446:7	Dessert: mousse aux 2 chocolats, bonne mais beaucoup trop sucrée.	[('food quality', 'negative', 'mousse aux 2 chocolats'), ('food quality', 'positive', 'mousse aux 2 chocolats')]
g3463365-d3594852-r200815446:8	La salle est bien mais les WC ne sont pas à la hauteur.	[('restaurant miscellaneous', 'negative', 'NULL'), ('ambience general', 'positive', 'salle')]
g3463365-d3594852-r200815446:9	L'établissement dispose aussi d'une jolie terrasse.	[('ambience general', 'positive', 'terrasse')]
g3463365-d3594852-r200815446:10	En résumé un cuisinier mal embouché, un repas peut-être bio mais pas gastronomique (on peut manger bio sans être forcément au régime...), le tout pour un prix trop élevé.	[('service general', 'negative', 'cuisinier'), ('food quality', 'negative', 'repas'), ('restaurant prices', 'negative', 'NULL'), ('food style_options', 'negative', 'NULL')]
g3463365-d3967386-r210682247:0	Cadre bien mais à part ça ???	[('ambience general', 'positive', 'Cadre'), ('restaurant general', 'negative', 'NULL')]
g3463365-d3967386-r210682247:1	une carte qui commence a 12e sans salade, un faux filet a 25eu servis qu'avec des frites, et pas une viande limousine !!	[('food prices', 'negative', 'faux filet'), ('food prices', 'negative', 'carte'), ('food style_options', 'negative', 'NULL'), ('food style_options', 'negative', 'faux filet')]
g3463365-d7619600-r260351566:0	Bonne surprise, l'accueil est agréable, gentillesse et sourire.	[('service general', 'positive', 'accueil')]
g3463365-d7619600-r260351566:1	La salle est jolie et bien chauffée.	[('ambience general', 'positive', 'salle')]
g3463365-d7619600-r260351566:2	La cuisine est traditionnelle	[('food quality', 'neutral', 'cuisine')]
g3463365-d7619600-r260351566:3	Les assiettes sont copieuses	[('food style_options', 'positive', 'assiettes')]
g3463365-d7619600-r260351566:7	Le tout pour 22 € par personne	[('restaurant prices', 'neutral', 'NULL')]
g3463365-d824605-r268214202:0	Nous venons assez régulièrement dans ce restaurant , les plats sont originaux et bien présentés mais la patronne étant seule à servir il arrive souvent que les plats soient tièdes ce qui est bien dommage.	[('food style_options', 'positive', 'plats'), ('service general', 'negative', 'NULL')]
g608761-d1334387-r277341177:0	Un jolis cadre Marocain.	[('ambience general', 'positive', 'cadre')]
g608761-d1334387-r277341177:1	Un accueil pro et de belles tables.	[('service general', 'positive', 'accueil'), ('ambience general', 'positive', 'tables')]
g608761-d1334387-r277341177:2	Une carte orientale avec Couscous Tajines en principal dans plusieurs déclinaisons.	[('food style_options', 'neutral', 'carte')]
g608761-d1334387-r277341177:3	De belles assiettes copieuses.	[('food style_options', 'positive', 'assiettes')]
g608761-d1334387-r277341177:4	Vin correct	[('drinks quality', 'neutral', 'Vin')]
g608761-d1334387-r277341177:5	Service sympathique et efficace.	[('service general', 'positive', 'Service')]
g608761-d1334387-r277341177:6	De bons desserts	[('food quality', 'positive', 'desserts')]
g608761-d1334387-r277341177:7	Une addition correcte 113€ pour 4 personnes avec apéritifs, vin, thé et des couscous personnalisés.	[('restaurant prices', 'positive', 'NULL')]
g608761-d1334387-r277341177:8	Une bonne adresse à Lannion	[('restaurant general', 'positive', 'adresse')]
g608761-d1334432-r281522672:1	Déjà visité il y a quelques années, mais un très bon souvenir qui s'est confirmé encore une fois !	[('restaurant general', 'positive', 'NULL')]
g608761-d1334432-r281522672:2	Salle agréable.	[('ambience general', 'positive', 'Salle')]
g608761-d1334432-r281522672:3	Service rapide et courtois.	[('service general', 'positive', 'Service')]
g608761-d2053817-r143008138:0	Plat du jour alléchant, je choisie d'y rentrer.	[('food style_options', 'positive', 'Plat du jour')]
g608761-d2053817-r143008138:2	L'entrée pas bonne, plus de plat du jour.	[('food quality', 'negative', 'entrée'), ('food style_options', 'negative', 'plat du jour')]
g608761-d2053817-r143008138:4	La sauce envahissait le poisson.	[('food style_options', 'negative', 'poisson')]
g608761-d2053817-r143008138:5	Aucun goût.	[('food quality', 'negative', 'NULL')]
g608761-d2053817-r143008138:6	L'addition n'était plus la même.	[('restaurant prices', 'negative', 'NULL')]
g608761-d2053817-r143008138:8	De toute façon, je n'y retournerai pas car pas bon.....	[('food quality', 'negative', 'NULL')]
g608761-d2445738-r244940036:0	8€50 pour une salade grecque sans saveur: 2 olives , un bout de tomate noyées dans une salade qui baigne dans l'huile.	[('food quality', 'negative', 'salade grecque'), ('food prices', 'negative', 'salade grecque')]
g608761-d2445738-r244940036:2	Je vous le déconseille vivement.	[('restaurant general', 'negative', 'NULL')]
g608761-d3778492-r181222052:0	des problèmes digestifs aprés le repas!	[('food quality', 'negative', 'repas')]
g608761-d3778492-r181222052:1	j'ai renouvelé l'expérience plusieurs fois mais c'est terminé je n'irai plus !!!!!!!!	[('restaurant general', 'negative', 'NULL')]
g608761-d4750470-r279534176:0	Alors là, si vous voulez un resto classe, une cuisine très soignée et rafinée pour féter un anniversaire, ou une grande occasion, c'est le lieu IDEAL !	[('restaurant general', 'positive', 'resto'), ('food quality', 'positive', 'cuisine'), ('restaurant miscellaneous', 'positive', 'lieu'), ('food style_options', 'positive', 'cuisine')]
g608761-d4750470-r279534176:1	Menus à prix raisonables et très bonne cave avec des bons conseils.	[('food prices', 'neutral', 'Menus'), ('drinks quality', 'positive', 'cave'), ('service general', 'positive', 'NULL')]
g608761-d4750470-r279534176:2	Merci	[('restaurant general', 'positive', 'NULL')]
g608761-d5960507-r277194025:0	Les amis voulaient manger des crêpes mais ... impossible de se faire accepter dans celles qui nous avaient été recommandées :nous nous sommes retrouvés chez les tch'ti qui ne sont pas spécialistes des galettes et crêpes.	[('food style_options', 'neutral', 'NULL')]
g608761-d5960507-r277194025:1	Amoureux de bières, frites charcuterie et portions généreuses vous serez d'autant plus ravis que l'addition est elle légére.	[('restaurant prices', 'positive', 'NULL'), ('food style_options', 'positive', 'portions')]
g608761-d7105002-r282300173:0	Dés que nous sommes rentrés dans l’établissent, nous avons ressenti un stress qui planait autours des employés...	[('ambience general', 'negative', 'établissent')]
g608761-d7105002-r282300173:1	En même temps pas étonnant : le patron est aussi aimable qu'une porte de prison...	[('service general', 'negative', 'patron')]
g608761-d7105002-r282300173:4	Concernant la cuisine, c'était bon mais sans plus : morceaux de gras dans le chili, cuisson des viandes mal maitrisée, pas d'amandes sur le dessert alors qu'il devait en avoir...	[('food quality', 'neutral', 'cuisine'), ('food quality', 'negative', 'chili'), ('food quality', 'negative', 'viandes'), ('food style_options', 'negative', 'dessert')]
g608761-d7105002-r282300173:5	La carte pourtant est bien garnie et alléchante.	[('food style_options', 'positive', 'carte')]
g608761-d7105002-r282300173:7	j'oubliais restaurant très bruyant, on avait du mal à s'entendre ...	[('ambience general', 'negative', 'NULL')]
g635821-d5792203-r217535741:0	la salle de restaurant fait cantine,la déco est triste,quant au repas notre entrecote n 'était pas très tendre,	[('ambience general', 'negative', 'déco'), ('ambience general', 'negative', 'salle'), ('food quality', 'negative', 'entrecote')]
g635821-d5792203-r217535741:1	restaurant moyen que j'éviterai	[('restaurant general', 'negative', 'restaurant')]
