id	text	labels
8d15fb88-fe02-44ff-bed2-5b7df1745569	Rumpsteak rozhodne nebyl medium, spis well done az done too much	[('food quality', 'negative', 'Rumpsteak')]
b254ab20-d5d9-454f-8453-8d1319a7937f	Pěkné ubytování, dobrá snídaně a milý personal.	[('food quality', 'positive', 'snídaně'), ('service general', 'positive', 'personal')]
9f00b4e2-155d-4b4e-9aa3-e3802bfe7a08	z medium steaku se vyklubal z 1/3 syrovy doplneny o omacku pry s peprem	[('food quality', 'negative', 'steaku'), ('food quality', 'negative', 'omacku')]
5ace4e32-1ab9-46f0-856b-5ef1dd2bfcb7	Mrzí mě to ale nic moc,nedoporucuji.	[('restaurant general', 'negative', 'NULL')]
43311837-1cde-4b31-90a6-aa0e8f49a053	Snad i restaurace Na Scestí se jednou dostane na SPRÁVNOU CESTU ! ! !	[('restaurant general', 'neutral', 'restaurace Na Scestí')]
44d06b3f-e4ea-40da-b460-96278a91c629	jedná se o zteplalou vodu (nejspíše z kohoutku) ve které se louhuje kolečko pomeranče, limetky a pár lístků máty	[('drinks quality', 'negative', 'vodu')]
be40c17b-ecca-4d58-b469-7e2ebfe5ce45	zhoreny gulas	[('food quality', 'negative', 'gulas')]
793a75cf-2fd7-4971-9bc1-afcf59a0919a	Je potřeba na ně pozvat finanční úřad a hygienu a další	[('restaurant miscellaneous', 'negative', 'NULL')]
12599478-c9c9-49a3-a4aa-6ef7693e802a	Oslava byla super zásluhou dobrého jídla a milého personálu	[('food quality', 'positive', 'jídla'), ('service general', 'positive', 'personálu')]
703e2565-f165-40a1-9411-cc6d004b8e20	Restauraci Dynamo navštěvuji pravidelně a jsem naprosto spokojena	[('restaurant general', 'positive', 'Restauraci Dynamo')]
1bf49a4d-6ae9-460c-af8b-6c37eb630920	Velké pohodlí, příjemná obsluha některé stoly jsou trošku vyší a není pohodlné u nich jíst na kafe však parádní, sedačky a židle měkké z koženky působí to luxusně ... Velký výběr pití kávy pohárů se zmrzlinou i jídla	[('service general', 'positive', 'obsluha'), ('drinks style_options', 'positive', 'pití'), ('drinks style_options', 'positive', 'kávy'), ('food style_options', 'positive', 'pohárů se zmrzlinou'), ('food style_options', 'positive', 'jídla'), ('ambience general', 'neutral', 'NULL')]
1d638c5a-74b9-4201-b4cb-22fc4c4e5f2b	Snad jen poslední připomínka kdy dojde k nějaké úpravě již hodně zastaralé restaurace??	[('restaurant miscellaneous', 'negative', 'restaurace')]
aa6afe17-684c-4495-86c5-087cf5705545	Moc hezká kavárna, ale mraky lidí	[('restaurant general', 'positive', 'kavárna')]
a4fa328d-666f-422e-8271-81c4d292177b	V blízkém okolí je dost lepších	[('restaurant general', 'negative', 'NULL')]
6ee8c49f-d34c-438b-836e-40d5f4a6160a	Maso bylo propečené celkem v pořádku, ale bylo opět málo dochucené a společně s bramborou pečenou ve slupce a přelitou zakysanou smetanou nás nutilo k neustálému dosolování každého sousta (a to moc nesolíme)	[('food quality', 'neutral', 'Maso'), ('food quality', 'neutral', 'bramborou pečenou ve slupce')]
7175fd19-bf7a-4b6c-b203-6f73b7a825f4	Čisté a hezké ubytování v bývalém mlýně s milými a přívětivými majiteli, v krásné destinaci s mnoha možnostmi výletů do překrásného okolí.	[('service general', 'positive', 'majiteli'), ('location general', 'positive', 'destinaci'), ('ambience general', 'positive', 'NULL'), ('restaurant general', 'positive', 'NULL')]
5b1b7e10-c52e-40ad-8e48-9ea94494cba4	"Tento podnik doporučuji navštívit jako gurmánskou destinaci i jako výlet ""jak se u toho Pohlreicha vaří"" ."	[('food quality', 'positive', 'podnik'), ('restaurant general', 'positive', 'podnik')]
fd776617-712b-4a25-bf1f-5261d934781d	Není to přesně místo, které byste předpokládali, že můžete mít úžasné mexické jídlo, ale to je to, co zde najdete. Můj přítel měl svůj enchilada special a já jsem si užil enchiladas tres. Jejich molární omáčka byla na místě. Je to trochu navíc pro sýr, ale stojí za to. Margarity byly také chutné. Vřele doporučuji navštívit zde, pokud na Starém Městě a chcete uniknout turistické pasti.	[('food quality', 'positive', 'mexické jídlo'), ('food quality', 'positive', 'enchilada special'), ('food quality', 'positive', 'enchiladas tres'), ('drinks quality', 'positive', 'Margarity')]
f4610c36-9164-4c02-932a-d34fc83d975e	Má to originální styl	[('ambience general', 'positive', 'styl')]
ecb0c46d-f76e-4cb7-a4d8-3708ae7d67ec	Byly jsme tak přes dvě hodky, já byl u pultu asi 7, pokaždé trochu něčeho jiného,nikdo mě neokrad,platil jsem u kasy.	[('restaurant miscellaneous', 'neutral', 'NULL')]
0db32c3d-0040-4b19-b076-13b8c7a5d87c	To už opravdu se nenajde někdo kdo umí natočit pivo???	[('drinks quality', 'negative', 'pivo')]
ed4f0a5a-8352-4508-a9d0-2547c78f35d4	Jezdíme sem už osm let, příjemný rodinný penzion s ochotnou obsluhou, příznivé ceny..	[('restaurant prices', 'positive', 'obsluhou'), ('restaurant general', 'positive', 'NULL')]
5433f960-ae70-40af-b869-14485680c601	Výborné jehněčí kolínko s bramborovým pyré a červené vínko merlot, k tomu vstřícný a milý přístup obsluhy k hostům, jistě přispějí k brzkému opakování vynikající večeře v tomto restaurantu	[('food quality', 'positive', 'jehněčí kolínko s bramborovým pyré'), ('drinks quality', 'positive', 'červené vínko merlot'), ('service general', 'positive', 'obsluhy'), ('food quality', 'positive', 'večeře'), ('restaurant general', 'positive', 'restaurantu')]
0fe9f715-d858-4286-ae11-510517502181	Včera jsme navštívili tuto restauraci také na voucher a byli jsme moc spokojení! Jídlo bylo kvalitní a velmi chutné, steaky propečeny přesně dle našeho přání	[('restaurant general', 'positive', 'restauraci'), ('food quality', 'positive', 'Jídlo'), ('food quality', 'positive', 'steaky')]
d1499541-c3e1-4f05-9e02-8e58ef8a4508	Není, ty žebra jak byla v prvním dílu prezentována opravdu nedostanete.	[('food quality', 'negative', 'žebra')]
4940b8a5-e176-43e7-9992-4dca5ddff5da	Místo s atmosferou,chutnymi dezerty,skvelou kávou a domácími limonadami	[('ambience general', 'positive', 'atmosferou'), ('food quality', 'positive', 'dezerty'), ('drinks quality', 'positive', 'kávou'), ('drinks quality', 'positive', 'domácími limonadami')]
7802680f-5680-4015-b47f-e49a14b7d6a6	Vynikajici jidlo! Opravdu jsme si vsichni pochutnali. Kuchar mistr! Akorat by to chtelo vymenit obsluhu. Hodinu jsme cekali na piti. To prislo hned po prineseni jidla. Polevka prisla po hlavnim jidle, nechapali jsme.	[('food quality', 'positive', 'jidlo'), ('service general', 'negative', 'obsluhu')]
e00f6884-ae3d-4056-acb3-d4584b61ddcb	Piva pro 6 osob nesla na 3 x, po požadavku na daňový doklad (paragon, kde je uvedeno, co bylo koupeno, za kolik a kdo to prodal, si musela pozvat posilu - pána, který tvrdil, že nic takového nemá, a že budu muset hodinu počkat, až ho doveze (???)	[('service general', 'negative', 'NULL')]
a9a0ae7b-3e4c-4472-a8e8-44c167935552	Příjemné posezení	[('ambience general', 'positive', 'posezení')]
82c458eb-5d27-45d3-95b0-7a519119723b	Příjemná a rychlá obsluha, kvalitní jídlo z čerstvých surovin (měl jsem vývar a špecle s houbami). Cenově mírně nad průměr, ale stojí to za to.	[('service general', 'positive', 'obsluha'), ('food quality', 'positive', 'jídlo'), ('food quality', 'positive', 'vývar'), ('food quality', 'positive', 'špecle s houbami'), ('food prices', 'neutral', 'NULL'), ('restaurant general', 'positive', 'NULL')]
47d5eaef-b1c9-480c-a98d-16e5f5c11e97	Prijemná a znalá obsluha, hezké prostředí, výborná nabídka rumů	[('service general', 'positive', 'obsluha'), ('ambience general', 'positive', 'prostředí'), ('drinks style_options', 'positive', 'rumů')]
7d686f40-8a73-451b-a8c0-6d6f4e52e5eb	Vynikající chuť,kaše jedna báseň.	[('food quality', 'positive', 'kaše')]
fbfd055a-b945-4978-966f-6b3591c87819	Co by se mělo určitě zlepšit jsou pánské WC,2 pisoáry ze 4 tečou,tudíž jsou mimo provoz a když čekáte až se dostanete na řadu tak jste rádi že nejste taky mimo provoz.	[('ambience general', 'negative', 'pánské WC'), ('ambience general', 'negative', 'pisoáry')]
eb06c7e6-93d9-4ebc-a654-1f53b8029e0f	Jako příloha bramborové plátky, sypané čerstvým rozmarýnem který pokrm příjemně provoněl a k tomu ještě domácí pepřová omáčka absolutní skvost pro mé chuťové pohárky	[('food quality', 'positive', 'bramborové plátky, sypané čerstvým rozmarýnem'), ('food style_options', 'positive', 'pokrm'), ('food quality', 'positive', 'pepřová omáčka')]
b945cedb-82da-46c1-b908-996b3be0e14d	Byl jsem zde, viděl jsem a už víckrát nemusím!	[('restaurant general', 'negative', 'NULL')]
c4c3a41f-eb55-4e82-8a52-67a14547bb26	Dobrý :)	[('restaurant general', 'positive', 'NULL')]
93741896-063d-49b0-b50a-0397233ac1af	Krásný, příjemný a utulny hotel.	[('ambience general', 'positive', 'hotel')]
6e0c26ec-fc0a-459a-bcce-1d05d0e70a73	Chodime radi vzdy pri navsteve Prahy.Vyber jidel veliky a velice chutne.Vsem opravdu doporucuji	[('food quality', 'positive', 'jidel'), ('food style_options', 'positive', 'jidel'), ('restaurant general', 'positive', 'NULL')]
4e3c9d7c-cdc5-4863-85e5-be108b131e30	PS: Při představě, že platím za pizzu plnou cenu okolo 180 Kč, bych se vůči tomu, co jsem dostal určitě ohradil - že to bylo na slevovový voucher, tak jsem neříkal nic, ale spokojen jsem rozhodně nebyl.	[('food prices', 'negative', 'pizzu'), ('food quality', 'negative', 'pizzu'), ('restaurant general', 'negative', 'NULL')]
b3ef5b88-121c-46a4-a35e-12885c44ea48	Krásné prostředí a výborná kuchyně.	[('ambience general', 'positive', 'prostředí'), ('food quality', 'positive', 'kuchyně')]
39e4c94c-9b05-48c5-8043-057ff06576f5	Konečně žebírka jak mají být a k tomu výborné pivo a příjemná obsluha	[('food quality', 'positive', 'žebírka'), ('drinks quality', 'positive', 'pivo'), ('service general', 'positive', 'obsluha')]
f3fb58df-fdb4-4148-9385-9795cde990f3	Tuto restauraci již opravdu né	[('restaurant general', 'negative', 'restauraci')]
c5a828e1-f114-47b2-a2f3-b259181e63fa	tak nevím,co se děje,ale oběd byl chutný a restaurace upravená moc příjemně	[('food quality', 'positive', 'oběd'), ('ambience general', 'positive', 'restaurace')]
195ea620-ca61-4e5c-b164-7ea6f76ebb2c	Slušnou a rychlejší obsluhu a odpovídající porce!	[('service general', 'negative', 'obsluhu'), ('food style_options', 'negative', 'porce')]
7bde11ea-9869-475b-933e-32a40607cf1b	Z mě návštěvy zkušenost velmi dobrá.	[('restaurant general', 'positive', 'NULL')]
ac3247c0-5652-4aa8-88db-df8222a09c26	Nejenom že byli ohřáté v mikrovlnce a polité neidentifikovatelnou červenou hmotou, ale také lehce zapáchali ledničkou, zřejmě z důvodu jejich skladování	[('food quality', 'negative', 'NULL')]
4c764f70-871a-4817-a34b-7a27e75eb05f	Příjemný personál, chutné jídlo, pěkné prostředí.	[('service general', 'positive', 'personál'), ('food quality', 'positive', 'jídlo'), ('ambience general', 'positive', 'prostředí')]
54c1a824-ba15-46c1-9242-6eb4b8a316ec	Prostředí svérázné, ale budiž.	[('ambience general', 'neutral', 'Prostředí')]
05b948d4-8d01-4598-a875-ecd09cb82eb2	Je to dobrej clovek, ale zname ho jen jako obsluhu a to nikdy nezklamal.	[('service general', 'positive', 'clovek'), ('service general', 'positive', 'obsluhu')]
1607e7ff-ecd6-4d94-b799-85ec35c1d0e8	Pokud jde o jídlo, jako mnohaletý občasný, leč stálý host nemám co dodat...stále stejně skvělý entrecote s famozní bylinkovou omáčkou. Jinak došlo k obměně personálu, bohužel k horšímu....pokud je signature dish v restauraci, kde se na nic jiného nechodí servírován pomocí lžíce a vidličky, tak by to číšník měl umět...	[('food quality', 'positive', 'jídlo'), ('food quality', 'positive', 'entrecote'), ('food quality', 'positive', 'bylinkovou omáčkou'), ('service general', 'negative', 'personálu')]
0148a870-e20f-4012-a548-b63e2f3c9317	"Výborná vína, fajn koncept, kdy si host sám vybere víno a ""načepuje""si. Čerstvé suroviny a skvěle pečivo."	[('drinks quality', 'positive', 'vína'), ('food quality', 'positive', 'pečivo')]
4f986656-19ee-41c2-bce7-d32d76526fb1	Výborná kuchyně	[('food quality', 'positive', 'kuchyně')]
57bff23c-fe3a-4262-99ec-95ab4475fe21	prijemna atmosfera	[('ambience general', 'positive', 'atmosfera')]
218bdece-37fe-4784-9d00-60218c72f633	Idylická hospůdka, všechno jak má být!	[('restaurant general', 'positive', 'hospůdka')]
24f9fb33-4cf2-4e6c-b346-769e6e6e44e7	Nedoporučuji!!! Okrádají zákazníky ve velkém!!!	[('restaurant general', 'negative', 'NULL')]
f2024b1e-ffb0-43b4-b889-525a7768dc8f	Byla jsem s přáteli na voucher na pizze a nemohu souhlasit se záporným hodnocením - nám velice chutnalo a s obsluhou jsme byli spokojeni.	[('food quality', 'positive', 'pizze'), ('service general', 'positive', 'obsluhou'), ('restaurant general', 'positive', 'NULL')]
582467c2-ce82-4d0e-bbe9-3e2ed566defd	Doba obsluhy a čekání byla přiměřená.	[('service general', 'neutral', 'obsluhy')]
2da19bb3-2095-4d3b-b4cb-a7086930c812	Pokud je dobré se sem dostat optimálně. Kuchyně, velmi dobré porce a špičková pohostinnost-němčina	[('food quality', 'positive', 'Kuchyně'), ('food style_options', 'positive', 'porce'), ('service general', 'positive', 'NULL')]
f62b0d1b-8be0-4e3d-918e-f35179551f0c	Na pomalost obsluhy si mohou stěžovat pouze ti, kteří jsou odkojeni fast foody a příliš často nezavítají do normální české hospody	[('service general', 'negative', 'obsluhy')]
3ec65e5e-7d0b-4b09-bf63-12a2ec09bb30	Luxusní výběr dobrot.	[('food style_options', 'positive', 'dobrot')]
c7a841f2-671d-4d16-89fd-70a61fbaf0e8	Dobrý jídlo, dobrý pití, dobrá zmrzlina. Řekl bych že každý si vybere. Jenom ne všechno je úplně levný a některá jídla by mohla být větší za tu cenu. Platit se dá jen a pouze kartou. Na hotovost v celém areálu zapomeňte. A hlavně k večeru tu bývá dost plno a je problém najít místo k sezení.	[('food quality', 'positive', 'jídlo'), ('drinks quality', 'positive', 'pití'), ('food quality', 'positive', 'zmrzlina'), ('food prices', 'neutral', 'jídla'), ('food style_options', 'neutral', 'jídla'), ('restaurant miscellaneous', 'neutral', 'NULL')]
f6cd64f6-9d8d-48a5-85bf-a2cbad650b6d	Voucher na dva hamburgery ale nebyl dobrou volbou	[('food quality', 'negative', 'hamburgery')]
1056084d-7f6c-45a7-bfe5-61eb4de7d493	Divím se, že majitel nečte recenze na svou restauraci a neřeší problémy s kuchařem jedné směny, které se tyto problémy týkají	[('service general', 'negative', 'majitel'), ('restaurant miscellaneous', 'negative', 'restauraci'), ('service general', 'negative', 'kuchařem')]
915bc105-3771-491a-9324-5825dee1a0a3	A na place příjemná a nevtíravá servírka	[('service general', 'positive', 'servírka')]
b55117cd-9f9c-433a-b280-17365b21548e	Obsluha všímavá a bez vtírání.	[('service general', 'positive', 'Obsluha')]
5ab5a6a8-1b07-4b6e-8c7b-8d7f012d8fcd	Podruhé ... byli opět velmi spokojení ... pěkný šéf a osobní ...	[('service general', 'positive', 'šéf'), ('restaurant general', 'positive', 'NULL')]
3b80ee8e-5da2-4f81-8344-b1d00ea72722	Už nebudu pokoušet nadále svůj žaludek a raději se poohlédnu jinde	[('food quality', 'negative', 'NULL')]
9c5844d9-d0be-404d-8422-187ab06bf3b3	K snidani davaji prošlý džem,momo jine	[('food quality', 'negative', 'džem')]
f7b40139-23f1-4928-b04a-fafd175b27a7	Takových podniku, by mělo byt v čechách více!	[('restaurant general', 'positive', 'podniku')]
ca5e619d-2038-4790-bb78-e4cf10291b07	My se ke Štěpánovi za rok zase s radostí vrátíme	[('restaurant general', 'positive', 'Štěpánovi')]
774fd68d-0365-4970-a888-ed48ec39c14e	Slušná pizza mužu jen doporučit široko daleko lepší není	[('food quality', 'positive', 'pizza')]
adc73fce-45c2-4ee4-8554-cb8a5f20149a	Chodím tam často, jsem spokojený a budu tam chodit nadále.	[('restaurant general', 'positive', 'NULL')]
1b008109-16fb-4e91-880a-2d177d508686	"Pokud mohu doporučit k té ceně, využil jsem nedávno nabídku"" sněz vše co chceš"". Cena jídla 290 kč, doba trvání 11.30-14.30. Můžete si dát talířků kolik chcete a nemusíte se bát insolvence ! Sushi master sice trochu nestíhal, sushi bylo vzhledově trochu hůře upravené, druh s lososovou kůží mě také velmi chutnal, dobrý byl i naložený, opečený losos , tempura nic moc, výborná čokoládová pěna. K pití Sauvignon ze Sonberku(jen pozor na čistotu a vůni skleničky),čaj standart."	[('food style_options', 'neutral', 'sushi'), ('food quality', 'positive', 'naložený, opečený losos'), ('food quality', 'positive', 'tempura'), ('food quality', 'positive', 'čokoládová pěna'), ('drinks style_options', 'negative', 'Sauvignon ze Sonberku'), ('drinks quality', 'neutral', 'čaj')]
37050206-a767-4578-846c-00a13927e692	Jídlo Vám pouze ohřejí a v mém případě ani to snad ne, jelikož bylo studené	[('food quality', 'negative', 'Jídlo')]
db12b531-1f7c-40fc-9a49-a3d614db246b	"Číšník nejdříve zkasíroval a až pak se zeptal, zda bylo vše vpořádku? Na vlas či chlup, který jsem na talíři našla, jsem sice upozornila, ale už jsem neměla chuť věc dále řešit vzhledem k ""jeho přístupu""."	[('service general', 'negative', 'Číšník'), ('food style_options', 'neutral', 'NULL')]
41a9296b-a3a4-4661-a9cf-80465bfbe633	Opakovaně jsem zde byl s obsluhou nespokojen, dnes jsem opět po roce vyzkoušel a opět se nic nezměnilo.	[('service general', 'negative', 'obsluhou')]
22f9e176-97ec-4cc0-ba05-5a2bb513b83f	Vynikajíci kuchyně, příjemné prostředí, stylový interiér, ideálni pro nedělní rodinný oběd.	[('food quality', 'positive', 'kuchyně'), ('ambience general', 'positive', 'prostředí'), ('ambience general', 'positive', 'interiér')]
f42d5983-3ce9-49f6-a3a9-c82dcf2685fa	I kůžička, kterou jindy nejím byla moc super	[('food quality', 'positive', 'kůžička')]
e46b0f23-5c45-45e8-8859-3b6e3ef45de5	Steak úplně syrový, na obsluhu čekáte nejméně 10 minut, zkrátka tady je něco špatně.	[('food quality', 'negative', 'Steak'), ('service general', 'negative', 'obsluhu')]
1adfa9d5-d36d-4a70-bdbd-bae73a62742f	Už ted plánujeme další večeři v Kandelábru.	[('restaurant general', 'positive', 'Kandelábru')]
76fbcb63-8be5-44eb-8c55-55e1f3e41af8	Vždycky jsem byl velmi spokojen	[('restaurant general', 'positive', 'NULL')]
839789da-f4bd-4163-bcc1-a3b98dcbe4ae	Bariérový vstup	[('restaurant miscellaneous', 'positive', 'NULL')]
50cbafb7-7d1b-4f14-9870-1b768f3101b3	Absolutně neochotná obsluha.	[('service general', 'negative', 'obsluha')]
1837a501-9849-4f0d-8f88-78fc650a5328	Takovou pizzu dostanu v každé druhé pizzerii, steak místo krvavej přistál na stole sotva medium ( spíš propečenej ), víno teplý ao pivu se nemá cenu ani bavit	[('food quality', 'negative', 'pizzu'), ('food quality', 'negative', 'steak'), ('drinks quality', 'negative', 'víno'), ('drinks quality', 'negative', 'pivu')]
7fbf4569-da59-467d-bbea-b22f9c00fc97	Vynikající pivo, jídlo a velmi příjemná a vstřícná obsluha. Navštívil jsem asi už třikrát a určitě navštívím znovu.	[('drinks quality', 'positive', 'pivo'), ('food quality', 'positive', 'jídlo'), ('service general', 'positive', 'obsluha'), ('restaurant general', 'positive', 'NULL')]
6ab7256c-ae25-46e0-bde3-9ceaadf0d459	Skoro po roce jsem s pritelkyni navštívil tuto restauraci a byl jsem opet mile prekvapen stejnym a ochotnym cisnikem, ktery doporučil jidlo ( rumpsteak s peprovou omackou a domacim bramborovym hnizdem a grilovanou panev s bylinkovou bagetou ). Dekujeme vse super !!!	[('service general', 'positive', 'cisnikem'), ('food quality', 'positive', 'jidlo'), ('food quality', 'positive', 'rumpsteak s peprovou omackou'), ('food quality', 'positive', 'domacim bramborovym hnizdem'), ('food quality', 'positive', 'grilovanou panev s bylinkovou bagetou'), ('restaurant general', 'positive', 'NULL')]
43c6b42c-6f3d-4384-8336-c1af5e477add	Úžasné jídlo, skvělá obsluha,velice doporučuji	[('food quality', 'positive', 'jídlo'), ('service general', 'positive', 'obsluha'), ('restaurant general', 'positive', 'NULL')]
e906713b-8a5c-4126-a8d6-6c7910602d52	Prijemne posezeni. Jidlo bylo OK.	[('ambience general', 'positive', 'posezeni'), ('food quality', 'positive', 'Jidlo')]
e24d7b78-ea40-48a3-b4f7-95accc415051	Pokaždé si tam dáváme něco jiného a pokaždé jsi připadáme jako v rájí	[('food quality', 'positive', 'NULL')]
a319e311-e388-4f8a-be88-2fbcd46f5518	Super jídlo. Originální atmosféra.	[('food quality', 'positive', 'jídlo'), ('ambience general', 'positive', 'atmosféra')]
1519e619-54b9-41e5-a9ad-d434af92ccf2	Dobré pivo, klasická kuchyně.	[('drinks quality', 'positive', 'pivo'), ('food style_options', 'positive', 'kuchyně')]
38f3de4a-afb5-450d-becb-ccc75d423128	špinavel lokál, fuj. Sidikmane styď se!!! Děláš ostudu homosexuálům!!! A přestaň už okrádat lidi, nebo tě fakt zavřou!!!	[('ambience general', 'negative', 'lokál'), ('restaurant miscellaneous', 'negative', 'lokál'), ('service general', 'negative', 'NULL')]
a9f6c10a-77a6-4181-b1d0-702fbb816057	obsluha pomalá a bez zajmu, na všechno čekáme šíleně dlouho	[('service general', 'negative', 'obsluha')]
7ed2c62c-a0eb-4caa-8daf-29c56b5019dc	Pivo se realtivně dá, stejně jako jídlo.	[('drinks quality', 'neutral', 'Pivo'), ('food quality', 'neutral', 'jídlo')]
3f5d5229-0004-4a02-b75d-f5bf8592f4ce	Jídlo mi moc chutnalo akorát bych dával pití do 0,5L jináč super.	[('food quality', 'positive', 'Jídlo'), ('drinks style_options', 'positive', 'pití')]
6a5444df-fea8-4873-9a97-8e6558e3bf60	Šli jsme s kamarádem s kupónem na dva hamburgery a přiznávám, že toto byly nejhorší hamburgery, které jsem kdy jedl	[('food quality', 'negative', 'hamburgery')]
288fb305-8ceb-4df3-b6d7-2c5b8969b91c	hruza , zadni hoste , teple vodnate pivo	[('drinks quality', 'negative', 'pivo'), ('restaurant general', 'negative', 'NULL')]
767f0076-64cd-467a-931e-534d14049996	Výborné jídlo, velké porce milý personál.	[('food style_options', 'positive', 'jídlo'), ('food style_options', 'positive', 'porce'), ('service general', 'positive', 'personál')]
674f2cc1-0a47-4248-9ccf-e5d39f0a2236	Doporučuji všem,příjemná obsluha a dobré jídlo.	[('service general', 'positive', 'obsluha'), ('food quality', 'positive', 'jídlo'), ('restaurant general', 'positive', 'NULL')]
273fa2f4-6691-49f7-bb3b-7badfd49bf81	Ale po vyzkoušení vepřových líček s risottem jsem přesvědčená, že je to super kombinace	[('food quality', 'positive', 'vepřových líček s risottem')]
8ca54400-9cb2-4565-9495-0298b97c66c4	Vožralej pingl, sprosté chování.	[('service general', 'negative', 'pingl')]
654631d6-2de2-4dab-bf43-2337c11bb6ff	Na radu našeho průvodce zde jíst, protože výhled ze střechy by byl tak krásný. Pohled byl krásný, jídlo bohužel méně. Jídlo, které jsem si objednal, carpaccio s ciabattou, bylo zjevně připraveno na můj příjezd. Carpaccio byl suchý a žvýkací, tvrdě ciabatta a rukolou byla stará. Když jsem naznačil, že s jídlem jsem nebyl spokojený, sklep se pokrčil rameny. Bylo mu to jedno. Při pokladně bylo uvedeno, že „služba“ není zahrnuta v ceně .. a proto musela být zaplacena navíc! Za to jsme nezaplatili. Tento stan nikomu nedoporučuji.	[('location general', 'positive', 'výhled'), ('food quality', 'negative', 'jídlo'), ('food quality', 'negative', 'Jídlo'), ('food quality', 'negative', 'carpaccio s ciabattou'), ('food quality', 'negative', 'Carpaccio'), ('food quality', 'negative', 'ciabatta'), ('food quality', 'negative', 'rukolou'), ('restaurant general', 'negative', 'NULL')]
eaee3e73-97de-41df-b390-c4ab5ee1bccb	včera jsme navštívili vaši restauraci a byli jsme velmi spokojeni	[('restaurant general', 'positive', 'restauraci')]
6609bf74-5e66-48c8-938e-8ded2bb8c8fa	Kavárna s dokonalým designem. Nebudu se rozplývat nad stylovostí, jen doporučím návštěvu toalety, která mě zaujala ze všeho nejvíc. Zde servírovaná káva je jednoduše bezchybná, dezerty výtečné a obsluha sličná a milá. Komentář - makrela  (08.02.2013 08:08) Káva na toaletě? - tomu říkám vstřícnost k zákazníkovi...	[('ambience general', 'positive', 'Kavárna'), ('ambience general', 'positive', 'toalety'), ('drinks quality', 'positive', 'káva'), ('food quality', 'positive', 'dezerty'), ('service general', 'positive', 'obsluha')]
86f8c3f3-cd45-4bf5-b951-0f7985456e32	Závěr: rozhodně se nejedná o gurmánský zážitek, a nevyplatí se ani za tuto relativně příznivou cenu	[('food prices', 'positive', 'NULL'), ('food quality', 'negative', 'NULL')]
9c57ca5a-a950-4f15-bca5-765ab957e151	Příjemní majitelé. Dobrá plzeň	[('service general', 'positive', 'majitelé'), ('drinks quality', 'positive', 'plzeň')]
d25b5c47-415b-4166-b7b4-c0b2608b0140	hodnotím tak 50 na 50...	[('restaurant general', 'neutral', 'NULL')]
d8eb9b92-11dc-4d17-af3d-03b6bc9969f2	Vynikající pro pití G&T. Obrovský výběr Ginu z celého světa. Nepožadujte vodu z kohoutku, protože ji nabíjejí!	[('drinks quality', 'positive', 'pití'), ('drinks style_options', 'positive', 'Ginu')]
70ba5b0c-b3e5-4a4d-9d88-3a6269e340b5	Báječná nová restaurace, ve které se dá skvěle navečeřet.	[('restaurant general', 'positive', 'restaurace'), ('food quality', 'positive', 'NULL')]
e3c422d7-16f2-4adc-9019-a9ea84ce321e	Příjemná obsluha	[('service general', 'positive', 'obsluha')]
3dc59fbf-a190-4c7d-9573-6fadb629061d	Perfekt žrádlo 👍👍👍	[('food quality', 'positive', 'žrádlo')]
02541399-e3fc-440c-9656-0a99c4849400	Skvělé jídlo! Nějak se přidružil k králi Fu noodles blízko I.P. Pavlova, myslím. Více rozmanitosti a opravdu milý servis! Rozhodně hoden vyzkoušet. Důležitým znakem je, že asijští hosté převyšují zdaleka jakékoli jiné etnikum.	[('food quality', 'positive', 'jídlo'), ('service general', 'positive', 'servis'), ('food style_options', 'positive', 'NULL')]
7482ed24-a4f2-42e2-b490-9577dc6a8162	"Přišli jsme sem mít snídani. ""Tři Amigos"", tři malé bagety s lososem, pečeným hovězím masem a kuřetem, byly skvělým způsobem, jak začít den.  Káva překonala naše očekávání. Tady jsme se dostali na nejlepší cestu naší cesty. Takže pokud si chcete vychutnat dobrou kávu, je to správné."	[('food quality', 'positive', 'bagety s lososem, pečeným hovězím masem a kuřetem'), ('drinks quality', 'positive', 'Káva'), ('drinks quality', 'positive', 'kávu'), ('restaurant general', 'positive', 'NULL')]
60fdd904-09b8-4218-953c-397bddb8f02c	Nevím, na co si tady všichni stěžujete, interiér je velice vkusný,obsluha byla milá, usměvavá a příjemná	[('ambience general', 'positive', 'interiér'), ('service general', 'positive', 'obsluha')]
a5a50438-ae56-4483-8d2e-371d096ba037	2.5. jsme navstivili hospudku U Stepana , necekali jsmw zazrak a take se ani nekonal.	[('restaurant general', 'neutral', 'hospudku U Stepana')]
c6af8435-c3c9-4405-83e8-488114dab9a8	Rádi si zajdeme na oběd, nebo večeři. Obsluha byla vždy příjemná a všímala si nás. Na jídlo jsme nikdy dlouho nečekali a pokaždé se dobře najedli.	[('service general', 'positive', 'Obsluha'), ('food quality', 'positive', 'jídlo')]
9074aed5-4685-48dd-abfb-4d08ea19f6f9	Za stolem se povalovali odpadky,hlavně že obsluha měla pohodičku	[('ambience general', 'negative', 'odpadky'), ('service general', 'negative', 'obsluha')]
69f61034-bd1c-44e0-845c-51ec241f4c4e	Vždyť se tam v poslední době nedá pít už ani to kafe! ..	[('drinks quality', 'negative', 'kafe')]
d16619b9-292c-45a6-b632-5a6127e5b5ab	V menu si vybere každý.	[('food quality', 'positive', 'menu')]
4b532e82-5765-426b-9a04-0876aa8fd479	Příjemná a hodně ochotná obsluha, dobře se tu vaří velmi chutné jídla žádné dlouhé čekání nápoje dobře vychlazené. Cítil jsem se velice dobře. Navštívil jsem tuto restauraci po hodně dlouhé době a byl jsem velice překvapený. Vřele doporučuji všem kteří se rádi, chutně a rychle chtějí najíst. Za mne palec nahoru. A personálu děkuji. Jen tak dal	[('service general', 'positive', 'obsluha'), ('food quality', 'positive', 'jídla'), ('drinks style_options', 'positive', 'nápoje'), ('restaurant general', 'positive', 'NULL')]
ca6ce7cc-6c11-4672-aa88-0992d869e894	Udělali z toho závodní kuchyni - najíst, zaplatit a ahoj	[('food style_options', 'negative', 'kuchyni')]
0b5d1082-486d-4749-977f-0a214d0d6b9a	Vždy výborná zmrzlina Horší s parkováním bez porušení dopravních předpisů Poněkud vyšší ceny než dříve	[('food quality', 'positive', 'zmrzlina'), ('restaurant miscellaneous', 'neutral', 'NULL'), ('restaurant prices', 'neutral', 'NULL')]
7094203b-5c29-474c-8483-e8e1528e5ab4	Obdržela jsem voucher darem, rezervace proběhla v pořádku, ale to bylo asi jediné	[('restaurant miscellaneous', 'positive', 'voucher'), ('restaurant general', 'negative', 'NULL')]
3747ba32-1a63-4652-9a40-4c6c2a84df21	Nadherne misto, skvěle pivo a utopenci a moc mili majitele!	[('ambience general', 'positive', 'misto'), ('drinks quality', 'positive', 'pivo'), ('food quality', 'positive', 'utopenci'), ('service general', 'positive', 'majitele')]
a7e7727a-06aa-4c90-83a9-e1316919f183	Vy co jste tam ještě nebyli tak Vám to ani NEDOPORUČUJI!!!	[('restaurant general', 'negative', 'NULL')]
595a1774-5e07-4bd9-b9dc-00f83eac5ee3	dnes sem byl na jidle a mužu řict že sem si dlouho tak nepochutnal a to žiju v itali mužu jen doporuči a servírky byli taky super asi ste mneli smulu zrovna ale ja mužu jen doporučit	[('food quality', 'positive', 'jidle'), ('service general', 'positive', 'servírky'), ('restaurant general', 'positive', 'NULL')]
7ab547f6-edd4-4979-953d-43808a14bd84	Hruza, des, nikdy vice! Meli jsme s pritelem voucher na pikantni toast, rumpsteak a lahev vina	[('food quality', 'negative', 'pikantni toast'), ('food quality', 'negative', 'rumpsteak'), ('drinks quality', 'negative', 'vina'), ('restaurant general', 'negative', 'NULL')]
1875e3a3-6cd4-4e11-8f3b-ab835daf7aff	Příjemné prostředí, jezdí tady dost lidí na kolech či motorkách. Při čekání na vlak ideální možnost, kde posedět.	[('ambience general', 'positive', 'prostředí'), ('restaurant miscellaneous', 'positive', 'NULL')]
69911c74-bbbe-4502-a3ae-0c2bcfa6581f	Měli jsme svatbu,výborné jídlo a příjemný personál	[('food quality', 'positive', 'jídlo'), ('service general', 'positive', 'personál')]
1d6979db-0815-49c7-933d-0180639d05ba	Jídlo bylo pořád dobré, to se musí nechat, ale hrozně moc klesla úroveň obsluhy	[('food quality', 'positive', 'Jídlo'), ('service general', 'negative', 'obsluhy')]
b43c059c-6cb3-447e-87c4-0b1166e5715a	Vždy výborná obsluha,Vždy výborné jídlo 😊 Jen ,málo míst 🙁	[('service general', 'positive', 'obsluha'), ('food quality', 'positive', 'jídlo'), ('restaurant miscellaneous', 'positive', 'míst')]
2d543f7d-c579-42ee-927c-7a9fa1a660a7	Vynikající zmrzlina,kafe i víno.Obrovský zájem o mimořádný zážitek,každý to chce zažít.Vřele doporučuji.😋👌🍨	[('food quality', 'positive', 'zmrzlina'), ('drinks quality', 'positive', 'kafe'), ('drinks quality', 'positive', 'víno'), ('restaurant general', 'positive', 'NULL')]
b63bec73-7465-46b7-a675-9d3b99306046	Vždy vynikající!	[('food quality', 'positive', 'NULL')]
5d48f61e-0b30-44ee-babd-bf9d62b41ae7	Jsme tam vždycky spokojeni... O víkendu výběr menu... Super 👌	[('food quality', 'positive', 'menu'), ('food style_options', 'positive', 'menu'), ('restaurant general', 'positive', 'NULL')]
4674c757-29db-4415-9099-265e4aa65037	Můžu říct, že ani děti se z té porce nenajedli.	[('food style_options', 'negative', 'porce')]
df47c631-f52d-4c1b-9cc9-8da9f6f4d135	Na požádání jsem tedy dostal od číšníka jídelní lístek klasického formátu a to dokonce tříjazyčný (i když se to tedy neobešlo bez kyselých ksichtů a podivných poznámek, že nechápe co je na tom nepřehledného..wft??).	[('service general', 'negative', 'číšníka'), ('food style_options', 'negative', 'jídelní lístek')]
20d2dc63-55b5-40cd-9341-20c3525c80b9	Byli jsme velmi dobře	[('restaurant general', 'positive', 'NULL')]
2b2d6656-6db6-4e03-8526-ab55b1856392	protože se zkrátka jedná o prijemnou hospudku s tema nejuzasnejsima blondakama za barem.	[('ambience general', 'positive', 'hospudku'), ('restaurant general', 'positive', 'hospudku'), ('service general', 'positive', 'blondakama')]
b901656c-6eab-475a-b32f-80c4754cbb8b	prave ted sedim v restauraci objednal jsem si pivo uz cekam peknych 5 min a porad zadna servirka a zadne pivo co se tyce lidi tak zhruba 8 neni to moc vlastne tu nikdo neni jidlo jsem si neobjednal tak nevim co se tyce kvality	[('restaurant general', 'neutral', 'restauraci'), ('drinks style_options', 'neutral', 'pivo'), ('service general', 'negative', 'servirka'), ('food quality', 'neutral', 'jidlo')]
d920ad5b-d05d-4b20-8932-d24b57ac03cc	Když se podívám na hodnocení jídel, tak doporučují vídeňskou kávu, borůvkový koláč a tatarák	[('drinks quality', 'positive', 'vídeňskou kávu'), ('food quality', 'positive', 'borůvkový koláč'), ('food quality', 'positive', 'tatarák')]
39b27f91-89f7-4f29-a661-2811877141b1	Pěkná kavárna s malou terasou trochu skrytou před rušnými ulicemi hned venku. Pěkná zastávka na kávu nebo džus v teplých dnech. Navštívil jsem to v létě, takže jsem se nedíval dovnitř.	[('restaurant general', 'positive', 'kavárna')]
7cd20d9b-b787-49cf-b38a-a9000ffb9f62	vynikající jídlo	[('food quality', 'positive', 'jídlo')]
00c2f26b-18b5-4ac3-a467-599c0512b774	Příjemné prostředí, dobré jídlo, dobré pivo a skvělá obsluha	[('ambience general', 'positive', 'prostředí'), ('food quality', 'positive', 'jídlo'), ('drinks quality', 'positive', 'pivo'), ('service general', 'positive', 'obsluha')]
19e64956-86ae-400a-af36-b85772eec49a	Pouze víno, které mi obsluha k jídlu nabídla, bylo fajn	[('drinks quality', 'positive', 'víno')]
5bae2d61-d1f1-4b95-93a7-0f4ff8f111e0	Moc příjemný posezeni u kávy.	[('ambience general', 'positive', 'posezeni')]
be5cc0ec-c8a6-4146-bad2-17925e948c7c	Pivo a prostředí ok, obsluha víceméně taky, do té doby než dojde na placení a vy zjistíte, že jste pili za dva. O tom, že vás zde natáhnou jsem slysel vícekrát. Nevěřil jsem..teď,  po poslední zkušenosti už věřím. Příště jen s účtem na stole. Pokud teda nějaké příště bude..	[('drinks style_options', 'neutral', 'Pivo'), ('ambience general', 'neutral', 'prostředí'), ('service general', 'neutral', 'obsluha'), ('service general', 'negative', 'NULL')]
a37259f7-4ad5-4fb9-a0c0-d63c0090715f	Brněnská klasika	[('restaurant miscellaneous', 'positive', 'NULL')]
1b98b1b4-b604-412f-8e70-d256da4ccd82	Jídlo mají dobré,ale to čekání něco neskutečného.	[('food quality', 'positive', 'Jídlo'), ('service general', 'negative', 'NULL')]
fea17f3b-f185-4d8a-87f8-42c469218be6	Byli jsme nadšeni příjemným prostředím a přístupem tak, že se nám ani nechtělo odejít	[('ambience general', 'positive', 'prostředím'), ('restaurant general', 'positive', 'NULL'), ('service general', 'positive', 'NULL')]
c5172cd9-72ac-49da-81b8-3f8ed660f073	Pití dost drahé (neperlivá voda trojka za 35 Kč ?!!! ).	[('drinks prices', 'neutral', 'Pití'), ('drinks prices', 'neutral', 'neperlivá voda')]
b6e75881-1c5b-49e6-9471-9a772ad97cdb	Možná bych i ráda osobně poznala kuchaře či kuchařku, která si vezme na vědomí, že na restauraci dřív nebo později poddá někdo trestní oznámení	[('service general', 'negative', 'kuchaře'), ('service general', 'negative', 'kuchařku'), ('restaurant general', 'negative', 'restauraci')]
7e3496a2-ce42-493d-ac37-997fb4e11796	Když budu chtít zas někdy někoho pozvat,rozhodně ne sem	[('restaurant general', 'negative', 'NULL')]
f1fbe49b-e90a-4f7e-a88c-2b4d8a4b6838	Čistý, rychlý servis, pizza byla připravena na 15 minut. Ne tak chutné a drahé. Tam jsou místo pro děti a rodinu s dětmi.	[('service general', 'positive', 'servis'), ('food quality', 'neutral', 'pizza'), ('ambience general', 'neutral', 'NULL'), ('restaurant prices', 'neutral', 'NULL')]
83bbf0fd-3aa1-4ce2-a9af-12ee572cd32e	obsluha vlažná, z jídla si odháníte mouchy, dezert hrůza	[('service general', 'negative', 'obsluha'), ('food quality', 'negative', 'jídla'), ('food quality', 'negative', 'dezert')]
ccdda5b5-2f53-425a-b99b-81334e60c56b	Dobře místní restaurace	[('restaurant general', 'positive', 'restaurace')]
d27b4c12-8e9e-4293-9a51-2cb0146a5c32	"Je to Vás problém a pokud jste si objednávky neuměly lépe zorganizovat,aby se daly využít všechny kupony,neprodávejte je!akorátlákáte lidi na""fiktivní jídlo"",které nedokážete udělat,jsou ještě 3 týdny,do konce roku"	[('restaurant miscellaneous', 'negative', 'NULL')]
d8474728-dad2-4b73-b21b-d25c5cbdbe8e	Není co dodat, prostě nejlepší hospoda v okolí Kokořína.	[('restaurant general', 'negative', 'hospoda')]
96af821d-5bdc-44e5-b80c-52667e9aedf0	Kde maji tragickou kuchyni	[('food quality', 'negative', 'kuchyni')]
3189b90c-f000-45be-b992-5e97b9a08a54	Ne, kde byl odborník na mexické jídlo, ale jídlo zde bylo naprosto chutné. Moje žena dostala nachos a ona si to opravdu užila. Dostal jsem enchilady se 3 různými salsami a bylo to velmi chutné a hojné (nezabránilo mi také jíst večeři nachos!). Nápoje byly v pořádku. Dekor byl pěkný, i když místo bylo trochu těžké najít. Já ne jako skutečnost, že požádal o tip při platbě Mastercard, ale která byla maličkost.	[('food quality', 'positive', 'jídlo'), ('food quality', 'positive', 'nachos'), ('food quality', 'positive', 'enchilady'), ('food style_options', 'positive', 'enchilady'), ('drinks quality', 'positive', 'Nápoje'), ('ambience general', 'positive', 'Dekor')]
b17d5be4-8b91-4279-8ba6-137c08c99b3e	UZ NIKDY VICE TAKHLE NEVYHODIME PENIZE	[('restaurant general', 'negative', 'NULL'), ('restaurant prices', 'negative', 'NULL')]
b36c1031-28d2-4207-8c20-9c5f80542cee	UŽ NIKDY VÍCE!!!! JÍDLO BYLO ODPORNÉ, ZKAŽENÉ, SMRADLAVÉ A VŠUDE ŠPÍNA. OBSLUHA HROZNÁ!!!!. NEJHORŠÍ JÍDLO, CO JSEM KDY JEDLA. HNUS = HUMUS NECHODTE TAM!!!	[('food quality', 'negative', 'JÍDLO'), ('service general', 'negative', 'OBSLUHA'), ('ambience general', 'negative', 'NULL'), ('restaurant general', 'negative', 'NULL')]
20f2b4e3-bd18-4b64-92b7-17fa83ee765c	Příšerná obsluha...kdyby jsme si nešli říct osobně o účet, možná tam sedíme ještě teď.	[('service general', 'negative', 'obsluha')]
6c6248a6-4ad0-4c69-a833-660aba858ca5	Žiadne podrážky ani gumové mäso sme nezazamenali	[('food quality', 'neutral', 'mäso')]
96721e4a-6f3c-4dd5-9b9e-c48ec6907986	"Zrovna když chcete mluvit se šéfem, údajně ""běhá někde okolo""."	[('service general', 'negative', 'šéfem')]
7b24d4dc-67d4-403d-b5ea-cc8d3ef7aeeb	Polévka hříbková, moc dobrá, škvarková pomazánka jako od mojí babičky, nezapomenutelná, burgery každý jiný druh, bez chyby, krásné voňavé hovězí.	[('food quality', 'positive', 'Polévka hříbková'), ('food quality', 'positive', 'škvarková pomazánka'), ('food quality', 'positive', 'burgery'), ('food quality', 'positive', 'hovězí')]
354f0616-21d5-4f2b-8972-935a5d80d49e	Seděli jsme tam asi 3 hodiny, odvalili jsme se ztěžka odfukujíce, jajich tatarák na topinkách nemá chybu	[('food quality', 'positive', 'tatarák na topinkách')]
b1bc52d9-5b4a-4678-b888-1ee18dc1b529	Ztrhuju jednu hvězdu za drahé ceny..	[('restaurant prices', 'negative', 'NULL')]
b0568a4c-20de-46d5-b35d-9c1a3a6ac87e	Byl jsem ale opravdu zklamán. Obsluha byla na mne sprostá, prej na co si hraju?	[('service general', 'negative', 'Obsluha'), ('restaurant general', 'negative', 'NULL')]
03965b5e-36bf-4939-94c1-a5530bc58151	Kdo má rád řecká vína, měl by rozhodně na ochutnávku někdy zajít	[('drinks quality', 'positive', 'řecká vína')]
91a06ce9-3d89-453f-bac2-ff03fe6ed1aa	Kvalita školní jídelny, místo krutího masa v lístků dali vepřové, hovězí ze svíčkové se nedalo ukrojit.	[('food quality', 'negative', 'krutího masa v lístků'), ('food quality', 'negative', 'hovězí ze svíčkové')]
05ef1378-b9e2-48e3-bc97-4f957219fba3	Obsluha - takové malé tlusté arogantní prase za barem	[('service general', 'negative', 'Obsluha')]
ed6b2449-9fd7-4407-96ee-2540af31e04d	Fakt mě to mrzí, je to obrovské vystřízlivění z dřívějšiho nadšení	[('restaurant general', 'negative', 'NULL')]
6396c5b6-9472-4fa4-a7c1-c7c7d3867cfd	Pouze telefonická komunikace s cisnikem odradila. Zvyšoval hlas a bavil se se mnou jako s podrizenou :-) Chování burana a spinavce.	[('service general', 'negative', 'cisnikem')]
2ce3d630-e9a9-4f45-b116-db1ff5e46363	Super lahodný steak	[('food quality', 'positive', 'steak')]
a0af46d6-49e3-47d5-848b-66a1aa9c9798	Jídlo noc moc .	[('food quality', 'negative', 'Jídlo')]
ae6f323a-5885-40a1-87da-133c353c144d	Horší snad už byla jen nějaká zaplivaná putyka myslím v Nové Peci kde majitel sprostě urážel hosty	[('restaurant general', 'negative', 'NULL')]
baed0d2c-935f-45a0-8afe-45cac83f087d	Jedním slovem, obrovské zklamání	[('restaurant general', 'negative', 'NULL')]
86abd95a-ae7d-415c-acd3-e7a5d94e202b	Krásné misto se super obsluhou	[('ambience general', 'positive', 'misto'), ('service general', 'positive', 'obsluhou')]
1e22f9fa-4b0a-4f95-bc66-cd82e9bebee1	Ještě podotknu, že manžel pracuje v hotelu Hilton a i když jsme byli na steaku v obou jejich restauracích, u Štěpána nám chutnalo víc	[('food quality', 'positive', 'steaku')]
e5a3f3db-c255-453d-a4ce-5b684a6848f6	Dali jsme si dýňovou polevku byla výborná	[('food quality', 'positive', 'dýňovou polevku')]
43ac915d-a4b4-4dd0-9087-4bbb6fd14138	Jinak vše ostatní v pořádku vřele doporučuji	[('restaurant general', 'positive', 'NULL')]
c27834b6-a871-4d3c-ae44-d93364217a02	Navíc neměli žádný džus, což mrzelo mého kamaráda	[('drinks style_options', 'neutral', 'džus')]
4f4c0636-04fc-4200-bf8d-163044070569	Jediné mínus - přeplněnost restaurace, stoly jsou nacpané těsně u sebe,takže se neslyšíte, nebo se nemůžet bavit, aby to nevěděli všichni.	[('ambience general', 'negative', 'restaurace'), ('restaurant miscellaneous', 'negative', 'restaurace')]
aa6e7ee2-4107-4f19-ac91-06a740031173	A to nepočítám volská oka, která mi obsluha donesla napoprvé navzdory mé objednávce vajec naměkko.. stát de může, ale aby u slavného a holedbajícího se Pohlraicha neuměli připravit jeden z nejzákladnějších pokrmů, mne opravdu udivuje.	[('food style_options', 'negative', 'volská oka'), ('food style_options', 'neutral', 'vajec naměkko'), ('restaurant general', 'negative', 'NULL'), ('service general', 'negative', 'NULL')]
28266270-9ebb-42e2-a94d-129ebe9f5117	Dobře jsme se najedli.	[('food quality', 'positive', 'NULL')]
6a725c90-1314-4612-beb8-b57932d9087c	Pěkný hotel, velmi tichý. Přímý přístup k jezeru. Chceme vypnout právě tady.	[('ambience general', 'positive', 'hotel'), ('restaurant general', 'positive', 'hotel'), ('location general', 'positive', 'NULL')]
109b4648-1964-4710-85fc-c3d859c14804	jinak jídlo tam mi skutečně chutná, a servírky se dají omluvit, když sem viděla jak se tam k nim chovaji, bylo mi jich spíš líto.	[('food quality', 'positive', 'jídlo'), ('service general', 'neutral', 'servírky')]
279ab9d7-5c0e-4933-a1c6-65a9ce81d88d	Doporučuji všem a ceny nejsou předražené jako jinde	[('restaurant general', 'positive', 'NULL'), ('restaurant prices', 'positive', 'NULL')]
23a23b7c-4038-48a7-a6f9-ac3edeada06c	Při další návštěvě Prahy si zajdeme na oběd. :-)	[('restaurant general', 'neutral', 'oběd')]
e8d98e61-4ee7-43ac-a434-f0dfbb0f9393	The Farm všem doporučuji, příjemný personál, výborná káva i domácí limonáda.  Dali jsme si branch a byli jsme spokojeni. Dětská koutek - vhodné i pro rodiny s dětmi. 	[('restaurant general', 'positive', 'The Farm'), ('service general', 'positive', 'personál'), ('drinks quality', 'positive', 'káva'), ('drinks quality', 'positive', 'domácí limonáda'), ('food quality', 'positive', 'branch')]
2d9f396b-e040-40fb-a459-b202fb96b4d5	Přijedeme zas a všem doporučujeme	[('restaurant general', 'positive', 'NULL')]
18986096-28c6-4679-9ef1-032c6c4f10ea	Čokoládová bomba je parádní a efektní dezert, už jen pro to překvapení na začátku.	[('food quality', 'positive', 'Čokoládová bomba'), ('food quality', 'positive', 'dezert')]
4fc105a8-00a8-4faf-bbc1-61bf0244692f	Paráda	[('restaurant general', 'negative', 'NULL')]
b810bbb1-cba0-4f94-8180-a21802668ef8	Vybavení hospody je typicky české :-)	[('ambience general', 'neutral', 'Vybavení')]
b2afe0df-b05f-4387-a972-c68d5e7bc6aa	Opravdu si toto místo užil. Atmosféra je úžasná a jídlo je skvělé.	[('ambience general', 'positive', 'Atmosféra'), ('food quality', 'positive', 'jídlo')]
64491a67-afc6-4d89-8d90-b195d317647b	Přišli jsme viděli jsme, citili jsme a bohužel neodešli	[('restaurant general', 'negative', 'NULL')]
4bcb38d1-61e3-454e-ab7c-244515204d3a	uplna katastrofa personal uplne nezajem kuchar u recepce chlastal pivo , a na kuchyn vubec nehledel servirky mely ocividne uplne neco jineho na praci nez se venovat hostum pomala obsluha plne popelniky jidlo stalo take za prd	[('service general', 'negative', 'personal'), ('service general', 'negative', 'kuchar'), ('service general', 'negative', 'servirky'), ('service general', 'negative', 'obsluha'), ('food quality', 'negative', 'jidlo'), ('restaurant general', 'negative', 'NULL')]
33247584-cd4c-4359-aa61-c9ec36613e7d	To, co mi ovšem donesl snad ani pivo nebylo, už vůbec nemluvě o poctivé 12° Plzni.	[('drinks quality', 'negative', 'pivo')]
ad7f2b5f-8908-4414-a335-cf83e2c7e43b	Totalni hruza, jidlo strasne, neni z ceho vybrat, misto inzerovanych 109kc stoji all you can eat 139kc.	[('food quality', 'negative', 'jidlo'), ('food style_options', 'negative', 'jidlo'), ('food prices', 'negative', 'all you can eat'), ('restaurant general', 'negative', 'NULL')]
bc8ec5c0-0f67-4449-a8a5-575557b34dbb	Jídlo bylo velice rychle připravené a opravdu výborné	[('food quality', 'positive', 'Jídlo'), ('service general', 'neutral', 'NULL')]
6d5b086a-7eb5-4948-a7b7-42dc8abf9dc3	Výtečná pizza, příjemná obsluha	[('food quality', 'positive', 'pizza'), ('service general', 'positive', 'obsluha')]
91cc770a-2168-4f25-838b-f2e0f92c644d	Super.	[('restaurant general', 'positive', 'NULL')]
23ed2d80-ba45-4665-9e04-6c082352e74d	Od začátku pouze zklamání	[('restaurant general', 'negative', 'NULL')]
d68c5f94-86d7-4f09-997a-4bb9f7b54982	Vynikající jídlo, příjemná obsluha :-)	[('food quality', 'positive', 'jídlo'), ('service general', 'positive', 'obsluha')]
dcd2d3e2-b5c9-4f9f-838c-3b9c51dbec3d	Záruka slušného výběru z více chutných jídel během oběda. Personál občas není úplně příjemný (jednotlivci), když je frmol. Dobrá nabídka piv.	[('food quality', 'positive', 'jídel'), ('food style_options', 'positive', 'jídel'), ('service general', 'positive', 'Personál'), ('drinks style_options', 'positive', 'piv')]
bcda0e02-bdd6-4587-9679-44f553b9970c	Kafe, po těch byliiných limonádách se mi mos stýká, celkem 850,- Kč.	[('drinks quality', 'positive', 'byliiných limonádách')]
b60e23ed-8815-426d-b0b2-faf4c2088fc1	Ukrajinská servírka navíc ani neumí vrátit správnou částku, i když jí to připomenete.	[('service general', 'negative', 'servírka')]
187f9ee6-ec4a-4f32-bda1-e60f6d572fa7	Výborné kuřecí , sushi super a poharik nazaver :)	[('food quality', 'positive', 'kuřecí'), ('food quality', 'positive', 'sushi'), ('food quality', 'positive', 'poharik')]
82353b15-9ea0-41b7-a7f5-bc8e90aaa164	Obsluha super a jídlo taky perfektní... :)	[('service general', 'positive', 'Obsluha'), ('food quality', 'positive', 'jídlo')]
94f2fb14-e0ba-4a22-bacc-0ee22efdcb71	Ochotný personál, rychlost, velmi dobré jídlo.	[('service general', 'positive', 'personál'), ('food quality', 'positive', 'jídlo')]
5081581e-d5be-4d35-8b05-661bc456bc58	Espresso byl také zlatý standard, již jsem pila lepší k tomu s mlékem, které nebylo ohřáté, tedy kávu schladilo.	[('drinks quality', 'neutral', 'Espresso'), ('drinks quality', 'negative', 'mlékem'), ('drinks quality', 'neutral', 'kávu')]
f6f66a0c-d231-4f3c-8bbc-fb00937a653d	Mě vždycky zajímají velké saláty nebo v poslední době těstoviny, které mají v Kandelábru opravdu dobré.	[('food quality', 'positive', 'saláty'), ('food quality', 'positive', 'těstoviny'), ('restaurant general', 'positive', 'Kandelábru')]
a1a8d1de-f88c-4b04-a939-381c13dbcdb7	Jídlo nám moc chutnalo a tuto restauraci doporučuji	[('food quality', 'positive', 'Jídlo'), ('restaurant general', 'positive', 'restauraci')]
49d3ffae-23cb-4a4a-9d49-8ebbb556dba4	Jídlo bylo naprosto úžasné! Sledovali jsme doporučení šéfa obchodu a nechal nás dokončit tyto záznamy. Ty předčily naše očekávání! Kudos do kuchyně! Tato služba byla výjimečná a pohostinnost je zde velmi důležitá! Nejlepší restaurace 😃👍🏻	[('food quality', 'positive', 'Jídlo'), ('service general', 'positive', 'služba'), ('restaurant general', 'positive', 'restaurace')]
5127c914-eae8-451c-9b7e-168cc2d79a3e	Netvrdím, že by byla úplně bez chyb,ale byla příjemná a snažili se mi můj pobyt spříjemnit,jak jen to šlo	[('service general', 'positive', 'NULL')]
1450a47c-7b5c-4324-b894-6e6def77355d	Celkový dojem z pobytu je velmi dobrý,dovedl bych si představit opět návštěvu tohoto místa.Vyšší cena dovolené je kompenzována dobrou stravou a klidným a příjemným místem pobytu.	[('food quality', 'positive', 'stravou'), ('ambience general', 'positive', 'místem'), ('restaurant prices', 'neutral', 'NULL')]
5bf25981-ad97-45b8-930e-094a87d9c389	Supeer BOWLING	[('restaurant miscellaneous', 'positive', 'NULL')]
c7098719-9eb9-469f-b898-f55fccd6016f	Vřele doporucuji. Obsluha je velice příjemná a jídlo vyborne.	[('service general', 'positive', 'Obsluha'), ('food quality', 'positive', 'jídlo')]
19f705b2-6f30-4b10-82ee-19271fc2bd15	Příliš nechápu recenzenty, co hodnotí jídlo v této restauraci jako průměrné.. Vyzkoušel jsem asi všechny opavské restaurace a tady se vaří rozhodně nadprůměrně. Jediný problém je opravdu někdy obsluha a pivo, škoda, že nemají Plzeň jako v Kavarně, opavský korbel se sice dá, ale hitparáda to není. Zase na druhou stranu se tady dají ochutnat speciály, ale na celý večer na pivo to není.	[('service general', 'neutral', 'obsluha'), ('drinks style_options', 'neutral', 'pivo'), ('drinks style_options', 'neutral', 'Plzeň'), ('drinks style_options', 'positive', 'speciály'), ('food quality', 'positive', 'NULL')]
ec49c8ea-f3ad-47a4-95ff-15bd57867926	Navonena bida + dobre fungujici reklama od anosefa.	[('restaurant general', 'negative', 'NULL')]
9697a5d4-d57f-4439-92c5-fb746c7d3689	"Na vyhlášený tatarák a posezení u piva je to ideální restaurace. Jediné co to kazí je, že pokud jste na ""palubě"" musíte na toaletu ven."	[('food quality', 'positive', 'tatarák'), ('drinks quality', 'positive', 'piva'), ('restaurant general', 'positive', 'restaurace'), ('ambience general', 'negative', 'toaletu')]
84973be6-14f0-4813-81dc-d879c2601f6d	Předražená restaurace, která by bez voucherů dávno nebyla	[('restaurant miscellaneous', 'negative', 'restaurace'), ('restaurant prices', 'negative', 'restaurace')]
946b34c4-27bf-420f-8826-cbe594650f6f	K jídlu: tatarák jsme měly poprvé, nemáme s čím srovnat, ale osobně mně chutnal	[('food quality', 'positive', 'jídlu'), ('food quality', 'positive', 'tatarák')]
6a801aad-681a-4d47-addf-5aedacd5f6a3	Personálu na place opravdu hodně, ale působí spíše jako podomní prodavačí, kteří by snad prodali i svou vlastní babičku	[('service general', 'negative', 'Personálu')]
5af71736-3c4d-4768-85cb-df2aa315b464	Restaurace je velká a vypadá elegantně a voní pěkně. Služba byla skvělá. Pivo bylo skvělé. Svickova s   knedlíkem byla vynikající, ale omáčka byla pro můj vkus příliš sladká. Hovězí guláš v pivní omáčce byl fantastický, ale můj manžel ho shledal příliš slaným. Celkově skvělé místo, kam jít, zejména pokud chcete jíst českou místní kuchyni. Zeptejte se na české menu, protože nám dali anglické menu, které nemá českou kuchyni. Zeptejte se jich, jsem si jistý, že znají angličtinu, která vám vysvětlí českou kuchyni. Vrátíme se znovu!	[('ambience general', 'positive', 'Restaurace'), ('drinks quality', 'positive', 'Pivo'), ('food quality', 'positive', 'Svickova s   knedlíkem'), ('food quality', 'positive', 'Hovězí guláš v pivní omáčce'), ('restaurant general', 'positive', 'místo'), ('service general', 'positive', 'NULL')]
9dbec194-32b9-4908-b4fa-8c1b586616c3	co se týče debaty o couvertu - ten je mi celkem šumák, ale jinak se musím zastat Evy, byl jsem tam minulý týden a obsluha opravdu moc příjemná nebyla, navíc jsme na jídlo čekali přes půl hodiny (na denní menu), což mi přijde hodne	[('service general', 'negative', 'obsluha')]
8abd3629-1be9-4242-9be4-1dd416636231	Nechápu, že lidi věří, že steaky tam dělají z masa vlastního chovu	[('food quality', 'negative', 'steaky'), ('food quality', 'negative', 'masa')]
ddf3bb16-ca5b-4437-9343-57e0b7762112	Jidlo vyborne, vzdy je z ceho vybirat. Obslohu velmi prijemna a vzdy s usmevem	[('food quality', 'positive', 'Jidlo'), ('service general', 'positive', 'Obslohu')]
946b7ebd-970e-42ca-a2a0-5112f134f948	Omlouvám se ale je tu opravdu příšerné pivo zřejmě znečištěné trupky a u mého oblíbeného piva. A když si člověk objedná Coca-colu tak jí dostane ředěnou.	[('drinks quality', 'negative', 'pivo'), ('drinks quality', 'negative', 'Coca-colu')]
23c90f17-2633-4e5f-9390-5a30468bab59	Lepší gurmánský zážitek jsem neměl zatím nikde po světě...a že jsem toho pracovně projel dost.	[('food quality', 'positive', 'zážitek')]
b94bd26f-4da7-43f9-bb32-30c928912b08	👍	[('restaurant general', 'positive', 'NULL')]
ccd0ba41-2b84-4229-80e4-373c8a0b2a23	Nevkusný vydřidušský podnik - Rezervační doba - 28.10.2010 bylo online možné rezerovat nejbližší termín až 19.1. a to jen od 14.00 do 17.00	[('restaurant general', 'negative', 'podnik'), ('restaurant miscellaneous', 'negative', 'podnik'), ('restaurant prices', 'negative', 'podnik')]
bc8fe6c2-5e71-4783-89b0-d94529da26b5	Super jídlo měli jsme kančí se šípkovou a česnečku výborná	[('food quality', 'positive', 'jídlo'), ('food quality', 'positive', 'kančí se šípkovou'), ('food quality', 'positive', 'česnečku')]
e73c21cc-41c7-4da5-a1aa-9960352cceea	Zlatym hrebem ovsem je, ze je nam obema s pritelem ted opravdu spatne, stridame se na toalete a ja jsem si jista, ze za tim je bud ten nechutny toast, nebo podivne hranolky	[('food quality', 'negative', 'toast'), ('food quality', 'negative', 'hranolky')]
fcd59916-3285-476d-abba-c568bf22b605	Po snědění hovězího líčka se zauzenou kaší a vypití 0,5 l piva bych čekala zasycení jako v jiné restauraci nebo jako při 1. návštěvě (stejk, domácí pečivo, 0,5l piva).	[('food quality', 'negative', 'hovězího líčka se zauzenou kaší'), ('drinks quality', 'neutral', 'piva'), ('food quality', 'neutral', 'stejk'), ('food quality', 'neutral', 'domácí pečivo')]
9800de30-c73c-4d5b-b685-c9c8c869336f	Je to čínská kuchyně a s japonskou a thajskou to nemá vůbec nic společného.	[('food quality', 'neutral', 'čínská kuchyně')]
1aaad3e9-8173-4b7f-ba29-37e724bf025d	Příjemné prostředí, trošku dražší, ale dá se to..	[('ambience general', 'positive', 'prostředí'), ('restaurant prices', 'neutral', 'NULL')]
a72ac6b6-97d6-4dfb-806a-1258da236a53	daleko široko není nic lepšího jen doporučuji maj novej jídelní lístek vážně to stojí za to	[('food quality', 'positive', 'jídelní lístek'), ('food style_options', 'positive', 'jídelní lístek'), ('restaurant general', 'positive', 'NULL')]
9023ee78-9598-408c-80da-2b5fbc2a821a	Bylo to to nejhorší, co jsem kdy jedla.	[('food quality', 'negative', 'NULL')]
e5cfdb65-9ae2-4fd1-99f5-5353dff85524	Velká škoda, že v takovém krásném parku je tak hrozné místo. Když se konečně po půl hodině zjeví obsluha, jsou k vám arogantní a drzí. Vždy doufáme, že s obměnou číšníky se to zlepší, a proto tento podnik čas od času navštívíme, ale vždy odcházíme znechuceni.	[('restaurant general', 'negative', 'místo'), ('service general', 'negative', 'obsluha'), ('service general', 'negative', 'číšníky'), ('restaurant general', 'negative', 'podnik')]
3b01af63-56bd-4f45-90c0-57dbe34b5f77	Skvělá pizza, milí lidé :-)	[('food quality', 'positive', 'pizza'), ('service general', 'positive', 'lidé')]
6b984af5-befe-49b6-a10c-56b335af8e24	podnik má své již odžito	[('restaurant general', 'negative', 'podnik')]
a75aa1f1-ee0f-4e2a-b324-c7a97d2a5bfc	Jsem v restaurantu každý den a každý den jsem velice spokojený polední menu nemá chybu a když zajdu večer na steaky	[('restaurant general', 'positive', 'restaurantu'), ('food quality', 'positive', 'polední menu'), ('food quality', 'positive', 'steaky')]
a092beb3-b529-4ce4-a2f9-e04a9d82f02e	Skvělá restaurace.	[('restaurant general', 'positive', 'restaurace')]
cb9a42da-5665-40c3-814a-4e50f8e618c6	lidi co to tady pisete vy vubec nevite co vlastne pisete ja jsem tam pracovla pred nejakou dobou a vim o cem mluvim vse jidlo bylo zmrazene , zabijackove hody 2 tydny stare , kuchyn nikdo neresil ani ja ne s zduvodu proc bych to delal kdyz predemnou byl vzdy bordel a ocividne to majiitelum nevadilo maji podplacene i hygienu tak se neni co divit ze tam opravdu bordel je a salonky to jo ksefty jsou jen stoho , kdyz prijdete do restaurace na obed na veceri nikdo tam neni jen mozna max -3 LIDI	[('food quality', 'negative', 'jidlo'), ('food quality', 'negative', 'zabijackove hody'), ('ambience general', 'negative', 'bordel'), ('service general', 'negative', 'majiitelum'), ('restaurant miscellaneous', 'negative', 'restaurace'), ('restaurant general', 'negative', 'NULL')]
14470c43-cfc1-4b38-a0fb-feba98a771d0	Až když jsem mu pohrozila, že na něj zavolám ČOI, mrštil po nás kovovými mincemi.	[('service general', 'negative', 'NULL')]
9eee1022-7171-4dca-94db-5379ff4cb24f	Byla jsem už při příchodu velmi mile překvapená,příjemným a klidným prostředím	[('ambience general', 'positive', 'prostředím')]
5e3713fb-2049-4ee7-b6e8-5573a57e0335	Tady masu rozumí, točí skvělé pivo a jsou vždy naprosto v pohodě. Doporučuji a děkuji.	[('restaurant general', 'positive', 'masu'), ('drinks quality', 'positive', 'pivo'), ('restaurant general', 'positive', 'NULL')]
d0254004-0475-4632-abf8-942ab2e048f0	Jídlo a personál absolutně bezvadné někdy to bylo od personálu až moc vlezlé jak se každé 2-3 minuty ptají jestli je vše v pořádku a jestli něco nechybí apod, ale to už záleží na každém.	[('food quality', 'positive', 'Jídlo'), ('service general', 'positive', 'personál'), ('service general', 'neutral', 'personálu')]
f9b0fadd-336d-43ee-8c75-54f5a7c45340	Všechno špatně, styďte se!!!	[('restaurant general', 'negative', 'NULL')]
eb68d1e0-636b-42c5-bd87-18df1e49974f	Příjemný kolektiv -doporučuji	[('service general', 'positive', 'NULL')]
08203150-ed0c-4961-8405-8fdd95c2cb13	Předražené jídlo, cena neodpovídá kvalitě	[('food prices', 'negative', 'jídlo')]
9458f028-4967-41b7-8483-3d283f9a926e	Byl jsem taky na voucher a všechno bylo dokonalé	[('restaurant general', 'positive', 'NULL')]
59676cc5-e2ce-4ca5-8ac3-d5021adaf213	(Vegetariánský) hamburger byl pěkný, pivo bylo hezké, ale služba byla výjimečná. Přátelský mezinárodní personál, všichni tito kluci vědí, jak zacházet se svými zákazníky, dokonce jsem se musel setkat s klukem z kuchyně a byl také přátelský. Pěkně zdobené, prostorné a s vintage atmosférou. Na toto místo nestačí pět hvězdiček.	[('food quality', 'positive', '(Vegetariánský) hamburger'), ('drinks quality', 'positive', 'pivo'), ('service general', 'positive', 'služba'), ('service general', 'positive', 'personál'), ('service general', 'positive', 'kluci'), ('service general', 'positive', 'klukem'), ('ambience general', 'positive', 'atmosférou'), ('restaurant general', 'positive', 'místo'), ('ambience general', 'positive', 'NULL')]
5307b7a9-51fa-43aa-98a6-d3efbb0a96e4	Restauraci nedoporučuji, žádné řecký speciality to nejsou, byli jsme několikrát v Řecku a myslím si , že by řekové koukali jak jim jejich krajané kazí jméno, ceny vysoké a jídlo naprosto nechutné	[('restaurant general', 'negative', 'Restauraci'), ('food quality', 'negative', 'řecký speciality'), ('food quality', 'negative', 'jídlo'), ('restaurant prices', 'negative', 'NULL')]
c05a504a-ca4c-4df5-b785-9015556b6b7c	Úžasné místo! Vysoce doporučeno!!!!	[('restaurant general', 'positive', 'místo')]
f19fa8c8-ce09-4088-87d8-3dd4d6ab9ee1	Celkem dobré	[('restaurant general', 'positive', 'NULL')]
aac69c0a-331d-4072-89a6-6638c32f0029	Krásné prostředí.	[('ambience general', 'positive', 'prostředí')]
ab407f07-dfd4-401c-8db8-af82921e5bd2	Zapráskanej homosexuální pajzl.	[('restaurant general', 'negative', 'pajzl')]
d7dde669-e1a3-40af-b3da-2fb68d5433d7	Moc nám tu chutnalo. Ještě někdy dorazíme	[('food quality', 'positive', 'NULL'), ('restaurant general', 'positive', 'NULL')]
aa731a04-9cba-4a5e-a9cb-7b74c62f07c1	Po nahlédnutí do jídelního lístku jsem byl překvapen nabídkou místní kuchyně.	[('food style_options', 'neutral', 'jídelního lístku')]
4c02b390-2bd9-47c6-8b89-fffa775fb262	Vždy milá obsluha 👍 jídlo chvalitebne😉	[('service general', 'positive', 'obsluha'), ('food quality', 'neutral', 'jídlo')]
09e9bc95-1aef-4277-826a-9671febb99bc	Škoda jen,že dojem kazí W.C.a pomalý personál.	[('ambience general', 'negative', 'W.C.'), ('service general', 'negative', 'personál')]
4e7f15e1-fbd3-472d-ab19-a24657790356	Při našich cestách po republice jsme již navštívili mnoho restaurací s mnohem lepším dojmem a spokojeností.	[('restaurant general', 'negative', 'NULL')]
57251810-d7f2-497a-81c2-e50330973500	Lahodná zmrzlina, zejména arašídová zmrzlina bez cukru SOOO GOOOD 😋😋😋	[('food quality', 'positive', 'zmrzlina'), ('food quality', 'positive', 'arašídová zmrzlina')]
e609112d-567c-47c3-a0f7-fe2e55969d34	Pěkné prostředí a slušný personál. Zapomněl jsem tam mobil a vzpomněl si po 2h a schovali mi ho na baru. Děkuji.	[('ambience general', 'positive', 'prostředí'), ('service general', 'positive', 'personál')]
e36fd51c-65dd-4a26-9553-d549ee5cc641	Přílohy, které zde kombinují jsou mnohdy vzdálené mému chápání	[('food style_options', 'negative', 'Přílohy')]
4156b864-4740-49d3-b7fe-bbc3f447248f	jinac prostredi docela ciste ale je pravda rekonstrukci by to chtelo	[('ambience general', 'negative', 'prostredi')]
b0564cf1-e0ca-4a92-a560-d57c696d4dac	Výborná zmrzlina	[('food quality', 'positive', 'zmrzlina')]
fdee2216-5e63-44bb-a8fe-b7570d05d83b	Dobrý večer, po přečtení této stránky jsme do této restaurace vcházeli již bez očekávání, mohli jsme být příjemně překvapeni, bohužel se tak nestalo	[('restaurant general', 'negative', 'restaurace')]
5a33d057-a1eb-4a19-9b07-c1088f629ecb	Měli jsme tam svatbu, vše perfektně připravené, výborný oběd: šunková rolka, polévka s játr. knedlíčky a svíčková - všem moc chutnalo.	[('food quality', 'positive', 'oběd'), ('food quality', 'positive', 'šunková rolka'), ('food quality', 'positive', 'polévka s játr. knedlíčky'), ('food quality', 'positive', 'svíčková'), ('restaurant general', 'positive', 'NULL'), ('service general', 'positive', 'NULL')]
82ee6d25-9c81-4b86-9a43-6ac39e332c46	Tak jsme odesli dost sklamani priste tedy jedem jinam ale uz ne do hospudky zname z tv.	[('restaurant general', 'negative', 'hospudky')]
fe5f4a66-adf3-4d3c-867e-09b9bce7c11a	Velice příjemná obsluha a výborné jídlo!	[('service general', 'positive', 'obsluha'), ('food quality', 'positive', 'jídlo')]
94748f13-ecf3-4aea-a8b6-7c9fb9a42726	Celé jsem završil domácí citronádou	[('drinks quality', 'neutral', 'domácí citronádou')]
4218dce2-0734-43da-a7cc-56eeae67e4fb	Hovězí jinak průměr	[('food quality', 'neutral', 'Hovězí')]
514403dd-536a-42da-ab27-78149289a096	Nevím jestli mu tajně neradí kam by to měl směřovat?!?! Ale tímhle stylem, leda do prdele	[('restaurant general', 'negative', 'NULL')]
2006cb42-ec6d-40ac-8af9-f66339bbc748	Ona měla žebra, já kachnu, pochvalovaly jsme si to.	[('food quality', 'positive', 'žebra'), ('food quality', 'positive', 'kachnu')]
b383c57c-944f-4234-b6a6-8e54bca10bb4	Při zakoupení voucheru jsem dostala porci,kterou předemnou vrátil jiný návštěvník restaurace	[('food style_options', 'negative', 'porci')]
1a41778e-b3d4-48e2-8a00-c60a36f53837	Takže...obsluha na nic, samé mladé štětky co o práci číšníka/ce neví zhola nic. Jídlo drahé, rádoby moderní, ale špatné. Nejen, že je jídla relativně málo, ono ani nechutná dobře. Vývar přesolený, česnečka, že bych se styděl i kdyby byla z pytlíku, maso v burgeru docela ušlo, bulka ale hnusná jak čert. No a navrch ten jejich zákaz dětem, psům, cyklistům :) To je pecka...Rozhodně tam tímto stylem vydrží dlouho :) Silně nedoporučuji, na Jižním Městě je bezpočet lepších hospod/restaurací a to jen pár kroků od Stodoly. Ta mimo jiné sousedí s nechvalně známým bordelem, odtud nejspíš rekrutuje i svou obsluhu :)	[('service general', 'negative', 'obsluha'), ('service general', 'negative', 'štětky'), ('food prices', 'negative', 'Jídlo'), ('food quality', 'negative', 'Jídlo'), ('food quality', 'negative', 'jídla'), ('food style_options', 'negative', 'jídla'), ('food quality', 'negative', 'Vývar'), ('food quality', 'negative', 'česnečka'), ('food quality', 'neutral', 'maso'), ('food quality', 'negative', 'bulka'), ('restaurant general', 'negative', 'NULL'), ('restaurant miscellaneous', 'negative', 'NULL')]
d87afc1e-aa75-4eef-a921-0c5d5f3150b7	Pěkný hotel, doporučeno!	[('restaurant general', 'positive', 'hotel')]
c63f5f9c-da9a-4355-9ea5-246dcb6c3a77	Byli jsme velmi zklamáni a bohužel musím konstatovat, že NAPROSTO NEDOPORUČUJI!!!	[('restaurant general', 'negative', 'NULL')]
17b52db8-7107-4737-bb38-d723340244aa	Jidlo chutné, ceny vyšší, na můj vkus trochu hluk.. Ale ráda se znovu vrátím	[('food quality', 'positive', 'Jidlo'), ('ambience general', 'neutral', 'NULL'), ('restaurant prices', 'neutral', 'NULL')]
1ac47c37-b306-461d-8b40-b68d039f1f40	OK	[('restaurant general', 'neutral', 'NULL')]
0312ae73-47b0-4974-a2b0-67b14ccc1291	Dle mě je provozovatel amatér, který se snaží vydělat na slevách, jelikož jeho podnikání se chýlí ke konci	[('service general', 'negative', 'provozovatel')]
99c00138-3239-4780-abbb-5b31e284d7d2	Servírky byly milé slečny, vždy se přišly zeptat, jestli něco nepotřebujeme, ale zase zbytečně neobskakovaly, což jsme kvitovali s povděkem	[('service general', 'positive', 'Servírky')]
5f6a1e5d-4271-4730-b9c4-a30b3d5af070	Všechno, co bylo vepřové, bylo tlusté, kuře podivně páchlo.	[('food quality', 'negative', 'vepřové'), ('food quality', 'negative', 'kuře')]
52f40229-8022-4b36-8bce-05f1832f596d	"Jídlo mělo svůj ""sex appeal"" jak rád říká pan šéf z TV,ale to bylo v podstatě všechno"	[('food quality', 'neutral', 'Jídlo')]
d2c99748-3925-4786-9f2e-df1791407940	Luxusní iidlo i obsluha	[('food quality', 'positive', 'iidlo'), ('service general', 'positive', 'obsluha')]
d5ec84ff-79f6-4da2-b476-3b9837059888	Protože to, co dělají,  dělají s láskou.	[('restaurant general', 'positive', 'NULL')]
d8f170fa-78e4-4100-a117-77fe5d5b34b8	Velice rychlá a příjemná obsluha.  Jídlo bylo dobré a taky velmi rychle na stole.	[('service general', 'positive', 'obsluha'), ('food quality', 'positive', 'Jídlo')]
f9980630-2739-4fd9-8e7e-c9374efa222b	- před Pohlreichem paráda - vždy spokojenost;	[('restaurant general', 'positive', 'NULL')]
e949eed5-12a1-49a1-94bc-acabf450ce57	Nedoporučuji; měli jsme vouchery 2*pizza/těstoviny a s partnerem jsme usedli ke stolu pro čtyři.	[('restaurant general', 'neutral', 'NULL')]
83a4a08b-a8f0-4fc9-8509-01d570df0cb7	byl jsem s přítelkyní o víkendu na véče a byl jsem velmi mile překvapen	[('food quality', 'positive', 'véče')]
bb7a9c32-eea8-44ce-a48f-8e7d4677c52e	Do této pizzerie chodíme velice často a dlouho málo kdy jsme se setkali s něčím co by nás rozlobilo nebo naštvalo.	[('restaurant general', 'positive', 'pizzerie')]
48317c7f-af67-45a6-8af1-389334905b8e	Po 14 dnech volání to na druhé straně konečně někdo zvedl, pan majitel	[('service general', 'negative', 'majitel')]
39ef7c0d-d457-4592-a91f-0edfad7d759d	Jidlo, misto i obsluha vzdy super, jen bohuzel po zmene kuchare dostavam detske porce za cenu vyssi nez drive, coz me jako casteho zakaznika mrzi...	[('food style_options', 'positive', 'Jidlo'), ('restaurant general', 'positive', 'misto'), ('service general', 'positive', 'obsluha'), ('food prices', 'negative', 'detske porce')]
e679fba9-1bba-4c5a-b198-86d8bfb449fc	sem už tedy nikdy!	[('restaurant general', 'negative', 'NULL')]
07f69ea4-92af-494c-8b6a-f08d46593339	5) Obsluha katastrofální, dívčina nemá o práci servírky ani potuchy, ač jsme byli objednaní, vůbec nic nevěděla, nic nebylo nachystáno	[('service general', 'negative', 'Obsluha'), ('service general', 'negative', 'dívčina')]
dd43a80d-2fd0-4bdc-a0a0-6e443103156e	Jidlo chutove dobre vyladene vyhucene vcetne priloh	[('food quality', 'positive', 'Jidlo'), ('food quality', 'positive', 'priloh')]
16f2a20f-f90d-4e88-bc31-34c20f1ba48b	kyselý obličej blonďáté servírky mi při vchodu do restaurace zkazil chuť k jídlu	[('service general', 'negative', 'servírky')]
a9960998-ab80-4b0c-8b83-b84e4f6cef5a	!!!!DEJTE S POZOR A VYHÝBEJTE TRAJCŮM POKUD MOŽNO OBLOUKEM!!!	[('restaurant general', 'negative', 'NULL')]
aa06b0a1-c30a-4fbc-aa59-9bd367ac8f91	Ta blond servírka s tetováním je TOP a jídlo je taky dobré	[('service general', 'positive', 'servírka'), ('food quality', 'positive', 'jídlo')]
8d260bcc-f5ea-454b-8bcc-ef95e26939c3	Vždy milá obsluha a chutné jídlo!	[('service general', 'positive', 'obsluha'), ('food quality', 'positive', 'jídlo')]
cebe6c05-d869-4fc0-9643-7e3c7077ba23	Jen by to chtělo větší soukromí, bylo tam na můj vkus příliš moc lidí a hluku	[('ambience general', 'negative', 'NULL')]
caf32d7e-edd6-485d-adcc-052a3c4272ec	Super výlet	[('restaurant general', 'positive', 'NULL')]
ac846905-8704-421e-8324-81b79f3db60f	Rychlá obsluha	[('service general', 'positive', 'obsluha')]
cdf93816-8671-4823-a2fc-5dafb775b98f	To neni hospoda, ale cekarna	[('restaurant miscellaneous', 'negative', 'hospoda')]
c4efcec8-1432-4354-9d44-46a44cf6292c	S porovnáním se zkušenostmi z loňského léta a podzimu se nedá srovnat.	[('restaurant general', 'neutral', 'NULL')]
a7254293-d0b8-4ecf-90da-50d0bb32655e	Všechno je tam špatně - jídlo, obsluha, smrad, špína. Zavřít a spálit.	[('food quality', 'negative', 'jídlo'), ('service general', 'negative', 'obsluha'), ('ambience general', 'negative', 'NULL'), ('restaurant general', 'negative', 'NULL')]
2126a743-0374-4abb-a50d-9eb9f97906fb	Skvěle zajištěná a připravená svatba.	[('restaurant general', 'positive', 'NULL')]
49813b66-f4c8-4288-b30e-be0f44be33af	Souhlasím,i já jsem koupil několik poukázek a jednu si nechal pro sebe,rezervační systém vymýšlel zřejmě nějaký inteligent,protože absolutně selhává	[('restaurant miscellaneous', 'negative', 'NULL')]
23a78dff-3e53-421f-b2c3-ba9f7d8a15bd	Zabijačkovou mísu určitě ochutnejte	[('food quality', 'positive', 'Zabijačkovou mísu')]
bce69bc1-d882-4776-9d8d-161567c2ef2a	Podzemní bar s chladnou vibrací. Velmi dobré jídlo, zkuste tuňáka a avokáda.	[('food quality', 'positive', 'jídlo'), ('food quality', 'positive', 'tuňáka'), ('food quality', 'positive', 'avokáda')]
46a8719c-8d9d-49f4-9954-a47fa08ce80a	"Výborná kuchyně, příjemné ""lidové"" prostředí, vydatné porce a velice příjemné ceny. Navíc kousek od letiště. Byli jsme velice príjemně překvapeni a spokojeni jak my, tak naši milí z Kanady a Anglie."	[('food quality', 'positive', 'kuchyně'), ('ambience general', 'positive', 'prostředí'), ('food style_options', 'positive', 'porce'), ('location general', 'positive', 'NULL'), ('restaurant prices', 'positive', 'NULL')]
1929b990-e6c5-4b39-9ba4-7cd6f62494e4	Párkrát jsem zavítal do Lékárny a vždy jsem byl nadšený z jídla a hlavně z obsluhy. Jednou mě číšník sám navrhl a přinesl dodatečnou porci omáčky v omáčníku. Nádhera.	[('food quality', 'positive', 'jídla'), ('service general', 'positive', 'číšník'), ('food style_options', 'positive', 'porci omáčky v omáčníku'), ('restaurant general', 'positive', 'NULL')]
0d41ccb9-caf7-4abe-83a5-4e30533809f9	Hezké prostředí, čisto, milá obsluha, rádi se vracíme.	[('ambience general', 'positive', 'prostředí'), ('service general', 'positive', 'obsluha')]
9ee275b2-88a7-4d08-96e8-32e0342e6892	Restaurace na jedničku.	[('restaurant general', 'positive', 'Restaurace')]
e5c9be0e-4f7d-4207-8393-33f48e140dfa	Jak by se asi taky uživila restaurace, kde většina jídel je se slevou 61% v centru Prahy	[('restaurant prices', 'neutral', 'NULL')]
8f17814f-6b83-4688-b897-af25ab4e342d	Jako předkrm jsem zvolil tatarský biftek s topinkami, byl jsem okouzlen výtečnou chutí a ochucení masa, topinky na můj vkus příliš nasáklé olejem, ale tak to je asi v pořádku.	[('food quality', 'positive', 'předkrm'), ('food quality', 'positive', 'tatarský biftek s topinkami'), ('food quality', 'positive', 'masa'), ('food quality', 'negative', 'topinky')]
66e2fbeb-7617-41d6-8edd-4e840ebd08da	Příjemné prostředí i obsluha,dobré jídlo i pivko,nemám si na co stěžovat	[('ambience general', 'positive', 'prostředí'), ('service general', 'positive', 'obsluha'), ('food quality', 'positive', 'jídlo'), ('drinks quality', 'positive', 'pivko')]
2d27bd88-72ec-464b-a332-27a0983981e5	Faktem je, že sem nejspíše chodí velmi vyrovnaná a klidná klientela, jinak by již obsluha dostala přes klapačku	[('service general', 'negative', 'obsluha')]
9a5a93c4-0c7d-46f4-80f2-c4400c714e0c	Vsem doporucuji jidlo skvele obsluha skvela.. je to tam 100x lepsi nez predtim..!!!	[('food quality', 'positive', 'jidlo'), ('service general', 'positive', 'obsluha'), ('restaurant general', 'positive', 'NULL')]
6f125cb0-dc88-4213-8a76-2b7897434a59	Než si nás nás někdo všiml, to byla taky chvíle, obsluha tam lítala jak hadr na holi	[('service general', 'negative', 'obsluha')]
dfe9ae68-345d-4125-ba48-aa1433cf76a1	všem doporučuji jídlo je bezva, obsluha fajň příjemná děvčata, byla jsem taky na živé hudbě, když jsme měli oslavu , byla to jízda......doporučuji	[('food quality', 'positive', 'jídlo'), ('service general', 'positive', 'obsluha'), ('restaurant general', 'positive', 'NULL')]
3e5e4227-2bfb-48bc-8e0d-7e60ccf4d5eb	Něco pro opravdové milovníky kávy. Lepší kavárnu ve Znojmě nenajdete. ;)	[('drinks quality', 'positive', 'kávy'), ('restaurant general', 'positive', 'kavárnu')]
4070aa8c-3f3d-4835-a6d9-83900e397edb	"Jídlo nám naúčtovali, ale my jsme se nedali! Restaurace je rozšířená, vetší, ale je tu jen jeden záchod, tzn, dlouhé fronty a poté šok - čistý záchod vypadá podle mně jinak!!! a na závěr perlička - na účtence jsme měli cituji ""voda z kohoutku"	[('ambience general', 'negative', 'záchod'), ('restaurant general', 'negative', 'NULL'), ('service general', 'negative', 'NULL')]
a72060b8-ac0f-4ab5-b290-906cc7b91ebc	Jídlo celkem šlo	[('food quality', 'neutral', 'Jídlo')]
ea87afd0-92ed-4b61-b7db-93e4c29679c9	Útulné, možnost sledování sportovních přenosů, milá obsluha	[('service general', 'positive', 'obsluha'), ('ambience general', 'positive', 'NULL')]
7c396ecb-a3c4-4cde-8416-97b4957117c3	Kulajda byla vynikající.	[('food quality', 'positive', 'Kulajda')]
88fa4aed-43dd-437b-ab4b-c02a14f1d9ca	Super ubytování, jídlo i personál.	[('restaurant miscellaneous', 'positive', 'ubytování'), ('food quality', 'positive', 'jídlo'), ('service general', 'positive', 'personál')]
7ff3cdbe-8c9f-43ef-bbaf-19dc89f8f949	já s přítelkyní jsme byli se vším ,velmi spokojeni	[('restaurant general', 'positive', 'NULL')]
919dac67-1b32-4c16-8e75-77135a8bb62e	Dobrá kuchyně,pivko prý také,neochutnal jsem,řídil jsem 👏👍😉	[('food quality', 'positive', 'kuchyně'), ('drinks quality', 'positive', 'pivko')]
2e0ea349-23d4-444c-938d-bdb8264ff549	Obsluha byla dobrá, akorát by neuškodilo, kdyby se slečna trochu více věnovala hostům a častěji se usmála. Ale i tak mohu všem doporučit, hlavně kvůli jídlu, opravdu jsme si s rodinou pochutnali a určitě restauraci zase navštívíme.	[('service general', 'positive', 'Obsluha'), ('service general', 'negative', 'slečna'), ('food quality', 'positive', 'jídlu'), ('restaurant general', 'positive', 'restauraci')]
ae8ea462-2d22-49fc-bcc8-cce6ee0a6677	Dalo by se přirovnat díky odklízení a dovážce nádobí k vývařovně či restauraci na nádraží, ale v honosných prostorách.	[('ambience general', 'positive', 'prostorách'), ('restaurant general', 'negative', 'NULL')]
ceb84e78-f03f-4e9a-8ea4-1fe8b7b76204	Jídlo fantazie, pití samozřejmě dražší, ale stojí to za to..	[('food quality', 'positive', 'Jídlo'), ('drinks prices', 'negative', 'pití'), ('drinks quality', 'positive', 'pití')]
7ddb045d-2c71-4d55-8c20-8ff7a769afcf	URČITĚ RÁDI PŘIJDEME ZAS	[('restaurant general', 'positive', 'NULL')]
edcee61c-14dd-41fe-8073-a42984e43c4d	Chutné jídlo za rozumné ceny.	[('food prices', 'neutral', 'jídlo'), ('food quality', 'neutral', 'jídlo')]
b68423bf-e013-412b-a9f2-208a15141186	Do tehle hospudky chodime pomerne pravidelne a radi, a kdyz odpustime pomalejsi obsluhu (pan majitel obsluhuje sam), nemame vyhrad	[('restaurant general', 'positive', 'hospudky'), ('service general', 'neutral', 'obsluhu'), ('service general', 'neutral', 'majitel')]
9d244945-efcc-41cf-8c95-13fcde7b45e1	Stavuju se zde při cyklovyjížďkách, je zde pěkná zahrádka s velkým plátnem kde se promítají sportovní utkání, široký výběr piv a rychlá obsluha.	[('ambience general', 'positive', 'zahrádka'), ('drinks style_options', 'positive', 'piv'), ('service general', 'positive', 'obsluha')]
67fdb400-33e9-4499-b749-388466db61da	Tatarák co jsem měl rozhodně nebyl ze svíčkové a kuřecí nohy byly podivně cítit, takže jsem je nejedl	[('food quality', 'negative', 'Tatarák'), ('food quality', 'negative', 'kuřecí nohy')]
1b0ba79d-d230-4120-9f92-4d27f7c96250	Mám hodně podobné zkušenosti jako MKS, možná i o trochu horší	[('restaurant general', 'negative', 'NULL')]
89fe310f-7012-4062-9eae-ebc3b2df58f2	Pokud hledáte rodinou restauraci s útulným prostředím kde se dá dobře najíst a za příznivé ceny dostanete slušnou porci jídla měli by jste se tomuto místu zdaleka vyhnout	[('restaurant general', 'negative', 'restauraci'), ('restaurant prices', 'negative', 'restauraci'), ('ambience general', 'negative', 'prostředím'), ('food style_options', 'negative', 'porci jídla'), ('food quality', 'negative', 'NULL')]
65023284-abaa-4bf0-92fb-c8a1135ec90d	Top v Malenovicích	[('restaurant general', 'positive', 'NULL')]
e2100a41-f845-47cb-beb9-2ce19cfd8439	Příjemné prostředí v centru Staroměstského náměstí, obsluha na profesionální úrovni a dobre jídlo. Pokud nemáte voucher ze Slevomatu, pod 500 Kč se za dva dezerty a dvě kávy nedostanete:-) location location location	[('ambience general', 'positive', 'prostředí'), ('service general', 'positive', 'obsluha'), ('food quality', 'positive', 'jídlo'), ('restaurant prices', 'negative', 'NULL')]
de1f12ad-ac32-411b-a04d-88c4b8d58464	JÍDLO MIZERNÉ, Z VÝČEPU JE VIDĚT DO KUCHYNĚ A TAM JE BORDEL ASI JAKO NĚKDE VE SKLEPĚ FUJ, PIVO TEPLÉ A OBSLUHA OPILÁ A SPÍNA ZA NEHTY TO JE OPRAVDU ÚROVEŇ, OMLOUVÁM SE ZA TOTO SLOVO ALE BLIL BYCH.	[('food quality', 'negative', 'JÍDLO'), ('ambience general', 'negative', 'KUCHYNĚ'), ('drinks quality', 'negative', 'PIVO'), ('service general', 'negative', 'OBSLUHA'), ('restaurant general', 'negative', 'NULL')]
bd8caf59-d086-42c0-8f71-ebae9c7f098c	Čekal jsem pěkný vysoký, křehký a šťavnatý steak, ale zážitek se změnil na boj s flákotou masa	[('food quality', 'negative', 'steak'), ('food quality', 'negative', 'masa')]
d3518f20-56d2-4b44-85fe-55f43813f996	Příjemné prostředí s venkovní zahrádkou. Rychlost obsluhy je bohužel limitovaná množstvím hostů. Pivo velmi dobré . Jídlo (těstoviny a tatarsky biftek - restaurace nevzbuzuje obavy ) zdařilé a velmi chutné.	[('ambience general', 'positive', 'prostředí'), ('ambience general', 'positive', 'zahrádkou'), ('drinks quality', 'positive', 'Pivo'), ('food quality', 'positive', 'Jídlo'), ('food quality', 'positive', 'těstoviny'), ('food quality', 'positive', 'tatarsky biftek')]
b086a443-037c-4166-a830-12261df2d098	Chodime sem na tatarak vzdy,kdyz je ve sleve (jiz 6*) a nikdy jsem si nevsimla zhorsene kvality nebo neochoty ze stany personalu kvuli tomu,ze jdeme prave na voucher. Tatarak vzdy perfektni. Uz mam dalsi dva vouchery.	[('service general', 'positive', 'personalu'), ('food quality', 'positive', 'Tatarak'), ('restaurant general', 'positive', 'NULL')]
64e988eb-a519-4d96-8784-604cd39c780e	dorazili jsme po osmé a restaurace poloprázdná, spíš prázdná!!!	[('restaurant miscellaneous', 'neutral', 'restaurace')]
76f9fad5-f63d-4483-93ac-871dbcf8e6fd	Příjemné prostředí a personál. Jídlo bylo vynikající. Pivo také !!!	[('ambience general', 'positive', 'prostředí'), ('service general', 'positive', 'personál'), ('food quality', 'positive', 'Jídlo'), ('drinks quality', 'positive', 'Pivo')]
689cfeef-0038-439b-80fa-243b2dda0c0f	Friťák obsluhovat umí	[('food quality', 'negative', 'NULL'), ('restaurant miscellaneous', 'negative', 'NULL')]
de07fe66-7862-4999-9ec5-6606eed26fbb	Vynikající, příjemné prostředí, vše čisté, jídlo chutné.	[('ambience general', 'positive', 'prostředí'), ('food quality', 'positive', 'jídlo'), ('restaurant general', 'positive', 'NULL')]
a27ee58f-6662-4157-b1bd-78f095456011	Poprvé jsme moc nadšeni neodcházeli, ale dnes jsme byli moc spokojeni a určitě přijdeme zas.	[('restaurant general', 'positive', 'NULL')]
a0b0af1e-f04e-4354-af60-69ec39951818	Co se týče couvertu, úplně s ním také nesouhlasím, párkrát se stalo, že nás u stolu sedí 5 a dostaneme košík se 4 odřezky veky, tak nevím, za co platí couvert ten pátý člověk, když už se ani nezeptají zaplatit musíte ať chcete nebo ne.	[('food prices', 'negative', 'NULL')]
01f8b13f-209c-4425-b2ae-c291feba287e	Moc pěkné, jen trochu zmatená obsluha.	[('service general', 'neutral', 'obsluha'), ('ambience general', 'neutral', 'NULL')]
2e4812c3-02d1-4295-9533-aaf4bab48f15	Nečekejte zázraky, ale určitě se tady slušně najíte a né za draho	[('food prices', 'positive', 'NULL'), ('food quality', 'positive', 'NULL')]
4705ead2-eb88-4abc-aa31-24201b0d9a05	Výborné zabijačkové hody i pivo	[('food quality', 'positive', 'zabijačkové hody'), ('drinks quality', 'positive', 'pivo')]
47c5c2bc-0952-4f4e-800c-5bd8b60a63ea	Pecka	[('restaurant general', 'positive', 'NULL')]
2bea7ff6-b3e9-4a10-ad28-1515e9f40810	Jedinečné místo	[('restaurant general', 'positive', 'NULL')]
fd19b579-4918-45ba-9b03-50588ed9f598	Tuto restaurace vřele doporučuji	[('restaurant general', 'positive', 'restaurace')]
a4c273f9-d2a4-47d7-94f0-106cc0176933	Obsluha vždy milá a vstřícná mým nemalým požadavkům	[('service general', 'positive', 'Obsluha')]
bbac1dbb-8d8b-460b-850a-db082aa3adce	Jídlo bylo velice chutné,teplé,na talíři upravené.Víno doporučené obsluhou lahodilo s chutí zvěřiny.Oceňujeme ochotu obsluhy,čistotu a příjemné prostředí.Pro nás to byl gastronomický zážitek,doporučujeme .	[('food quality', 'positive', 'Jídlo'), ('drinks quality', 'positive', 'Víno'), ('food quality', 'positive', 'zvěřiny'), ('service general', 'positive', 'obsluhy'), ('ambience general', 'positive', 'prostředí'), ('restaurant general', 'positive', 'NULL')]
9cbf8305-7046-4f6d-a6ff-b7bbecda4d13	Doufáme, že se nám neudělá špatně a už nikdy se v této hospůdce neukážeme	[('restaurant general', 'negative', 'hospůdce')]
b290db1c-f5c7-4fae-acd7-ae40ec19145e	Koupil jsem slevovy kupon a vysledkem bylo velke zklamani	[('restaurant general', 'negative', 'NULL')]
1967b2b4-697c-4dc1-92a7-576b130ae660	Hospůdku jsme si prošli,je to velké,nikde žádná špína,holky si zahrály fotbálek,jsou tam i šipky,fajn obsluha,záchody taky v pořádku	[('restaurant general', 'positive', 'Hospůdku'), ('service general', 'positive', 'obsluha'), ('ambience general', 'positive', 'záchody'), ('ambience general', 'positive', 'NULL')]
2f5c78d2-0f73-4b04-945a-599f809ac0c7	Velmi oblíbené místo na kulinářské mapě Prahy. V době oběda doporučuji provést rezervaci, protože tam může být spousta lidí a bez ní není šance na stůl. Jídlo velmi dobré a za rozumnou cenu. Určitě stojí za to se sem podívat a vyzkoušet opravdu dobrou českou kuchyni.	[('food prices', 'positive', 'Jídlo'), ('food quality', 'positive', 'Jídlo'), ('food quality', 'positive', 'českou kuchyni')]
874d7aa0-272e-49eb-9f22-3446397abdd7	Chodím na obědy po hospodách už více než 16 let a nikde jsem tak dobře nenajedl jako tady	[('food quality', 'positive', 'NULL')]
ff92ec1a-de52-4010-b65f-725a609f4722	Příjemné prostředí, velký výběr čajů, dobrá vodnice	[('ambience general', 'positive', 'prostředí'), ('drinks style_options', 'positive', 'čajů')]
42892e10-d051-49cc-abb3-f2af61e739a1	Chtělo by to opravit vzduchotechniku, ale Plzeň za 1s*	[('ambience general', 'negative', 'vzduchotechniku'), ('drinks quality', 'positive', 'Plzeň')]
5be304c3-f574-48e5-90ae-39fc602a19a0	Vyborna restaurace, kdyz clovek ma chut na vice veci, ovoce, zelenina, sushi, cinske jidlo, najde si tu cokoliv za super cenu. Můžu jedine doporučit :)	[('restaurant general', 'positive', 'restaurace'), ('food quality', 'positive', 'ovoce'), ('food quality', 'positive', 'zelenina'), ('food quality', 'positive', 'sushi'), ('food quality', 'positive', 'cinske jidlo'), ('restaurant prices', 'positive', 'NULL')]
a3388368-02cd-41b9-b749-c33c6c506aac	Ale někdy k nim zajdu na vegetariánské dobroty	[('food quality', 'positive', 'vegetariánské dobroty')]
bce9d01c-a6b0-4eae-af55-dbbafd1f32ba	Parádní restaurace. Doporučuji návštěvu obzvláště v letních měsících, kdy je otevřená vnitřní zahrádka. Ceny jsou nízké, kapacita ohromná a kuchaři opravdu umí vařit.	[('restaurant general', 'positive', 'restaurace'), ('ambience general', 'positive', 'zahrádka'), ('service general', 'positive', 'kuchaři'), ('food quality', 'positive', 'NULL'), ('restaurant prices', 'positive', 'NULL')]
8f6b0607-3bd2-4a6f-a736-e65a7d271349	Nová krev? haha hlavně, že po dvou měsících končí a nabízejí restauraci k pronájmu	[('restaurant miscellaneous', 'negative', 'restauraci')]
0e28abd4-e937-4ac0-a8f2-5f3ffc1a0026	Pěkné místo, dobré služby, vřele doporučuji kachní stehno;)	[('restaurant general', 'positive', 'místo'), ('service general', 'positive', 'služby'), ('food quality', 'positive', 'kachní stehno')]
53bc8c7e-108e-4beb-98b5-a283fbcf4004	Výborná thajská kuchyně, jako její milovník oceňuji sněz co sníš, na které si prostě musím zajet alespoň jednou do měsíce, ikdyž to mám 100km daleko.	[('food quality', 'positive', 'thajská kuchyně'), ('food style_options', 'positive', 'sněz co sníš')]
99f9ecaf-e3a2-4792-94d0-bfb442a5270d	Servírka nám odmítala donést čisté talíře-pro ně jsme si do kuchyně museli dojít sami	[('service general', 'negative', 'Servírka'), ('ambience general', 'negative', 'talíře')]
fca32f20-f975-46bf-99a3-62c04ec7ff1a	Tato restaurace mě strašně moc zklamala a o gastronomickém zážitku se VŮBEC nedá mluvit	[('restaurant general', 'negative', 'restaurace'), ('food quality', 'negative', 'NULL')]
4d8f5721-7371-406a-a8e4-14599f78d060	🍺🍺🍺 👌	[('drinks quality', 'positive', '🍺🍺🍺')]
7b9a7d7c-e97a-4680-b06c-1cf780027744	Obyčejný hotel pod Lysou horou. Ideální pro rodiny s dětmi. Jídlo standardní a za slušnou cenu. Cena ubytování také není závratná. Pokud chcete více luxusu, tak zkuste jinde :-)	[('food prices', 'neutral', 'Jídlo'), ('food quality', 'neutral', 'Jídlo'), ('ambience general', 'neutral', 'NULL'), ('restaurant prices', 'neutral', 'NULL')]
9c62573b-ed3c-4413-8b1e-b788c0661065	" Na hodnocení této malé,krásné hospůdky je málo místa.Je prostě super.Hlavně když máme vymyšlené různé akce, tak by potřebovala přifouknou.Sjíždí se do ní velké množství lidí z celého okolí.Naše Lenka s kolegou Milanem obnovili ""Shazování parohů"" pod názvem ""Žďárecké parohy"".Také jsme dělali pro naše místní dětičky ""Dětský den"" a mnoho a mnoho jiných akcí. Prostě tato hospůdka jenom kvete.Kdo mi nevěří, tak ať se přijede podívat. Zdraví Vás Dana Vondrušková  "	[('restaurant general', 'positive', 'hospůdky')]
8a562e16-04ba-466a-92dc-bb391a5667cd	Jídelak šel hodn? dolů nabídka jídel je dost omezená	[('food style_options', 'negative', 'Jídelak')]
a9452d86-b582-4f65-910b-77a36fdb346f	Ani jsme proto nedojedli, nechteli jsme riskovat zaludecni potize	[('food quality', 'negative', 'NULL')]
d745c525-6764-42c6-886d-57b9018d3052	Považuji za drzost, že mi něco takového za ty peníze donesli	[('restaurant miscellaneous', 'negative', 'NULL'), ('restaurant prices', 'negative', 'NULL')]
56cc16a7-fa4c-4f73-b672-55a43a882790	A najednou u Alberta slyším halekání - pan vedoucí za mnou běžel s mou peněženkou kde jsem měla celou výplatu a všechny doklady !!! To se hned tak nevidí. Děkuji !	[('service general', 'positive', 'vedoucí')]
38b2ce9b-23e4-4b42-ba74-40e3f5109725	Velmi dobrá pizza, výborné palačinky s Nutellou. Příjemná atmosféra. Velmi příjemná služba.	[('food quality', 'positive', 'pizza'), ('food quality', 'positive', 'palačinky s Nutellou'), ('ambience general', 'positive', 'atmosféra'), ('service general', 'positive', 'služba')]
1e8c36e2-7933-4778-85f2-25df569deaa5	Tato restaurace mě nadchla jak svým interiérem tak i svým menu	[('restaurant general', 'positive', 'restaurace'), ('ambience general', 'positive', 'interiérem'), ('food quality', 'positive', 'menu')]
c2cb9ef5-9267-485a-9b70-cb018a63d88e	Super!	[('restaurant general', 'positive', 'NULL')]
ca24fdf0-d89b-4e5c-b722-d18ffc41f23e	Neminete-li vstup do sklepení, čeká vás příjemná obsluha a výborná vege jídla.	[('food quality', 'positive', 'vege jídla'), ('service general', 'positive', 'obsluha')]
39f64f6d-9639-48a6-b009-6d15129d23e3	Skvělé jídlo a obsluha.	[('food quality', 'positive', 'jídlo'), ('service general', 'positive', 'obsluha')]
4de20e89-5b8f-492c-a156-ab77d50e21e1	Čím dál tím lepší, včetně dětského koutku - supr !!!	[('ambience general', 'positive', 'dětského koutku'), ('restaurant general', 'positive', 'NULL')]
79e17097-24c8-4aa5-b9a9-b402a131faab	Výborně tu vaří, příjemná obsluha. Doporučuji všem, co by sem chtěli na oběd.	[('service general', 'positive', 'obsluha'), ('food quality', 'positive', 'NULL')]
c1feab9f-51a3-4141-9a69-e6f1d5a1da58	Byli jsme velmi zklamáni :-(	[('restaurant general', 'negative', 'NULL')]
88032cef-4b5b-40f0-835b-258b2abdbfac	Řikal jsem si, že za tu cenu nemůžu prohloupit	[('restaurant prices', 'positive', 'NULL')]
fdd7827e-5aa8-4cdf-971b-2bdabfc61878	Pro představu a inspiraci pro čtenáře bych rád uvedl restauraci, která se snaží inspirovat Pohlreichem - Restaurace u Dudáka ve Strakonicích jsme častými hosty a zatím jsme neměli nikdy závažný problém s tím, co obdržíme na talíři (dobré jídlo, zajímavé kombinace, vždy nějaká časově omezená specialita, standardní porce) to vše za adekvátní peníze vůči místu, prostředí a kvalitě jídla	[('restaurant general', 'positive', 'Restaurace u Dudáka'), ('restaurant prices', 'positive', 'Restaurace u Dudáka'), ('food quality', 'positive', 'jídlo'), ('food style_options', 'positive', 'kombinace'), ('food quality', 'positive', 'specialita'), ('food style_options', 'neutral', 'porce'), ('location general', 'positive', 'místu'), ('ambience general', 'neutral', 'prostředí')]
05797b03-c73c-425c-96f8-0ab4ff5fce31	Změnilo mě to ze 45 na 40 kc, když jim je 35 Američanů ... Buďte velmi opatrní, „Nebojte se podvodníka“	[('restaurant prices', 'negative', 'NULL')]
76a51de1-a2f7-47ea-9344-c5c6ad28f9bb	Za ty peníze to byla normální ostuda.	[('restaurant prices', 'negative', 'NULL')]
b3dc9c51-e795-45df-a5db-d0457720ece1	pro mě bylo naprosto vše super	[('restaurant general', 'positive', 'NULL')]
5552ddfd-7950-46b6-aa4c-249146cd54e3	Restaurace hezká, se vším co tyto restaurace v centru nabizeji. Náš večer opravdu zpříjemnily dvě dnes pracující servírky Míla a Lucka. Vám patří dík a máte u nás panáka. Co by bez Vás dnešní večer byl? Na konci jste byly nejlepší. Ten pán s mikinou Underside. Tak příště (;	[('restaurant general', 'positive', 'restaurace'), ('service general', 'positive', 'servírky')]
5a82c109-778f-49c0-a493-27c9c2269b34	Jídlo U Štěpána je gurmánský orgasmus a jen ten kdo nemá chuť, sní cokoliv může říct že tam nevaří dobře a ať se vrátí zpět ke svým hotovkám z pětky a nekritizuje něco o čem nemá ani tušení	[('food quality', 'positive', 'Jídlo'), ('restaurant general', 'positive', 'U Štěpána')]
24667843-180b-4274-8e59-55ed66162882	Výborné rýžové nudle a milá obsluha!! Připomínka: nelíbí se nám platba předem, ale už jsme si zvykli...:).	[('food quality', 'positive', 'rýžové nudle'), ('service general', 'positive', 'obsluha'), ('restaurant miscellaneous', 'negative', 'NULL')]
0023d5df-b805-4e0e-aded-0f7346bd1f20	Ja byl v této restauraci včera a tak zklamaný z jídla jsem teda ještě nikdy nebyl	[('restaurant general', 'negative', 'restauraci'), ('food quality', 'negative', 'jídla')]
43b0252c-a91c-4d02-8353-5fb4b4f0b7b9	Velmi rychlá a milá obsluha, manažer mluví velmi dobře německy, byl to skvělý večer :-)	[('service general', 'positive', 'obsluha'), ('service general', 'positive', 'manažer'), ('restaurant general', 'positive', 'NULL')]
fa4784bb-20e2-4993-90a8-fc312cb22529	MUDr. Škanty,konečně to tady někdo napsal a jen mě to potvrdilo už dál do této restaurace nechodit	[('restaurant general', 'negative', 'restaurace')]
5f468340-6584-4148-bfff-24ea33f0ff5c	Takže naše hodnocení je tak napůl, jídlo ucházející, obsluha dost špatná, najedli jsme se dobře, ale už se asi nevrátíme	[('food quality', 'positive', 'jídlo'), ('service general', 'negative', 'obsluha'), ('food quality', 'positive', 'najedli')]
b963269f-f404-4a9e-912d-ed4f04f32317	Problém vidím spíše v odporných záchodech, které mi připomněly Ukrajinu, celé prostředí působí zasmušile a necítil jsem se tam po této stránce moc dobře	[('ambience general', 'negative', 'záchodech'), ('ambience general', 'negative', 'prostředí')]
7c30f001-da7d-42ae-9d94-8d6fcb1685eb	Nedoporučuji	[('restaurant general', 'negative', 'NULL')]
03f3c9a4-a6d7-4721-89e3-e43ab7777851	Pochutnal jsem si za rozumnou cenu.	[('food prices', 'positive', 'NULL'), ('food quality', 'positive', 'NULL')]
3d9ed018-28ca-43aa-8b41-9d2906f6a786	Hrozná obsluha,po objednání se nás vrchní  zeptal naštvaně (to je všechno?) na fotce vidíte přílohu ks za 20 ,- Kč . Jezdíme do Krumlova často . Výhled je sice nádherný,ale ten gurmánský zážitek je strašný a nestojí za to .	[('service general', 'negative', 'obsluha'), ('service general', 'negative', 'vrchní'), ('location general', 'negative', 'Výhled'), ('food prices', 'negative', 'NULL'), ('food quality', 'negative', 'NULL')]
adf1ad65-70e6-4c78-9c1c-99f64861e016	Pěkná stylová restaurace, jídlo výborné, obsluha velice ochotná.	[('ambience general', 'positive', 'restaurace'), ('food quality', 'positive', 'jídlo'), ('service general', 'positive', 'obsluha')]
3fcd5ea6-70ef-41df-a9ef-34863d3596ac	Strasne!!! Spina a smrad vsude! Jidlo hnusne.	[('food quality', 'negative', 'Jidlo'), ('ambience general', 'negative', 'NULL'), ('restaurant general', 'negative', 'NULL')]
7c5be70f-ef27-4979-8a70-e5790524ed10	Španělské červené, tuším rioja, El Asador ke steaku bylo výborné.	[('drinks quality', 'positive', 'Španělské červené')]
ea28145b-c25d-43a3-97a3-51f426a6de88	tady je asi nekdo slepy nikdy tam zadne sexy kocky nepracovali jen tucne prasata ocividne se ti takove zenske liby a co se tyce celkove te restaurace lidi NEBLAZNETE A NECHODTE TAM pivo teple popelniky plne servirky nezajem tak si radeji rozmyslete nez tam pujdete	[('restaurant general', 'negative', 'restaurace'), ('drinks quality', 'negative', 'pivo'), ('service general', 'negative', 'servirky')]
2640f5d6-c241-4a0b-8d88-d1460c8ed052	Majitel nam do teto doby dluzi penize za reklamovane vouchery, nehodla a s nami vubec komunikovat, jiz jsme kontaktovali COI	[('service general', 'negative', 'Majitel'), ('restaurant miscellaneous', 'negative', 'NULL')]
019feca5-4e7d-4eec-a53f-60394932bb79	Doporučuji tuto restauraci určitě navštívit!	[('restaurant general', 'positive', 'restauraci')]
42cd6dac-771c-438e-94e3-39fd994db50e	Pěkné, čisté ubytování s výbornou kuchyní a to vše v krásné hornaté krajině	[('ambience general', 'positive', 'ubytování'), ('food quality', 'positive', 'kuchyní'), ('location general', 'positive', 'hornaté krajině')]
51ea7e53-b978-48a6-a33d-76ffdb0029f7	Chlebicky, dorty a zakusky vyborne!	[('food quality', 'positive', 'Chlebicky'), ('food quality', 'positive', 'dorty'), ('food quality', 'positive', 'zakusky')]
6faf89f9-240e-4942-a41a-80247f05f585	Vše naprosto super. Rádi se vracíme a vracet budeme.	[('restaurant general', 'positive', 'NULL')]
45f92236-dd41-4df3-954a-04d9f423f251	Až na to pivo, super 👍	[('drinks quality', 'negative', 'pivo'), ('restaurant general', 'positive', 'NULL')]
0779dc2e-f4b6-432c-aacb-7c42705a4f41	Toto je ráj pro maniaky whisky. Pokud jste znalec whisky, zeptejte se Dmitrije a budete mít nejlepší drama ve svém životě) Pokud ne - mají vynikající koktejly a příjemnou atmosféru!	[('drinks quality', 'positive', 'whisky'), ('drinks quality', 'positive', 'koktejly'), ('ambience general', 'positive', 'atmosféru')]
f8af5a3c-dbfe-45bd-9060-1df32cafc39d	Příjďte se podívat budete Spokojeni	[('restaurant general', 'positive', 'NULL')]
b693458c-2793-40c0-8f69-aa153eac42d6	a když pominu to nejlevnejsi nacini k hodovani z IKEA a vůbec všechno z ikea tak se zacinam tesit na dobře jidlo	[('ambience general', 'negative', 'nacini'), ('food quality', 'positive', 'jidlo')]
e50caf06-65a0-4e66-99b6-24bfe211b065	Jedna z mála kaváren na náměstí, kde berou karty. Milá obsluha, pěkné prostředí, jediné, co mě zklamalo byla domácí rakytníková limonáda. Za ty peníze to nestálo. Byla jak perlivá voda obarvená trochou sirupu.	[('service general', 'positive', 'obsluha'), ('ambience general', 'positive', 'prostředí'), ('drinks prices', 'negative', 'domácí rakytníková limonáda'), ('drinks quality', 'negative', 'domácí rakytníková limonáda')]
6c888c19-0e86-4e86-b9e4-9d678acd8aff	Perfektní hamburgery.	[('food quality', 'positive', 'hamburgery')]
d28bdf77-7b10-4e2f-b90c-0cdded7c1ff3	Jako předkrm jsme si dali tatarák z lososa, jako další jídlo si dala přítelkyně kuřecí steak zapečený se třemi druhy sýra, já jsem si dal ramstek z argentinské roštěné s houbovou omáčkou a musím uznat, že kvalita jídla a perfektní chuť nám dala dobrou náladu pro náš romantický večer.	[('food quality', 'neutral', 'tatarák z lososa'), ('food quality', 'neutral', 'kuřecí steak zapečený se třemi druhy sýra'), ('food quality', 'neutral', 'ramstek z argentinské roštěné s houbovou omáčkou'), ('food quality', 'positive', 'jídla')]
3f5d3e5b-e9a3-4910-b598-fe761575168e	Je fakt, že dávat 230kč za hamburgera (i když obrovského) mi přijde hodně, ale z meny se dá vybrat i za přijatelnější cenu	[('food prices', 'negative', 'hamburgera'), ('food style_options', 'positive', 'hamburgera'), ('food style_options', 'neutral', 'meny')]
71080314-dfb8-4f97-9175-8953e5a9969e	Čekaly jsme alespoň lepší průměr, ale nic moc.	[('restaurant general', 'negative', 'NULL')]
1adcc954-9ae8-410c-9337-ece0ec3a3351	Skvele misto pro bowling a dobre jidlo.Vynikajici  cerstve bramburky.Skvele hamburgery ,hlavne ten s trhanym  hovezim.Muzu jedine doporucit.	[('food quality', 'positive', 'jidlo'), ('food quality', 'positive', 'bramburky'), ('food quality', 'positive', 'hamburgery'), ('food quality', 'positive', 'trhanym  hovezim'), ('restaurant general', 'positive', 'NULL')]
4e9da977-e6b6-4f7c-97de-bf1d8ca1574d	Jídla zajímavě postavená	[('food style_options', 'positive', 'Jídla')]
930d60b9-fdea-4dc3-8905-6275dc33465c	A při tom personál se vším jen bavil	[('service general', 'negative', 'personál')]
5dc94743-37f7-49b5-8517-55e890a49464	Překvapivě jsem očekával horší a dostal jsem mnohem lepší!	[('restaurant miscellaneous', 'positive', 'NULL')]
3cab057d-3d08-44cd-8e6e-85b805556c8a	NEDOPORUČUJI	[('restaurant general', 'negative', 'NULL')]
daebeb47-a4af-466f-99ab-6041500007db	Jako předkrm dobrá paštika	[('food quality', 'positive', 'předkrm'), ('food quality', 'positive', 'paštika')]
bfcd4520-6769-4144-9c6d-a4c7598d6ff0	Rýže byla tvrdá jak kámen,Prostě nechutné,nic z toho se nedalo pozřít!!	[('food quality', 'negative', 'Rýže')]
5e660b62-d75e-430b-8ee5-eeff26a84249	Jídlo, vždy spokojenost.	[('food quality', 'positive', 'Jídlo')]
f4877e87-4f4b-4a4f-b1ac-7d90e8ee4977	Nápojový lístek jsme nedostali vůbec, na internetu jsem pak našel, že 1dcl vína stojí 18 Kč, ale naúčtováno bylo 24 Kč za 1dcl.	[('drinks style_options', 'neutral', 'Nápojový lístek'), ('drinks prices', 'neutral', 'vína'), ('service general', 'negative', 'NULL')]
97549fbc-2a39-4f0f-bad0-915082221ae1	prijemne prostredi a obsluha, spise palive pokrmy.	[('ambience general', 'positive', 'prostredi'), ('service general', 'positive', 'obsluha'), ('food style_options', 'neutral', 'pokrmy')]
6e8d0c31-12c7-4e0d-ab09-be262d43cd1e	Jídlo včetně podávání opravdu nevšedním a neuvěřitelným zážitkem. Mně úplně nevyhovuje takto dlouhé podávání jídla, jednou jsme mezi chody měli pauzu téměř hodinu, což už mi přišlo opravdu dlouhé. Jinak ale obrovský shout-out obsluze, ta předváděla neskutečnou jízdu (bylo nás 12 + dítě).	[('food quality', 'positive', 'Jídlo'), ('service general', 'positive', 'obsluze'), ('restaurant general', 'positive', 'NULL')]
9c5e7878-bc7e-45ad-8d51-f830dcc6b176	Číšníci tam byli 2, jeden celekem v pohodě a druhej vypadal jak sfetovanej...	[('service general', 'neutral', 'Číšníci')]
1f59e9bf-d030-4323-943d-766f9b248047	No prostě hrozný, musel sem se nasrat, protože nám zkazili celý víkend	[('restaurant general', 'negative', 'NULL')]
232fee29-b44b-4779-b160-d48492c7b851	Každopádně tuto slavnou restauraci neohodnotím kladně	[('restaurant general', 'negative', 'restauraci')]
64ed795b-dd88-46fb-a87c-a2acbf72d741	diky moc jidlo nema chybu!!!!	[('food quality', 'positive', 'jidlo')]
1e2f2d17-e145-430d-acdb-4335c5a170f4	Hlavně ve sředu zabijačka,vždy kupuji ppro mou manželku i domu je to super restaurace ,DOPORUČUJI VŠEM JE TO TADY VŽDY SUPER A HLAVNĚ SE CITITE JAKO V DOMACIM PROSTŘEDI,nejsou tady namyšlení jako jinde	[('food quality', 'positive', 'zabijačka'), ('restaurant general', 'positive', 'restaurace'), ('ambience general', 'positive', 'PROSTŘEDI'), ('restaurant general', 'positive', 'NULL'), ('service general', 'positive', 'NULL')]
bea7d71f-0e4c-4dca-811e-52a85b2c6ead	Pochutnali jsme si a byli jsme nadmíru spokojeni.	[('food quality', 'positive', 'NULL'), ('restaurant general', 'positive', 'NULL')]
817c3021-89cd-4886-a1e2-0bab96b19ab2	Na cestě z cyklovýletu jsme náhle zahlédli tuto oázu,kde zaparkujete, přivítá vás ochotná obsluha a jako bonus výborné jídlo, jako od babičky. Úžasný. Děkujeme.	[('service general', 'positive', 'obsluha'), ('food quality', 'positive', 'jídlo'), ('restaurant general', 'positive', 'NULL')]
00711704-1633-455b-b5a0-d77dd71ef8e0	Se psem bych to radši ani nezkoušela	[('restaurant miscellaneous', 'negative', 'NULL')]
76b49521-f9d4-4d46-97d9-405a1d9632c6	Děkuji,ale příště už nemusím	[('restaurant general', 'negative', 'NULL')]
171469eb-8c53-49d9-8655-e06001552157	Do restaurace si s manželem rádi zajdeme na výborné jídlo, mají zde skvělé ryby, o lahodných dezertech ani nemluvím. Mají zde také dobrý výběr vín. Pracuje zde skvělá obsluha.	[('food quality', 'positive', 'jídlo'), ('food quality', 'positive', 'ryby'), ('food quality', 'positive', 'dezertech'), ('drinks style_options', 'positive', 'vín'), ('service general', 'positive', 'obsluha')]
d2d571e6-980d-449a-b3d3-f4adf57f334d	nyní nehoráznost - v šumavské vísce si hrají na Imperial, a to jak cenou, tak i porcemi	[('restaurant prices', 'negative', 'Imperial'), ('food style_options', 'negative', 'porcemi')]
c9e1b7ce-de73-4f37-a158-4102c1010058	TUTO HOSPODU ROZHODNĚ NEDOPORUČUJI!!!!!!!!!!!!!!!!!!!!!!!!!!!!!!!!!!!!!!!!!!!!!!!!!!!!!!!	[('restaurant general', 'negative', 'HOSPODU')]
c2440339-3028-4124-b0c6-2da3c41f7329	Pěkná restaurace a hospůdka	[('restaurant general', 'positive', 'restaurace'), ('restaurant general', 'positive', 'hospůdka')]
f00c3005-9f01-49b0-a889-7e0d52dc9043	Proto radím lidem aby se radši Vojeticím vyhli velkým obloukem, opravdu to za to nestojí	[('restaurant general', 'negative', 'NULL')]
ae0da249-71c4-4742-8f74-5448dfbc62d8	Fajn hospůdka z tex-mex kuchyní a širokým výběrem piv.	[('restaurant general', 'positive', 'hospůdka'), ('drinks style_options', 'positive', 'piv')]
cc02d7a1-0c8e-43cb-a732-b8a9a6e5419f	číšník usadil nás ke stolu a začal konzert přinesl jídelní a nápojový lístek	[('service general', 'neutral', 'číšník')]
f45f95da-1380-4816-9164-89755e735a1c	Když jsem číšníka (jestli se ten blonďák dá tak nazvat) poprosila, aby mi řekl, jaké mají bergery a s čim jsou, něco si napsal a bezeslova odešel a o něco později mi prostě nějaký burger donesl..	[('service general', 'negative', 'číšníka')]
5199df45-4d02-45fe-8239-2ac5fa937af0	Připravte se že si pockate na všechno...není to tím že by bylo moc hostů , je to laxnosti obsluhy...jídlo nebylo ani nabídnuto těžký nezajem	[('service general', 'negative', 'obsluhy')]
2dbd6d73-26a2-4e80-afce-05fd5dccdee4	Návštěva této restaurace mile překvapila, nádherné prostory, chutné jídlo a také oceňuji dětský koutek.	[('restaurant general', 'positive', 'restaurace'), ('ambience general', 'positive', 'prostory'), ('food quality', 'positive', 'jídlo'), ('ambience general', 'positive', 'dětský koutek')]
e3ca6fed-0d29-4780-b89b-634e5788700a	Velmi pěkné místo, útulné a stylové. Cítím se jako nový. Několikrát jsme míjeli, ale nejprve jsme se tam měli zastavit. Nezkoušel nic než hamburgery a chvění, ale oba jsou prostě brilantní. A personál je velmi milý a usměvavý. Určitě přijde velmi brzy znovu.	[('restaurant general', 'positive', 'místo'), ('food quality', 'positive', 'hamburgery'), ('service general', 'positive', 'personál'), ('ambience general', 'positive', 'NULL')]
a5d2d71b-d798-43ea-bd01-ac07b667cf71	V tento den tam bylo večer 6 lidí na obsluhu a restaurace nebyla plná + kuchaři	[('service general', 'neutral', 'obsluhu'), ('restaurant general', 'neutral', 'restaurace'), ('service general', 'neutral', 'kuchaři')]
d9815bc6-0f81-4f22-802c-bbd2676a23d7	Byli jsme zde v rychlosti na obědě. Z ve či to moc nevypadá, ale skvělá obsluha, naprosto vynikající jídlo. Dobře ceny, uvnitř posezení na zahrádce (mezi zdmi, takže vhodné pro děti) a uvnitř malá herna, takže super. Ceny super 👌🏻	[('service general', 'positive', 'obsluha'), ('food quality', 'positive', 'jídlo'), ('ambience general', 'positive', 'zahrádce'), ('ambience general', 'positive', 'NULL'), ('restaurant general', 'positive', 'NULL'), ('restaurant prices', 'positive', 'NULL')]
8c8b1a92-9c16-4c7e-bdc1-1e979069aa28	Chodím sem ráda je to příjemné místo. Bohužel dnes jsem trochu zklamaná Masala měla do Masali daleko. Toust jsem dostala studený dříve chutnal lépe.	[('restaurant general', 'positive', 'místo'), ('food quality', 'negative', 'Masala'), ('food quality', 'negative', 'Toust')]
b78caa60-9397-4b89-98b4-d4027b2ba468	Jídlo luxusní	[('food quality', 'positive', 'Jídlo')]
9f4c086b-9899-4649-81d6-dc96f7d9d2d5	Asi jsem se měl před návštěvou této restaurace podívat na hodnocení	[('restaurant general', 'negative', 'restaurace')]
80b4c04c-a0fb-4b5f-957c-863da11f6334	Vytrpěli jsme pivo - bylo teplé a skoro nepitelné (přišli jsme se začátkem otevírací doby v 17,00 a to bylo ještě asi v trubkách)	[('drinks quality', 'negative', 'pivo')]
b9d62f4a-984a-4a9e-89bf-89cbd4dad5ab	Velmi přátelská atmosféra.	[('ambience general', 'positive', 'atmosféra')]
4a27f0dc-fd7a-4fe3-be2c-a9638b864f8c	Chutné jídlo s 5hvězdičkovým hummusem.	[('food quality', 'positive', 'jídlo'), ('food quality', 'positive', 'hummusem')]
70c1168f-e379-4dda-82f7-0a05c842e5cd	Naprosto skvěle vaří , příjemná obsluha..	[('service general', 'positive', 'obsluha'), ('food quality', 'positive', 'NULL')]
b7372575-38b8-4c48-a280-97d56afa816b	Kdykoliv přijedem je tady plno a neslyšela jsem že by lidi nadávali	[('restaurant general', 'positive', 'NULL')]
8fef158b-d26b-4258-82ee-bf6d0672aed5	Personal je sice ochotny,ale je ho tam snad více než hostů	[('service general', 'neutral', 'Personal')]
abceaf8a-14d7-4db8-8dd6-90b7c6545f3b	DOPORUČUJI PŘIJĎTE TAM A OPRAVDU UVIDITE DOMACI PROSTŘEDI	[('ambience general', 'positive', 'PROSTŘEDI'), ('restaurant general', 'positive', 'NULL')]
df2260bc-b6ba-46a9-a239-4eeda2e8c3ef	Přímo příšerně příšerná obsluha, hlavně starší pán, zřejmě majitel.	[('service general', 'negative', 'obsluha'), ('service general', 'negative', 'pán'), ('service general', 'negative', 'majitel')]
29187d85-0d01-458e-bc3a-12b14bab2036	Dobré místo na oběd. Venkovní sezení. Přijatelné ceny. Příjemná obsluha. K obědu servirují vodu zdarma.	[('restaurant general', 'positive', 'místo'), ('ambience general', 'positive', 'sezení'), ('service general', 'positive', 'obsluha'), ('drinks prices', 'positive', 'vodu'), ('restaurant prices', 'positive', 'NULL')]
b021a766-b980-4365-8599-21b08fd56160	Je vidět, že si tu hostů váží, příjemná obsluha, skvělé domácí knedlíky.	[('service general', 'positive', 'obsluha'), ('food quality', 'positive', 'domácí knedlíky'), ('restaurant general', 'positive', 'NULL')]
0a9169c5-525e-4c4e-8714-d34065234274	Pěkná hospudka v centru.	[('restaurant general', 'positive', 'hospudka')]
71cb4ab7-21ce-4dd2-b309-e6a4e8074542	Skvělé jídlo, milá obsluha, vždy vřelé přivítání a příjemné prostředí. Chutná nám vždy a ceny na centrum bezvadné.	[('food quality', 'positive', 'jídlo'), ('service general', 'positive', 'obsluha'), ('ambience general', 'positive', 'prostředí'), ('restaurant general', 'positive', 'NULL'), ('restaurant prices', 'positive', 'NULL')]
6df02650-27d0-46fa-aac3-a34ddf9b472f	"Byli jsme zde na konci června. Při vstupu jsme si normálně sedli na místo kam jsme chtěli a nemuseli jsme čekat, až nás obsluha usadí. Na zahradě jsme dlouho neseděli, protože zde byla zima, tak jsme si sedli dovnitř, kde je zajímavý a originální interiér. Pivo je zde dobré, jídlo mi vcelku také chutnalo, ale také to mohlo být dáno tím, že jsem měl velký hlad. Myslím si, že by ale jídelnímu lístku pomohl větší výběr klasických ""českých hotovek"" a ne pouhé zařazování jídel, co si hrají na něco extra, navíc ve vyšší cenové relaci. Za podobnou cenu jsem dostal v jiných podnicích i lepší jídlo, proto ty hvězdy dolů."	[('ambience general', 'positive', 'interiér'), ('drinks quality', 'positive', 'Pivo'), ('food quality', 'neutral', 'jídlo'), ('food style_options', 'positive', 'jídelnímu lístku'), ('food prices', 'negative', 'NULL')]
26f98cac-0047-4f1e-9b11-bdb0794be195	Moc děkujeme a určitě přijdeme zase	[('restaurant general', 'positive', 'NULL')]
4e9803ff-6cc0-424a-bff4-140d38ac5e95	Hospůdka praskala ve švech, pravda, obsluha je trochu pomalejší, ale ten, kdo má rád příjemné posezení v malé útulné hospůdce, si určitě přijde na své	[('restaurant general', 'positive', 'Hospůdka'), ('service general', 'negative', 'obsluha'), ('ambience general', 'positive', 'posezení'), ('ambience general', 'positive', 'hospůdce'), ('restaurant general', 'positive', 'hospůdce')]
7d543feb-edec-4f6e-86f3-b2ce0a4ca428	Jídlo absolutní katastrofa a servis se neumí chovat	[('food quality', 'negative', 'Jídlo'), ('service general', 'negative', 'servis')]
7c8c3e8a-1ddb-4400-9d5c-0df51407a136	ble! Chléb starý,obeschlý	[('food quality', 'negative', 'Chléb')]
27e89d7d-03c2-42c1-9eae-79d160753af2	Co se bufetu pro turisty týká, hodnotím kladně. Příjemná obsluha, opečený klobásek se zde upečenými čerstvými rohlíky a dobrá čočková polévka. V rohu dřímající Bohouš 🙂. Jediný puntík přípíši prodeji suvenýrů. Byť jsem měl kliku a ochotnou recepční jsem našel, tak hodně ostatních turistů mělo smůlu. Od 15 h je dost pozdě. Mít jich pár u pokladny?	[('service general', 'positive', 'obsluha'), ('food quality', 'positive', 'klobásek'), ('food quality', 'positive', 'rohlíky'), ('food quality', 'positive', 'čočková polévka'), ('service general', 'positive', 'recepční')]
334da4a0-a8dd-421d-8bf2-0b6baa1a28ab	Výborná kuchyně	[('food quality', 'positive', 'kuchyně')]
8b7c86e8-8b67-40ff-b329-631b4115bfbc	Rok poté ... stále jedno z nejlepších míst k vyzkoušení místní kuchyně	[('food quality', 'positive', 'místní kuchyně'), ('restaurant general', 'positive', 'NULL')]
527586ce-670f-4b97-97c3-0e693d449867	Ke Štěpánovi již minimálně dva roky nechodíme	[('restaurant general', 'negative', 'Štěpánovi')]
31d6d269-70b1-4a12-89a5-06c0c0acf2cd	"Tak vám teda nevím, ale měli jsme tatarák s mini topinkama a pečené koleno , kde se nedala"" vypečená"" kůžička na kolínku ukrojit a maso na něm bylo tak vypečené , že se snad muselo ohřívat několikrát a k tomu ještě na výběr 2 piva a to Plzeň a GambriHnus 11, tak se ani nedivím , že tam skoro nikdo kromě nás neseděl"	[('food quality', 'neutral', 'tatarák s mini topinkama'), ('food quality', 'negative', 'pečené koleno'), ('food quality', 'negative', 'kolínku'), ('food quality', 'negative', 'maso'), ('drinks style_options', 'neutral', 'piva'), ('drinks quality', 'neutral', 'Plzeň'), ('drinks quality', 'negative', 'GambriHnus 11')]
b2093199-9fd1-452f-8b53-b4e495d59e10	Rezervovali jsme si stůl na mé narozeniny. Bohužel to chvíli trvalo, než jsme dostali ten správný stůl. Tato služba byla velmi dobrá, naše služba byla skvělá. Jídlo, dva steaky a hamburger, byly velmi dobré. Startér byl také vysoce doporučen. Jako dezert jsem dostal zmrzlinu z Hard Rock Cafe jako dárek k narozeninám. Je to velmi pěkná restaurace, lustr vypadá trochu pěkně. Skalní obchod je jen obchod. Zastavím se zde, až budu v Praze.	[('service general', 'positive', 'služba'), ('food quality', 'positive', 'Jídlo'), ('food quality', 'positive', 'steaky'), ('food quality', 'positive', 'hamburger'), ('ambience general', 'positive', 'restaurace')]
e2d15633-f09e-4f4e-a99e-809240ba43c3	Super jídlo, super cena, není co dodat... Moc jsem si pochutnala.	[('food quality', 'positive', 'jídlo'), ('food prices', 'positive', 'NULL')]
4be574a6-cf38-4638-b07c-e5bd4e54054d	Ale jídlo, nevím, nevím	[('food quality', 'neutral', 'jídlo')]
1135b8fd-9b4c-479e-b9a8-46abcf020242	Kuchyně skvělá, obsluha bohužel o 2 třídy níž a je tam fakt nepříjemný chlaďák	[('food quality', 'positive', 'Kuchyně'), ('service general', 'negative', 'obsluha'), ('ambience general', 'negative', 'NULL')]
8f517c6e-6a27-49b1-aafd-2c8c9a43ac9b	Výborné jídlo, obsluha rychlá a milá. A o tom to je, ne?	[('food quality', 'positive', 'jídlo'), ('service general', 'positive', 'obsluha')]
a6bc0830-9243-44a9-a94f-391994c6c63c	Možná to tak je, byli tam kromě nás 4 hosté a ještě majitel, ale se ten nám nešel ani omluvit	[('service general', 'negative', 'majitel')]
2ec61dfd-bf1f-4289-94c7-f7d23964def5	Akorát mě znepokojila jedna ze servírek, která na zahrádce pila baňky.	[('service general', 'negative', 'servírek')]
6fa97288-34ac-4395-94d7-65cde9be583b	Super jídlo, vřele doporučuji se tu zastavit. Na obědy doporučuji rezervaci.	[('food quality', 'positive', 'jídlo'), ('restaurant general', 'positive', 'NULL')]
f927ff9a-0e0e-4213-94e8-e098f5e547dc	Cekala bych, prijemne posezeni a ne, ze to do sebe rychle nahazim a utikam radeji pryc.	[('ambience general', 'negative', 'posezeni')]
b64942c4-900e-4be6-8898-9c0953da128f	Nikdy více, ještě mi zbyl jeden voucher, ale nikdo mě tam již víc nedostane	[('restaurant general', 'negative', 'NULL')]
2fea059f-a1da-49dc-b8f7-5a79bff00376	V restauraci Dynamo jsme byli již podruhé, poprvé jsme byli nadšení z luxusně upraveného tuňáka a ani tentokrát pan kuchař nezklamal. Hovězí bylo opravdu medium a křehké. Doporučuji i pivo Polička.	[('restaurant general', 'positive', 'restauraci Dynamo'), ('food quality', 'positive', 'tuňáka'), ('food quality', 'positive', 'Hovězí'), ('drinks quality', 'positive', 'pivo Polička')]
df058c31-a0ae-4e53-ab96-3237ec24b43f	Těšil jsem se na klasickou českou hospůdku, z venku tak vypadá.	[('restaurant general', 'neutral', 'hospůdku')]
9220ea1f-f032-4572-be89-a6eaa7131e3d	Velmi rychlá, příjemná a ochotná obsluha, nic pro ni nebyl problém, to velice oceňuji. Jídlo výborné, pouze polévky byly trochu slanější, než bylo třeba - okusili jsme polední menu a hotová jídla. Příjemným nečekaným bonusem na závěr byl výtečný zákusek, který nebyl součástí menu a byl zdarma. Byli jsme moc spokojeni a rádi se zase vrátíme! Děkujeme.	[('service general', 'positive', 'obsluha'), ('food quality', 'positive', 'Jídlo'), ('food quality', 'neutral', 'polévky'), ('food quality', 'positive', 'polední menu'), ('food quality', 'positive', 'hotová jídla'), ('food quality', 'neutral', 'zákusek'), ('restaurant general', 'positive', 'NULL')]
68aa3b2f-0453-4c64-928d-5ab24830be52	nabyval jsem pomalu dojmu ze pan sefkuchar hudecek ma zrejme dovolenou a v kuchyni bude uradovat někdo jiny	[('service general', 'negative', 'sefkuchar')]
432ab266-013e-4a7e-80f6-102a9102e25b	VŠEM DOPORUČUJI	[('restaurant general', 'positive', 'NULL')]
f399e1fc-d533-4db4-9438-94b332646d9c	Nejlepší maso a jeho úprava co sem za posledni roky jedla. Velka spokojenost, navštěvujeme kdykoli je příležitost	[('food quality', 'positive', 'maso'), ('restaurant general', 'positive', 'NULL')]
edb9c1cc-f596-4241-a698-9475f37b9090	Trochu drahé pro město, ale spravedlivé ceny pro turistickou zónu.	[('restaurant prices', 'neutral', 'NULL')]
cd374c8d-1a2c-41f9-a59b-634afc679c2b	Příjemné posezení	[('ambience general', 'positive', 'posezení')]
99467210-0c70-4787-84c5-99bdb9657cb1	Jídlu ani obsluze nejde nic vytknout. Doba čekání na jídlo spíše nadprůměrná. Ceny lidové.	[('food quality', 'positive', 'Jídlu'), ('service general', 'positive', 'obsluze'), ('restaurant prices', 'positive', 'NULL')]
7f8f5516-74cf-4005-bbf9-e1db8122489c	původně u stromu, pak 24 a dnes již mystický jekyll. obsluha pouze na baru ale slušná a rychlá, pivo výborné za rozumné ceny v centru města. interiér malinký, možná právě proto takhle kouzelný. dobrá volby	[('service general', 'positive', 'obsluha'), ('drinks prices', 'positive', 'pivo'), ('drinks quality', 'positive', 'pivo'), ('ambience general', 'positive', 'interiér'), ('restaurant general', 'positive', 'NULL')]
bf977b4d-250f-4e65-8808-51e3a609e203	Jídlo dobré, mohlo by být levnější.	[('food prices', 'neutral', 'Jídlo'), ('food quality', 'positive', 'Jídlo')]
5853ef73-265f-4245-8046-bcda8f3d84a3	Na žádost mi steak dodělali, ale to už není ono.	[('food quality', 'negative', 'steak')]
ee40193e-8cc2-46c9-abcb-cb642fe0f33a	Jediné co ušlo, byl tatarák, samozřejmě , že ne z pravé svíčkové	[('food quality', 'neutral', 'tatarák'), ('food quality', 'neutral', 'svíčkové')]
271b0c41-dd82-456f-8ce6-75a8b3e908ec	Mávnu rukou a chci si objednat osminku vína. To nejde. Musel bych vypít čtvrtlitr.	[('drinks style_options', 'negative', 'vína'), ('service general', 'negative', 'NULL')]
6a129c8b-3239-4d70-88e0-f068dc137865	Nejlepší káva !!!	[('drinks quality', 'positive', 'káva')]
4410e9c0-7ffa-405f-b255-fd7f53f2fe05	Byli jsme moc spokojení....děkujeme zejména slečně servírce za vlídný přístup a trpělivost s některými z nás :-)	[('service general', 'positive', 'servírce'), ('restaurant general', 'positive', 'NULL')]
30f074a1-2676-40a3-96f1-53d5daab6181	Ale místo 200g masa ho bylo tak max 100g, jeden ubohý špalíček masa asi na 4 kousnutí, když jsem hledal ta líčka našel jsem jen chuchvalec loje	[('food style_options', 'negative', 'masa'), ('food style_options', 'negative', 'špalíček masa'), ('food quality', 'negative', 'líčka')]
b7ee3978-495e-453f-992f-36a6d2751530	Velmi smíšené typy tanečních parket a hudby. Kromě toho slušná cenovka. Klidné místo. Najdete v nich cokoli apartmá podle vašeho vkusu. 5/5 G bodů.	[('ambience general', 'positive', 'místo'), ('restaurant prices', 'positive', 'NULL')]
692b1a5d-7af7-48bb-a31d-67d07ff1cad9	Příjemné posezení v centru, dobrá obsluha, perfektně vaří, výborné pivo.	[('ambience general', 'positive', 'posezení'), ('service general', 'positive', 'obsluha'), ('drinks quality', 'positive', 'pivo'), ('food quality', 'positive', 'NULL')]
c5c42ac2-ac8d-4beb-bc93-2a7117ced7d7	Za vrácená jídla jsme dostali kolena, ta byla dobrá	[('food quality', 'negative', 'jídla'), ('food quality', 'positive', 'kolena')]
3cdfc030-af1a-43a5-8d6c-e12fb0f100c1	Hm servírka nevěděla, šla se zeptat do kuchyně	[('service general', 'negative', 'servírka')]
f2b79f8d-e07d-4189-b27a-924f96256b97	All you can eat za 149 je pravděpodobně ten nejlepší gastronomický zážitek, který můžete v centru Prahy za podobnou cenu najít.	[('food prices', 'positive', 'All you can eat'), ('food quality', 'positive', 'All you can eat'), ('restaurant general', 'positive', 'NULL')]
1aa73652-ef2b-4b96-a4d0-5a89c7ea7d5f	U Sapíků pension - nejprve pochvala obsluze, byli jsme ihned přesazeni daleko od ,, řvoucí ,, ruské společnosti. Moc děkujeme. Jídlo lze rozdělit: předkrm excelentní ( asi nejlepší z celého festivalu ), perlička standart, zákrm vynikající a excelentní ochutnávka medvědího masa. Personál celou dobu vydržel a udržel vysokou laťku obsluhy.	[('service general', 'positive', 'obsluze'), ('food quality', 'positive', 'Jídlo'), ('food quality', 'positive', 'předkrm'), ('food quality', 'positive', 'zákrm'), ('food quality', 'positive', 'medvědího masa'), ('service general', 'positive', 'Personál'), ('restaurant general', 'positive', 'NULL')]
263bea2e-742f-4ac0-a376-4b884a81260d	Nikde se nám nestalo, tak jako v této hospodě, že nám číšník zakázal vstup	[('restaurant miscellaneous', 'negative', 'hospodě'), ('service general', 'negative', 'číšník')]
33e64c7e-a6ab-45ad-815d-fb664b3b6539	Koupila jsem několik kuponu jako dárek,které se nedají využít,protože je už 2 měsíce stále obsazeno!Platnost kuponu je do konce letošního roku,takže mě nezajímá,jak to uděláte,ale jednou je to jídlo zaplacené,tak ho dostaneme i za cen toho,že by jste měly vařit v sobotu	[('restaurant miscellaneous', 'negative', 'NULL')]
29fc8de0-d856-4ed7-b44b-0527332d9ec0	Velmi nás zklamala obsluha. Vyhodila nás od stolu, že je rezervovaný. Přitom tam žádné reserve nebylo a žádné vysvětlení ze strany obshluhy také nebylo. Dříve spokojenost, teď velké zklamání.	[('service general', 'negative', 'obsluha')]
967ed0b7-78e6-47bf-badd-a90b8ec01051	Na závěr bohužel nedoporučuji tuto restauraci nepříjemná obsluha, jídlo průměrné a cena už taky už nic moc nenaláká.	[('restaurant general', 'negative', 'restauraci'), ('service general', 'negative', 'obsluha'), ('food quality', 'neutral', 'jídlo'), ('restaurant prices', 'negative', 'NULL')]
728cef21-a8ba-4584-97c0-3f0a604f3017	je tam dobrán atmosfera a ta kuchyně mňam,levné a výborníé jídlo ,a číšnici výborní a slušně oblečení a ochotní.	[('ambience general', 'positive', 'atmosfera'), ('food quality', 'positive', 'kuchyně'), ('food prices', 'positive', 'jídlo'), ('food quality', 'positive', 'jídlo'), ('service general', 'positive', 'číšnici')]
a738cdc0-a8bd-4ce8-a625-9e7ee2026402	Jídlo bylo totálně o ničem, v podstatě nemělo s popisem ve voucheru nic společného	[('food quality', 'negative', 'Jídlo')]
4ce5f2e6-7fdc-4ec7-8360-eb781c2732a3	Nechci nikoho vinit, ale když jsem odešel, uvědomil jsem si, že jeden z mých šatů chybí.	[('restaurant miscellaneous', 'negative', 'NULL')]
52b849ed-2b74-417e-86ec-7bda6ec8f711	Mohu jen doporučit, příjemná obsluha, jidlo výborné a ihned	[('service general', 'positive', 'obsluha'), ('food quality', 'positive', 'jidlo'), ('restaurant general', 'positive', 'NULL')]
41104f61-b0d1-4c77-8eb4-3d0c65f6e90b	S holkama jsme se příjemně najedli a šli domů.	[('food quality', 'positive', 'NULL'), ('restaurant general', 'positive', 'NULL')]
8fe4a7a3-ad8d-44bc-882f-2cd6de826d72	"Přinesli upatlanou sklenici a ještě se uchechtávali,že jako ""sorry teda to vyměnim no"	[('drinks style_options', 'negative', 'sklenici'), ('service general', 'negative', 'NULL')]
0d0736c0-c305-401b-a599-416e12404abb	Musím reagovat na tuto Restauraci , protože co se týče kuchyně je tam vše v naprostém pořádků	[('restaurant general', 'positive', 'Restauraci'), ('food quality', 'positive', 'kuchyně')]
47c64116-183e-45f5-bc8c-b99981a24be5	Je to zatím nejhorší restaurace, kterou jsem kdy navštívila	[('restaurant general', 'negative', 'restaurace')]
9ce9c75a-9981-46a4-831a-5c979d97edd2	Často chodíme s kamarádkou do Kandelábru na večeři či na oběd a ještě nikdy mě Kandelábr nezklamal.	[('restaurant general', 'positive', 'Kandelábru'), ('food quality', 'positive', 'večeři'), ('food quality', 'positive', 'oběd')]
0400a119-86c6-4a8b-b123-a6a517fd31d0	Jo a ten kretén nevychovany tlusty cisnicky je asi celý prezent podniku	[('service general', 'negative', 'cisnicky'), ('restaurant general', 'negative', 'podniku')]
bb34f4ef-089f-491d-913b-cfbcac888139	Sice mají pec na dřevo, ale v momentě kdy dají na pizzu eidam se stávají další českou restaurací kde prostě pizzu nedělají pořádně	[('food quality', 'negative', 'pizzu'), ('restaurant general', 'negative', 'restaurací')]
864070ca-6283-4d20-879b-415f457b26cc	Opravdu dobré jídlo na oběd. Zdravé a levné	[('food prices', 'positive', 'jídlo'), ('food quality', 'positive', 'jídlo')]
4b18c4fe-5bd2-411e-97c4-9622a964b6b7	Navic ten tlustej votravnej cisnik uz je asi zpet v chranenejch dilnach, takze vas obsluhuje velice sympaticka holcina	[('service general', 'negative', 'cisnik'), ('service general', 'positive', 'holcina')]
d5467f6a-5ed9-4ace-964e-34138adde793	Steaky bezkonkurenční,vcelku slušný výběr v menu,obsluha milá příjemná, ceny slušné na centrum dobrý.	[('food quality', 'positive', 'Steaky'), ('food style_options', 'positive', 'menu'), ('service general', 'positive', 'obsluha'), ('restaurant prices', 'positive', 'ceny')]
0dedcfdd-609a-436a-8faa-f66237c6d3ec	Dětské jídlo - špagety, šestiletý syn je miluje, snědl je tedy, přestože komplet plavaly v omastku a opravdu nevypadaly moc dobře.	[('food quality', 'negative', 'špagety')]
f80937be-52d2-48f6-8999-85d8fa9a5124	Dle jeho slov maso výborné měkké.	[('food quality', 'positive', 'maso')]
b8921dc4-bcb0-470e-bcf1-f4e523191165	vsem bych rada doporucila	[('restaurant general', 'positive', 'NULL')]
8dd1dd34-64ce-47d2-9d5f-5ed54048d305	Steaky bezkonkurenční,vcelku slušný výběr v menu,obsluha milá příjemná, ceny slušné na centrum dobrý,určitě zajdem zas někdy masíčko bylo fakt moc dobrý 400g velký steak doporučím	[('food quality', 'positive', 'Steaky'), ('food style_options', 'positive', 'menu'), ('service general', 'positive', 'obsluha'), ('food quality', 'positive', 'masíčko'), ('food quality', 'positive', 'steak'), ('food style_options', 'positive', 'steak'), ('location general', 'positive', 'NULL'), ('restaurant prices', 'positive', 'NULL')]
3eca7792-a74d-41b0-ab7e-843383f0cde1	Skvěle jsme si večer poseděli s kamarády u piva.	[('drinks quality', 'positive', 'piva'), ('ambience general', 'positive', 'NULL'), ('restaurant general', 'positive', 'NULL')]
bf7c7122-91fd-4114-aec5-45b594b464f6	Myslím dobrý tip na skvělý zážitek! :)	[('restaurant general', 'positive', 'NULL')]
fefce41f-6e94-49a3-acac-50a57a8681ce	Rád doporučím i přátelům	[('restaurant general', 'positive', 'NULL')]
7c824d67-0964-47f8-95c4-780198455ca4	Zajímavé je, přesto že jsme jeli do tak vyhlášeného podniku, nikde žádná reklama na podnik.	[('restaurant miscellaneous', 'neutral', 'podniku'), ('restaurant miscellaneous', 'neutral', 'podnik')]
0ace5c71-12f5-4751-9811-482324fee086	Ochotný, pozorný personál, skvělá kuchyně - netradiční raut, žádné oschlé mísy s pokrájeným sýrem a salámem, ale výborný kančí guláš, voňavé řízečky, skvěle ochucený tatarák, restovaná zelenina a takto bych mohl pokračovat	[('service general', 'positive', 'personál'), ('food quality', 'positive', 'kuchyně'), ('food style_options', 'positive', 'raut'), ('food style_options', 'positive', 'mísy s pokrájeným sýrem a salámem'), ('food quality', 'positive', 'kančí guláš'), ('food quality', 'positive', 'řízečky'), ('food quality', 'positive', 'tatarák'), ('food quality', 'positive', 'restovaná zelenina')]
8e78b535-3e75-4053-9ad5-e960dc0d7782	Inspekci na něj a do kriminálu!!!	[('restaurant miscellaneous', 'negative', 'NULL')]
69d42672-bd55-4a7e-a6ad-5d9bca223116	ale já jsem naprosto spokojen vždy vše	[('restaurant general', 'positive', 'NULL')]
3fa543e9-ca63-49f7-b3e7-fbf387599a2e	Obsluha OK, celou dobu jsme ovšem byli v restauraci sami, což asi o lecčem vypovídá	[('service general', 'positive', 'Obsluha'), ('restaurant miscellaneous', 'neutral', 'restauraci')]
f2ce05a6-297d-46d0-a4c1-ec866113a73d	se sice někdo uspokojí, ale já když si něco zaplatím, objednám, tak čekám 100% spolehlivost	[('restaurant miscellaneous', 'negative', 'NULL')]
ca28ed51-e825-4045-9791-553f7f1e4fa2	Maminčin telecí řízek ale nebyl vůbec pozadu.	[('food quality', 'positive', 'telecí řízek')]
5d39550c-09de-41a2-8728-4c24a8e5da4b	Kachna skvělá :)	[('food quality', 'positive', 'Kachna')]
f3b12f54-1d28-441c-ad0c-edca254c4919	V první chvíli jsem myslel, že mi kuchař přibalil žertovnou krabičku	[('service general', 'negative', 'kuchař'), ('restaurant miscellaneous', 'negative', 'NULL')]
97a28e37-152a-4ed7-9a6c-917c55581eba	Křidýlka byla neočištěná z každého druhého křídýlka koukaly brka	[('food quality', 'negative', 'Křidýlka'), ('food quality', 'negative', 'křídýlka')]
ecfb83c0-57ec-4f95-b70e-796025eb6f50	Obsluha v pohodě.	[('service general', 'neutral', 'Obsluha')]
c43f47dd-6c9e-4436-b572-e9186f2ceda7	Velmi pěkný servis, dobrý dort a čokoláda	[('service general', 'positive', 'servis'), ('food quality', 'positive', 'dort'), ('food quality', 'positive', 'čokoláda')]
9f75b94b-2bf2-439f-8914-fefd5f7d0a06	Vynikajici jidlo.	[('food quality', 'positive', 'jidlo')]
4e983055-dbfc-420b-85e5-fbee0e731b67	Trošku vázla obsluha, která zase když přišla byla velice ochotná, ale to je tak všechno co bych této příjemné hospodě v Jindřichově Hradci na náměstí vytknul :-)	[('service general', 'positive', 'obsluha')]
058534bb-3f8c-4c9b-9d73-89ba5ada1183	Velmi drahé, velmi dobré. Atmosféra velice příjemná, za léta kouření vyuzený interiér už není skoro cítit, jen takový jemný odér v pozadí, který není vůbec rušivý. Tím myslím samozřejmě původní spodek, ne luxusní nový vrch s velkými okny. Za 'lepší' večeři ve dvou není problém tam nechat 2000, ale aspoň to stojí za to.	[('ambience general', 'positive', 'Atmosféra'), ('ambience general', 'positive', 'interiér'), ('food prices', 'neutral', 'večeři'), ('food quality', 'neutral', 'večeři')]
23efeef6-8fe4-449a-9446-0c160413ca68	Velmi prijemny podnik, diky pritmi a atmosfere idealni na zakonceni romantickeho rande po prochazce na Hrade ci Petrine. Dobry vyber vegetarianskych pokrmu, stylova vyzdoba. Mozna by si jen vnitrni prostor smerem k ulici jiz zaslouzil rekonstrukci, omitka na mnoha mistech odpadava a kazi to tak dojem.	[('restaurant general', 'positive', 'podnik'), ('ambience general', 'positive', 'atmosfere'), ('food style_options', 'positive', 'vegetarianskych pokrmu'), ('ambience general', 'positive', 'vyzdoba'), ('ambience general', 'neutral', 'vnitrni prostor')]
bbd3814c-9ce5-4bb4-a533-fa7339be0863	Covert, kterého jsem se ani nedotkl je okrádání lidí, odrazilo se na výši zpropitlného - nebylo žádné.	[('food quality', 'negative', 'Covert'), ('restaurant miscellaneous', 'negative', 'NULL')]
3c920729-8555-4a08-81ad-418c02feeb23	Pajzl, ale má svoje kouzlo. Kdo chce býs svědkem všemožných zábavných i adrenalínových scének, nechť se dostaví pá/so ve večerních hodinách.	[('restaurant general', 'positive', 'Pajzl')]
e3a04314-3b42-46c0-8988-9955f0c1d66f	Útulné prostředí, dobrá káva (udělají vám ji klidně s mandlovým a dalšími mléky) a fantastické zákusky. Doporučuji i vedlejší krámek, kde lze pořídit lokální speciality.	[('ambience general', 'positive', 'prostředí'), ('drinks quality', 'positive', 'káva'), ('drinks style_options', 'positive', 'káva'), ('food quality', 'positive', 'zákusky')]
42e9a2a6-4d71-4217-b80e-23b13c8bfe70	Jidlo bylo dobre a lokal take	[('food quality', 'positive', 'Jidlo'), ('restaurant general', 'positive', 'lokal')]
45029272-802c-4f07-b577-a50c40ab8ac5	Vodka, kterou jsme dostali, byla skoro nebezpečná, něco tak hrozného jsem nepil.	[('drinks quality', 'negative', 'Vodka')]
6f09a7d5-f115-45ab-9417-8718108509fe	"Obsluha katastrofální, sotva pozdraví, k pití Vám nabízejí místo obyč matonky, kterou také mají nějakou speciální 0,75l vody za 95 Kč, s kuchařem se tam hádají na place (mají ""otevřenou kuchyň"") výrazy nelze ani publikovat a smrdíte jako hranolka, protože tam asi není vůbec odtah"	[('service general', 'negative', 'Obsluha'), ('drinks style_options', 'neutral', 'pití'), ('drinks style_options', 'neutral', 'vody'), ('service general', 'neutral', 'kuchařem'), ('ambience general', 'negative', 'NULL'), ('restaurant general', 'negative', 'NULL')]
d0d1467b-0cca-48e7-9e8d-eb6d10de6161	Nevím jestli je pivo pod míru, ale hlavně je odporné.	[('drinks quality', 'negative', 'pivo')]
5962aab4-cec0-46cc-b58b-5c656460cfa6	Opravdu velké ZKLAMÁNÍ!!!!!!	[('restaurant general', 'negative', 'NULL')]
6f5fc360-3bbd-44e0-a3ec-3ae6c7ec64e9	Profesionální obsluha, vynikající prostředí, jednu hvězdičku bych ubrala za dezert. Cheesecake za 180 korun byl na dvě sousta.	[('service general', 'positive', 'obsluha'), ('ambience general', 'positive', 'prostředí'), ('food prices', 'negative', 'Cheesecake'), ('food style_options', 'negative', 'Cheesecake')]
a0e40270-e4a8-4f4a-8ca7-9f2ad449bc9a	Další nádherné místo s jedinečnou atmosférou, poměrně málo návštěvníků (více místních než turistů). Dobrá kuchyně a spousta skvělých nápojů (včetně piva) velmi útulná - nutnost pro každého návštěvníka města.	[('ambience general', 'positive', 'místo'), ('ambience general', 'positive', 'atmosférou'), ('food quality', 'positive', 'kuchyně'), ('drinks quality', 'positive', 'nápojů'), ('drinks quality', 'positive', 'piva')]
3abef07c-833c-46a3-b7b7-e6eef465e94b	Ani se těm negativním recenzím nedivím	[('restaurant general', 'negative', 'NULL')]
b8928ee5-4e39-4df4-bda9-9473a0404cd3	Místo s jedinečnou atmosférou.	[('ambience general', 'positive', 'atmosférou')]
51699c3b-d526-4816-8fd5-8e22125becfc	restaurace si na nic nehraje,není to žádný luxus podnik,ale vaří vynikající,i prostředí uvnitř je ucházející	[('restaurant general', 'neutral', 'restaurace'), ('restaurant general', 'neutral', 'podnik'), ('ambience general', 'neutral', 'prostředí'), ('food quality', 'positive', 'NULL')]
99cc5e7c-b0bb-411d-b844-e3495b279b2f	Dobře trochu nadměrné hamburgery :)	[('food style_options', 'positive', 'hamburgery')]
5abec953-52d6-494c-8e89-77264a462d81	Pizza dobrá, ceny lehce vyšší průměr.	[('food quality', 'positive', 'Pizza'), ('food prices', 'neutral', 'NULL')]
69d7fcd8-a8a0-4374-9a90-b535c4932460	Štítila jsme se toho !	[('food quality', 'negative', 'NULL')]
20b76a08-1442-4394-a4ff-d8cfb5ffdb3a	Nejsme sami, komu nechutnalo	[('food quality', 'negative', 'NULL')]
1671f2f4-4a2a-40db-b11c-9cb971ba0b98	Skvělé posezení, s výbornou obsluhou na klidném místě	[('service general', 'positive', 'obsluhou'), ('location general', 'positive', 'místě'), ('ambience general', 'positive', 'NULL')]
16a4819c-f756-4aa6-9c05-bd1af414126e	Měli jsme rezervaci, když jsme dorazili do restaurace, nikde ani jeden host, ale ani žádný personál, takže jsme tam zoufale bloudili po třech patrech, až nám kuchař poradil, že 1. patro je pro nekuřáky	[('restaurant miscellaneous', 'negative', 'restaurace'), ('service general', 'negative', 'personál'), ('service general', 'positive', 'kuchař')]
3d096cf9-987a-44cc-a412-89427e077c91	Jídlo je hodně mizerné - kachní prsa se nedala ukrojit a šťouchané brambory byly snad z pytlíku.	[('food quality', 'negative', 'Jídlo'), ('food quality', 'negative', 'kachní prsa'), ('food quality', 'negative', 'šťouchané brambory')]
0ca59762-6e7d-4fa4-ad1b-e677b9872666	Jeden steak byl tuhý a druhý obsahoval asi polovinu jakési nepoživatelné flaksy, za níž by se styděli i v posledním uslintaném bufetu.	[('food quality', 'negative', 'steak'), ('food quality', 'negative', 'flaksy')]
394ededd-4932-4515-a3f7-c2fdcec81a6c	Všem přátelům i ostatním doporučuji	[('restaurant general', 'positive', 'NULL')]
6f02f408-8b5e-4295-97da-427133dc4021	Předkrmy, carpaccio a krevety výborné, propečení steaků trefeno přesně (medium a medium-rare), a to hlavní, maso bylo chuťově skvělé, nemělo moc tukového krytí (za což byl přítel rád), ale přesto výrazné chuti.	[('food quality', 'positive', 'Předkrmy'), ('food quality', 'positive', 'carpaccio'), ('food quality', 'positive', 'krevety'), ('food quality', 'positive', 'steaků'), ('food quality', 'positive', 'maso')]
877b5241-593c-4c47-a7c2-b118268a5e71	Objednaná hovězí líčka zapáchala podobně.	[('food quality', 'negative', 'hovězí líčka')]
0c980b0a-517a-4fda-b211-23ab614d0f13	Kdo ví, třeba bych tam ještě po pozitivní konstruktivní kritice dostal přes ústa	[('restaurant general', 'negative', 'NULL')]
efd77973-44e7-4024-928b-f9c640e657e1	Během oběda hrála atypická hudba vzhledem k prostředí, to je jediná větší výtka-nemyslím, že je vhodné, aby v secesní stavbě s vysokými stropy a nejrůznějšími ozdobami hrála Evropa 2.	[('ambience general', 'neutral', 'prostředí'), ('restaurant miscellaneous', 'neutral', 'NULL')]
ceb403e9-4ab4-4165-878b-a62e3e1bce9e	Opravdu slabé,a ještě vám dají bůhví jaké sake aby měli od vás pokoj.	[('drinks quality', 'negative', 'sake')]
cd487fd0-67e6-4ea8-b5e2-7ca4951f43ae	Jedli jsme již mnohem lepší vývar.	[('food quality', 'negative', 'vývar')]
9ffd7fe5-a8af-4cfb-8cc5-d9cb4d5b2bc5	Steak jinak propečený než jsme chtěli.	[('food quality', 'negative', 'Steak')]
26db9c29-8d83-46ba-b230-5074fc0d6cd7	Nádherné prostředí, profesionální servis, vše ochotně vysvětlili, skvělý kulinářský zážitek	[('ambience general', 'positive', 'prostředí'), ('service general', 'positive', 'servis'), ('food quality', 'positive', 'NULL')]
6ba8c08d-c6f9-4eb5-93e5-be6ef195bc9e	Přitom čekání se člověk musí koukat na otrávené obličeje servírek.	[('service general', 'negative', 'servírek')]
3010ebe8-0982-44fe-ae66-0190d0c9d066	Začala bych zajímavým interiérem znetvořeným nějakými šílenými scifi obrazy	[('ambience general', 'neutral', 'interiérem')]
2b5a4505-f03e-4657-9149-0a3c5bb4302a	Uz tam nepachneme, prinejmensim do te doby, nez se komplet vymeni osazenstvo vcetne majitele	[('service general', 'negative', 'osazenstvo'), ('service general', 'negative', 'majitele'), ('restaurant general', 'negative', 'NULL')]
55e89f81-7bd2-4001-9e41-600cb2662daa	P. vedoucí byl příjemný	[('service general', 'positive', 'P. vedoucí ')]
6d89b933-cae8-47eb-8511-7e59c284eeeb	Slečna servírka byla moc příjemná......	[('service general', 'positive', 'servírka')]
55089a6f-4db1-4ca7-938d-8fd509578a99	Dobré jídlo, skvělé ceny, super obsluha. S miminem a nebyl problém v ničem.	[('food quality', 'positive', 'jídlo'), ('service general', 'positive', 'obsluha'), ('restaurant prices', 'positive', 'NULL')]
f4c7dbd9-f618-49d9-9eaa-90622e8de21d	Pěkné místo se zajímavou atmosférou, dobrým jídlem a skvělým pivem!	[('restaurant general', 'positive', 'místo'), ('ambience general', 'positive', 'atmosférou'), ('food quality', 'positive', 'jídlem'), ('drinks quality', 'positive', 'pivem')]
10c0d0ac-0be3-4b97-b9b0-6440f25b354e	Tradiční snídaně v Sezóně, první v letošním roce, byla opět vydařená. Teplý bufet nabízel míchaná vajíčka, párečky i fazole. K tomu samozřejmě nechybí klasika. 	[('food quality', 'positive', 'snídaně'), ('food style_options', 'positive', 'bufet')]
f7223c8f-8213-4025-8fb9-7020629fba74	Neznám restauraci bez jídeláku a je to něco co tam prostě být musí	[('restaurant general', 'neutral', 'restauraci'), ('food style_options', 'neutral', 'jídeláku')]
3eba82aa-2d0f-42f5-b643-810165b1fff6	A ty žvásty o tom mase - Nowaco nejsou jen kuřecí nugety s kroketami v kempech u Otavy, mají velice kvalitní a drahé zboží ve svém VIP programu	[('food quality', 'neutral', 'mase'), ('food quality', 'negative', 'kuřecí nugety s kroketami'), ('food quality', 'positive', 'zboží')]
f9840c64-9f55-4a84-9222-78bc4f93b2f2	Nechápu, proč někdo takový, dalo by se říci podnik s domácím jídlem kritizuje, když ani doma takové porce za směšné kupon ceny nepořídí	[('restaurant general', 'neutral', 'podnik'), ('food style_options', 'positive', 'domácím jídlem'), ('food prices', 'positive', 'porce'), ('food style_options', 'positive', 'porce')]
4e020462-e041-4f14-a562-3c106f67c3e4	Děkuji,už nikdy více	[('restaurant general', 'negative', 'NULL')]
a0db5729-fa99-4294-b824-b4224108b9fd	Vždy si moc pochutname 😃	[('food quality', 'positive', 'NULL')]
b2b1d604-f6b7-4265-9ea0-6344918b3836	Příjemná kavárna s nádechem exotiky	[('restaurant general', 'positive', 'kavárna')]
f6f6fa27-f432-47f3-bf7e-690f64c4d7f1	To, co se dělo potom, nejde ani popsat, nejprve donesli jednu porci bez pečiva, že musíme počkat, že tam nejsme sami, zeleninovou oblohu jsme také nedostali, prý ji dostaneme později, ale nedostali jsme ji vůbec, pepřovou omáčku jsme dostali také pouze k jedné porci, obsluha byla arogantní a nepříjemná a když jsme se ohradili, tak nás vyprovázeli se slovy, že mají stovky jiných spokojených zákazníků a nás vůbec nepotřebují	[('food style_options', 'negative', 'zeleninovou oblohu'), ('service general', 'negative', 'obsluha'), ('restaurant general', 'negative', 'NULL')]
4a3cb720-1bb4-4ea7-a158-45a0554e8f66	Spatne se staraji o zakaznika na to co tam je je to dost drahe.	[('restaurant prices', 'negative', 'NULL'), ('service general', 'negative', 'NULL')]
043ac0af-4732-43e0-a6a1-c1b8694e95b4	Příjemná obsluha,dobře jídlo	[('service general', 'positive', 'obsluha'), ('food quality', 'positive', 'jídlo')]
6f79a1ce-359b-433b-a865-622e4807edc7	nevím jak to nazvat jinak než naprostý skandál a vrchol drzosti	[('restaurant general', 'negative', 'NULL')]
f005c36b-058c-44a1-8585-08c37b060c03	Absolutně nedoporučuji, v této restauraci nám bylo podáno zkažené maso	[('restaurant general', 'negative', 'restauraci'), ('food quality', 'negative', 'maso')]
4f1e38f2-e2d8-4779-b387-39761251eba3	"Modry Zub se nachází na nákupní ulici s výhledem na náměstí Vanceclas. Jídlo je čínské ... je to restaurace ""nudlí"" ... podávaná v jídelně nebo s rychlým občerstvením. Nabídka je bohatá a existuje výběr, pikantní nebo ne. Najdeme dokonce i originální modré nudle. Myšlenkou bylo jíst dostatečně rychle poslední den, aby nedošlo ke ztrátě času. A to byl ten případ. Jedli jsme dobře a rychle, s přátelskou službou. Spočítejte 200 korun (8 eur) za misku nudlí."	[('location general', 'positive', 'výhledem'), ('service general', 'positive', 'službou'), ('food style_options', 'positive', 'NULL')]
cc13f587-d11c-45db-8a20-cc9fe9d36657	Jednoznačně nedoporučuji návštěvu, za ty peníze nám to nestálo	[('restaurant general', 'negative', 'NULL'), ('restaurant prices', 'negative', 'NULL')]
7deb120d-815d-4518-bd24-b0bc7b652dba	Všechno skvělé, jídlo, pití i obsluha na jedničku. Prostředí včetně interiéru také. Jen to parkování pro motorkáře je víc než hrozné - podklad z kamenů, nestejně velkých s různými mezerami a ještě v mírném svahu, docela adrenalin při nahazování na stojan či sundávání mašiny dolů.	[('food quality', 'positive', 'jídlo'), ('drinks quality', 'positive', 'pití'), ('service general', 'positive', 'obsluha'), ('ambience general', 'positive', 'Prostředí'), ('ambience general', 'positive', 'interiéru'), ('restaurant miscellaneous', 'negative', 'parkování pro motorkáře')]
14f7c8d6-1311-4401-8885-f6146b5319cb	Když přijdete do pizzerie osobně můžete vidět jak ji chystají, časově to trvá tak 10-15 minut. Pizza chuťově vynikající.	[('food quality', 'positive', 'Pizza'), ('service general', 'positive', 'NULL')]
14438126-bc06-49f3-bcd8-e0fb7ea4ef3a	Moje místo pro nezávislé pivovary! Vždy zde najdete skvělé pivo. Velký výběr hodin a Zichovce	[('drinks quality', 'positive', 'pivo'), ('drinks style_options', 'positive', 'NULL')]
1e71888a-019b-4819-8cda-9d849a4c3765	Krásné místo 🥰	[('restaurant general', 'positive', 'místo')]
ad846af4-c276-4459-b9b3-7f20a9b9b36e	Vloni trochu na kvalitě polevili,ale nadále bezva	[('restaurant general', 'positive', 'NULL')]
b93747f0-f879-4042-b4ff-143fbdd2d961	Skvěle sestavené menu. Kančí hřbet byl dokonalý. Přátelská atmosféra, milí lidé.	[('food style_options', 'positive', 'menu'), ('food quality', 'positive', 'Kančí hřbet'), ('ambience general', 'positive', 'atmosféra')]
d8b4b8ad-1e3b-45dd-8bad-5fea7d331c58	Zdánlivá maličkost, ale pokazilo to dojem z jinak pěkně naaranžovaného salátu.	[('food style_options', 'positive', 'salátu')]
08822aa4-d7d8-4175-a15b-ba8d8f0053f3	byly jsme tam minuly tyden a bylo tam snami jen 5 hostu opravdu malo na jidlo jsme necekaly dlouho ale tlacenka byla hnusna se uplne rospadala nedrzela a cutove strasna chut nedochucena to tlacenky maji lepsi v normalnich obchodech .	[('service general', 'negative', 'jidlo'), ('food quality', 'negative', 'tlacenka')]
da0a2a73-e2c7-480b-931a-6989bc4f21e2	Rychlá obsluha, skvělé jídlo, dobré ceny	[('service general', 'positive', 'obsluha'), ('food quality', 'positive', 'jídlo'), ('restaurant prices', 'positive', 'NULL')]
420b6592-fd6d-4fa0-a0bf-7e7165ea2fee	Tuto restauraci mohu jen doporučit !	[('restaurant general', 'positive', 'restauraci')]
81902490-8369-4c04-83ba-f9993bc83799	NEDOPORUČUJI!	[('restaurant general', 'negative', 'NULL')]
278867d5-e79b-4966-8fd0-c33e2a5cd5a1	A rozhodne si stojím za tým, že je to výborná reštika	[('restaurant general', 'positive', 'reštika')]
ee65a238-78ff-4078-80f8-73913616fa94	Skvělá a velmi autentická tchajwanská kuchyně (vyzkoušeli jsme kukuřičnou polévku a dušené vepřové maso), velmi milý personál, naprosto doporučuji.	[('food quality', 'positive', 'tchajwanská kuchyně'), ('food style_options', 'positive', 'tchajwanská kuchyně'), ('food quality', 'positive', 'kukuřičnou polévku'), ('food quality', 'positive', 'dušené vepřové maso'), ('service general', 'positive', 'personál'), ('restaurant general', 'positive', 'NULL')]
4b1d7bc5-b2dc-4973-8831-c5932e4367ad	moc děkujeme a rádi přijdeme znovu	[('restaurant general', 'positive', 'NULL')]
74747ca2-9be7-4ee4-9dc4-c720c70174e8	Majitelé evidentně nezvládli své reakce na negativní recenze	[('service general', 'negative', 'Majitelé')]
e1b58f2a-a70b-456d-bd0d-1e475e4c2a07	přivítala nas velmi prijemna obsluha ale take jedna mistnost s osuntelym nabytkem z roku cca 85 který najdete podle sazavy zhruba před kazdou druhou ctyrkovou hospodou	[('service general', 'positive', 'obsluha'), ('ambience general', 'negative', 'nabytkem')]
c7354a3b-78ab-452e-a1cf-cdab67048a0c	Jsme tu snad každý den na obědě a musím uznat, že ani jednou jsem se nezklamal.	[('food quality', 'positive', 'obědě'), ('restaurant general', 'positive', 'NULL')]
e9919f71-6188-4133-8934-b12cc24eedad	Kaše hrudkatá.	[('food quality', 'negative', 'Kaše')]
608e9396-4805-4b3e-bfa3-67b3eca737cc	Pití na můj vkus dost drahé birell za 40.....	[('drinks prices', 'negative', 'Pití'), ('drinks prices', 'negative', 'birell')]
35c1727c-513e-4f4a-8bf2-65eb4b00322c	Byly jsme zde před pár dny a všichni nadmíru spokojení.	[('restaurant general', 'positive', 'NULL')]
ad20d6d1-2312-4e74-be24-8cb611c67ddb	Jinak co se týče oháňky,tak ta byla ok	[('food quality', 'neutral', 'oháňky')]
45e1d9ac-4937-48d6-9bab-1b3ad3b3c05a	Krásné místo pro návštěvu. Doporučujeme!!!	[('ambience general', 'positive', 'místo'), ('restaurant general', 'positive', 'NULL')]
688ecb14-bec8-4c58-9fc9-814e7e0b212e	Levné	[('restaurant prices', 'positive', 'NULL')]
980f3cd8-d8f3-4232-98f2-4feccf6f094c	Opravdu si tu kulinářský zážitek opravdu užil. Jídlo bylo hezké. Tato služba byla dobrá. A restaurace měla pěkné zdobení.	[('food quality', 'positive', 'Jídlo'), ('service general', 'positive', 'služba'), ('ambience general', 'positive', 'restaurace')]
66077e21-381b-4eef-a47f-783c64c83587	Pizzerie je opravdu dobrá, určitě je to nejlepší místo na jídlo v Avionu. Nevýhodou jsou vyšší ceny, delší doba čekání na jídlo, jídlo jsme nedostali všichni naráz, ale na etapy, i když jsme aspoň mohli ujidat vždy ostatním. Servírky se ochotou taky moc nepřetrhly. Celkově - jídlo super, ostatní nic moc.	[('restaurant general', 'positive', 'Pizzerie'), ('food quality', 'positive', 'jídlo'), ('service general', 'negative', 'Servírky'), ('restaurant prices', 'negative', 'NULL')]
4bca37c3-55f1-41ae-9f44-a7b59b212444	Tradičně spolehlivá restaurace, kam je v centru města přijemné si zajít na jídlo, velmi dobrá pizza a pěkné prostředí, už se těším na jaro a sednout si na zahrádku	[('restaurant general', 'positive', 'restaurace'), ('food quality', 'positive', 'pizza'), ('ambience general', 'positive', 'prostředí'), ('ambience general', 'positive', 'zahrádku')]
1fad66e0-8c24-46e2-b56e-8678ea6f34c8	Líčka bychom nedali ani nepříteli	[('food quality', 'negative', 'Líčka')]
566b6eda-f614-4298-816c-e2f7b8ee20b6	Tak jsme navšívili nově otevřenou pizzerku pepino (dříve san marino), co se týče cen, tak teda dost hrůza. Opravdu vysoké.	[('restaurant prices', 'negative', 'pizzerku pepino')]
24cee989-3dfa-422a-ab6a-d03d42d58261	Pivo i jídlo výborné, ale večer je tu vždy plno, hodně cizinců a není slyšet vlastního slova.	[('drinks quality', 'positive', 'Pivo'), ('food quality', 'positive', 'jídlo'), ('ambience general', 'negative', 'NULL')]
8d8599a5-557d-45b9-b5e9-871aeb5980d0	Tak si o tom udělejte svůj obrázek a já tuto restauraci jednoznačně nedoporučuji a už bych tam nikdy nejel a nikoho tam neposílám.	[('restaurant general', 'negative', 'restauraci')]
922c82b2-4441-495f-9024-1a0ae552a746	Indická kuchyně výborná, obsluha (mladá slečna s ruským přízvukem) byla neuvěřitelně milá, příjemná a velmi ochotná. Poloha restaurace super. Klidné místo, v pozadí hraje indická hudba. Nicméně na interier dlouho nikdo nehrábl, působí lacině a staře. Jako kombinace předešlé restaurace s indickými prvky...	[('food quality', 'positive', 'Indická kuchyně'), ('service general', 'positive', 'obsluha'), ('location general', 'positive', 'Poloha'), ('ambience general', 'positive', 'místo'), ('ambience general', 'negative', 'interier')]
2df8d3e6-8352-4683-8215-ca5911c1575d	"Drobné rýpnutí k názvu dezertu ""hot love"" pro horké maliny se zmrzlinou, někdy je lepší nazývat věci pravými jmény.."	[('food quality', 'negative', 'horké maliny se zmrzlinou')]
348957c9-e279-4de9-b4a9-bca00ac11c81	Měl jsem možnost ochutnat pravou indickou kuchyni v zahraničí a tohle se moc nepodobalo tomu co jsem očekaval..Jidlo prumerné,polévka příšerná.Vše navic dlouho trvalo při obsazenosti asi tří stolů po obědech..Obsluha starši paní,příjemna doporučila,vysvětlila..Mladší slečna nás zaskočila tím,že při servisu jídla u jiného stolu měla mezi ramenem a hlavou svuj iphone a klidně u toho telefonovala..No našttěstí neobsluhovala nás....Četl jsem hodně pozitivní recenze na tuto restauraci,ale restaurace si mě nezískala a určitě ji už nenavštívím.	[('food quality', 'neutral', 'Jidlo'), ('food quality', 'negative', 'příšerná'), ('service general', 'positive', 'Obsluha'), ('service general', 'negative', 'slečna'), ('restaurant general', 'negative', 'restauraci')]
8df943cd-3d46-4697-8783-62e7d77b4b0d	Jeden z mých nejoblíbenějších podniků. Dobré jídlo, pivo i rum, většinou milá obsluha. Horší akustika, na povídání je lepší zůstat na zahrádce. Společně s bratrským Diego pivním barem jeden z mála podniků, kterému rád odpustím nemožnost platby kartou.	[('restaurant general', 'positive', 'podniků'), ('food quality', 'positive', 'jídlo'), ('drinks quality', 'positive', 'pivo'), ('drinks quality', 'positive', 'rum'), ('service general', 'positive', 'obsluha'), ('ambience general', 'positive', 'zahrádce'), ('ambience general', 'neutral', 'NULL')]
329be4ef-9d32-4f76-bce1-7cec4c7ae91b	Pivo bylo dobré, nebylo ani přechlazené, jak se často stává.	[('drinks quality', 'positive', 'Pivo')]
c332b952-5192-4121-9a1c-114504773f2d	Stavili jsme se zde na oběd. Musím říct ze v první chvíli jsem měl pocit ze jsem se vrátil v čase asi o 20 let 😂 ale to nemění nic na tom ze obsluha byla profesionální. Polévku nám jako někde v grant hotelu nalévaly do talíře před námi  👍🏼 A celkové bylo jídlo dobre a hlavně cenově hodně přívětivé, asi taky z 90 let 😂 Celkové naprostá spokojenost , byli jsme i na proti v hotelu Holzbecher a rozhodne na jídlo doporučuji zajít sem!!	[('service general', 'positive', 'obsluha'), ('food style_options', 'positive', 'Polévku'), ('food prices', 'positive', 'jídlo'), ('food quality', 'positive', 'jídlo'), ('restaurant general', 'positive', 'NULL')]
c41e8b7b-e096-451d-a5ed-8a941ee35562	Naprostá kalamita.	[('restaurant general', 'negative', 'NULL')]
1f7e58f0-5533-4bdd-b770-aa67b06d915c	Křidélka vysušená a tatarák? Na voucheru , který jsme měli vytisknutý stálo: TATARÁK NENAMÍCHANÝ, MŮŽETE SI HO NECHAT NAMÍCHAT NA VAŠE PŘÁNÍ	[('food quality', 'negative', 'Křidélka'), ('food quality', 'neutral', 'TATARÁK')]
88177d34-ce2e-4543-9e93-e97b137acc37	Fantastické jídlo.	[('food quality', 'positive', 'jídlo')]
3809e28d-14df-4136-b7e4-f272cb47964b	První návštěvy byly naprosto dokonalé a nebylo co vytknout	[('restaurant general', 'positive', 'NULL')]
e8725f71-8e78-4cb2-9b1f-b098c2334d92	Hrozná,špinavá putyka s děsnou arogantní obsluhou,jídlo děs.	[('ambience general', 'negative', 'putyka'), ('restaurant general', 'negative', 'putyka'), ('service general', 'negative', 'obsluhou'), ('food quality', 'negative', 'jídlo')]
4c396be3-088a-458f-b2e0-43539895d09c	jsem měla na svém kachním prsu já, byla gumová a nepoživatelná	[('food quality', 'negative', 'kachním prsu')]
94c131d7-e1e1-47ca-b702-b999514baf96	Nevadí mně dát i víc peněz, ale za něco!	[('restaurant prices', 'negative', 'NULL')]
05feeeae-8546-4a4d-b18e-26ba32f24bfe	Mají tam špinavé a zapáchající toalety i hospoda je špinavá.	[('ambience general', 'negative', 'toalety'), ('ambience general', 'negative', 'hospoda')]
abf651c9-b74c-41f4-975e-2187df111814	moc děkuji za svělý zážitek a určité přijdeme zas	[('restaurant general', 'positive', 'NULL')]
9c8a955a-8d78-4c43-96e2-7a1974da654e	ALE nejde mi na rozum, proč tato úžasná restaurace má furt toho otřesného, tlustého, špinavého, nechutného číšníka?!	[('restaurant general', 'positive', 'restaurace'), ('service general', 'negative', 'číšníka')]
dfe845ee-bb66-4306-986f-bfe005ed2da8	Studená měla být jen česneková omáčka, která se panu kuchaři také moc nepovedla	[('food quality', 'negative', 'česneková omáčka'), ('service general', 'negative', 'kuchaři')]
75156f62-3f84-4a0d-a6f1-b3cddfc20224	Je tam fajn a mají úžasný maliny se zmrzlinou a se šlehačkou... hezký se tam sedí a zapomíná na starosti...	[('food quality', 'positive', 'maliny se zmrzlinou a se šlehačkou'), ('ambience general', 'positive', 'NULL')]
adc30b53-1d32-4091-86ef-a0bd7b4c4886	Tesili sme se na zebra a museli sme je vratit protoze to co sme dostali byl kousek masa s blanou, zebra to teda urcite nebyla.	[('food quality', 'negative', 'zebra'), ('food quality', 'negative', 'masa s blanou')]
2dab1480-b178-4783-aa26-e9c7083e73aa	Jídlo bývávalo lepší o cenách ani nemluvě	[('food quality', 'negative', 'Jídlo'), ('restaurant prices', 'negative', 'NULL')]
da91db2c-b030-4ec5-97dd-cc8ebca7f827	Provozák je úchyl!	[('service general', 'negative', 'Provozák')]
fdff6621-e485-48bb-b715-9ab84dd2d58e	Plzeň z tanku docela OK. Jídlo je potřeba objednat si nejlépe hned po prvním pivu. Vtipné je WC, jednak je potřeba u pisoáru cvičit aerobik, aby jste pak nečůrali potmě (zkuste LEDky, ty můžou svítit celý den) a po umytí rukou marně najdete papírový ubrousek natož tak použít fén na ruce..... ten je tam pouze na ozdobu.	[('drinks quality', 'neutral', 'Plzeň'), ('restaurant miscellaneous', 'negative', 'WC')]
8b5c8bf5-eee4-4fb7-802f-f835e81342a5	Prsotě večer příšerný, nechali sjem většinu jídla na stole, naštvaní jsme odešli a raději jsme si náladu zlepšili na vánočních trzích	[('food quality', 'negative', 'jídla'), ('restaurant general', 'negative', 'NULL')]
a1d4bfe4-9c73-4987-8ea2-2fda81ee2490	Jídlo opravdu skvělé, naprosto profesionální a přitom fajn obsluha (i jazykově suverénní), rozhodně lze víc než doporučit. Na jídlo ve 4 lidech budete potřebovat mít u sebe alespoň 1000,- a bohužel nelze platit kartou, což je asi jediné mínus.	[('food quality', 'positive', 'Jídlo'), ('service general', 'positive', 'obsluha'), ('restaurant miscellaneous', 'negative', 'NULL'), ('restaurant prices', 'neutral', 'NULL')]
be116bbd-d7c9-4c39-b7cf-15cb6ebf5658	Cena 45 Kč je ale víc, než si říkají kvalitní restaurace v centru a širším centru Prahy.	[('restaurant prices', 'negative', 'NULL')]
a9684388-32e9-4ef3-8c45-5a64ceec5074	Nemá smysl jezdit do této hospody, v Praze jsou daleko lepší a ne tak předražené.	[('restaurant general', 'negative', 'hospody'), ('restaurant prices', 'negative', 'hospody')]
d0f2cddf-0674-4ca5-a0d9-0877a748f467	👍👍👍👍👍👍👍👍👍👍👍👍👍	[('restaurant general', 'positive', 'NULL')]
ee7e9efb-a585-4b05-b2a1-e4be377ecb18	S indii to ma spolecneho maximalne majitele. Chutove podprumerna, odflakla jidla.	[('food quality', 'negative', 'jidla')]
8658f201-d3c4-4628-9abc-baf10c8d0c95	Jídlo bylo vynikající.	[('food quality', 'positive', 'Jídlo')]
48c06aa8-d00d-41af-9744-9f590bfbcea3	Skvělé jídlo *** Hotel je krásný, čistý a útulný.	[('food quality', 'positive', 'jídlo'), ('ambience general', 'positive', 'Hotel'), ('restaurant general', 'positive', 'Hotel')]
cdeddb17-1d54-4d3b-9d21-86f68a06ab09	Tento podnik mě lehce zklamal. Obsluha je ochotná, jídlo ale spíš průměr. Gnocchi byla klasika ze supermarketu, u mě ozdobené chlupem, takže talíř hned putoval zpět do kuchyně. Nevím, co tam s tím dělali, odstranění chlupu trvalo asi 5 minut a to se odrazilo na teplotě jídla. Pak jsem ještě chvíli čekal na zaplacení, na účtence jsem měl ale 2 polévky, byl jsem ale sám a měl jsem jednu. Obsluha se omluvila, ale to moc celkový dojem nezachránilo. Prostředí je sice obyčejné, ale mohlo by být alespoň čistší. Stačilo by vymést pavučiny a odstranit některé rustikální prvky, které s italskou pizzerií nemají nic společného. Na Hronov ale asi o.k., není tam totiž konkurence.	[('restaurant general', 'neutral', 'podnik'), ('service general', 'neutral', 'Obsluha'), ('food quality', 'neutral', 'jídlo'), ('food quality', 'negative', 'Gnocchi'), ('ambience general', 'negative', 'Prostředí')]
8b4da47e-5bc3-43e8-a7a7-6d72ce9f304b	Stejky za skoro 500 korun staly vsechny za prd, bez chuti a s flaxou a opravdu mlinkaty.	[('food prices', 'negative', 'Stejky'), ('food quality', 'negative', 'Stejky')]
40645abc-810b-4b8c-9648-0e49fccf785a	Obsluha příjemná a rychlá.	[('service general', 'positive', 'Obsluha')]
bf578f89-0103-4ca5-9647-4172ab7e6da4	Příjemné prostředí.. Příjemná obsluha.. Úžasné jídlo! :)	[('ambience general', 'positive', 'prostředí'), ('service general', 'positive', 'obsluha'), ('food quality', 'positive', 'jídlo')]
e2d87cd3-420a-4878-b2d9-be47bf648534	Takže za sebe radím - NENAVŠTĚVOVAT!	[('restaurant general', 'negative', 'NULL')]
6e025ed7-45cb-4d09-b783-72059bcec1f7	Steaky taky špatné nebyly, povedenější byl ten vepřový, kuřecí drobátko vysušený, ale OK	[('food quality', 'positive', 'Steaky'), ('food quality', 'positive', 'vepřový'), ('food quality', 'neutral', 'kuřecí')]
8b4f9ed8-62e1-4422-87bf-301869266ffc	NEDOPORUČUJI !!!!!!!!	[('restaurant general', 'negative', 'NULL')]
187289ba-4c0a-40f6-8b5c-5ac5853acefd	Čisté klidné prostředí v centru Kolína.	[('ambience general', 'positive', 'prostředí')]
1aae772b-f01e-4542-91c0-758565b53a14	Málokde prodávají originál točenou kofolu Za prvé je nákupní cena vysoká a za druhé 50 litrový sud vydrží max 14 dní naražený, a pokud to nevytočí tak to můžou vylít Proto používají laciné náhražky kofoly	[('drinks quality', 'negative', 'NULL')]
3f104e37-d633-4d07-99db-090f20ad6aff	Lasagne byly též snad z Makra	[('food quality', 'negative', 'Lasagne')]
c54350c5-1b7c-4312-8ee2-0c1a4ca22a4f	Poprvé ihned po Ano šéfe - perfektní, skvělé, bez chyby	[('restaurant general', 'positive', 'NULL')]
80daff01-e112-4802-a1c6-314db1d40cb8	Jedno z nejlepších kaváren v Praze. Prodávají také vysoce kvalitní kávová zrna 🌸	[('restaurant general', 'positive', 'kaváren'), ('drinks quality', 'positive', 'kávová zrna')]
3ee89e3b-efa4-4ee7-becf-278123959901	Pro změnu byl steak krvavý a nechutný	[('food quality', 'negative', 'steak')]
384fe8e9-0c8e-4e49-8efb-752608360b3a	Jídlo vůbec nevypadalo jako to, co jsme jedli v Řecku	[('food quality', 'negative', 'Jídlo')]
a0cf2370-1526-4548-8bea-8c5a4b08fcfb	Hezká rodinná restaurace s dětským koutkem. Bohužel gastronomie na hrozně nízké úrovni. Částečně to zachraňuje výborné pivo a dobrý servis. Škoda.	[('restaurant general', 'positive', 'restaurace'), ('drinks quality', 'positive', 'pivo'), ('food quality', 'negative', 'pivo'), ('service general', 'positive', 'servis')]
bbca7d74-c74c-4456-b113-62499f09e01e	Strašně jsem se těšila ke Zdenkovi, jsem jeho fanynka a inspiruji se jeho kuchyní... byla jsem u něj před lety a bylo to úžasné, ale letos :-( kulajda ok, desert také..ale hlavní jídlo :-( musím napsat nechutné.. dala jsem si mečouna s chřestem.. chřest byl velmi hořký a mečoun by se dal přirovnat k tenisáku! Byl gumový, bez chuti, velice syrový.. opravdu ošklivý zážitek až se mi udělalo nevolno :-(	[('food quality', 'neutral', 'kulajda'), ('food quality', 'neutral', 'desert'), ('food quality', 'negative', 'jídlo'), ('food quality', 'negative', 'mečouna s chřestem'), ('food quality', 'negative', 'chřest'), ('food quality', 'negative', 'mečoun')]
8c4e7fdc-ba59-4ff4-8417-4a3f35c1279d	Pivo je dobré a vypili bychom ho víc, jen obsluha nějak zapomíná nosit.	[('drinks quality', 'positive', 'Pivo'), ('service general', 'negative', 'obsluha')]
33b2528c-405a-4323-889d-6b265c2ec62b	Jídlo jak už bylo řečeno hodněkrát- kvalita bídná, porce pro dietáře ale ceny jako v Pupu ve Varech!!!!	[('food prices', 'negative', 'Jídlo'), ('food quality', 'negative', 'Jídlo'), ('food style_options', 'negative', 'porce')]
1065c7ed-298e-4657-aa4f-d01f8b34a43e	Prostě nás nezklamali a přijedeme zase	[('restaurant general', 'positive', 'NULL')]
13152287-c22b-4ded-a6dc-c9e5edbef4aa	Ahoj, dneska jsme zde byli na obědě. Porce obrovské, jídlo vynikající, ceny odpovídající. Obsluha příjemná. Pro nás super zastávka. Všechno hodnotíme kladně 👍	[('food style_options', 'positive', 'Porce'), ('food quality', 'positive', 'jídlo'), ('service general', 'positive', 'Obsluha'), ('restaurant general', 'positive', 'NULL'), ('restaurant prices', 'positive', 'NULL')]
59bf64af-2940-433c-8ffc-ad15358d8c67	Malé a milé. Vždy, když dostanu chuť na rostlinnou stravu, zavítám na obedpauzu právě na tuto pobočku s přátelským a usměvavým personálem :)	[('service general', 'positive', 'personálem'), ('food quality', 'positive', 'NULL')]
88cb634e-5f8e-44ac-992f-aa02dfd0cac8	Něco tak odporného jsem nejedla ani ve školní jídelně.	[('food quality', 'negative', 'NULL')]
0bb74b55-667f-45a0-bbe0-3585a0e768ae	RESTAURACI VŠEM DOPOPRUČUJI	[('restaurant general', 'positive', 'RESTAURACI')]
db0e4127-f6fc-4eaa-812e-d51c33ba1f99	Příště už opravdu ne	[('restaurant general', 'negative', 'NULL')]
aea4f648-37f0-4f17-a0b5-feb831508442	S obsluhou jsme byli spokojeni	[('service general', 'positive', 'obsluhou')]
b5428048-43ec-4e27-bf36-bd50e7484091	Klasická Potrefená Husa, jež svou kvalitou nezklame. Personál příjemný, pivo dobré. Jídlo tak nějak obyčejné. Ideální na večer s přáteli. Pro mě malý výběr vegetariánských jídel.	[('service general', 'positive', 'Personál'), ('drinks quality', 'positive', 'pivo'), ('food quality', 'neutral', 'Jídlo'), ('food style_options', 'negative', 'vegetariánských jídel'), ('restaurant general', 'positive', 'NULL')]
9b373454-e25c-485a-bc59-e6d89df74c7d	Byli jsme tam poslední 3 dny. Velmi dobré jídlo a pivo a velmi přátelská služba. Pokračuj, příteli! Uvidíme se příští rok! Zdravíme z Bavorska!	[('food quality', 'positive', 'jídlo'), ('drinks quality', 'positive', 'pivo'), ('service general', 'positive', 'služba')]
a48a69f5-d15b-4d9f-bec9-f0401f5c3b2d	Každý den chodím do restaurace jak na polední menu tak někdy i na večeři a jsem spokojen obsluha je celkem v pohodě a jídlo super	[('food style_options', 'positive', 'polední menu'), ('food quality', 'positive', 'večeři'), ('service general', 'neutral', 'obsluha'), ('food quality', 'positive', 'jídlo')]
c5cef855-e2d9-4846-bb34-bf39697dc8de	Výborné jídlo, skvělá obsluha	[('food quality', 'positive', 'jídlo'), ('service general', 'positive', 'obsluha')]
f8514fbe-ed76-47d6-adf4-f08c98397259	Hrozny pajzl. Jidlo strasne !	[('restaurant general', 'negative', 'pajzl'), ('food quality', 'negative', 'Jidlo')]
cae819b9-a1aa-45ff-97e0-9d076e4795bc	V létě super podnik s dětmi. Mají velké venkovní hřiště s trampolínou, pískovištěm, klouzačkou a houpačkami. K půjčení různá odstrkovadla či šlapadla. Místa pro zaparkování kol.  Když už není extrémní zima, je otevřena i nekuřácká terasa. Jinak v zimě jen otevřený kuřácký vnitřek. Venkovní prostor je kuřácký - i u hřiště lidi kouří.  Jídlo - česká klasika je fajn a chutná. Občas je nějaké jídlo více vypečené (né moc dobré), ale jinak celková spokojenost.  Obsluha je opravdu příjemná a vstřícná.	[('food quality', 'positive', 'jídlo'), ('service general', 'positive', 'Obsluha'), ('ambience general', 'positive', 'NULL')]
902f2ba1-0928-4313-9ab1-fc18a6a3c80b	Další z pravidelných návštěv mé oblíbené pizzerie, obsluha jako vždy milá a rychlá, jídlo výborné a připravená snad za pár minut, což bylo super, protože jsme měli hlad. Doporučuji všem	[('restaurant general', 'positive', 'pizzerie'), ('service general', 'positive', 'obsluha'), ('food quality', 'positive', 'jídlo')]
31bc392b-9497-44b6-b9f1-ec33f8963aef	Měli jsme štěstí, v plné restauraci jsme chytili místo jen venku.	[('restaurant miscellaneous', 'neutral', 'restauraci')]
e727efc0-d9cd-42b1-9004-93bbc8313273	Charismatická restaurace se sympatickou obsluhou a velmi rozumnými cenami. Svíčková byla bezkonkurenční! ;-) Doporučujeme všem.	[('restaurant general', 'positive', 'restaurace'), ('service general', 'positive', 'obsluhou'), ('food quality', 'positive', 'Svíčková')]
e365b4c2-8e5b-4b85-9414-b6ed61c150d2	Krásné místo,dobře jidlo	[('ambience general', 'positive', 'místo'), ('food quality', 'positive', 'jidlo')]
c5caec6c-843a-4798-91c8-493151721fdc	Na Scestí, nikdy více	[('restaurant general', 'negative', 'Na Scestí')]
fc2a1f0b-f56d-459a-bb73-4f0dfd859f96	Snědli jsme více než polovinu jídelního lístku a jídla snědla celá i naše děťátka, která opravdu hned tak něco bez nátlaku nesežerou	[('food style_options', 'positive', 'jídelního lístku'), ('food quality', 'positive', 'jídla')]
3debec13-b01c-4a4c-af80-45e175b14812	Obsluha je příjemná (ale asi by mohly být více profesionální), avšak hodnota utracených peněz je adekvátní tomu co obdržím	[('service general', 'neutral', 'Obsluha'), ('restaurant prices', 'neutral', 'NULL')]
89ea7bad-74c5-4aab-87ec-8f13b3506613	Další varování při placení stravenkami, bude vám dáno na srozuměnou, že za vás majitel něco doplácí a vy se mu za dobrotu a lásku takto špatně odvděčujete stravenkami.	[('service general', 'negative', 'majitel'), ('restaurant miscellaneous', 'negative', 'NULL')]
3d78e16e-b017-44b5-84d4-a80c99d0f737	Skvělá pizza. Určitý svoji návštěvu zopakujeme.	[('food quality', 'positive', 'pizza'), ('restaurant general', 'positive', 'NULL')]
d25a6271-aabf-43e3-99a9-1eb2a9769472	Takže zkráceně..pivo - OK, Jidlo - ujde, prostředí - fajn, záchody - katastrofa, obsluha - pomala a otrávena, ceny - přemrštěné.	[('drinks quality', 'neutral', 'pivo'), ('food quality', 'neutral', 'Jidlo'), ('ambience general', 'positive', 'prostředí'), ('ambience general', 'negative', 'záchody'), ('service general', 'negative', 'obsluha'), ('restaurant prices', 'negative', 'NULL')]
69c8667e-e18d-4908-8f2f-3c17b574adb0	Krásné prostředí, milá obsluha a výborné sushi	[('ambience general', 'positive', 'prostředí'), ('service general', 'positive', 'obsluha'), ('food quality', 'positive', 'sushi')]
a3e8d737-db07-4d97-9abf-973b68957288	Další rezervace s dostatečným předstihem (cca týden dopředu) již nebyl problém	[('restaurant miscellaneous', 'neutral', 'NULL')]
c2bb935c-b7ec-4660-9205-40d85162172e	Restaurace si totiž tak špatné hodnocení určitě nezaslouží.	[('restaurant general', 'neutral', 'Restaurace')]
0068f162-cf72-4f0c-bd7d-35ffd12b08df	Velká, čistá restaurace s velkým výběrem hotových jídel. Hotovky, polévky i zákusky v dostatečném množství. Také výběr nápojů je dostatečný, vlastnoručně natočené pivo je trochu bojovka, ale dá se to zvládnout ;-) Ceny jsou naprosto přiměřené k velikosti porcí a chutnosti jídla. Navštívily jsme opakovaně a vždy naprostá spokojenost. Také zázemí je velmi dobré, toalety čisté. Jediné, co chybělo, byla u tříděného odpadu nádoba na hliníkový obal od nápoje.	[('restaurant general', 'positive', 'restaurace'), ('food style_options', 'positive', 'hotových jídel'), ('drinks style_options', 'positive', 'nápojů'), ('drinks quality', 'neutral', 'pivo'), ('ambience general', 'positive', 'toalety'), ('ambience general', 'positive', 'NULL'), ('restaurant prices', 'positive', 'NULL')]
5b781b99-7316-49b5-b4cc-5d8e8de84671	Hezké posezení v krásném prostředí  a dobré pivo.sympaticka obsluha.	[('ambience general', 'positive', 'posezení'), ('ambience general', 'positive', 'prostředí'), ('drinks quality', 'positive', 'pivo'), ('service general', 'positive', 'obsluha')]
76135b4e-47d1-4fc7-961a-93f99b687711	Jídlo moc super	[('food quality', 'positive', 'Jídlo')]
968eb544-35fd-464f-8142-a4f43d94ca94	Víme bezpečně, že už nikdy více.	[('restaurant general', 'negative', 'NULL')]
c24add5f-40a1-4d3e-817b-719446302dab	Ceny byla velice kulantní vzhledem k zážitku i porcím.	[('food style_options', 'positive', 'porcím'), ('restaurant prices', 'positive', 'NULL')]
1bc8917b-3bc0-44b4-9ee1-7dbf71d3c3e7	Výborně tady vaří, chodím hlavně na obědy. Velký výběr české kuchyně. Velké porce, vždycky je to vymazlený a dobře ochucený. A je to i levný. Navíc, pro followery instragramu senkyrna7 každý týden nějaká akce. Obsluha je fajn, pejskovi dají vodu automaticky. Prostory jsou čerstvě vymalované a obnovené. Jen jeden mráček na nebi tu vidím, a to je Staropramen bez alternativy (obvykle bývá v restauracích suplován Stellou nebo Hoegardenem, tady malinovkou)	[('food style_options', 'positive', 'české kuchyně'), ('food style_options', 'positive', 'porce'), ('ambience general', 'positive', 'Prostory'), ('drinks style_options', 'neutral', 'Staropramen'), ('food quality', 'positive', 'NULL'), ('restaurant prices', 'positive', 'NULL')]
dd6a5e7f-851a-4095-bad0-0d57df9654fc	Super výběr zmrzlin.	[('food quality', 'positive', 'zmrzlin')]
d961f51a-da72-47c6-a1bf-cad7f107c252	Teplé a dobře zdobené místo, anglická snídaně byla velmi dobrá!	[('ambience general', 'positive', 'místo'), ('food quality', 'positive', 'anglická snídaně')]
708b3fae-4a38-465a-8f7b-966bdf059231	Myslím si, že Štěpán a jeho manželka vedú hospodu vynikajúco a naozaj sa snažia	[('restaurant general', 'positive', 'hospodu')]
c3fa3021-a3f1-4b3e-ad7d-137ab32007b5	Příjemná a vstřícná obsluha. Chutné jídlo a pivo. Doporučuji.	[('service general', 'positive', 'obsluha'), ('food quality', 'positive', 'jídlo'), ('drinks quality', 'positive', 'pivo'), ('restaurant general', 'positive', 'NULL')]
bdd01256-bc02-4c25-be07-907bd54fafca	Mírným negativem jsou vyšší ceny, ale návštěva, jíldo, prostředí rozhodně stojí za to!!!	[('food quality', 'positive', 'jíldo'), ('ambience general', 'positive', 'prostředí'), ('restaurant prices', 'negative', 'NULL')]
3aeda63c-d6e9-4319-8467-faf4d7f75c3a	Hezké prostředí, jen ta vzduchotechnika to trochu kazí:(	[('ambience general', 'positive', 'prostředí')]
9cfe54e8-c738-49e6-8b32-c8ae8c41bdef	Docela mě to celé zamrzelo, protože jsme si tento restaurant vybrali k rodinnému posezení s rodinou, která přijela ze zahraničí.	[('restaurant general', 'negative', 'restaurant')]
32e578fa-5b06-4966-a704-9a229a3df84b	Skvělý personál, velké porce a příjemné prostředí...  Moc jsme si pochutnali	[('service general', 'positive', 'personál'), ('food style_options', 'positive', 'porce'), ('ambience general', 'positive', 'prostředí')]
0de72a85-25b3-4405-9ae5-ac14223a9965	Pěkné prostředí a fakt dobré papáníčko.	[('ambience general', 'positive', 'prostředí'), ('food quality', 'positive', 'papáníčko')]
56a12227-685d-4cdc-843c-25907cc40f3f	Zelný salát deklarovaný na jídelním lístku u vchodu jako součást menu nedorazil	[('food style_options', 'negative', 'Zelný salát'), ('service general', 'negative', 'NULL')]
e7cec538-2a74-4e0d-b148-bdc0408516b2	Dnešní večeře nás velice potěšila, jak jemná hrášková polévka s trojúhelníčkem svítku, tak flanksteak s domácími hranolkami naprosto prvotřídní, dobře ochucené a voňavé. K jídlu dobře (ale poněkud pomalu) čepované Dalešice. Body dolů za místy delší čekání na obsluhu a absenci několika položek v nabídce.	[('food quality', 'positive', 'hrášková polévka'), ('food quality', 'positive', 'flanksteak s domácími hranolkami'), ('drinks quality', 'positive', 'Dalešice'), ('service general', 'negative', 'obsluhu'), ('food style_options', 'negative', 'nabídce')]
760f0bd3-e39e-4acb-b68b-4bd61c1bb79e	Byli jsme s přítelem v lednu na voucher a přes mé obavy, částečně plynoucí ze zdejších recenzí, můžu jen doporučit.	[('restaurant general', 'positive', 'NULL')]
a2767c9d-afb6-4b39-b59b-2a30baac1b4f	Poté, co jsme se dočetli o posuzování této restaurace jsme byli velmi mile překvapeni naší zkušeností	[('restaurant general', 'positive', 'restaurace')]
36244d0d-c575-4a7e-9867-fd94f9c2de78	Červené víno rozhodně nebylo chlazené, číšník ho vyndával ze skříňky, takže netuším, jak ho mohl někdo dostat chlazené	[('drinks quality', 'negative', 'Červené víno'), ('service general', 'neutral', 'číšník')]
72cbcbbc-fbaa-4b5b-8456-121215ffee1d	Skvělá obsluha,  výborná kuchyně	[('service general', 'positive', 'obsluha'), ('food quality', 'positive', 'kuchyně')]
e574819c-bd5d-4e4d-90cf-9f62796e668e	Běžná pivnice se standardními službami.	[('restaurant general', 'neutral', 'pivnice')]
060d6927-cf41-4c61-8017-efb5ca49ee19	Vynikající koblihy, spoustu originálních druhů, zatím každá velmi lahodná a jedinečná. Milá obsluha a krásné prostředí. Ale espresso mohlo být lepší, zdálo se býti podextrahované. Ale věřím, že to byla jen nehoda.	[('food quality', 'positive', 'koblihy'), ('food style_options', 'positive', 'koblihy'), ('service general', 'positive', 'obsluha'), ('ambience general', 'positive', 'prostředí'), ('drinks quality', 'neutral', 'espresso')]
e9da57dd-4d0c-4f66-8a8d-a6be5b231d6d	Záchody nic moc.	[('ambience general', 'negative', 'Záchody')]
d0819bef-b1d1-414d-8ca2-e7fe92be4116	Naprosto nejpříšernější obsluha, kterou jsem kdy zažila!	[('service general', 'negative', 'obsluha')]
acb10ebe-8ecf-47b8-8825-108f45377160	Muzu jen doporucit	[('restaurant general', 'positive', 'NULL')]
1901b026-3e9a-4083-aa52-31fddeb69997	nedoporucuji	[('restaurant general', 'negative', 'NULL')]
124946e4-e421-4538-adaa-5750e71a2ed1	Vynikající produkty vlastní výroby a super příjemná obsluha.Mírné ceny	[('service general', 'positive', 'obsluha'), ('food quality', 'positive', 'NULL'), ('restaurant prices', 'positive', 'NULL')]
0ea2f618-6d94-49ba-82fa-02b5d9e46c1d	Prijemna restaurace se zahradkou a nadhernymi interiery. Obsluha velmi prijemna. Meli jsme svíčkovou, fish and chips, kridylka a tatarak a vse bylo velmi dobre navic s tabkovym pivem.	[('restaurant general', 'positive', 'restaurace'), ('ambience general', 'positive', 'zahradkou'), ('ambience general', 'positive', 'interiery'), ('service general', 'positive', 'Obsluha'), ('food quality', 'positive', 'svíčkovou'), ('food quality', 'positive', 'fish and chips'), ('food quality', 'positive', 'kridylka'), ('food quality', 'positive', 'tatarak'), ('drinks quality', 'positive', 'pivem')]
3cfc9e74-fd2b-4d8c-8713-79c72ed63928	Chodím do Smaragdové zahrady pokaždé, když jsem v Praze, a je to nejlepší varianta levného a chutného jídla v příjemném prostředí.	[('food quality', 'positive', 'jídla'), ('ambience general', 'positive', 'prostředí')]
7b5e5144-e18d-4b1e-9f8e-3b9b92dc2d0e	"Rozdil prece ""jen"" 2 koruny ale nic to nemeni na tom ze chtel nas oklamat."	[('service general', 'negative', 'NULL')]
25283c32-9546-4937-adcb-cba5f7915482	Velmi dobrá indická restaurace	[('restaurant general', 'positive', 'restaurace')]
7cbd31af-5f63-4436-8659-d7e923a51f90	Obsluha příšerná, všude mouchy jak v kravíně, ale to bych všechno vydržel kdyby jídlo bylo skvělé	[('service general', 'negative', 'Obsluha'), ('food quality', 'negative', 'jídlo'), ('ambience general', 'negative', 'NULL')]
9729ef14-64ef-4423-90e0-6e6ef097e89c	Objednávka Vám zabere minimálně 30minut	[('service general', 'negative', 'NULL')]
382971f6-f3fb-4c51-a149-e79ef3922cb8	svatá pravda nestojí ani zastavit hnus nic víc a chování provozovatele ani nemluvit	[('service general', 'negative', 'provozovatele'), ('restaurant general', 'negative', 'NULL')]
ae657d07-3310-4131-a69e-82e0750474b3	2) Čekání na první (ale i další) nápoje, taky dost dlouhé	[('service general', 'negative', 'NULL')]
0eecfc01-1230-4487-af2c-6d7726f75415	Jezdíme sem od samého začátku a bohužel už to není to co to bývalo.	[('restaurant general', 'negative', 'NULL')]
9f5bf18e-79a9-4a3e-85db-91eb1ac046ad	Ceny jako v grand hotelu praha,porce jídla menší než v mateřské školce,chuť jídla tak průměrná čtvrtá cenová skupina	[('food style_options', 'negative', 'porce'), ('food quality', 'negative', 'jídla'), ('restaurant prices', 'negative', 'NULL')]
ef29ff9a-d702-49c6-98a8-f55ed595749a	super obsluha,ještě lepší jídlo levné ceny jen doporučuji nic lepšího v dalekém okolí není a ani asi v centru skuste to.	[('service general', 'positive', 'obsluha'), ('food quality', 'positive', 'jídlo'), ('location general', 'neutral', 'centru'), ('restaurant general', 'positive', 'NULL'), ('restaurant prices', 'positive', 'NULL')]
bc168765-2d1c-4120-900f-de57997bae5b	Maso se nedalo sníst	[('food quality', 'negative', 'Maso')]
bddad97a-1741-4ab0-8e69-a68304e6c82b	Kéž by majitel chcípal v bolestech a utrpení!	[('service general', 'negative', 'majitel')]
bf1e0c01-8de2-487c-8198-693196bf4f7c	Jsem velice spokojen i z točením zmrzliny, dobrý nápad.	[('food quality', 'positive', 'zmrzliny'), ('restaurant general', 'positive', 'NULL')]
93657ab5-50b5-4bdd-bb59-f3710277bdc6	DOPORUČUJI VŠEM AŤ SE PŘIJDOU PODIVAT!!!!!!	[('restaurant general', 'positive', 'NULL')]
b494af78-b080-4d23-93a6-304b4cf7545a	Těstoviny normální, průměrné, doma bych udělala stejné, za plnou cenu bych v životě nekoupila (očekávala bych, že budou např. domácí).	[('food prices', 'negative', 'Těstoviny'), ('food quality', 'neutral', 'Těstoviny')]
9e9598bc-a3cc-488b-afd6-2dd9e43daa05	Místo toho jsem spíš řešil jak vyreklamovat to, co bylo na stole	[('food quality', 'negative', 'NULL')]
fca2f0f0-2651-4ce0-bc41-2e36d16575ed	Pěkně zařízená nová restaurace s příjemnou obsluhou.	[('ambience general', 'positive', 'restaurace'), ('restaurant general', 'positive', 'restaurace'), ('service general', 'positive', 'obsluhou')]
5a68f03c-aaff-4817-b2f7-b78be3a83ae1	nevým ale musím pochválit vždy ok.	[('restaurant general', 'positive', 'NULL')]
0ac64076-7fe0-43e5-8b05-cb1c430e34cb	Super.	[('restaurant general', 'positive', 'NULL')]
60bbfec9-5d78-46b9-b06c-5396ee480f13	Jídlo celkový dojem průměrné.	[('food quality', 'neutral', 'Jídlo')]
68b3a5d7-bd30-45a8-b167-c16e904d3b4f	Jindy jsem měl kuřecí stehenní proužky se sýrovou omáčkou se šalvějí se střapačkami - opět maso velmi dobré, ale omáčka byla hlenovitá a nevzhledně se mísila s obrovským množstvím neochucených noků	[('food quality', 'neutral', 'kuřecí stehenní proužky se sýrovou omáčkou se šalvějí se střapačkami'), ('food quality', 'positive', 'maso'), ('food quality', 'negative', 'omáčka'), ('food quality', 'negative', 'noků')]
c5cb2acf-9bb5-4c9a-9ddd-c14b6185bf58	"obsluha sice milá, ale o profesionální obsluze nemají děvčata ani páru, navíc nevědí, co vlastně nosí - například na dotaz, jaké dělají risotto, jsem dostal odpověď, že ""český, takový to mazlavý""."	[('service general', 'neutral', 'obsluha'), ('food quality', 'neutral', 'risotto')]
eef716b7-8e3c-4fdf-a9c9-71c93361de2b	Nejlepší pizza široko daleko 👍	[('food quality', 'positive', 'pizza')]
8fdeeb85-34fa-4f7c-b974-f2b5cb0590dc	Naprosto perfektní ve všech směrech (prostředí- atmosféra, nabídka, obsluha). Klidně oněch pět * a na druhou!	[('ambience general', 'positive', 'prostředí'), ('ambience general', 'positive', 'atmosféra'), ('food style_options', 'positive', 'nabídka'), ('service general', 'positive', 'obsluha'), ('restaurant general', 'positive', 'NULL')]
da6a99f7-88ef-447e-9601-1c74b707b219	Dobre jidlo velke porce za levno	[('food prices', 'positive', 'jidlo'), ('food quality', 'positive', 'jidlo'), ('food style_options', 'positive', 'porce')]
6c97f261-1be2-4344-9018-6a2b56888c90	Tato restaurace je čistá, jídelní stůl je rychlý a organizovaný a nejdůležitější je, že jídlo je VŽDY velmi chutné! Dnešní roštenec je dobrým příkladem .. nikdy předtím neměl jednu a dnes to nebylo zklamání! Krásně podávané a chutná to byla nádherná! Šéfkuchař musí milovat svou práci! 5/5	[('ambience general', 'positive', 'restaurace'), ('food quality', 'positive', 'jídlo'), ('food quality', 'positive', 'roštenec'), ('service general', 'positive', 'Šéfkuchař')]
a3b26415-b673-4395-9c9a-e2c47119d68b	Zde musím říct, že mi vyhovuje vše a cítím se tam moc dobře, rád tam beru i přátele, rodinu, protože vím, že i oni budou nadšeni a je tomu tak.	[('ambience general', 'positive', 'NULL'), ('restaurant general', 'positive', 'NULL')]
8f56bb1d-a871-457e-803f-497d96e709f6	Jídlo dobré :)	[('food quality', 'positive', 'Jídlo')]
5a51083b-9519-42bd-b3d7-484b6c77302b	Ruší celkový dojem hlučnost.	[('ambience general', 'negative', 'NULL')]
119465e6-6c70-4053-9b78-21e11e99addc	Na nevhodnou vůni jídla jsem byla upozorněná až po tataráku	[('food quality', 'negative', 'jídla'), ('food quality', 'neutral', 'tataráku')]
2c948881-7ce5-4dfc-8bed-6e62b3e8f078	Už to není co to bývalo, letos jsme byli naposledy.	[('restaurant general', 'negative', 'NULL')]
277e6b58-a6e6-4006-bc82-163167ab3c9a	Dobré jídlo, super obsluha a velký výběr	[('food quality', 'positive', 'jídlo'), ('service general', 'positive', 'obsluha')]
ebf45d4a-1653-46f2-870f-396033eebffa	Pěkná hospůdka, báječná obsluha, výborné pivko i pochutiny. Nádherné okolí k tomu jako bonus. Doporučujeme!!!	[('ambience general', 'positive', 'hospůdka'), ('service general', 'positive', 'obsluha'), ('drinks quality', 'positive', 'pivko'), ('food quality', 'positive', 'pochutiny'), ('location general', 'positive', 'okolí'), ('restaurant general', 'positive', 'NULL')]
01619992-b9fa-471a-90c4-93c0a2234c61	Chodím tam pravidelně ve středu a čtvrtek večer vždy je plno,jídlo chutné,asi ten bývalý kuchař už tam nechodi a je na ně pěkně naštvany tak jenom píše co si on sam mysli,když to čtu musím taky napsat,protože se mi nelíbí když si někdo jenom pořád vylévá zlost	[('food quality', 'positive', 'jídlo'), ('service general', 'negative', 'kuchař'), ('restaurant miscellaneous', 'positive', 'NULL')]
b37c7fc5-ed53-4cc3-aea4-090415a4c42e	Jsou to zloději!!	[('restaurant miscellaneous', 'negative', 'NULL')]
c8ea7d04-5d9f-4449-9c82-e98a6602e2f1	Chápu rozhořčené hosty :-(	[('restaurant miscellaneous', 'negative', 'NULL')]
df5dea66-50f4-4b4c-b525-2e34055ae4e9	Obsluha dosti nepříjemná a neochotná.	[('service general', 'negative', 'Obsluha')]
b641b36b-1c7d-4027-8258-22b08ab88512	Byla jsem jednou a nikdy více.	[('restaurant general', 'negative', 'NULL')]
9d18178a-ed4b-4fec-8195-4c1cd5df427e	A ještě jedno velké minus tedy za jídelní lístek, je absolutně nepřehledný.	[('food style_options', 'negative', 'jídelní lístek')]
a87e3cd9-6e91-4987-b704-63a06e34d4e8	Slušná pizza, mizerná obsluha.	[('food quality', 'positive', 'pizza'), ('service general', 'negative', 'obsluha')]
b1d91657-d308-4f08-acc8-add33ec0161f	Ale když jsem jídlo dostali tak jsme se nestačili divit	[('food quality', 'negative', 'jídlo')]
9a23e949-8313-4db4-a6e4-71dc967c291d	take jsem byl nedavno v LAFUTURE A JESTE NIKDE LESPI JIDLO JSEM NEMEL,,,,jeto restaurace jak se patri a hlavne na urovni , cisto ,luxus a jidlo super .	[('food quality', 'positive', 'JIDLO'), ('restaurant general', 'positive', 'restaurace'), ('food quality', 'positive', 'jidlo')]
8956f80e-d12d-4f5c-91af-bd23d8750a1e	Pokud šlo o placení, byli číšníci víc než ochotní, ale jakákoli slušnost scházela.	[('service general', 'negative', 'číšníci')]
974d8b40-47b5-43c4-be65-f2a4db48bda4	Pivečko Radegast studené přísun dle potřeby	[('drinks quality', 'positive', 'Pivečko Radegast'), ('service general', 'positive', 'NULL')]
17b61247-7a2a-4218-bb05-9723717e8136	Řecké speciality? No Řekové by se divili	[('food quality', 'negative', 'Řecké speciality')]
71cd2411-4d95-496c-8013-3414fb0a9218	Super 👍	[('restaurant general', 'positive', 'NULL')]
22250094-e62f-40a6-b54c-62e85cc5402a	Update: Po dnešním odběru (31.3.) s sebou velké zklamání 😣 těšili jsme se na luxus co tu známe, a byli jsme velmi zklamáni. Burger sice narvaný ingrediencemi, ale přesto pocitově suchý a hlavně zcela bez chuti. Maso tuhé, vysušené, přespříliš udělané, nedosolené, bez chuti. Bulka průměr, uměli jste lepší.  Hranolky slušné, bylinková aioli byla spíše hořčičná, ale to by nevadilo. Ale ten burger!!! Vím ze je korona zlá doba, ale prosím neslevujte ze své bývalé kvality 😞	[('food quality', 'negative', 'Burger'), ('food quality', 'negative', 'Maso'), ('food quality', 'neutral', 'Bulka'), ('food quality', 'neutral', 'Hranolky'), ('food quality', 'neutral', 'bylinková aioli')]
46bb79cd-9b9d-49ee-9865-e82ca39e80e2	Nevýhodou - pouze hotovost	[('restaurant miscellaneous', 'negative', 'NULL')]
efa2625d-17de-4ef2-a37a-031ec32789aa	nejlepší restaurace v České republice, a co se týče jídla v TOP 10 na 7.místě, asi o něčem svědčí	[('restaurant general', 'positive', 'restaurace'), ('food quality', 'positive', 'jídla')]
4801b12f-0643-439c-b3a3-f4a42c8b66d7	Pití podle mě nemůže být považováno za drahé (dvojku vína za 35,- už člověk málo kde v restauraci dostane)	[('drinks prices', 'neutral', 'Pití'), ('drinks prices', 'positive', 'dvojku vína')]
046d28c0-d90f-4542-98a6-866af76da700	Hnus fialovej.	[('food quality', 'negative', 'NULL')]
0a042174-2acc-42fa-a4b9-756a58f533ce	Personál byl i tak dost nepříjemný i když jsme tam zaplatili slušnou částku za jídlo.	[('service general', 'negative', 'Personál'), ('food prices', 'negative', 'NULL')]
f5a2dcdd-4b96-42d4-98da-f4049379835b	Jídlo - ok, nic zvláštního. Ale atmosféra je poněkud matná.	[('food quality', 'neutral', 'Jídlo'), ('ambience general', 'negative', 'atmosféra')]
c28b3027-fbdf-4cb4-b0d6-7833863998b1	DOPORUČUJI	[('restaurant general', 'positive', 'NULL')]
0b34b3cf-6769-4ab5-b973-089a4d57e402	Opakovaně jsme byli velmi spokojeni s kvalitou jídla i vína	[('food quality', 'positive', 'jídla'), ('drinks quality', 'positive', 'vína')]
0b65797f-08c0-4810-b0be-98a64815dff0	Po předchozích zkušenostech (a to nejen z tohoho steak housu) jsme si objednali propečení medium rare, abychom dostali propečení medium (všude jsme zatím vždy dostali o stupen víc propečený steak, než jaký jsme chtěli)	[('food quality', 'negative', 'steak'), ('restaurant general', 'neutral', 'steak housu')]
4e93b9ba-f61e-4eee-b283-0f2eaeefbaa3	tu chvalu si tu asi provozovatelka piše sama :D necom strašnyho.	[('service general', 'negative', 'provozovatelka'), ('restaurant general', 'negative', 'NULL')]
677ef9f4-c068-480e-9df0-5f9d3703863d	Jidlo mi Velma chutnalo personal velmi mili a prijemny	[('food quality', 'positive', 'Jidlo'), ('service general', 'positive', 'personal')]
54b67222-5468-4694-a7c2-ba610e7a5e90	Milovali jsme toto místo! Vynikající česká kuchyně za bezkonkurenční ceny. Služba byla skvělá as úsměvem. Rozhodně jedna z nejlepších restaurací v Praze	[('food prices', 'positive', 'česká kuchyně'), ('food quality', 'positive', 'česká kuchyně'), ('service general', 'positive', 'Služba'), ('restaurant general', 'positive', 'restaurací')]
69425707-0faa-4b4b-ab60-707ea7d3cff4	Dnes je tato hospůdka někde jinde,kromě pár burgerů za 200,- nebo steaků od 335,- si nemáte téměř co objednat	[('restaurant general', 'negative', 'hospůdka'), ('food prices', 'neutral', 'burgerů'), ('food prices', 'neutral', 'steaků')]
fbf8d6b6-5200-4745-adea-d6ff4942f1a3	Moje první zkušenost velmi kladná - přijatelná cena a velká porce jídla. Navíc jídlo přivezeno za mnohem kratší dobu od telefonické objednávky než je u rozvozů po Lípě zvykem ;-)	[('food style_options', 'positive', 'porce'), ('restaurant prices', 'positive', 'NULL'), ('service general', 'positive', 'NULL')]
2dbf15c6-73ba-4242-a2df-e13c29cfac9f	Byla jsem zklamaná,že mi odmítli dát k jídlu kohoutkovou vodu.Prý na to nejsou zařízení?????	[('drinks style_options', 'negative', 'kohoutkovou vodu'), ('restaurant general', 'negative', 'NULL')]
d4c5e7bd-196f-48f2-9254-6820c738d950	Měl jsem pošírované kačení stehno a byla to normální žvýkačka	[('food quality', 'negative', 'kačení stehno')]
962f7f4a-2447-415c-a3c7-15839932c4a8	Skoda ze jiny restaurace maji max. Do 5 komentu.... jste nejlepsi	[('restaurant general', 'positive', 'NULL')]
b1234720-4289-4c2e-b74b-81db30b5f997	Jsou místa kde se jde najíst o dost lépe za podstatně méně peněz	[('food prices', 'negative', 'NULL'), ('food quality', 'negative', 'NULL')]
419d2cc9-6067-4f4b-8efc-7c7fe9fe5270	Dobre jidlo	[('food quality', 'positive', 'jidlo')]
117b3fa1-949b-4173-8f7b-512755ac81bd	Pěkně prostredi.Obsluha vpohode.A jidlo bylo take dobře.	[('ambience general', 'positive', 'prostredi'), ('service general', 'positive', 'Obsluha'), ('food quality', 'positive', 'jidlo')]
04f5e05d-136a-4061-9e01-76cf812725df	VŽDY JSEM BYL SPOKOJEN,ASI NĚKDO UKŘIVDĚNY NEBYL	[('restaurant general', 'positive', 'NULL')]
e3c9d767-e40b-40e3-85e2-a8db7473a1c1	Jídlo boží,  obsluha slušná a ochotná.  Příjemné prostředí.  Půl hvězdičky bych odebral za značku piva, pouze Plzen. Alespoň že mají i nefiltrovanou... Rezervace je asi nutná.	[('food quality', 'positive', 'Jídlo'), ('service general', 'positive', 'obsluha'), ('ambience general', 'positive', 'prostředí'), ('drinks style_options', 'neutral', 'piva')]
5dd3d4b3-ddaa-461b-a1aa-6227f9b53c42	nacekany venkov na Vinohradech Prahy 2,vynikajici germansky zazitek!	[('food quality', 'positive', 'NULL')]
10533a7d-1ffd-48ee-9446-f93efdddd0c1	Tato restaurace patří mezi těch pár které nezklamou.	[('restaurant general', 'positive', 'restaurace')]
857ca7f5-5093-4860-92fe-18c977f96706	neco strašnyho, pečivo z mrazaku, brambory stary, akorat pivo chutnalo, ty doporučeni ja chvala sou tady asi jen od majitele !!!	[('food quality', 'negative', 'pečivo'), ('food quality', 'negative', 'brambory'), ('drinks quality', 'positive', 'pivo'), ('service general', 'negative', 'majitele')]
570f4b2c-c08b-451e-a832-56ae96eb5255	Servírka se raději věnuje malému dítěti hosta, což chápu, že je roztomilejší, nicméně platící host jsem já.	[('service general', 'negative', 'Servírka')]
11f7eb7d-c86a-4470-b782-012339ae4c38	Mužu jen souhlasit super jidlo a obsluha taky fajn	[('food quality', 'positive', 'jidlo'), ('service general', 'positive', 'obsluha')]
75da0b9b-ca38-42e0-ad16-66c61771c006	Vůbec nechápu jak tato restaurace může být doporučována.	[('restaurant general', 'negative', 'restaurace')]
f8e343db-8b97-49c4-978b-ba440fa13d53	Tak katastrofální čínskou restauraci jsem ještě neviděla, hodnotím all you can eat - všechno jídlo studené - asi ještě od oběda; žádné popisy, co to vlastně mělo být; maso tuhé a suché; smažené banány, kuře, am. brambory a krokety hozené do jedné mísy.	[('restaurant general', 'negative', 'čínskou restauraci'), ('food quality', 'negative', 'all you can eat'), ('food quality', 'negative', 'jídlo'), ('food quality', 'neutral', 'oběda'), ('food quality', 'negative', 'maso'), ('food quality', 'negative', 'smažené banány'), ('food quality', 'negative', 'kuře'), ('food quality', 'negative', 'am. brambory'), ('food quality', 'negative', 'krokety')]
4190702e-1a13-429f-a988-5fa585e0f1e2	Super jídlo za úžasnou cenu v centru. Kdo si chce pochutnat a dobře se najíst tak zavítejte sem. Fakt Dobré.	[('food quality', 'positive', 'jídlo'), ('location general', 'positive', 'NULL'), ('restaurant general', 'positive', 'NULL')]
69ab8c80-0fc8-4e35-8941-47aa6fa6aee9	Super.	[('restaurant general', 'positive', 'NULL')]
a26e7ac9-2958-41a1-9d4e-2398002f2698	Dobré ceny i porce. A ted kontra: obsluha zmatená,pozdeji i nepříjemná. Na všech sklenících otisky prstů nakumulované alespon za tyden. Na stole uvnitř rej mravencu. Všude navodne, příkazové a zakazove cedulky. Při placení cisnikovi tento celou dobu posnupaval a teklo mu z nosu, což resil tak,ze si jej utiral do hřbetu dlaně,kterou prijimal platbu a vydával nazpět...dost nechutné.	[('food style_options', 'positive', 'porce'), ('service general', 'negative', 'obsluha'), ('ambience general', 'negative', 'sklenících'), ('ambience general', 'negative', 'stole'), ('food style_options', 'negative', 'cisnikovi'), ('food style_options', 'negative', 'NULL'), ('restaurant prices', 'positive', 'NULL')]
5a80d39f-1eb0-41ba-8dd3-f4a5612663a2	Jídlo bylo skvělé a docela levné, obsluha extrémně rychlá a příjemná. Prostředí motorestu je pěkné. Určitě doporučuji k navštívení	[('food prices', 'positive', 'Jídlo'), ('food quality', 'positive', 'Jídlo'), ('service general', 'positive', 'obsluha'), ('ambience general', 'positive', 'Prostředí'), ('restaurant general', 'positive', 'NULL')]
dd4f04ce-800e-446c-9641-f5cbaec935c9	Přes to jdu dnes do Café Imparial na polední menu :)	[('restaurant general', 'positive', 'Café Imparial')]
01bb8060-1e21-49b1-8cc4-85de953b23ed	Za jídlo si klidně připlatím, ale jídelní lístek a ceny jsou dost mimo	[('food prices', 'negative', 'jídlo'), ('food style_options', 'negative', 'jídelní lístek')]
4bc51b78-3c91-4d39-8557-8b69935ac641	Co se obsluhy týče jedna z nejhorších hospod v Brně.	[('service general', 'negative', 'obsluhy')]
8e052d25-5c64-4d18-ab0d-c20219828db8	Pokud nejste studenti, nedávejte si studentské menu, budete označení za podvodníky.	[('service general', 'negative', 'NULL')]
edc39545-2dbe-4016-9f12-b6b4da84ac09	Obsluhu komentovat ani nebudu byla to nepohledná a až velmi oprsklá a drzá mladá slečna	[('service general', 'negative', 'Obsluhu')]
676d2c30-3106-4354-91c5-6a4fefa10dd0	DOPORUČUJI i těm závistivcum a nepřátelum	[('restaurant general', 'positive', 'NULL')]
3f91637a-ff21-40ab-9e15-b3d3d3e8ca5b	Byli jsme zde 10.3.2012 uplatnit vouchery na slevy, jídlo bylo za 30minut na stole, kvalita a množství jídla dobrá, obsluha průměrná, čistota dobrá, takže celkem spokojenost	[('food quality', 'positive', 'jídlo'), ('food style_options', 'positive', 'jídlo'), ('food quality', 'positive', 'jídla'), ('food style_options', 'positive', 'jídla'), ('service general', 'neutral', 'obsluha'), ('ambience general', 'positive', 'NULL'), ('restaurant general', 'positive', 'NULL')]
8cfaa82b-d6b3-4e11-b04a-695f066256a6	NEDOPORUCUJI	[('restaurant general', 'negative', 'NULL')]
85514710-dec0-4d69-96f1-8df40b47413b	Dobrá káva, příjemná oblsuha a hlavně ve vedrech perfektní chládek.	[('drinks quality', 'positive', 'káva'), ('service general', 'positive', 'oblsuha'), ('ambience general', 'positive', 'NULL')]
69edaebe-aa6b-4970-abb5-335be6b0c76a	Pizzerii již určitě nenavštívím a nedoporučuji ji ani nikomu ze svých známých - raději ať se jí obloukem vyhnou a zkusí to jinde (např. PizzaCompany dělá výbornou pizzu za skvělé ceny - zde jsem byl vždy spokojen).	[('restaurant general', 'negative', 'Pizzerii')]
478c7246-83df-4607-883c-e2349cb414ef	"Po objednání halušek s ""anglickou slaninou"" a zelím jsem obdržela halušky se škvarky a zelím. Velice nemilé a hodně smutné"	"[('food quality', 'negative', 'halušek s ""anglickou slaninou"" a zelím')]"
4814aeaa-7b47-4bb7-a88b-e57dc7b3fd79	Budu doporučovat všem známým	[('restaurant general', 'positive', 'NULL')]
ab5c0012-e5ba-419c-91de-6bbfb027ce5e	Skvělá atmosféra a úžasná pizza za nízkou cenu.	[('ambience general', 'positive', 'atmosféra'), ('food prices', 'positive', 'pizza'), ('food quality', 'positive', 'pizza')]
4a408cd6-09ec-4f82-b535-ba3b8b7fcb8c	Káva, pivo, občerstvení.. super	[('drinks quality', 'positive', 'Káva'), ('drinks quality', 'positive', 'pivo'), ('food quality', 'positive', 'občerstvení')]
cf6b6690-45b0-48c0-beab-e60e231e0806	Příjemná restaurace, ve které se dá i s kamarády posedět u piva.	[('restaurant general', 'positive', 'restaurace')]
fc7ec014-10b6-49d3-8bd8-176e376760b4	Obsluha dobrá , dali jsme si Hovězí líčka	[('service general', 'positive', 'Obsluha')]
20de0078-671a-45e4-8269-b583a7263998	musím ač nerada přidat ŠPATNÝ!!!moc špatný,maso nejde ukrojit natož pozřít	[('food quality', 'negative', 'maso'), ('restaurant general', 'negative', 'NULL')]
339019dc-5f76-4a95-bcdf-5b4368630f72	Dobrá služba pro rušné místo. Předražené.	[('restaurant prices', 'negative', 'služba'), ('service general', 'positive', 'služba')]
ed1116b8-0060-426c-ab95-ac15e08e069a	Rozumný nevstoupí 2x do špatné řeky	[('restaurant general', 'negative', 'NULL')]
b6949bb0-7fad-4ce4-932a-9c801fb336d7	trochu presolena omacka, ale jinak luxus	[('food quality', 'positive', 'omacka')]
be1c13a4-63f1-4547-879e-1cc29343ff08	Jidlo chutné ale v poměru s cenami o 250mnm vice dost drahé	[('food prices', 'negative', 'Jidlo'), ('food quality', 'positive', 'Jidlo')]
25917dde-d926-423b-a485-77ab6724d9f6	Musela tedy na pohotovost, kde ji bylo sděleno, že má slabou otravu ze zkaženého masa!!!	[('food quality', 'negative', 'masa')]
9840e2c0-4018-471e-bcda-c56257e5144f	Super	[('restaurant general', 'positive', 'NULL')]
98617fde-4af8-44e0-a7f2-9a5d5c7945cb	Moc dobra restaurace, skvele jidlo a domaci limo. Stale si drzi svuj standard!	[('restaurant general', 'positive', 'restaurace'), ('food quality', 'positive', 'jidlo'), ('drinks quality', 'positive', 'domaci limo')]
5983414a-3416-4952-9be3-83cccf1d589e	Jinak doporučuji jablkový závin.	[('food quality', 'positive', 'jablkový závin')]
5f705541-ce34-4de8-9322-354cfa5b80b7	Jídlo výborné, velké porce, především gulášová polévka skvělá.	[('food quality', 'positive', 'Jídlo'), ('food style_options', 'positive', 'porce'), ('food quality', 'positive', 'gulášová polévka')]
5eac9984-671f-432a-9836-fe10774ba38e	Čekal jsem více... to jsou ty prvky očekávání a pak sklamání :)	[('restaurant general', 'negative', 'NULL')]
074ca942-c50f-4980-a6c1-b7d30117f3e7	Ano, výborné :).	[('restaurant general', 'positive', 'NULL')]
7221cb72-035c-4803-8326-cd5f3eaa600b	jeden veliký podvod,ohřívané jídlo, špinavé a otlučené talíře,čekáme na střevní potíže	[('food quality', 'negative', 'jídlo'), ('ambience general', 'negative', 'talíře'), ('restaurant general', 'negative', 'NULL')]
6f8b1172-8446-459b-914a-ed797b061d9b	Smrdělo to, nebylo to teplé.	[('food quality', 'negative', 'NULL')]
a28922c4-f4ca-45c8-9029-d780d334e580	Celý večer se o nás skvěle starali	[('service general', 'positive', 'NULL')]
b6002ad3-4689-43ac-ba95-8b793fc87073	Vžsycky holt není změna k lepšímu	[('restaurant general', 'negative', 'NULL')]
332102a6-e2db-4f26-89e4-feb89bc00edb	Opět jsem si velmi pochutnali. Musím říct, že nový design webu, nové burgery a speciální nabídka hranolek jsou příjemným zpestřením. Musím jen konstatovat, že v horní části je opravdu horko a to venku bylo cca 20 stupňů...	[('food style_options', 'positive', 'burgery'), ('food style_options', 'positive', 'hranolek'), ('ambience general', 'neutral', 'NULL'), ('food quality', 'positive', 'NULL')]
6795c40e-af28-4b49-8cd7-6a35e884b226	Vždy bez problémů a s plnou spokojeností	[('restaurant general', 'positive', 'NULL')]
7dc07b95-f6f3-47c0-9ca8-f2b2e97503cb	Nejlepší restaurace v dané lokalitě 👍	[('restaurant general', 'positive', 'restaurace')]
27db6180-83a1-4400-8937-34269bf69d63	Člověku se z té oázy klidu ani nechce zpět do práce	[('restaurant general', 'positive', 'NULL')]
66265e66-01f5-46e7-a2e9-64517a095107	Hnusná okoralá žebra politá nejedlou hnědou česnekovou omáčkou. Staré (zkažené) plzeňské pivo. A to černý pivo, co tam čepujou, se vůbec nedá pít. Brrrrrrrrr, snad mě tam už nikdy nikdo nepozve.	[('food quality', 'negative', 'žebra'), ('food quality', 'negative', 'česnekovou omáčkou'), ('drinks quality', 'negative', 'plzeňské pivo'), ('drinks quality', 'negative', 'černý pivo')]
3c885da2-8842-4ae3-933c-afa94dfc3702	Nejlepší! :)	[('restaurant general', 'positive', 'NULL')]
1a44cb3a-c11b-4a9d-91c5-e423cc08e918	Byl jsem zde s celou rodinou, musím vřele doporučit, skvělé jídlo kachna, to byla báseň, cheesecake výborný, ryba, polévka vše naprosto v pořádku!	[('food quality', 'positive', 'jídlo'), ('food quality', 'positive', 'kachna'), ('food quality', 'positive', 'cheesecake'), ('food quality', 'positive', 'ryba'), ('food quality', 'positive', 'polévka'), ('restaurant general', 'positive', 'NULL')]
b56fa673-24b7-42d4-a1e0-7a4fd812d8df	A co mi dost vadí, je ne zrovna profesionální, často až arogantní chování rozvozců pizzy :(	[('service general', 'negative', 'rozvozců')]
2669afad-986c-4997-9598-65e5bb85b779	Jídlo a pivo vynikající, obsluha rovněž tak	[('food quality', 'positive', 'Jídlo'), ('drinks quality', 'positive', 'pivo'), ('service general', 'positive', 'obsluha')]
04b5d0c5-fe23-4871-957f-b5dedd686b59	Líbí se mi prostředí a hlavně velmi milá obsluha ,jídlo nemluvě,byla jsem velmi spokojená.vřele doporučuji.	[('ambience general', 'positive', 'prostředí'), ('service general', 'positive', 'obsluha'), ('food quality', 'positive', 'jídlo'), ('restaurant general', 'positive', 'NULL')]
2813140e-2b12-4a56-a020-4e752ccbc25a	Byly jsme tam s kamrádkou na večeři, byly jsme spokojené.	[('food quality', 'positive', 'večeři')]
9e08d6be-c628-4daa-87ac-6b890f03838f	Krásné místo, rychlá obsluha a dobré jídlo.	[('restaurant general', 'positive', 'místo'), ('service general', 'positive', 'obsluha'), ('food quality', 'positive', 'jídlo')]
a2b9e382-d8ee-452e-9c7e-73782606e98b	Teplé nápoje!	[('drinks quality', 'negative', 'nápoje')]
c62eb02e-9e8e-49bf-a89c-33670b688aa4	Steak zapáchal a to si opravdu nevymýšlím, tak jsem ho vrátil, donesli mi myslím ten stejný a bez omluvy, tak jsem jim jídlo vrátil.	[('food quality', 'negative', 'Steak'), ('service general', 'negative', 'NULL')]
701eda69-bcc1-47ed-b384-c65642a709ba	Musím souhlasit s předchozím hodnocením, že je tato restaurace příjemná hlavně díky zahrádce a grilu. Byl sem zde několikrát a neměl sem větší výhrady, není to o extra zážitcích , ale dá se zde na procházce po přehradě slušně najíst a posedět	[('restaurant general', 'positive', 'restaurace'), ('ambience general', 'positive', 'zahrádce'), ('food quality', 'positive', 'NULL')]
f01f46c7-94a4-4d66-8546-ed1104b7b393	K těmto 5* není třeba komentáře. :-)	[('restaurant general', 'positive', 'NULL')]
0c9cec51-0eff-4dc4-ba53-e143ebdf2774	Interiér hrůzostrašný ceny vyšší než v motorestech na D1 ale ty jsou na úplně jiné úrovni ale když to lidem nevadí a chťějí vidět jak to vypadalo před 50 roky proč ne	[('ambience general', 'negative', 'Interiér'), ('restaurant prices', 'negative', 'NULL')]
9299bfa9-374b-4281-8ce6-05c02388a167	Příšerná restaurace s hrozným jídle, urážka řecké kuchyně	[('restaurant general', 'negative', 'restaurace'), ('food quality', 'negative', 'jídle'), ('food quality', 'negative', 'řecké kuchyně')]
b198123e-e706-4dcd-bfbb-8acf9ead8042	A jestli začnete večer štěkat,tak si vzpomeňte na to HOVĚZÍ.	[('food quality', 'negative', 'HOVĚZÍ')]
6c8fa2e3-54c3-47a3-940f-392263e2db6b	Byl jsem velmi mile překvapen!	[('restaurant general', 'positive', 'NULL')]
2e0fda04-bd79-4dfd-8a98-1e15c90fbe5f	I já byl velkým příznivcem a propagátorem Hospůdky u Štěpána a pravidelně od r. 2009 jezdil s partou přátel na večeři a návštěva u Štěpána - to byl pro nás zážitek	[('restaurant general', 'positive', 'Hospůdky u Štěpána')]
73966d89-7c26-4c0e-befa-2bbc87fea54f	Prostědí sice hezké, ale luxusní? to ne.	[('ambience general', 'positive', 'Prostědí')]
784918df-8111-4b2f-a4b1-34387abd2215	TADY JSEM ODCHÁZEL S POCITEM, ŽE BYCH SI JESŤE NĚCO DAL!!	[('restaurant general', 'positive', 'NULL')]
5cd724cd-9705-40f9-abcf-0d489c3312c6	K tomu domácí olivový chleba a talířek se sýry - to vážně nemělo chybu	[('food quality', 'positive', 'domácí olivový chleba'), ('food quality', 'positive', 'talířek se sýry')]
c2914e76-b510-4e37-830e-ba6847a1b126	Jsou tam strašně milý a ještě k tomu tam vaří opravdu výborně ale opravdu výborně	[('food quality', 'positive', 'NULL'), ('service general', 'positive', 'NULL')]
8e241548-7e04-4224-b652-6e43045555af	Super a příště zas s Terezkou	[('restaurant general', 'positive', 'NULL')]
8e02c9e5-bade-4596-848e-f31d3fd8bc49	Této restauraci se raději vychněte obloukem!!!	[('restaurant general', 'negative', 'restauraci')]
7d139ea3-34d2-49c5-ad88-684a674fe69e	Vymazlene jidlo. Mily a profesionalni personal. Radi se tam vracime.	[('food quality', 'positive', 'jidlo'), ('service general', 'positive', 'personal'), ('restaurant general', 'positive', 'NULL')]
0e576784-c579-49bd-841f-050df70802e8	Včera jsme na doporučení navštívili Musta koiru, Strávili jsme tam velmi příjemný večer s krásně servírovaným a výborným jídlem	[('restaurant general', 'positive', 'Musta koiru'), ('food quality', 'positive', 'jídlem')]
efbb2a3f-e8be-4dc9-ba4e-9b14d7825ae9	Nejsem žádný velký jedlík, ale toto jsem pomalým tempem snědl za 5 min, jak toho bylo málo	[('food style_options', 'negative', 'NULL')]
2e1313af-ad0b-4745-ac41-860a1c869020	Ono žádná sláva nebylo ani samotné maso	[('food quality', 'negative', 'maso')]
a0e1c607-0479-4093-af3a-b1683333d937	po vymeneni to bylo lepsi, ale za ty penize to opravdu nestalo	[('restaurant miscellaneous', 'negative', 'NULL'), ('restaurant prices', 'negative', 'NULL')]
0e769e09-9098-4a15-bace-ede1df34db45	Nejlepší masala, co jsem měla. Skvělé prostředí pro romantiky. :o)	[('food quality', 'positive', 'masala'), ('ambience general', 'positive', 'prostředí')]
7c7146cc-089f-458f-b8ca-8d101f29ab17	Byl jsem příjemně překvapen.	[('restaurant general', 'positive', 'NULL')]
44dba6cf-522b-4499-af7a-aabad56dfbee	Vlastně to není moc. Jídlo bylo průměrné, zbytek je v pořádku.	[('food quality', 'neutral', 'Jídlo')]
f8c295a1-6591-44d0-8365-e7ce97da8eb4	Ten zápach jsem cítil i já	[('ambience general', 'negative', 'NULL')]
48f8e877-a9d3-4b9b-9ad2-575cd931326f	Reštiku doporučujem :)	[('restaurant general', 'positive', 'Reštiku')]
d5a5d2fc-7b0f-44f6-b572-08f331c14b2b	Výborné prostředí, škoda jen, že je tam neustále plno	[('ambience general', 'positive', 'prostředí'), ('restaurant miscellaneous', 'positive', 'NULL')]
dcc3afa6-5d0c-47ad-ac39-0d4cc91c8c17	jídlo a lahev čeveného vína zní dobře, pokud se ale trochu vyznáte, zkuste to někde jinde	[('food quality', 'negative', 'jídlo'), ('drinks quality', 'negative', 'lahev čeveného vína')]
529c4973-cc3b-40cc-8d05-ee155b79c824	Co přišlo potom nás ale dorazilo	[('restaurant miscellaneous', 'negative', 'NULL')]
ae5e1922-55a8-4031-b78c-9067abd75fe7	Dobré jídlo v Praze	[('food quality', 'positive', 'jídlo')]
1477a10b-be38-48d3-a5f5-45f81e64df26	Mají všechno možné, ale stejně si nejraději dávám čínská jídla.	[('food quality', 'positive', 'čínská jídla')]
e96575f3-70b7-4bae-9366-51cc03a0ee70	Jsem velice zklamaná :-( hlavní chod byl velmi nechutný.	[('food quality', 'negative', 'hlavní chod'), ('restaurant general', 'negative', 'NULL')]
a0b471a2-9b64-46bf-a8f5-01b294ca88bd	Díky, díky za dnešního božského lososa s limetkovou omáčkou a bramborovo-batátovým pyré i lahodnou tresku v kokosovém těstíčku s jasmínovo-sezamovou rýží <3! Budou na stálém menu? #realfood #worldcuisine #foodorgasm	[('food quality', 'positive', 'lososa s limetkovou omáčkou'), ('food quality', 'positive', 'bramborovo-batátovým pyré'), ('food quality', 'positive', 'tresku v kokosovém těstíčku s jasmínovo-sezamovou rýží')]
c34fc5bf-e07a-424f-a981-c16eb8719ca5	Naprostá spokojenost, vždy.	[('restaurant general', 'positive', 'NULL')]
506af0d9-2188-4d6c-9993-42d2e06d52c1	Děkujeme a brzy nashedanou	[('restaurant general', 'positive', 'NULL')]
2b440f82-9e2b-474b-8129-6fdbb4d125b7	5.10.12 jsme si dávaly toto meníčko a můžu říct strašnééé kuřecí roladá stará okoralá,švestková omáčka byla v podání toho že tam byli povydla hnusnýý to se nedalo nevím co tam dělal ten kuchař ale čekat 55 minut na toto jídlo které bylo studené a není nic horšího jak studené jídlo blééé takže restaurace na scestí už nikdy!!!!	[('food style_options', 'negative', 'meníčko'), ('food quality', 'negative', 'kuřecí roladá'), ('food quality', 'negative', 'švestková omáčka'), ('food quality', 'negative', 'povydla'), ('service general', 'negative', 'kuchař'), ('food quality', 'negative', 'jídlo'), ('food style_options', 'negative', 'jídlo'), ('restaurant general', 'negative', 'restaurace')]
07265a57-6738-41fd-97ce-9a9ac68c3814	Ovšem co jsme zažili, to nás tak akorát znechutilo	[('restaurant general', 'negative', 'NULL')]
848af87e-59f6-4c81-9ee9-47e1ea84d6f2	Po vyžádání peněz zpět nebo alespoň jiného jídla jsme nepochodili	[('food quality', 'negative', 'jídla'), ('service general', 'negative', 'NULL')]
9d9d4b75-a2db-4192-bf0a-440d5cd771a1	Na suchu jsme neseděli.	[('restaurant general', 'positive', 'NULL')]
f7b5f703-720b-4569-820c-8a5da995ce5e	DOBRÉ JÍDLO ZA LEVNOU CENU, POCHUTNALY JSME SI	[('food prices', 'positive', 'JÍDLO'), ('food quality', 'positive', 'JÍDLO')]
f17b4e7a-418a-4230-80a6-bf30eaf59c39	Příjemnė posezení i obsluha.	[('ambience general', 'positive', 'posezení'), ('service general', 'positive', 'obsluha')]
fe04d284-413a-4de8-bc9f-0078495dab3f	A doporučujeme všem zažít kvalitu jejich kuchyně!	[('food quality', 'positive', 'kuchyně')]
ad8efada-5046-428a-8c19-f424a0de23c2	Velký mňam jídlo i pivo a příjemná terasa	[('food quality', 'positive', 'jídlo'), ('drinks quality', 'positive', 'pivo'), ('ambience general', 'positive', 'terasa')]
1fadfa73-acec-4840-a72f-ddb4ded76efe	"Moc hezká malá kavarná. Mají zde výbornou kávu a ""trofej"" jelena z polygonů.  Nice little café. Coffee tastes great and there also a polygon deer ""trophy""."	[('restaurant general', 'positive', 'kavarná'), ('drinks quality', 'positive', 'kávu'), ('ambience general', 'positive', 'NULL')]
0766acff-1d37-4f96-bafc-eb2e6f848b6b	do této restaurace mě nalákalo studentské zvýhodněné menu.	[('food prices', 'positive', 'menu'), ('food style_options', 'positive', 'menu')]
ad8013f6-bf38-422f-b178-ccbf87abf7d2	A k čemu se musím vyjádřit, byly quesadilly - rádoby mexické - ovšem suché placce s rozmraženými lusky, sterilovanou kukuřicí a rádoby čedarem uvnitř - naprosto nepoživatelná katastrofa	[('food quality', 'negative', 'quesadilly'), ('food quality', 'negative', 'placce s rozmraženými lusky'), ('food quality', 'negative', 'sterilovanou kukuřicí'), ('food quality', 'negative', 'čedarem')]
5e46bc2b-e89d-4ae5-9561-6d932e1317bc	Byly jsme s přítelem na Valnovce na večeři ochotná obsluha a výborné jídlo a bezva porce,co se týče ubytování nebyl problém s rezervací naší svatby a paní majitelka vstřícná a ochotná nám ve všem vyhovět vřele doporučuji	[('restaurant general', 'positive', 'Valnovce'), ('food quality', 'positive', 'večeři'), ('service general', 'positive', 'obsluha'), ('food quality', 'positive', 'jídlo'), ('food style_options', 'positive', 'porce'), ('service general', 'positive', 'majitelka')]
4a55044d-9d0c-4d53-b80e-7dd0ae32218c	Výborné jídlo i pivečko!	[('food quality', 'positive', 'jídlo'), ('drinks quality', 'positive', 'pivečko')]
21993f00-07d6-4915-9a00-1e9e49ac2318	Kde jsem si dala bramborovou kaši a řízek a bylo to fakt jak ze školní jídelny, což mne dosti udivilo, protože jsem tuto restauraci znala jako tu z těch lepších.	[('food quality', 'negative', 'bramborovou kaši'), ('food quality', 'negative', 'řízek'), ('restaurant general', 'negative', 'restauraci')]
d28fee77-8bab-4666-8335-8aeb8d73e4bf	Sice tam mají na obědy celkem dost lidí ale i tak skvělá restaurace na obědy a určitě i na večeře.	[('food quality', 'positive', 'obědy'), ('restaurant general', 'positive', 'restaurace'), ('food quality', 'positive', 'večeře')]
e02b23b8-178a-4520-b610-f39fb84f5e75	Dobře, populární, hlučné	[('ambience general', 'negative', 'NULL')]
8a6827bd-d137-42e2-93a7-04398351b763	"Ale byl jsem velmi mile překvapen, když jsem si dal meníčko a bylo to vynikající české jídlo, jak se říká ""jako od maminky"" nejen množstvím, ale velmi dobrou kvalitou"	[('food quality', 'positive', 'meníčko'), ('food style_options', 'positive', 'meníčko'), ('food quality', 'positive', 'české jídlo')]
8e8baee3-5809-4c4e-abb9-e6ad49f15d56	Spolu s vyššími cenami jídla to přičítám zoufalému nedostatku konkurence v oblasti.	[('food prices', 'neutral', 'jídla')]
8e55ad9b-aafe-4fb6-9c74-86c021e599e4	Skvělé jídlo	[('food quality', 'positive', 'jídlo')]
eb68ea2c-5d43-4b0a-b7bc-12a73bd2872f	Otřesné a drahé.	[('restaurant miscellaneous', 'negative', 'NULL'), ('restaurant prices', 'negative', 'NULL')]
94bc782c-52cf-425f-ab4d-97023c2419be	Na toalety se chodí do restaurace a ta si tedy žádá velkou rekonstrukci, hlavně toalety!!	[('ambience general', 'negative', 'toalety'), ('restaurant general', 'negative', 'restaurace')]
0bc2bd66-d0cd-475a-b4ad-b4151ab4ccd4	Kuchař byl perfektní, jidlo skvělé a obsluha příjemná a teplá	[('service general', 'positive', 'Kuchař'), ('food quality', 'positive', 'jidlo'), ('service general', 'positive', 'obsluha')]
53119d9c-0715-4283-a51a-c69e89fff558	To bylo nejhorší jídlo, které jsem kdy jedl.	[('food quality', 'negative', 'jídlo')]
6b146ffa-7315-4b1d-961d-d44f27dc2ca1	Aby se to dalo vůbec uříznout, doporučil bych lepší nože, ale co se mi doposud nikdy nestalo, že jsem musel ze steaku (ZADNÍ hovězí) odřezávat nepoživatelné kusy masa, protože se jej kuchaři nechtělo moc čistit, mě dostalo	[('food quality', 'negative', 'steaku'), ('food quality', 'negative', 'masa'), ('service general', 'negative', 'kuchaři')]
a0497b6c-0774-4013-8dfb-54ce6d74be5c	Měl jsem vztek a z restaurace jsem odešel, když u stolu vedle mého začala paní kouřit a bylo mi řečeno, že paní je již v kuřácké zéně a tudíž to smí.	[('ambience general', 'negative', 'restaurace'), ('restaurant miscellaneous', 'negative', 'restaurace')]
2c24fb7d-0b9e-4c9b-8f17-a2fbb49a0d84	A před koncem platnosti poukazu bývá hodně plno, takže je potřeba fakt rezervovat dost předem	[('restaurant miscellaneous', 'negative', 'NULL')]
9bc411a3-8cc7-4ce6-a997-988284cd32dd	Zde moc dobre vari. Najdete tu spis českou klasiku. Vyborny pomer cena/kvalia. Za levneji se tu opravdu dobre najíte. Obsluha bila milá	[('service general', 'positive', 'Obsluha'), ('food prices', 'positive', 'NULL'), ('food quality', 'positive', 'NULL')]
c01beb94-60b7-4609-bf09-859a526d40bc	Jídlo bylo vynikající a i přesto, že jsem jedno vrátili, protože bylo studené, hned nám bylo bez jakýchkoliv problémů nebo řečí vyměněno	[('food quality', 'positive', 'Jídlo'), ('service general', 'positive', 'NULL')]
51d142bd-ae26-43ba-b17c-af782591d61c	"Na závěr nám slečna číšnice naúčtovala za 30 Kč 4 suché chleby a máslo, které nám donesla ""jako pozornost"" ještě než jsme si stihli sednout bez objednání (naivně jsme si mysleli, že je to pozornost podniku)."	[('service general', 'neutral', 'číšnice'), ('food prices', 'negative', 'chleby'), ('food quality', 'negative', 'chleby'), ('food prices', 'negative', 'máslo')]
f1bdd232-f67c-460f-ac33-508624826ed0	Tuto restauraci URČITĚ NEDOPORUČUJI!!!!!! Já osobně už tam ani nepáchnu!	[('restaurant general', 'negative', 'restauraci')]
7b380889-932e-4a60-a341-e39463bbfa3f	To co jsme tam prožili tak to opravdu néééééé.	[('restaurant general', 'negative', 'NULL')]
84a4192b-03c1-4c69-9f17-d6ca147c0c46	Prostředí restaurace velmi pěkné, zdařilá rekonstrukce oproti dřív, jídlo dobré, sprchy a zázemí ucházející, personál je jedno velké špatné. Raději jinam, kde si zákazníka váží. Akceptují multisport	[('ambience general', 'positive', 'Prostředí'), ('food quality', 'positive', 'jídlo'), ('service general', 'negative', 'personál'), ('ambience general', 'neutral', 'NULL')]
06f67df2-6f91-4447-8c55-72de002af83f	V salátu Coleslaw mi chybělo celerové semínko a byl slazen cukrem	[('food quality', 'negative', 'salátu Coleslaw')]
c37dc4c5-87f2-431b-bcd3-17e427739ee7	Nejlepší veganské bistro v Praze. Denní nabídky jsou úžasné. Spousta dortů, nejlepší je punč!	[('restaurant general', 'positive', 'veganské bistro'), ('food style_options', 'positive', 'Denní nabídky'), ('food style_options', 'positive', 'dortů'), ('food quality', 'positive', 'punč')]
c4912c53-21ad-4e8f-b567-227486653f09	Vše super, příjemný hotel, příjemný personál, super cena, pochutnali jsme si.....	[('food quality', 'positive', 'hotel'), ('restaurant general', 'positive', 'hotel'), ('service general', 'positive', 'personál'), ('restaurant prices', 'positive', 'NULL')]
b1dec92f-76d7-489e-a6f1-c5331b0818ec	Díky a už NIKDY VÍCE !!!!!!!!!!!!	[('restaurant general', 'negative', 'NULL')]
3f27f7b3-b61f-483d-aa19-330b6039579f	Výborné denní menu, příjemná a rychlá obsluha. Doporučuji!	[('food quality', 'positive', 'menu'), ('service general', 'positive', 'obsluha'), ('restaurant general', 'positive', 'NULL')]
cf15937f-9d24-4ad9-aa12-77577f881eb9	Nemam nic proti homosexualum ale jen proto,ze jsem zena si nezaslouzim takovehle chovani!!Ke kazdemu se maji snad chovat mile!Je mi z obsluhy vylozene spatne a vytocilo me to!	[('service general', 'negative', 'obsluhy')]
209b2c38-5904-417d-8e49-53ea2e34045f	To Za co jsme dnes utratili 900,- Kč se NEDALO zrat	[('food prices', 'negative', 'NULL'), ('food quality', 'negative', 'NULL')]
25fd791d-17a1-48ab-8812-0bc110aea8f4	Má vejce naměkko nedopadla dobře, bílek byl napůl syrový.	[('food quality', 'negative', 'vejce naměkko'), ('food quality', 'negative', 'bílek')]
062a9ef3-2f93-4b8e-83c5-fe9fb746e6bd	Po 30 minutách mi donášejí pizzu.	[('service general', 'negative', 'NULL')]
d51fd8fd-8138-4505-aeb7-97b0530c8744	Neochotný personál, jídlo v kategorii bývale třetí cenové skupiny s cenami první!!!! Děkujeme a již nikdy.	[('service general', 'negative', 'personál'), ('food prices', 'negative', 'jídlo'), ('food quality', 'negative', 'jídlo'), ('restaurant general', 'negative', 'NULL')]
8acc6550-d85b-4fcc-bfd7-653bd85d6230	A ještě poslední věc, kterou musím podotknout, že je také hodně důležité, na jakou směnu narazíte, bohužel to je jediné malé mínus, že na každé směně jsou servírky i kuchaři jiní, naštěstí mě se stalo jen jednou, že jsem nebyl na té správné a bylo to o něco horší, ale znám horší.	[('service general', 'neutral', 'servírky'), ('service general', 'neutral', 'kuchaři')]
4a645008-bbbc-415f-9e1a-db1a9058f3ee	Objednání proběhlo bez jakýchkoliv komplikací	[('service general', 'positive', 'NULL')]
872d3774-2f30-4678-8a90-8d7bd0a70c9d	Rozhodně doporučujeme.	[('restaurant general', 'positive', 'NULL')]
584a5945-1c44-40a2-979a-a0e9e640e0af	katastrofa!  souhlasím s poslední recenzí. Taky zkušenost s panenkou (asi místní hit : )), dostala jsem flák přes půl talíře. Obsluha arogantní, po reklamaci si stála na svém - věta ALE TO JE PANENKAAAAA!!!! krasně korunovala celou nesmyslnot nohoto podniku a jeho služeb.  Kousek odtud je jiná, pěkná restaurace, s moc pěkným venkovním sezením, takže doporučuji popojít pár kroků směrem od zámku.  Po celou dobu naší návštěvy chybělo na toaletách mýdlo.	[('food quality', 'negative', 'panenkou'), ('service general', 'negative', 'Obsluha'), ('restaurant general', 'negative', 'NULL')]
4cf73b94-16e4-4c69-b460-3280ca59316d	Přinesla nám totálně spálené křídla	[('food quality', 'negative', 'křídla')]
af6c55a7-8d38-40d7-b254-63357bb66a7a	Salát Insalata Aubergin s obrovským kusem chuťově velmi výrazného kozího sýra se bez pečiva stává spíše utrpením než pochoutkou.	[('food quality', 'negative', 'Salát Insalata Aubergin'), ('food quality', 'neutral', 'kozího sýra')]
2be06c3f-fb82-43e9-bdbd-282445496051	Takže doporučují	[('restaurant general', 'positive', 'NULL')]
fe9d39a6-dc97-4696-bc37-9d45a2f46d02	Naprosto super zmrzlina!!!Sly jsme na jistotu po doporucenich z internetu a vyplatilo se. Az budeme zase nekdy v Praze - urcite si sem udelame extra zajizdku.Doporucuju!!!	[('food quality', 'positive', 'zmrzlina'), ('restaurant general', 'positive', 'NULL')]
2ef382b3-7398-4591-8b6b-1e90a82a8865	Tatarák vynikající	[('food quality', 'positive', 'Tatarák')]
acbc0926-b6ca-43ae-8690-2dc8b8683636	Parádní restaurace, už od prvního pohledu se nám zamlouvala.. Dal bych pět hvězd, protože moje hovězí s rýži bylo famózní, ale přítelkyne si dala pho Bo a to byl teda slabší průměr.. Na Holešovicke tržnici udělají úžasné pho Bo za poloviční peníze.. Maso v této polévce bylo nakrájené na velké kusy a neodrazene flaksy.. Každopádně pokud se vyhnete pho Bo, určitě si pochutnáte.. Doporučuji!	[('restaurant general', 'positive', 'restaurace'), ('food quality', 'positive', 'hovězí s rýži'), ('food quality', 'neutral', 'pho Bo'), ('food style_options', 'neutral', 'Maso')]
43982ef8-6f7c-48da-ab3d-ff1220bd6757	Bez komentáře perfektní	[('restaurant general', 'positive', 'NULL')]
fbcf0691-3649-4714-9fbb-14ea3e9d7ad3	Souhlasím s p.Ladislavem,chodíme s kolegy do pizzerie na obedy,servírky se tam často mění,ale ta slečna,kterou to viditelně nebaví,ta už je tam hodně dlouho...	[('restaurant general', 'neutral', 'pizzerie'), ('service general', 'negative', 'servírky'), ('service general', 'negative', 'slečna')]
281d532d-7f92-47ba-994b-2e7f5e15a176	Je pravda, že jsme už několikrát zažili, jak odmítal zákazníky s voucherem a bez rezervace, a to nebyl tak veselý, nicméně říkal, že opravdu potřebuje rezervaci předem, aby podle toho objednal maso	[('restaurant miscellaneous', 'negative', 'NULL'), ('service general', 'negative', 'NULL')]
8da110eb-59ee-4765-a108-e58390304b3b	Ale ne každému se zavděčíte, sám za sebe i ostatní, se kterými jsme restauraci navštívili, navštěvujeme, musím říct, že SUPER a doporučuji!	[('restaurant general', 'positive', 'restauraci')]
e802f4d8-76f2-4e73-80ff-b6403f493c95	Jsem host, který přijde do této restaurace častěji než kdokoli jiný,mám rád pivo a občas si dám víno a dobré jídlo, tak milý a ochotný personál se vidí málo .	[('restaurant general', 'positive', 'restaurace'), ('food quality', 'positive', 'jídlo'), ('service general', 'positive', 'personál')]
8f6d224f-a3e4-4d57-ad1e-71fc2e016a07	Výborné jídlo, milá obsluha, nápoje dražší. Jen oproti slovanskému domu je menší výběr studeného baru a sushi. Nicméně je to skvělý zážitek, který stojí za to.	[('food quality', 'positive', 'jídlo'), ('service general', 'positive', 'obsluha'), ('food style_options', 'neutral', 'sushi'), ('drinks prices', 'negative', 'NULL')]
ede13aca-05a0-4faa-97c3-427c2669fa30	Byl jsem tam na oběd, zůstal s jídlem opravdu spokojený, i když bych raději knedlíky měl více zelí: D	[('food quality', 'positive', 'jídlem')]
c1f86a6d-0b7a-4ba5-a7ad-66d009db9df0	Dlouhá čekací doba na jídlo a obsluhu	[('service general', 'positive', 'obsluhu')]
cbe731f9-7203-40cc-b011-9a90a0ca76f8	Spálený steak, příšerná obsluha	[('food quality', 'negative', 'steak'), ('service general', 'negative', 'obsluha')]
0dc220ac-90ae-4007-8f8f-84cfa6b93184	Naše vysoké očekávání bylo nadmíru splněno,svěží mátový čaj, excelentní cheeseburger, hovězí líčka která se rozpadali již při prvním pohledu a o domácí paštice nemluvě!	[('drinks quality', 'positive', 'mátový čaj'), ('food quality', 'positive', 'cheeseburger'), ('food quality', 'positive', 'hovězí líčka'), ('food quality', 'positive', 'domácí paštice')]
9f9ca81b-6458-4ec3-9f96-1b544038f779	Po osobní návštěvě již víme, že vouchery do restaurace sklípek, která se tak již ani nejmenuje je možné jen u původního majitele, nebo reklamovat u slevového portálu.	[('restaurant miscellaneous', 'negative', 'restaurace sklípek')]
2d98bf1d-e1ff-4890-afd0-677b69f9f9b6	Příjemná  obsluha  a dobrá  kuchyně.	[('service general', 'positive', 'obsluha'), ('food quality', 'positive', 'kuchyně')]
7b015b78-cd42-40a1-b81f-85a6f80d92a8	Tam nejsou jen spinave ubrusy	[('ambience general', 'negative', 'ubrusy'), ('restaurant miscellaneous', 'negative', 'NULL')]
ee9750ab-d50d-4013-b8ec-b1362979a7bd	jedna z nejlepších restaurací v Praze - úžasné prostředí, skvělá obsluha a výborné jídlo. Co víc si přát... Chodíme hlavně na mušle, a na nějaké pivečko z domácích pivovarů.	[('restaurant general', 'positive', 'restaurací'), ('ambience general', 'positive', 'prostředí'), ('service general', 'positive', 'obsluha'), ('food quality', 'positive', 'jídlo'), ('food quality', 'positive', 'mušle'), ('drinks quality', 'positive', 'pivečko')]
422697cc-a31c-45a4-ba1c-22a954b149ec	Poměr cena/výkon špatný.	[('restaurant general', 'negative', 'NULL'), ('restaurant prices', 'negative', 'NULL')]
8d37d37a-c217-44ed-956a-f325a1550ee9	Pivo nedoporučuji.	[('drinks quality', 'negative', 'Pivo')]
90979721-de09-4076-8f41-b61784113d6e	Bylo to nestravitelné	[('food quality', 'negative', 'NULL')]
2275e152-3aa6-47b7-b2a5-f973a7208f01	Dnes objednán rozvozem Caesar salát , bez parmesánu, nahrazený hnusným eidamem	[('food quality', 'negative', 'Caesar salát'), ('food style_options', 'neutral', 'parmesánu'), ('food quality', 'negative', 'eidamem')]
1154cbe5-7e91-4cae-b79a-1e739f0e9510	Jidlo bylo naprosto otresne. Horsi burger jsem snad v zivote nejedl. Obsluha mdla. Diky kinklajicimu stolu jsem trochu vylil piti. Co me ovsem dostalo byla udrzba toalet velmi neprijemnym starikem v 8 hodin vecer v patek.	[('food quality', 'negative', 'Jidlo'), ('food quality', 'negative', 'burger'), ('service general', 'negative', 'Obsluha'), ('ambience general', 'negative', 'stolu'), ('service general', 'negative', 'starikem')]
a87f7db6-2ca2-454b-b669-240e77ce9016	Zřejmě by tam měla zavítat hygiena a potom by se asi všichni z personálu i sám majitel divili	[('service general', 'negative', 'personálu'), ('service general', 'negative', 'majitel'), ('restaurant miscellaneous', 'negative', 'NULL')]
7c5c82eb-fea0-418d-85b6-cd5120bbbf90	V restaraci asi předpokládají, že každý doma má vše potřebné na řeckou kuchyni a jejich jídlo je jen odstrašující příklad jak to nevařit	[('restaurant general', 'negative', 'restaraci'), ('food quality', 'negative', 'jídlo')]
428b0bf7-adf0-48c1-9980-94b5f31c7b3a	Fakt vynikající pizza vřele doporučuji 😉	[('food quality', 'positive', 'pizza')]
f900e9d7-7338-4fec-a2e6-b35eb4ac32e1	Nabídek na internetu je totiž na tuto restauraci mraky a naše příbuzná podlehla reklamě a zakoupila mě a mojí ženě tento gastronomický zážitek	[('restaurant general', 'neutral', 'restauraci')]
5f530372-e07c-404b-980d-ead998a93de3	"Personál  dává kuchaři pokyny a přání,k přípravě pokrmů  přes výdejní prostor (mají ""otevřenou kuchyň"")"	[('service general', 'neutral', 'Personál')]
a0449359-c811-490b-9196-577d2434b4c1	"Vyměňte kominíka a ""zkroťte"" couvert a z průměru bude nadprůměr."	[('service general', 'negative', 'kominíka'), ('food prices', 'negative', 'couvert')]
6f5e86d1-cfc7-480f-bac9-40db764388ec	Ale prinesl ho, a cena na vino byla jina nez rikal nam ustne.	[('service general', 'negative', 'NULL')]
b670519a-e986-4766-8af5-b982a8a94c45	Podmíráky.	[('drinks style_options', 'negative', 'Podmíráky')]
4ff97944-4b0f-46d9-99ca-aa04ae435e29	Dnešní menu, pikantní směs s klobásou, to byl ekrazit, doteď sedím na w.c.	[('food quality', 'negative', 'směs s klobásou')]
d91493c9-e0da-4246-ac99-13b01690b494	Jsem spokojen,servírky rychlejší než jinde a s ůsměvem,popelníky vyklizené a hlavně pěkné servírky a pivo dobře chlazené,běžte tam jsou tam super kočky umí člověka pobavit.	[('service general', 'positive', 'servírky'), ('ambience general', 'positive', 'popelníky'), ('drinks quality', 'positive', 'pivo'), ('restaurant general', 'positive', 'NULL')]
c23c87ca-f822-4542-a994-5ce587b3bcae	To co tu jiní píšou obsluze mohu jen podtrhnout, restaurace by měla níst název ČEKÁRNA.	[('service general', 'negative', 'obsluze'), ('restaurant general', 'negative', 'restaurace')]
e262a4af-867e-4b28-9a0d-dcb55297ede5	Taky se začne šidit na kvalitě surovin a to je cesta do pekla	[('food quality', 'neutral', 'NULL')]
0efe1077-9074-4c70-8983-8d729e379d71	Vždy spokojen	[('restaurant general', 'positive', 'NULL')]
adfed96b-6e30-4ba6-b5b1-4e3d6dc4a690	Tuto restauraci navštěvuji pravidelně již 3roky a musím říct, že zatím pokaždé jsem odcházela spokojená.	[('restaurant general', 'positive', 'restauraci')]
4d7ad10b-9565-41b3-b342-1449a5230b54	Moderní a stylový bar a restaurace. Moje tuňáková ryba byla dokonale uvařená. Julienská zelenina byla vynikající. Ostatní jídla mé rodiny byla také vynikající	[('restaurant general', 'positive', 'restaurace'), ('food quality', 'positive', 'tuňáková ryba'), ('food quality', 'positive', 'Julienská zelenina'), ('food quality', 'positive', 'jídla')]
c63c21f2-c201-4a95-ab93-06cbf95ff707	Oba jsme byli velice spokojeni.	[('restaurant general', 'positive', 'NULL')]
54c03d31-32ac-49dc-8c58-56d4f66589ca	závěr – škoda, ale už tam nikdy nepůjdeme…	[('restaurant general', 'negative', 'NULL')]
03da3335-92d4-4c64-a125-b4878227f5f2	"Tato ""restaurace"" je pajzl tak čtvrté cenové"	[('restaurant general', 'negative', 'restaurace'), ('restaurant general', 'negative', 'pajzl')]
e571ac2c-63e4-4c83-be8d-d04c3c3ce7c4	Manžel si dal svíčkovou, která se rozplývala na jazyku	[('food quality', 'positive', 'svíčkovou')]
9c7396eb-cc16-484b-b612-b759761315ef	Vše super akorát ta vrchní by nemusela tak mlaskat .	[('service general', 'negative', 'vrchní'), ('restaurant general', 'positive', 'NULL')]
8e080198-9220-4bad-a0e6-d3893683298a	Proto za nás čtyři mohu tuto restauraci a úpravu jejich argentinského býčka jenom doporučit	[('restaurant general', 'positive', 'restauraci'), ('food quality', 'positive', 'argentinského býčka')]
0b82ad61-7c51-47c0-8b42-83d62c50700a	Jídlo: steak odspodu připálený do hořka, houbová omáčka chuťově dobrá, leč sražená	[('food quality', 'negative', 'Jídlo'), ('food quality', 'negative', 'steak'), ('food quality', 'neutral', 'houbová omáčka')]
f6cc5735-d385-432d-9035-a56644a0be77	DOPORUČUJI	[('restaurant general', 'positive', 'NULL')]
4941e93f-9102-4c53-bad7-368f87fb1aaf	Objednané rozvozy jídla dvakrát nebo třikrát, vždy spokojeni	[('service general', 'positive', 'rozvozy jídla'), ('food quality', 'positive', 'NULL')]
0344f916-3a17-4c35-9ae4-8a0887dd706c	Personál na jedničku.	[('service general', 'positive', 'Personál')]
1e712d13-675f-4623-8809-7e6f202314bd	Prostředí pěkné,čisté,vybavené, jídlo hrozné a o snídaních raději nemluvím.	[('ambience general', 'positive', 'Prostředí'), ('food quality', 'negative', 'jídlo'), ('food quality', 'negative', 'snídaních')]
e8bd8970-5fa6-4c44-9363-6a5f8869766f	Nemůžu si stěžovat jídlo mělo stejné parametry na jaké jsme v tomto podniku zvyklí tedy výborné a mladý číšník velmi ochotný s příjemným vystupováním příjemné posezení na jaké jsme zvyklí naprostá spokojenost	[('food quality', 'positive', 'jídlo'), ('restaurant general', 'positive', 'podniku'), ('service general', 'positive', 'číšník'), ('ambience general', 'positive', 'posezení')]
0399bad0-3f5c-4f92-8d1a-17a6ac7d6d3c	Já můžu jen chválit	[('restaurant general', 'positive', 'NULL')]
eabac4b0-e85f-45b0-b363-b38362247f5d	Vynikajici knedliky, pani byla moc prijemna!	[('food quality', 'positive', 'knedliky'), ('service general', 'positive', 'pani')]
270e4b06-41a3-45cc-9da2-26ce78d5eb04	Denní menu ale i další jídla výborná. Rychlá obsluha i kuchyně. Sympatické servírky, ale bohužel někdy dost kyselé :(	[('food quality', 'positive', 'Denní menu'), ('food quality', 'positive', 'jídla'), ('service general', 'positive', 'obsluha'), ('service general', 'positive', 'kuchyně'), ('service general', 'neutral', 'servírky')]
44943d03-961e-485d-b3a8-b2e0e41d3b00	Prostě skvělé!!!!	[('restaurant general', 'positive', 'NULL')]
c2643d45-d9da-4085-b5c4-a573cefa0a30	já jsem neuvěřitelně spokojen	[('restaurant general', 'positive', 'NULL')]
fb7c6de5-fb07-45b4-b909-a170de99dc67	Dobre jsem se najedl a napil,muzu jen doporucit,zadny problem	[('drinks quality', 'positive', 'NULL'), ('food quality', 'positive', 'NULL'), ('restaurant general', 'positive', 'NULL')]
78cebc16-190d-47a8-bdc1-5e76f2b55f01	Dobrá poloha a výhled na Prahu, ceny v pořádku pro centrum, ale personál by mohl být profesionálnější!	[('location general', 'positive', 'poloha'), ('location general', 'positive', 'výhled'), ('restaurant prices', 'neutral', 'personál'), ('service general', 'neutral', 'personál')]
6bc8b507-f5e4-4967-8b62-c90e37b44085	Příjemné posezení před divadelním představením	[('restaurant general', 'positive', 'NULL')]
aebb3723-db29-44a4-9fb3-aba7f4447985	"Manželka měla z reklamovaných ""vepřových hodů"" kotletu s bramborem => jednalo se obyčejný plátek masa s pokrájenou zeleninou a čtvrtkami brambor => a to celé za 205,-Kč"	[('food quality', 'negative', 'vepřových hodů'), ('food quality', 'negative', 'kotletu s bramborem'), ('food quality', 'negative', 'plátek masa s pokrájenou zeleninou a čtvrtkami brambor')]
4910e15d-4658-4ba8-b4b6-81bc89e9043c	Ku příkladu dnes 29.10.2013 nabízejí LOSOSO S GRILOVANOU ZELENINOU, RISSOTO a nesmím zapomenout na FRANFURSKOU POLÉVKU	[('food style_options', 'neutral', 'LOSOSO S GRILOVANOU ZELENINOU'), ('food style_options', 'neutral', 'RISSOTO'), ('food style_options', 'neutral', 'FRANFURSKOU POLÉVKU')]
77780209-7c2e-49c9-98ad-ab7a54028dfd	Příjemná a rychlá obsluha, zákusek byl výtečný	[('service general', 'positive', 'obsluha'), ('food quality', 'positive', 'zákusek')]
9dbd9bd0-68a2-4998-ae1c-a27df81f625a	Hospůdka funguje díky reklamě v televizi jen jako pračka na peníze, ale vlastně nic nenabízí	[('restaurant general', 'negative', 'Hospůdka')]
cc3f7dfc-ef2c-4c4f-851e-9cd63eafb96e	Namísto vývaru z kuřátka s domácími nudlemi jsem dostala žlutý vývar z polévkového koření bez masa s obyčejnými (asi kupovanými) nudlemi	[('food style_options', 'negative', 'vývaru z kuřátka s domácími nudlemi'), ('food style_options', 'negative', 'nudlemi'), ('food style_options', 'negative', 'vývar z polévkového koření'), ('food quality', 'neutral', 'masa')]
686f83d8-ac9c-4bbb-bdd0-eb562be0a22c	Měli jsme tam menší rodinnou večeři a určitě tam ještě zavítáme.	[('food quality', 'positive', 'večeři'), ('restaurant general', 'positive', 'NULL')]
46a26e5e-1adc-4c34-a90c-c55ad13b2246	Vaří skvěle, minimální čekání na jídlo obsluha 100%	[('service general', 'positive', 'obsluha'), ('food quality', 'positive', 'NULL')]
381c7d5c-1efe-4378-94ec-f37ab7caec3c	Skvělá obsluha a samé dobrity	[('food quality', 'positive', 'obsluha'), ('service general', 'positive', 'obsluha')]
3acf2595-a9cd-4ce8-ba76-056a4dc598c1	Přítel tureckou kávu zhodnotil jako standard.	[('drinks quality', 'neutral', 'tureckou kávu')]
b92405a2-9be6-4a13-ba8e-cf6ecb42f8c5	Ty flaksy co tam dělají berou z jatek v Sušici a Strakonicích	[('food quality', 'negative', 'flaksy')]
d81590d6-86c7-411c-bc79-fc000cf81db5	Ale tak arogantní obsluha, která okrádá a neumí se chovat, tak jsem ještě nikde neviděl (a to v porovnáním s Africkým kontinentem).	[('service general', 'negative', 'obsluha')]
0215471b-a8bf-4e9e-8419-f2c76eb03293	Dětský koutek, vstupenka a restaurace. Trochu drahé	[('restaurant prices', 'neutral', 'restaurace')]
3df824f9-335a-41f8-acd3-d2bdfcc7ed87	Opět, při ceně 165 Kč bych ocenil pečlivější výběr surovin, všechny 3 typy uzenin byly bez chuti, olivy detto a feferonky byly jako ze sklenice za 9,90 Kč z regálu v Penny Marketu.	[('food quality', 'negative', 'uzenin'), ('food quality', 'negative', 'olivy'), ('food quality', 'negative', 'feferonky'), ('food prices', 'negative', 'NULL')]
94b45618-5f27-49f5-9d40-d00f168aee7b	Podvodníci, kteří tahají z lidí peníze!POZOR!	[('restaurant general', 'negative', 'NULL')]
48e1a4dc-9059-4f45-aac5-9bf262fc7bd6	A kuchař by si měl zjistit jak se která část jmenuje	[('service general', 'negative', 'kuchař')]
feb1c416-8580-4733-98da-25d23b6d7905	Restauraci moc nedoporučuji, obsluha kterou jsme zažili s manželem a dcerou byla na budu mrazu	[('restaurant general', 'negative', 'Restauraci'), ('service general', 'negative', 'obsluha')]
d49af6c1-b2a3-4b2d-930d-4eba6f3e4b91	Souhlasím s Tazmenem, když říká, že to není hospoda, ale čekárna	[('restaurant miscellaneous', 'negative', 'hospoda')]
47a01e1d-9a12-424c-9e7a-d4b117969dc9	Obrovské menu s téměř všemi odrůdami, pizzou, těstovinami a grily, musíte najít něco, co byste tam měli jíst, milovali nápad Cambanai, obsahovali salátový bar a kolem všechno na jídelním lístku, služba je rychlá, oni vás dohlížejí, abyste zajistili, že vám budou všechny služby poskytovány. Mají domácí limonádu to bylo dobré, ale ne to nejlepší, co jsem zkoušel v Praze	[('food style_options', 'positive', 'menu'), ('service general', 'positive', 'služba'), ('drinks quality', 'positive', 'domácí limonádu')]
6b6aec36-6d5c-403d-b76e-18f0187b85d7	Výborné jídlo, příjemná obsluha, nízké ceny, 100 % spokojenost!!!	[('food quality', 'positive', 'jídlo'), ('service general', 'positive', 'obsluha'), ('restaurant general', 'positive', 'NULL'), ('restaurant prices', 'positive', 'NULL')]
bba04d62-abe9-4a4b-af69-c05d34de874a	Kdo neměl, doporučuji vyzkoušet.	[('food quality', 'positive', 'NULL')]
4a1b7639-e2ad-40fe-8b35-3e7aff2c3d0b	Nekuřácká část je spíše jakýsi malý neútulný sklep	[('ambience general', 'negative', 'Nekuřácká část')]
f70c63ad-a568-492d-918d-a54904e63775	Prijemne posezeni hlavně ta ziva hudba :-)	[('ambience general', 'positive', 'posezeni')]
fc3e5026-2280-428d-bf1c-9f18623ba5ea	Vřele doporučuji vždy si velmi pochutnám, příjemná a rychlá obsluha!	[('service general', 'positive', 'obsluha'), ('food quality', 'positive', 'NULL'), ('restaurant general', 'positive', 'NULL')]
da542bb8-5fd0-4656-845a-ef2fa93416d9	A o vlastním dobytku v kuchyni padla malá zmínka pouze v prvním díle, dneska už nikdo netvrdí, že jsou to jejich kravičky	[('restaurant miscellaneous', 'negative', 'NULL')]
d8fad684-ce5c-482a-8552-76eef814f0c9	Velmi pěkný a rychlý servis. Nebyl problém s polštinou. Čisté stoly a přátelská atmosféra v irské atmosféře dělají toto místo jedinečným a pokrmy si zaslouží být označeny za nejchutnější ve městě.	[('service general', 'positive', 'servis'), ('ambience general', 'positive', 'stoly'), ('ambience general', 'positive', 'atmosféra'), ('restaurant general', 'positive', 'místo'), ('food quality', 'positive', 'pokrmy')]
a7eb5766-2f06-4eef-8be7-bfa035d6f07d	Poprvé jsem tam byl ještě v době, kdy restaurace začínala a jídlo bylo super, ale dneska je podnik bohužel úplně jinde	[('restaurant general', 'positive', 'restaurace'), ('restaurant general', 'negative', 'podnik')]
03a8ce34-aa3c-4d7c-bc40-56e4310c88b5	A to , že jsme jako žebra dostali maso bez kosti plné blan ( pupek ) ani nezmiňuji.	[('food quality', 'negative', 'žebra'), ('food quality', 'negative', 'maso')]
f93ca47a-821b-41c4-a949-f210df5aa5d9	Slibovat jim dobré a originální jídlo a pak se jim vysmát naservírováním toho vašeho	[('food quality', 'negative', 'jídlo')]
11f4a99b-7d6b-4cc3-b4a8-d076fa6a7332	Objednáno z damejidlo (nejde tam udělit hodnocení, tak alespoň sem).. 2x těstoviny (objednávka za skoro 600kč). Jídlo mdlé, bez chuti, mírně rozvařené + příšerně zabalené. Pokud to porovnám například z Coloseum z Fontány, tak to je jako srovnávat Mercedes s Dacii. Velké zklamání, nevím zda jídlo tak zdehonestoval rozvoz, ale například to Coloseum rozvoz zvládá v pohodě.	[('food prices', 'negative', 'těstoviny'), ('food prices', 'negative', 'Jídlo'), ('food quality', 'negative', 'Jídlo')]
2c700ccc-6986-4987-b6fb-80e31578c3d2	S obsluhou jsem zatim problem nemela, hodne zalezi koho zrovna potkate	[('service general', 'positive', 'obsluhou')]
f57d1969-c152-4ac1-b9eb-c8286e7efaae	Děkujeme a přejeme hodně spokojených hostů !	[('restaurant general', 'positive', 'NULL')]
c5e37e4b-5a14-456f-ba27-d3bbcdc8f7f2	Výhled hezký. Nudle jako všude jinde, žádná slava to není ale ceny jsou normální. Asi bych si tam uměl představit nějakou lepší restauraci.	[('location general', 'positive', 'Výhled'), ('food quality', 'neutral', 'Nudle'), ('restaurant prices', 'neutral', 'restauraci')]
06aea1db-1e41-48c3-987d-4ce76803da3a	Výborné jídlo a hodně prostoru, nejlepší místo pro rodinné akce a oslavy😄	[('food quality', 'positive', 'jídlo'), ('ambience general', 'positive', 'prostoru'), ('restaurant general', 'positive', 'místo')]
357bc7aa-93b2-4218-bbd4-7a43b86bfa42	Načež přes celou restauraci zakříčel ''oni jíst nebudou!'' Při pití objednaného nápoje jsme si jen říkali že by se p. Polreich asi divil	[('drinks quality', 'negative', 'nápoje'), ('service general', 'negative', 'NULL')]
0bc97da2-fd13-4336-acc3-b30aceb1b1ae	Drive vyborna restaurace, dnes hruza.	[('restaurant general', 'negative', 'restaurace')]
2a4eb064-b72e-4fe0-a2e5-b7c690d6e609	Z celkového počtu 800 g příloh (americké brambory, hranolky) bylo podle mě tak maximálně 500 g	[('food style_options', 'negative', 'příloh'), ('food style_options', 'negative', 'americké brambory'), ('food style_options', 'negative', 'hranolky')]
260a1369-0417-4bcb-8eb1-7852f72ab5e3	Rodinná oslava se nám díky této volbě restaurace povedla skvěle	[('restaurant general', 'positive', 'NULL')]
9dad1bec-2f94-4107-9f51-33b9e56f37d7	Servírky se o nás moc nestaraly, kecaly s kámoškou na baru a řvaly na sebe přes celou hospodu, do toho hrálo jakési tuctuc rádio	[('service general', 'negative', 'Servírky'), ('ambience general', 'negative', 'rádio')]
249e6f3f-68ad-4c93-b1b9-03729121f6a8	Máte pocit že jíte suché těsto.	[('food quality', 'negative', 'těsto')]
fcaa4605-5d1a-447d-984b-e36ce9b2afdc	Jidlo, prostředí a obsluha úžasná!	[('food quality', 'positive', 'Jidlo'), ('ambience general', 'positive', 'prostředí'), ('service general', 'positive', 'obsluha')]
bd049125-df05-4a84-a1f6-a3d1ce1c48f3	Musím souhlasit, že už to není ono	[('restaurant general', 'negative', 'NULL')]
964d18db-2357-493c-a480-4527887d2f76	Co to píšete za sračky od té doby co má hospoda novou pronajímatelku je to tam o 100% lepší než to bylo za Radky,chodíme tam dost často na jídlo a ještě se nám nestalo že by jsme tam dostali špatné jídlo,měli by jste si uvědomit že zda máte problémy s majitelem objektu není zrovna na místě řešit je zde,těmito recenzema neubližujete totiž jemu ale provozovatelce hospody,což mi připadá dost nefér když tam chodíte skoro denně	[('restaurant general', 'neutral', 'hospoda'), ('service general', 'neutral', 'pronajímatelku'), ('food quality', 'neutral', 'jídlo'), ('service general', 'neutral', 'provozovatelce')]
3bdffffa-2f40-4327-a7c4-f19ca63619bd	Dobrý gyros a přijatelná cena. Restaurace byla udržována velmi čistá. Určitě bych se vrátil.	[('food prices', 'positive', 'gyros'), ('food quality', 'positive', 'gyros'), ('ambience general', 'positive', 'Restaurace'), ('restaurant general', 'positive', 'NULL')]
4ad8f965-a070-4814-9ef2-e40aad357711	Dnes jsem byl na Valnovce na obědě, dal jsem si domácí koprovku za 65 Kč, vynikající oběd.	[('food prices', 'neutral', 'domácí koprovku'), ('food quality', 'positive', 'oběd')]
222d0319-87b2-44bb-9e9d-9d5ffb1a57e9	Velmi příjemná obsluha, klasická česká kuchyně za rozumné ceny	[('service general', 'positive', 'obsluha'), ('food prices', 'positive', 'česká kuchyně')]
92fdce88-8c55-48ee-8cd4-ff178bfb861a	Super místo a i obsluha!	[('restaurant general', 'positive', 'místo'), ('service general', 'positive', 'obsluha')]
af7479bb-d241-424b-bf01-b15336c02049	Úžasně příjemný personál	[('service general', 'positive', 'personál')]
b486657d-fb97-4424-b623-e9b5c99898a5	za sebe říkám UŽ NIKDY VÍCE!	[('restaurant general', 'negative', 'NULL')]
676f0bbf-213b-449a-9696-af7d1fc0e41c	Pokud hledáte kvalitu za odpovídající cenu-určitě doporučuji!	[('food quality', 'positive', 'NULL'), ('restaurant prices', 'positive', 'NULL')]
8dcb40c0-fdd9-44d5-8269-49ebeaf695e2	Vynikající	[('food quality', 'positive', 'NULL')]
c6010887-bd2a-454d-bfc3-ec69aa8383a3	Rozsah jídelního lístku velký ,jídlo nám vždy chutnalo	[('food quality', 'positive', 'jídlo')]
1ac83949-613a-4ff6-8dcf-00d450d552b7	Skvělé místo pro pivo a svačinu. Nakládaný sýr (imputovaný syr) a šampionát kachní paštika. Různé druhy piva Bernard. Velmi pěkný servis.	[('ambience general', 'positive', 'místo'), ('food quality', 'positive', 'svačinu'), ('food quality', 'positive', 'Nakládaný sýr'), ('food quality', 'positive', 'šampionát kachní paštika'), ('drinks style_options', 'positive', 'piva Bernard'), ('service general', 'positive', 'servis')]
4ae36a79-2522-4a20-bafa-e47f60b54e0c	Jáma Steakhouse je opravdu dobrá restaurace. Pokud máte chuť na šťavnatý steak, toto místo je super volbou. Personál je tu velmi přátelský a podnik velmi moderní.	[('restaurant general', 'positive', 'Jáma Steakhouse'), ('food quality', 'positive', 'steak'), ('service general', 'positive', 'Personál'), ('restaurant general', 'positive', 'podnik')]
f67154f4-27b1-41c6-a0e8-e8a3ebcbd0f3	Velmi příjemné a milé prostředí	[('ambience general', 'positive', 'prostředí')]
d86ef3f9-ac99-486f-926f-b0f6e3197440	Za druhé - myslím, že horčice do hamburgeru úplně nepatří, minimálně ne tolik, kolik jí bylo tady	[('food style_options', 'neutral', 'horčice'), ('food quality', 'negative', 'hamburgeru')]
075ea18c-52b6-47cb-b389-232e1e47c797	Jeli jsme se ke Stepanovi podivat kvuli reklamne Ano Sefe, obsluha naprosto arogantni kdyz uz se vas uraci vubec obslouzit.	[('restaurant general', 'negative', 'Stepanovi'), ('service general', 'negative', 'obsluha')]
783645b4-4b33-440e-a524-f56f26ed9081	A na místě nastalo velké zklamání	[('restaurant general', 'negative', 'NULL')]
4b9f8453-9351-42cd-a6a9-cc41050c8b48	nemůžu si stěžovat..Super zážitek,mají nový jídelní lístek,zajímavé jídlo..	[('food style_options', 'positive', 'jídelní lístek'), ('food quality', 'positive', 'jídlo'), ('restaurant general', 'positive', 'NULL')]
73145899-c60d-4464-ae81-2b33152f5dd6	Výběr z opravdu bohatého nápojového i jídelního lístku není snadný. Restaurace nabízí skutečně nepřeberné množství dezertů u nápojů. V nabídce je také polední obědové menu. Prostředí působí útulně, jen rozhodně doporučuji rezervaci; kolem 14 h, kdy jsme byli v restauraci my, byla zcela plná. Personál by i přesto velmi milý. A stíhal báječně. Škoda jen, že nebylo možné ochutnat všechny nabízené - výborné ! - dezerty! :)	[('drinks style_options', 'positive', 'nápojového'), ('food style_options', 'positive', 'jídelního lístku'), ('food style_options', 'positive', 'dezertů'), ('drinks style_options', 'positive', 'nápojů'), ('food style_options', 'positive', 'polední obědové menu'), ('ambience general', 'positive', 'Prostředí'), ('service general', 'positive', 'Personál'), ('food quality', 'positive', 'dezerty')]
0366fe69-905c-438a-9afb-a1c53cbca552	Mohu tuto restauraci jedině doporučit	[('restaurant general', 'positive', 'restauraci')]
4c31fbe7-d4c0-43ca-b776-bbd51fa0da39	Tak musím naprosto souhlasit,že tady do té restaurace může chodit buď prase a nebo opravdový sebevrah.	[('restaurant general', 'negative', 'restaurace')]
8d84c91a-89b7-43ba-a3c7-b45dc361168b	Vůbec tam nechoďte - všechno špatně !!!!!	[('restaurant general', 'negative', 'NULL')]
30e51a2e-b5b8-43bf-9908-ac6f2c8fc934	Žádný luxus,ale vždycky mi chutná.	[('ambience general', 'neutral', 'NULL'), ('food quality', 'positive', 'NULL')]
c406dc58-3816-4320-ade5-9a75ad87c783	"Nejlepší jídlo v okruhu 100km. Cituji svojí přítelkyni ""to je nejlepší jídlo co jsem kdy jedla"""	[('food quality', 'positive', 'jídlo')]
fd534f63-c44d-4f32-b34d-25eff1c82731	Škoda , krásné prostředí a viditelná velká snaha majitelů Ale !!! Z jídelního lístku měli pouze polovinu věcí, podivná byla nabídka umístění stolu k sezení obsluhou , ačkoliv byla hospoda prázdná a nikdo další již celý večer nepřišel.	[('ambience general', 'positive', 'prostředí'), ('service general', 'positive', 'majitelů'), ('food style_options', 'negative', 'jídelního lístku'), ('service general', 'negative', 'obsluhou'), ('restaurant miscellaneous', 'neutral', 'hospoda')]
8dcf79a7-d726-460a-b3a3-dfcf1a39f2eb	To snad ani není dvanáctka.	[('drinks quality', 'negative', 'dvanáctka')]
513099ea-4021-4343-a523-d97f53cdd746	Dobrý den, s rezervací problém nebyl, obsluha příjemná, pivo dobré	[('service general', 'positive', 'obsluha'), ('drinks quality', 'positive', 'pivo'), ('restaurant miscellaneous', 'positive', 'NULL')]
8619ea50-9367-40d1-82be-e164e4fd7da6	Ráno jsme si pochutnali na snídani ze švédského stolu a u baru na nás čekala osobně velice příjemná paní majitelka aby se nás osobně zeptala jestli bylo vše v pořádku.	[('food quality', 'positive', 'snídani'), ('food quality', 'positive', 'švédského stolu'), ('service general', 'positive', 'majitelka')]
f18120b9-a898-4f18-a17b-3f1cbd3061b3	A vzhledem k obsazenosti restaurace, pochybuji, ze by měli zkažené suroviny	[('restaurant miscellaneous', 'positive', 'restaurace'), ('food quality', 'positive', 'suroviny')]
a0cad0d5-a7ef-4b20-a452-b659b99a774f	Prostředí čisté a přátelská atmosféra	[('ambience general', 'positive', 'Prostředí'), ('ambience general', 'positive', 'atmosféra')]
4510d121-71ed-43ed-9d9a-1b80c54de212	A navíc to ani nebylo dobře ochucené	[('food quality', 'negative', 'NULL')]
cb7d7ae1-9c6d-4503-a98f-64c90fc9ce26	Dopopručuji všem	[('restaurant general', 'positive', 'NULL')]
ca319125-c957-43dc-bcbf-d815e89b4916	Moc hezké ,dobře vybavené a levné	[('restaurant general', 'positive', 'NULL'), ('restaurant prices', 'positive', 'NULL')]
4b8b9579-0f18-419a-8b28-1f819363b307	Co mohu říci. Jedli jsme tu 3x z 8 večerů. Můj vegetariánský přítel byl šťastný. 2 různé druhy pečeného sýra a pánev na zeleninu musely být fantastické, takže si naposledy objednal zeleninu. Kuřecí směs s smaženými bramborami a omáčkou z modrého sýra mi připadala tak mimořádně dobrá, že jsem šla bez svých milovaných houskových knedlíků a gulášů.	[('food quality', 'positive', 'pečeného sýra'), ('food quality', 'positive', 'pánev na zeleninu'), ('food quality', 'positive', 'zeleninu'), ('food quality', 'positive', 'Kuřecí směs s smaženými bramborami a omáčkou z modrého sýra')]
b5334aa9-d20c-4b09-b18c-b6b31ab4cda0	Zbytečně mnoho omáčky k porci bramborové kaše.	[('food style_options', 'neutral', 'omáčky'), ('food quality', 'neutral', 'porci'), ('food quality', 'neutral', 'bramborové kaše')]
828a0d54-3e81-439a-8597-d337bf392bd0	Suprové místo	[('restaurant general', 'positive', 'místo')]
97860b1c-eb46-4ec2-90fa-91aad1eeaaa6	Toast, ktery puvodne stoji 99 korun, byla vysusena topinka s masovou smesi z konzervy	[('food quality', 'negative', 'Toast'), ('food prices', 'negative', 'stoji'), ('food quality', 'negative', 'topinka s masovou smesi')]
bd3e74b2-8df8-47ce-89f5-978409aea9b5	Ale to ze jsem dostal tatarak se suchyma toustama misto topinek bylo opravdu nechutny	[('food quality', 'negative', 'tatarak'), ('food quality', 'negative', 'toustama')]
e3a22a52-0d00-4c25-8e4b-6cba936af3c3	Jako hosté hotelu, kde se nám velice líbilo, jsme navštívili i restauraci.	[('restaurant general', 'positive', 'hotelu')]
4e92807c-e953-4f61-aa30-a4739af350f6	Pivo jak křen, u tupláku (rozměr taťka) i u normálního (mamka) i u malého (miminko) úplně přesná.	[('drinks quality', 'positive', 'Pivo')]
be83a1c7-e9f2-408e-a140-ac1a6080a8cd	k jídlu jsem si daly každá něco jiného a míchaný nápoj to bylo super dík	[('food quality', 'positive', 'jídlu'), ('drinks quality', 'positive', 'míchaný nápoj')]
b376df3d-5196-4694-b82f-7b700889ecc7	Svátek Sv. Valentýna v Musta koiře? URČITĚ ANO !! Měli jsme krásně romanticky prostřený stůl, dostali fantastické menu a dokonalou obsluhu	[('restaurant general', 'positive', 'Musta koiře'), ('ambience general', 'positive', 'stůl'), ('food quality', 'positive', 'menu'), ('service general', 'positive', 'obsluhu')]
3fed8140-29ab-4981-9d19-9a5bad513dac	Krásná restaurace ze spoustou trofejí a vystavených malých i velkých vycpaných zvířat,hezké a pro děti i poučné. A opravdu vynikající kuchyně a milá profesionální obsluha!	[('restaurant general', 'positive', 'restaurace'), ('service general', 'positive', 'obsluha'), ('ambience general', 'positive', 'NULL')]
761802e0-7df9-4791-9573-300b4dfedae5	Byl jsem zde 3x a pokaždé fajn ;) plně spokojen :)	[('restaurant general', 'positive', 'NULL')]
6c0b26c6-4a58-4df9-9cef-fade6925fb71	Za 500 kč si teda představuji něco jiného	[('restaurant prices', 'negative', 'NULL')]
d3f6dab8-37ac-41f4-94dc-fa95fdfa132c	Krásné prostředí i hotel se mi moc líbil. Na obsluhu jsme tedy čekali trochu déle, ale jinak jsme si to užili.	[('ambience general', 'positive', 'prostředí'), ('restaurant general', 'positive', 'hotel'), ('service general', 'neutral', 'obsluhu')]
7f49d8c7-b291-4b1d-8696-b198bba056d3	Podnapilá sprostá obsluha.	[('service general', 'negative', 'obsluha')]
87165017-5a1b-4779-97cf-38ad5f7c9e59	Vtipně servírovaná káva s malou čerstvě plněnou pralinkou.	[('drinks style_options', 'positive', 'káva'), ('food quality', 'positive', 'pralinkou')]
7cab0284-a107-4e8a-a445-fe88b1f3c8de	Velmi pěkný hotel. Velmi vřelé přivítání majitele. V sobotu ráno byla snídaně velmi příjemná, jídlo vařené na objednávku s čerstvým chlebem, sýry a džemy. Nedělní snídaně byla formou bufetu, ale stále dobrá hodnota za peníze. Večerní jídlo v restauraci velmi dobré, opět služba byla velmi dokonalá s krásným chutným jídlem a dobrou hodnotou za peníze. Měli jsme pokoj v přední části budovy, byl to pěkný a velký, ale doporučil bych pokoj obrácený dovnitř do dvora, protože si všiml hluku auta v noci. Horká voda do 3. patra trvá pár minut, než se tam dostanete, takže chvíli počkejte, přijde. Můžu jen doporučit, použije znovu. Díky za skvělý víkend.	[('restaurant general', 'positive', 'hotel'), ('service general', 'positive', 'majitele'), ('food quality', 'positive', 'jídlo'), ('restaurant general', 'positive', 'restauraci'), ('service general', 'positive', 'služba'), ('food quality', 'positive', 'jídlem'), ('ambience general', 'neutral', 'NULL'), ('food prices', 'positive', 'NULL'), ('restaurant general', 'positive', 'NULL'), ('restaurant miscellaneous', 'positive', 'NULL')]
f5647134-9df9-4921-a7f8-5c2b4b48d25d	Znovu bych tam určitě nešla	[('restaurant general', 'negative', 'NULL')]
bb2bba89-7aba-4e6d-889b-995cb742982b	Příjemný večer ze skvělými lidmi. 🙂 A navíc s jedním úžasným človíčkem.	[('restaurant general', 'positive', 'NULL')]
da974c14-2ac9-450a-8d93-93a56c978f3e	Jídlo bylo dobré a né moc drahé	[('food prices', 'positive', 'Jídlo'), ('food quality', 'positive', 'Jídlo')]
68313d93-bfa7-45e5-bdb6-350ae4483576	Za tu cenu je to přijatelné.	[('restaurant prices', 'neutral', 'NULL')]
128e6829-8fe8-47c9-8990-e8abb8cb73c4	Vyborne jidlo. Rychla a mila obsluha. Dobre ceny. Doporucuji!	[('food quality', 'positive', 'jidlo'), ('service general', 'positive', 'obsluha'), ('restaurant general', 'positive', 'NULL'), ('restaurant prices', 'positive', 'NULL')]
95fdff53-d412-423f-baed-3b251ab429a5	Nicméně, tento podnik rozhodně nemá na to, aby člověka svojí kvalitou inspiroval k opakovaným návštěvám	[('restaurant general', 'negative', 'podnik')]
37ae6790-3d67-47bd-afe5-11367c675856	Skvělé služby, dobré ceny. Personál hovoří plynně anglicky. Vše dobré. Dobře stojí za návštěvu. Horní!	[('service general', 'positive', 'služby'), ('service general', 'positive', 'Personál'), ('restaurant general', 'positive', 'NULL'), ('restaurant prices', 'positive', 'NULL')]
7f2875e3-eb61-432c-8808-dcb10c42f5e7	Objednávám pizzu s mořskými plody, ale protože se mi k ní nehodí mozzarela, chci bez ní a raději trochu více mořských plodů. To prý nejde, musel bych si připlatit.	[('food style_options', 'negative', 'pizzu s mořskými plody'), ('food style_options', 'negative', 'mozzarela'), ('food style_options', 'negative', 'mořských plodů'), ('service general', 'negative', 'NULL')]
4a39a15a-07e8-46e5-9818-14a340b42841	Jídlo bylo tak úžasné, že jsme šli dvakrát týdně, když jsme byli v Praze.  Skvělé prostředí a služby. Můžete také potkat 2 bratry .. :)	[('food quality', 'positive', 'Jídlo'), ('ambience general', 'positive', 'prostředí'), ('service general', 'positive', 'služby')]
d6083bf2-9046-41cc-a2ab-c6aeb88d4665	cisnik si nechtel si mnou povidat a to mel v restauraci jen 9 plnych stolu. vzdycky mi prinesl listek a se furt na na neco vyptavala. vsechno mi sice vysvetlil, ale hned utekl.	[('service general', 'neutral', 'cisnik')]
ff74f529-9a62-4a5d-921b-503aed7252de	I já byl parkrát v této napodobenině restaurace	[('restaurant general', 'negative', 'restaurace')]
38a2cb24-74ff-4bfe-8505-86eb8097d1b3	Prostory super, využili jsme i pěknou zahradu s grilem.	[('ambience general', 'positive', 'Prostory'), ('ambience general', 'positive', 'zahradu')]
9b263c74-9c3b-4c66-8c17-6ace0b7add60	Moc dobrá kuchyně,velmi jsme si pochutnali!!! Jen tak dál.....	[('food quality', 'positive', 'kuchyně')]
533361a0-e104-41e0-b554-ddcaef8a1170	Výborné cupcaky 😊	[('food quality', 'positive', 'cupcaky')]
a32e1cd7-147d-4bee-ac01-ea308c8ef951	pár fazolovejch lusků s cibulí v tomatový matlanině, jinak to nejde nazvat	[('food quality', 'negative', 'fazolovejch lusků s cibulí v tomatový matlanině')]
8bd5fdfa-2558-4f85-9b9f-5187bbb465d5	Boli sme maximalne spokojny steak, lička na vine boli nebičko v papulke, personal velmi ochotný	[('food quality', 'positive', 'steak'), ('food quality', 'positive', 'lička na vine'), ('service general', 'positive', 'personal')]
a3adff27-e8ec-45b1-ae1f-a9ff3a20324f	Nadruhou stranu je to alespoň zajímavé.	[('restaurant miscellaneous', 'neutral', 'NULL')]
10b8f3a5-beeb-4322-ba34-16070e9f5d63	Úžasný servis a velmi chutné jídlo za férové   ceny. Vřele doporučujeme.	[('service general', 'positive', 'servis'), ('food prices', 'positive', 'jídlo'), ('food quality', 'positive', 'jídlo'), ('restaurant general', 'positive', 'NULL')]
e7cd1a25-dc3f-4df5-a736-35769215d3a6	Dobře vaří, posezení i na terase, obsluha mírně vázla, pak přišla paní majitelka a bylo vše ok	[('ambience general', 'positive', 'posezení'), ('service general', 'neutral', 'obsluha'), ('service general', 'positive', 'majitelka'), ('food quality', 'positive', 'NULL')]
c3dc655d-b9ca-4fd6-986d-9f098bcbc332	Bohužel, s touto pizzerii nemam dobrou zkušenost.	[('restaurant general', 'negative', 'pizzerii')]
b52dcf7b-4183-484a-b028-e11b58cb4380	Hezká a dobře dostupná kavárna s velmi dobrým jídlem, ale i pitivem. Horká griotka nás zahřála, ale překvapila nás i výborná domácí malinovka. Určitě stojí za zmínku milý a přátelský personál, kvůli kterému se určitě vrátíme.	[('ambience general', 'positive', 'kavárna'), ('location general', 'positive', 'kavárna'), ('food quality', 'positive', 'jídlem'), ('drinks quality', 'positive', 'pitivem'), ('drinks quality', 'positive', 'griotka'), ('drinks quality', 'positive', 'domácí malinovka'), ('service general', 'positive', 'personál')]
e8ccc6ae-290f-44af-9f80-fcfa0baa70f9	Mohu všem vřele doporučit	[('restaurant general', 'positive', 'NULL')]
de125db1-4a2b-4870-894b-61c5930156e7	Super	[('restaurant general', 'positive', 'NULL')]
9c7be3a6-8f9f-4798-af8b-849ba006715c	A jestli si misto toho dat burgra to nemusim jezdit sem ale nekam do fastfoodu ;)	[('food quality', 'neutral', 'burgra')]
9e9b9953-b407-403d-b83a-7d474c167835	V pátek 27.7.2012 jsme navštívili restauraci Na Scestí se dvěma vouchery a odnesli si ty nejhořší možné zážitky	[('restaurant general', 'negative', 'restauraci')]
49d4a18f-ba00-4fa6-880c-fcbbf8575928	Byli jsme tam na Valentýna - dali jsme si specialní menu,k tomu lahvinku vínka,a bylo nám dobře,po dloooouhé době fajn personál a kuchyn výtečná!	[('food style_options', 'positive', 'menu'), ('drinks quality', 'positive', 'vínka'), ('service general', 'positive', 'personál'), ('food quality', 'positive', 'kuchyn')]
ad026548-2462-4c05-b00c-441680219753	3) Čekání na jídlo dlouhé nebylo	[('service general', 'neutral', 'NULL')]
2b5b4769-27b4-4498-aa69-8c203167a2ba	Obloha nebo ozdoba žádná.	[('food style_options', 'negative', 'Obloha'), ('food style_options', 'negative', 'ozdoba')]
dc05f70e-0bcc-4c2a-ba5e-ca93c21556f5	Jídlo bylo opravdu vynikající a číšník byl jak z pohádky	[('food quality', 'positive', 'Jídlo'), ('service general', 'positive', 'číšník')]
ca0dee3a-91d3-4959-b521-37b9f2c171fe	Atmosfera podniku byla jedinecna	[('ambience general', 'positive', 'Atmosfera')]
590ea904-a867-476f-a643-91e693972140	Obsluha perfektní, jen se mi zdálo, že zde máte personálu až moc	[('service general', 'positive', 'Obsluha'), ('service general', 'neutral', 'personálu')]
04b001d9-8833-418f-b810-03da6be8a2a5	"Když nám ji číšní donesl na stůl, tak jsme si řekli: ""tak málo?"" Ale nakonec jsme měli co dělat, abychom to všechno snědli."	[('food style_options', 'neutral', 'NULL')]
5a02ab5e-daa9-4d9f-8cc6-eaae2cb079eb	Radši obecní hospůdka s milou obsluhou a dobrými porcemi , než se trmácet až do této díry a ještě čekat venku jak žebrák , když přijedete dřive!	[('restaurant general', 'neutral', 'hospůdka'), ('service general', 'neutral', 'obsluhou'), ('food style_options', 'neutral', 'porcemi')]
54b69eb2-1eb3-4e06-9793-bd266955ded9	Pivo bylo výborné	[('drinks quality', 'positive', 'Pivo')]
92b1ddb5-65e0-4c4f-9d81-ee89b8e415cc	Zdravím všechny, bohužel i já musím, po včerejší návštěvě restaurace na voucher, konstatovat - špatný, špatný, špatný	[('restaurant general', 'negative', 'restaurace')]
8566a505-ed93-42ae-a560-d0672d6c51fd	Chtěli jsme oběd... Když konečně přišla obsluha, řekli jsme si o pivo, pro syna jsem chtěla točenou limonádu dle nabídky v nápojovém lístku. Číšník řekl, že mají jen kofolu (mnohem dražší než ona točená), nebo domácí 130,- za litr. Žádná omluva, že v lístku mají nepřesnost. Pak přinesl piva. Centimetr pod míru!!! Zeptali jsme se, jestli si můžeme objednat jídlo. Prý: povídejte. My, že nám nedali jídelní lístek. Tak ho sebral hostům vedle u stolu, hodil nám ho. Vybírali jsme z šíleně předraženého jídla, ale protože číšník se pak už nezajímal, radši jsme zaplatili ty předražené podmíráky a šli. Slušný hazard.	[('service general', 'negative', 'Číšník'), ('drinks prices', 'negative', 'kofolu'), ('drinks prices', 'negative', 'piva'), ('drinks style_options', 'negative', 'piva'), ('food prices', 'negative', 'jídla'), ('service general', 'negative', 'číšník'), ('drinks style_options', 'negative', 'NULL'), ('restaurant general', 'negative', 'NULL')]
6b0692ec-b0aa-44f1-95ec-fe03a6645d3b	Skvělá káva !!	[('food quality', 'positive', 'káva')]
efca4bfe-ac45-4736-b5cd-818a35d858de	Dobrý výběr piva.	[('drinks style_options', 'positive', 'piva')]
ac5be0db-af37-446f-9ad0-72c79a225a56	restaurace na velmi slušné úrovni,chodím tam rád je nutné si uvědomit že vstupy jdou nahoru a pokud chcete kvalitu což tady kuchaři umí musíš připlatit.	[('restaurant general', 'positive', 'restaurace'), ('service general', 'positive', 'kuchaři'), ('food quality', 'positive', 'NULL'), ('restaurant prices', 'neutral', 'NULL')]
d59c0783-a7a1-4ae6-b486-56efdc2985f9	Byli jsme v takovém šoku, že jsme zaplatili, zrušili rezervaci na druhý den na oběd a jeli rychle pryč	[('restaurant general', 'negative', 'NULL')]
8b2a6a7b-478f-4daa-8a51-b9a5d15a0e15	osobně jsem tam nebyla,ale co tady čtu a spojím si s jejich stránkami, kde jsou chyby a nic moc :-((( tak ta úrověň opravdu asi klesla	[('restaurant general', 'negative', 'NULL')]
7621c578-daf9-4251-adce-440f2cf1063e	Ochotný personál a úžasná pohoda	[('service general', 'positive', 'personál'), ('ambience general', 'positive', 'NULL')]
a2488818-88ad-439d-bfdc-c432390eb933	Frisco bylo 100% prošlé a už zřejmě delší dobu, smrdělo to no prostě humus.	[('drinks quality', 'negative', 'Frisco')]
df7f750d-50fe-4cba-b8e9-341903a904e8	Jidlo bylo chutove dobre ale o gramazi bych nerad spekuloval.	[('food quality', 'positive', 'Jidlo'), ('food style_options', 'negative', 'gramazi')]
0a63d445-5697-4ded-81a2-ce1d011a55a9	TENTO HOTEL DOPORUČUJI DOBŘE SE NAJÍTE A NAPIJETE NEJLÉPE V ÚTERÝ,STŘEDA, ČTVRTEK	[('restaurant general', 'positive', 'HOTEL'), ('food quality', 'positive', 'NAJÍTE'), ('drinks quality', 'positive', 'NAPIJETE')]
837f7fb4-cf21-405f-a2b4-3ffe63d9e14c	Vídeň ze solidní kávy bez robusty.	[('drinks quality', 'positive', 'kávy')]
3dcf9eac-7511-403f-827b-f44b79a35610	Velké porce a dobře vařej.	[('food style_options', 'positive', 'porce'), ('food quality', 'positive', 'NULL')]
58262ffa-9701-4a44-8fdf-3cfb2c7c41f4	NEDOPORUCUJI --------------	[('restaurant general', 'negative', 'NULL')]
fa319f55-84cb-4623-aa2c-b1bc2bf3a9bb	Špatnou, pročernalou a rozpadající se bramboru překrýval dresink	[('food quality', 'negative', 'bramboru')]
d1545f6a-dc94-49db-b03d-904ee9ad70ab	maso bylo VYNIKAJÍCÍ opravdu výborné,bylo křehké,měkké a šťavnaté	[('food quality', 'positive', 'maso')]
2da6fd39-3c8c-495f-bcf0-3ca8b032adf4	Bezva restaurace pro obědy. Oběd typu švédský stůl a sníst můžeš co zvládneš. Výběr z několika jídel. Moc dobře vaří. V ceně i nápoje, zmrzlina zákusek a kafe. Super!	[('restaurant general', 'positive', 'restaurace'), ('food style_options', 'positive', 'jídel'), ('food quality', 'positive', 'NULL'), ('restaurant prices', 'positive', 'NULL')]
b015d9e7-d6c1-464a-ab7e-7a1bb5ecf7f7	Vždy když jdeme do Prahy, musíme se tam zastavit. Rychlá obsluha, pravá česká kuchyně a pivo. Teď jsme šli do Varů, ale i tak jsme se museli zastavit. Moje výpečky ... mňam, mňam.	[('service general', 'positive', 'obsluha'), ('food style_options', 'positive', 'česká kuchyně'), ('drinks style_options', 'positive', 'pivo'), ('food quality', 'positive', 'výpečky')]
d4be9cf2-b510-4044-bfba-b0b80cc09ea1	Obsluha příjemná ale pomalá. Jídlo bylo moc dobré, ale cappuccino neumí (žádná mikropěna - spíš pěna na kopec).	[('service general', 'positive', 'Obsluha'), ('food quality', 'positive', 'Jídlo'), ('drinks quality', 'negative', 'cappuccino')]
05604b93-ec35-45d7-9717-7e62d9a5be56	Interiér hezký, nicméně na letní terase musíte od jídla permanentně odhánět vosy a mouchy	[('ambience general', 'positive', 'Interiér'), ('ambience general', 'negative', 'letní terase')]
9aeda774-f698-4677-9e64-8d59ef42840f	Příjemné prostředí,dobré pivo a kuchyně	[('ambience general', 'positive', 'prostředí'), ('drinks quality', 'positive', 'pivo'), ('food quality', 'positive', 'kuchyně')]
4acd4d72-6313-4e71-9466-51d943413207	"Samozřejmě jsme si to nenechaly líbit a jídlo vrátily, kuchař nám poslal na omlouvu každé dva kopečky zmrzliny, prý špatný kus masa! NESKUTEČNÉ, kuchař moc dobře věděl co nám posílá na stůl ale ""ZKUSIL TO"	[('food quality', 'negative', 'jídlo'), ('service general', 'negative', 'kuchař'), ('food quality', 'negative', 'kus masa')]
7782fae6-cc1b-429d-9520-cbdb62508889	Na dotaz jak je to možné mi bylo sděleno, že maj kominíka na draka.... to mě přeci nemůže uspokojit, že jsme byli jak uzenky a to jsme návštěvu podstoupili s tím, že restaurace nemá nekuřácké oddělení.škoda.	[('restaurant general', 'negative', 'restaurace')]
1561fa5d-8ccd-478c-91d6-439de1253e45	Velká bída, obsluha neochotná.	[('service general', 'negative', 'obsluha')]
691d5b28-2580-482b-9ee4-067f8821e61c	NIKDY VÍCE, naše několikátá (jsme nepoučitelní, ale dávali jsme jim pořád šanci) ale poslední návštěva ! ! ! (steaky šlachovité, zapáchaly, gramáž horko těžko 100 gramů místo 200 gramů deklarovaných, rozhodně ne BIO, jehněčí kolínko taky nic moc ) hospodu známe od jejích začátků a velmi jsme jim fandili.	[('food quality', 'negative', 'steaky'), ('food style_options', 'negative', 'steaky'), ('food quality', 'negative', 'jehněčí kolínko'), ('restaurant general', 'negative', 'hospodu')]
a04be616-ef90-4492-a1cf-837dd45a0602	U Štěpána by se měli zamyslet, ta proměna v poslední dvou letech je k pláči, bohužel.	[('restaurant general', 'negative', 'U Štěpána')]
22c23510-9e7c-453b-977f-fe8dcc835a06	Kuchyň byla vždy skvělá :-)	[('food quality', 'positive', 'Kuchyň')]
885f0a19-7e3e-491d-b210-398b9b256071	Před vstupem do Restaurace trochu obavy o to, zda nevstupujeme do opravdové hospody. Po vstupu velké překvapení. Úžasný interiér a velmi milá obsluha, která se nám hned věnovala. Cen jsme se nejprve lekli že jsou vysoké. Objednali jsme si najednou polévku, hlavní chod i desert. Obsluha byla velmi vnímavá a donesla vše postupně. Jídlo bylo skvělé. Doslova jsme se olizovali až za ušima. Takže shrnutí? Perfektní restaurace se skvělým jídlem.	[('ambience general', 'positive', 'interiér'), ('service general', 'positive', 'obsluha'), ('food quality', 'positive', 'Jídlo'), ('restaurant general', 'positive', 'restaurace')]
f61875ab-810e-42b9-9f8e-6790c52fc0be	Dnešní menu, játra na cibulce - už měla nejlepší čas za sebou asi proto se objevili na denní nabídce.	[('food style_options', 'negative', 'menu'), ('food quality', 'negative', 'játra na cibulce'), ('food style_options', 'negative', 'denní nabídce')]
bb9eb695-0988-458c-a32b-0344b00f8b45	Byli jsme čtyři, číšník donesl 2 jídelní lístky se slovy ''to musí stačit'' a vyjmenoval asi 5 jídel z celého menu (bez burgeru na který jsme jeli), které nám byl ochoten nechat udělat a zdůraznil že do pul desáté musíme být pryč, už tam ve mě začínal vřít krev, objednali jsme si pití, než pití donesl, tak jsem konstatoval že tady jíst prostě nechci	[('service general', 'negative', 'číšník')]
519cb0fc-9ac3-4553-becc-7d1dc77e6cc4	Skvele steaky a prijemne prostredi	[('food quality', 'positive', 'steaky'), ('ambience general', 'positive', 'prostredi')]
f0136c3a-e547-4a08-979c-6f09bac40a58	Co se jídla týče, jsou to polotovary, které se válí při dobrém štěstí někde v mrazáku (v horším případě nechladící lednici)	[('food quality', 'negative', 'jídla'), ('food quality', 'negative', 'polotovary')]
0d95d4e1-d6de-4b09-a7de-8b8fedcec46b	Obsluha byla výborná, i když na můj vkus jsme docela dlouho čekali na objednání, ale restaurace byla téměř plná, to se dá pochopit.	[('service general', 'positive', 'Obsluha'), ('restaurant miscellaneous', 'neutral', 'restaurace')]
f8ea71e7-38e7-41e3-ab9e-4e4c37d04b83	pod krutony si představte tvrdou topinku která nejde rozkousat	[('food quality', 'negative', 'krutony'), ('food quality', 'negative', 'topinku')]
aa1c2b63-1ce4-4d1d-b6b0-176b4f98fa9c	Takže pokud mohu za sebe říct je rozhodně v pořádku, že si v Musta koira určili prioritu v podobě kvalitního a klidného prostředí na jídlo	[('restaurant general', 'neutral', 'Musta koira'), ('ambience general', 'positive', 'prostředí'), ('food quality', 'neutral', 'jídlo')]
2a410ba9-67c7-46b1-b805-647dd6e22005	Pan majitel je hodný a milí děkuju jídlo výborné	[('service general', 'positive', 'majitel'), ('food quality', 'positive', 'jídlo')]
f9d244da-58a3-4eda-a9c2-d85b105c4203	Už nikdy!!!	[('restaurant general', 'negative', 'NULL')]
02c7e446-0f03-4ba7-847f-7044eee157db	Jídlo skutečně velmi dobé, doporučit lze hlavně mušle. Oddělený koutek pro děti, takže se v restauraci nenudí. Nicméně i tak je tam trochu hluk, ale kde není, když je restaurace plná. 	[('food quality', 'positive', 'Jídlo'), ('food quality', 'positive', 'mušle'), ('ambience general', 'neutral', 'NULL')]
08670b28-1735-4f00-b051-cd209fdeba24	pěkné sendviče a dobrá káva	[('food quality', 'positive', 'sendviče'), ('drinks quality', 'positive', 'káva')]
0278c20f-0215-48cf-a42e-95ea3fbe6626	Tři plátky sýra nevalné kvality taky zážitek nezlepšily	[('food quality', 'negative', 'sýra')]
7c9ee0df-7432-4c72-8df8-51cc96289b65	Tomuto lokálu se vyhýbejte!	[('restaurant general', 'negative', 'lokálu')]
e78e31ad-1fb5-4f85-a124-a2e01f78a3a0	Opravdu se mi hnusi to, jak se restaurace prezentuje lidem jako Bio farma, kdyz z 95 % maso pochazi z Novaca, Makra a dalsich velkoobchodu	[('restaurant general', 'negative', 'restaurace')]
373daa8b-e437-46e8-b659-1df3516d1a27	Brutálně seškrtaný výběr,když jsem ochutnal od manželky burger,tak žádný gastronomický zázrak se nekonal,(zřejmě kuchař neměl svůj den),rozkousával jsem nějakou tvrzenou hmotu absolutně bez chutě,to i karbanátek,který děláme doma,je chuťově výraznější	[('food style_options', 'negative', 'výběr'), ('food quality', 'negative', 'burger'), ('service general', 'negative', 'kuchař'), ('food quality', 'negative', 'karbanátek')]
bfacb7ba-8e6e-40cf-9899-180f08a4f091	Steak, který jsme měli,stojí podle jídelního lístku 399 Kč - za tyto peníze se najíte mnohem lépe v jiných pražských podnicích (třeba v Čestru)	[('food prices', 'negative', 'Steak'), ('restaurant general', 'neutral', 'NULL')]
b23063a5-2a43-49e7-8847-2e3828c06640	děkujeme za vánoční večírek a přejeme hodně štěstí!	[('restaurant general', 'positive', 'NULL')]
89a57c5d-21dc-40c0-bb4a-a83248645d42	Maso tuhé, omáčka špatně ochucená, obsluha nepříjemná	[('food quality', 'negative', 'Maso'), ('food quality', 'negative', 'omáčka'), ('service general', 'negative', 'obsluha')]
29c2620f-aa0b-449c-ae12-c458157ad401	Upřímně jsme byli zklamání	[('restaurant general', 'negative', 'NULL')]
d11d5d1f-5100-4e89-bf95-2832385fbf2b	Co mě vadí,je trochu pomalejší obsluha,asi si to holky chtěli dovykládat.	[('service general', 'negative', 'obsluha')]
99912d6d-762e-498c-a29d-7912071d72da	Výborný kafe, snídaně zasytí a chutná skvělé, milý, rychlý a ochotný personál, hezké prostředí. Škoda že jsem neobjevila dříve, hned by člověk do školy jezdil radsi:-D	[('drinks quality', 'positive', 'kafe'), ('food quality', 'positive', 'snídaně'), ('food style_options', 'positive', 'snídaně'), ('service general', 'positive', 'personál'), ('ambience general', 'positive', 'prostředí')]
1d3424d0-e8db-4723-b25a-aa433eecdd08	Okázalý	[('ambience general', 'positive', 'NULL')]
92fb9bac-7b01-4ff2-abc3-c859be303bd7	Restaurace Kost se nachází přímo u vstupu na hrad. Restaurace je bez obsluhy - samoobsluha ale s rychlým vybavením objednávek a domácím Kostovski pivem. Výběr jídel není moc velký ale vaří chutně a mají i několik dětských jídel. Z terasy je pěkný výhled na okolí a jezero.	[('food quality', 'positive', 'NULL')]
f6fddef8-b33b-4bda-999a-627724efd124	Personál pomalý	[('service general', 'negative', 'Personál')]
2ca33f26-cd6c-4407-901c-b51499635075	Nic moc obsluha, bez obsluhy na zahrádce i když uvnitř nikdo nebyl. Neberou zde karty ani stravenky.	[('service general', 'negative', 'obsluhy')]
143eaff3-8b02-4ee0-a612-74b5a3d4b2cb	Dobré jídlo, vlastně také přátelské služby, ale bohužel jste odvráceni dobrou tři čtvrtě hodiny před koncem, pokud si chcete vychutnat poslední dobré pivo. Nemusím to nutně nazývat pohostinným.	[('food quality', 'positive', 'jídlo'), ('service general', 'positive', 'služby'), ('drinks quality', 'positive', 'pivo'), ('service general', 'neutral', 'NULL')]
f28c4512-b0fc-4173-854c-357eb4acd71f	Taky mě potěšilo, že nabízejí několik druhů piv, tmavé není v každé restauraci standardem.	[('drinks style_options', 'neutral', 'piv')]
a52a956e-9feb-48fa-ae84-f20db6ee90b2	Skvela restaurace a jeste lepsi jidlo	[('restaurant general', 'positive', 'restaurace'), ('food quality', 'positive', 'jidlo')]
49ac2549-0bde-403d-93ac-2c3ba2cffe24	vse ok	[('restaurant general', 'positive', 'NULL')]
1b828fe2-48e6-4926-85e9-1ef210bfacaa	Aspoň nekraďte, ubohost...	[('restaurant prices', 'negative', 'NULL')]
76f47ed0-bf1a-4e50-a75f-dc30775f43f2	Perfektni a stylové	[('ambience general', 'positive', 'NULL'), ('restaurant general', 'positive', 'NULL')]
9be104e9-f360-4cdb-ab30-12e8c2f85c10	Nikdo si nás nevšímal - upozorňuji že restaurace nebyla plná ani z třetiny! Všimli jsme si také, že číšníci se neustále vraceli s jídlem na reklamaci - jednalo se vždy o burgery.	[('service general', 'negative', 'číšníci'), ('food quality', 'negative', 'jídlem'), ('food quality', 'negative', 'burgery'), ('restaurant general', 'negative', 'NULL')]
5ee35333-0bd1-4756-ab66-6e0843a8fcfb	Poměr cena / kvalita katastrofa. V okolí existují lepší restaurace za přijatelnější ceny. Měl jsem salát s panenkou, masa tam bylo cca 50g tj 2 tenké plátky panenky, takže předražená zelenina. nikdy více	[('restaurant general', 'negative', 'restaurace'), ('food style_options', 'negative', 'salát s panenkou'), ('food style_options', 'negative', 'masa'), ('food style_options', 'negative', 'panenky'), ('food prices', 'negative', 'zelenina'), ('food prices', 'negative', 'NULL')]
40d0e245-f020-44db-977b-55a7756f2e47	Už minule bylo jídlo předražené ale odpovídalo kvalitou nyní bylo ještě dražší a ani už za to nestálo.	[('food prices', 'negative', 'jídlo'), ('food quality', 'negative', 'jídlo')]
ac265748-1f1b-40a8-94a4-df10cf95a581	Mame to kousicek od kliniky a jsme radi, lepsi bistro v okoli jsme si nemohli prat a jezdili bychom sem i kdyby to bylo pres pul Prahy! Vzdy mila obsluha a vyborne vari, ceny prijatelne, vrele doporucujeme!	[('service general', 'positive', 'obsluha'), ('food quality', 'positive', 'NULL'), ('location general', 'positive', 'NULL'), ('restaurant general', 'positive', 'NULL'), ('restaurant prices', 'positive', 'NULL')]
3f47003e-6339-49ef-b1e7-b3cebde316f9	Obsluha se mi chodila omlouvat za zdržení a pak přišel i kuchař s omluvou a to by neměl dělat působí to vlezle a navíc jídlo bylo z 1/4 syrové a nedochucené	[('service general', 'neutral', 'Obsluha'), ('service general', 'negative', 'kuchař'), ('food quality', 'negative', 'jídlo')]
e98e3a6e-8c6f-4c37-a65d-4ccec629f216	Já jsem na žebrách našel masa tak pro pětiletého kluka a moje manželka měla steak skoro syrový, který nešel ani ukrojit	[('food style_options', 'negative', 'žebrách'), ('food style_options', 'negative', 'masa'), ('food quality', 'negative', 'steak')]
6fbbb165-b2a7-44e8-856a-0688b3fa600e	Maso je tam jako dortíček, měkoučké a ta chuť je absolutně rozdílná od jiných	[('food quality', 'positive', 'Maso')]
a9f7e1f5-dd4e-4b9b-b7d4-9aa54c10d468	Výborné jídlo a super obsluha	[('food quality', 'positive', 'jídlo'), ('service general', 'positive', 'obsluha')]
65d02875-15ae-41ae-a9c5-2287f4fafa67	Nemůžu si pomoci, ale mám pocit, že studena kuchyně se stává pravidlem. A přitom by to mohlo být výborné bun bo nam bo.	[('food quality', 'negative', 'kuchyně')]
5f45f80a-5e6c-49da-9454-4c47f53096ff	Takovou příjemnou paní,která nás obsluhovala jsem ještě nepotkala	[('service general', 'positive', 'paní')]
cc0a68f0-a4c8-4e13-832c-8c574a098757	Také prokoplé dveře by snesly trochu kytu.	[('ambience general', 'negative', 'dveře')]
b22bd44a-4547-47af-915f-0e85cd313059	po Pohlreichovi zvedání cen a úbytek porce - proto jsme tam více jak rok a půl nebyli;	[('food style_options', 'negative', 'porce'), ('food prices', 'negative', 'NULL')]
b1da5d6d-3f5c-4e37-894f-7d9cb79595a5	Na první objednávku nápojů jsme čekali 40 min	[('service general', 'negative', 'NULL')]
e1eddce4-adf4-428a-82ec-315275bb6d7f	Skvělá pizza	[('food quality', 'positive', 'pizza')]
93fa68b6-736d-4a39-bfc2-a3f509ccd5c8	Přijemné prostředí	[('ambience general', 'positive', 'prostředí')]
3435a16e-43dd-46bd-a779-aba20d244214	Super jídlo, skvělá atmosféra = báječný Valentýn	[('food quality', 'positive', 'jídlo'), ('ambience general', 'positive', 'atmosféra')]
c9d82572-793e-4b07-9005-7742745e2ee8	nekolik soukromych akci v salonku a vzdy jsme byli zklamani. Vetsinou to ztroskotalo na obsluze. Jidlo prumer.	[('service general', 'negative', 'obsluze'), ('food quality', 'neutral', 'Jidlo')]
9775fb00-f640-4160-b357-20110926b720	"Hospoda,která se proslavila obrovskými porcemi za strašně levný peníz,bývalé misto baníkovských fanoušků. I po 20 letech,kdy se jídelníček prakticky nezměnil,si sem rád zajdu na nejtypičtější a nejoblíbenější jidlo restaurace ""repku""."	[('food prices', 'positive', 'porcemi'), ('food style_options', 'positive', 'porcemi')]
1f69f544-3010-4701-997a-1f9ea307f855	Dnes jsme byli poprve a velke prekvapeni. Jidla si vybirate z tabule, ktera vysi v restauraci. Jidla meni 2x za den a veskere suroviny jsou vzdy cerstve. Pokud mate chut na Italii, doporucuji. Zklamani nehrozi:-)	[('food style_options', 'positive', 'Jidla'), ('food quality', 'positive', 'Italii'), ('restaurant general', 'positive', 'NULL')]
102b1f48-28bc-4cbb-8f0c-fd18d54f2045	Elegantní	[('ambience general', 'positive', 'NULL')]
9e4f5cd0-57d6-49d9-a153-c384ed08f893	Útulná kavárna, kde jsou dobrá káva a všelijaké chutné zákusky samozřejmostí. K tomu všemu je kavárna snad na nejhezčím místě, které může Hlinsko nabídnout... V Betlémě.	[('ambience general', 'positive', 'kavárna'), ('drinks quality', 'positive', 'káva'), ('food quality', 'positive', 'zákusky'), ('location general', 'positive', 'místě')]
0f7e7072-d10f-4f17-b4e3-50841707bfd6	Věděli jsme, co chceme a kolik za to zaplatíme, takže spokojenost.	[('restaurant general', 'positive', 'NULL')]
10e10df6-a442-4a6e-aa29-f4e4377daf1e	Slaný a Dačice = 5 Gold.Stejná porce a stejně milá a ochotná obsluha.	[('food style_options', 'positive', 'porce'), ('service general', 'positive', 'obsluha')]
b6b5ee79-7258-4bc9-9132-8fb1b26ae655	Perfekto..na stolik někdy muset počkat ... to znamená jeden .... DELICIOUS DOPORUČUJEME !!	[('food quality', 'positive', 'NULL'), ('restaurant general', 'positive', 'NULL')]
4b16a900-ea85-46a2-a611-94c29da3c5ea	Určitě bych nikdy znova nešla na popelnicový výprodej jídla.	[('food quality', 'negative', 'jídla')]
8aa27527-2aac-404c-b438-ae457786b0e2	Úžasný!	[('restaurant general', 'positive', 'NULL')]
b90066a1-00bd-484c-a7d1-0c09e1e3d8e1	Jen prumerne jidlo	[('food quality', 'neutral', 'jidlo')]
e4ba4653-a725-4051-ab4d-b47649c8228a	Vynikající hamburger a speciální klášterní pivo. Miluji to. Šel během obědové hodiny. Rychlý servis a skvělé jídlo.	[('food quality', 'positive', 'hamburger'), ('drinks quality', 'positive', 'klášterní pivo'), ('drinks style_options', 'positive', 'klášterní pivo'), ('service general', 'positive', 'servis'), ('food quality', 'positive', 'jídlo')]
ec828846-4b2d-4ca5-b5a1-7a20974d9ce4	Drahé a průměrné hospodské jídlo. Snad to zachraňuje jen milá obsluha	[('food prices', 'negative', 'jídlo'), ('food quality', 'neutral', 'jídlo'), ('service general', 'positive', 'obsluha')]
70c23185-cc8d-4837-8594-dfd4152a588d	Zvěřinu moc nejím, ale toto mě velice nadchlo	[('food quality', 'positive', 'Zvěřinu')]
3bf13c0d-360e-4e14-ad45-b0650a07a2ca	Velmi pěkné ubytování, velice vřelá a příjemná obsluha.	[('ambience general', 'positive', 'ubytování'), ('service general', 'positive', 'obsluha')]
81b13d55-909f-45ad-9aac-49a2f42fbcd7	Nelamte si s tím hlavu..najdete i lepší restaurace za rozumnejší ceny..a kdyby ne objednejte si jídlo domu přes jídloteď.cz Rozvoz i dovoz je zdarma.	[('restaurant prices', 'neutral', 'restaurace'), ('food quality', 'neutral', 'jídlo')]
aa2f5406-631e-4e44-b19e-83dc659f9a89	Jídlo bylo velmi dobré, personál ochotný .	[('food quality', 'positive', 'Jídlo'), ('service general', 'positive', 'personál')]
2f82432c-f5fc-4390-95c0-970c75e7b1b2	Čerstvé ryby jsou prostě boží. Byli jsme zatím pokaždé maximálně spokojení a to i naši zahraniční přátelé. Obsluha také nemá chybu	[('food quality', 'positive', 'Čerstvé ryby'), ('service general', 'positive', 'Obsluha')]
f3c2cc6c-20c0-4e2a-ae77-a2e91f615315	"Dostal totiž tenký kousek masa, který byl udělaný naprosto ""do mrtva"	[('food quality', 'negative', 'masa')]
c113def2-e303-4090-a0fe-035fb46d2ebb	Je tam velmi dobré jidlo,čisto na zachodech a hlavně velmi pěkné servirky,které vždy s úsmvem každého obslouží.	[('food quality', 'positive', 'jidlo'), ('ambience general', 'positive', 'zachodech'), ('service general', 'positive', 'servirky')]
627e2633-42c7-4fc9-8add-7be0d367b33a	již nikdy víc,který blbec tuto knajpu vyhlásil nej. balkánskou restaurací	[('restaurant general', 'negative', 'knajpu'), ('restaurant general', 'negative', 'balkánskou restaurací')]
81fcc200-b95f-4637-9d93-5c1d0b8a2e5b	Já myslela, že vouchry jsou od toho, aby přilákali nové zákazníky, kteří se tam pak rádi vrátí, ale já po této návštěvě přestávám kupovat vouchry, protože se pak k člověku chovají jako by je obtěžoval a tenhle steakhouse byl poslední kapka!!!	[('restaurant general', 'negative', 'steakhouse')]
19394257-7a4d-4cdc-9c37-319a5fc480f3	Děkuji za profesionální přístup,ochotu obsluhy a umění pana kuchaře	[('service general', 'positive', 'obsluhy'), ('service general', 'positive', 'kuchaře'), ('food quality', 'positive', 'NULL')]
15c1cd22-58b4-4ce6-8c50-3677bce01f56	Místo je opravdu krásné a mají velké menu se snídaní. Myslím, že je trochu předražené, pokud chcete jen kávu a něco jiného k jídlu. Žádám o flatwhite a toast s vejci, celková cena: 13 EUR.	[('restaurant general', 'negative', 'Místo'), ('food style_options', 'negative', 'menu'), ('drinks prices', 'negative', 'kávu'), ('food prices', 'negative', 'jídlu'), ('food prices', 'negative', 'toast s vejci'), ('restaurant general', 'negative', 'NULL')]
47838fd0-6288-48a4-9ace-59c6cfb852a9	Výborná káva	[('drinks quality', 'positive', 'káva')]
f6528daf-39cc-4dc4-ba68-7bf3364179ff	Akorát dojem kazí WC prostory.	[('ambience general', 'negative', 'WC prostory')]
9bdefbe7-1083-4862-a306-9b1692b092ee	Když jsem se ohradil, tak na mě sprostě začal zhulený číšník ječet, ať jdu prudit jinam.	[('service general', 'negative', 'číšník')]
4760326f-183d-480b-b842-a1ac65fa5502	skvělé prostředí, jídlo i obsluha. doporučuju navštívit	[('ambience general', 'positive', 'prostředí'), ('food quality', 'positive', 'jídlo'), ('service general', 'positive', 'obsluha'), ('restaurant general', 'positive', 'NULL')]
1279d448-89fe-47db-ba8c-158fa758391c	Vše na jednom místě ceny příjemné ale chce to plnou šrajtofli🙂	[('restaurant general', 'positive', 'NULL'), ('restaurant prices', 'positive', 'NULL')]
6f96c9be-cbb8-41b7-a27c-f3ee0f412bc5	Celkový dojem a chuť byla zklamáním.	[('food quality', 'negative', 'NULL'), ('restaurant general', 'negative', 'NULL')]
a757faf4-dba6-498e-977b-f75462623e5b	husička s karlovarským knedlíčkem:mńam	[('food quality', 'positive', 'husička s karlovarským knedlíčkem')]
3576ebe5-a9a7-4573-916a-5c1923251947	Ceny sice odpovídají kvalitě, ale ta je na top úrovni. Bonusem je krásné prostředí Beskyd a originální design.	[('ambience general', 'positive', 'prostředí'), ('ambience general', 'positive', 'design'), ('food quality', 'positive', 'NULL'), ('restaurant prices', 'positive', 'NULL')]
3692c227-9363-4833-a38a-b7d5d47e17c6	V restauraci jsem byl několikrát, vždycky jsem si pochutnal jak na jídle, tak na víně	[('restaurant general', 'positive', 'restauraci'), ('food quality', 'positive', 'jídle'), ('drinks quality', 'positive', 'víně')]
4715c6ce-7bf6-4b66-989d-b499de4dd283	Věnečky a mini čokoládové dortíčky s jahodami, vynikající, nepřeslazené, poctivé suroviny. Prosím jen tak dál......	[('food quality', 'positive', 'Věnečky'), ('food quality', 'positive', 'mini čokoládové dortíčky s jahodami')]
d356647f-cda2-47b5-acff-ccdf8d3d1733	Jedna z mých nejoblíbenějších restaurací.	[('restaurant general', 'positive', 'restaurací')]
21b49319-a063-4bc8-9491-d0e71df3dc4b	Obsluha profesionální, nemám, co bych vytkl, naopak	[('service general', 'positive', 'Obsluha')]
7f090864-f363-408c-a4e9-1fa2db82115e	Dobrý jídlo, Samoobslužné bufet.. Můžete sníst na co máte chuť..	[('food quality', 'positive', 'jídlo')]
45848edf-9413-4427-92d6-5ec3df1f625c	Velice pěkná zahrádka, dali jsme si grilovanou pánev, byla výborná a efekt s kouřem to celé pozdvihl. Obsluhoval nás velice příjemný kluk. Můžu jen doporučit.	[('ambience general', 'positive', 'zahrádka'), ('food quality', 'positive', 'grilovanou pánev'), ('service general', 'positive', 'kluk'), ('restaurant general', 'positive', 'NULL')]
2b40cf5a-3913-47b7-bc29-fbede46e4bfe	Až na to kvantum lidí, tu je nádherně. Jezírko je úplně nejvíc!!!	[('ambience general', 'positive', 'Jezírko'), ('ambience general', 'positive', 'NULL')]
e68eac34-453b-4b45-975e-b6f568168393	Krasny podnik, velmi pěkně zařízený s prijemnou atmosferou jídlo bylo skvěle.	[('ambience general', 'positive', 'podnik'), ('ambience general', 'positive', 'atmosferou'), ('food quality', 'positive', 'jídlo')]
17a4161c-7028-40c7-afe6-c632fcbd655c	Gramáž jídla vůbec neodpovídala množství ani kvalitě uvedeném na voucheru	[('food quality', 'negative', 'jídla'), ('food style_options', 'negative', 'jídla')]
4a286967-fbb6-47a9-8935-f1a180ea91ff	mnam	[('food quality', 'positive', 'NULL')]
cb91ca2e-33d1-4d86-b1d2-c239b863b1a1	Steak z prave svíčkové byl nedochuceny, podobne jako karbanátek pro deti	[('food quality', 'negative', 'Steak z prave svíčkové'), ('food quality', 'negative', 'karbanátek')]
e6f75f93-ee75-43b8-b5ea-3a191b897b5e	S obsluhou jsem nikdy neměla problém! Bez problémů!	[('service general', 'positive', 'obsluhou'), ('restaurant general', 'positive', 'NULL')]
620b56e8-3fa6-4385-a587-584c63dd5943	bez te nekam stouhle restauraci	[('restaurant general', 'negative', 'restauraci')]
66307426-675c-4fe4-81d3-643848677aec	Mlaďoučký číšník byl na mně dost drzý a očividně posilněn alkoholem.	[('service general', 'negative', 'číšník')]
aa7010c9-28cb-4c19-b9b9-3cd1914f995e	Tuhle restauraci 100% doporučuji!	[('restaurant general', 'positive', 'restauraci')]
6ceca907-ba88-489d-b397-69101251578e	Čekal jsem na jídlo, které neodpovídalo jeho ceně, 70 minut. Sem se nikdy nevrátím, interiér není nejhorší, ale toalety otřesné!!!!	[('food quality', 'negative', 'jídlo'), ('ambience general', 'neutral', 'interiér'), ('ambience general', 'negative', 'toalety'), ('service general', 'negative', 'NULL')]
43216957-b67e-4f9d-b9f1-c6ae2aeb3261	Dobrá snídaně, umístění dobré	[('food quality', 'positive', 'snídaně'), ('location general', 'positive', 'umístění')]
17c2139f-923c-43cd-a556-d070d5f80de9	Nabídka jídel doslova ubohá, 200g steak si můžu dát v rychlém občerstvení a ne za 495,-- Kč!	[('food style_options', 'negative', 'Nabídka jídel'), ('food prices', 'negative', 'steak'), ('food style_options', 'neutral', 'steak')]
ea46d8c5-d25f-42ee-b72b-4c006154342f	Vřele doporučuji!!! Musta koira Go!	[('restaurant general', 'positive', 'Musta koira')]
28739c02-625b-4d51-8f17-4beb73256c31	Pomala obsluha, na rychle pivko dobre. Jidlo průměrné. Burger nebyl dobry..	[('service general', 'negative', 'obsluha'), ('food quality', 'neutral', 'Jidlo'), ('food quality', 'negative', 'Burger')]
adc9d014-97f1-4f5f-baad-d309a7fd386c	Tam už nikdy nejdu	[('restaurant general', 'negative', 'NULL')]
dcd3fd8c-5a7e-4110-8332-ac7ddd58ca4a	Krásna hospůdka, vynikající jídlo, příjemný personál. Vždy jsme byli zde spokojení. Doporučuji včasnou rezervaci.	[('restaurant general', 'positive', 'hospůdka'), ('food quality', 'positive', 'jídlo'), ('service general', 'positive', 'personál')]
837bc6ef-29fc-462e-a8fd-86bede885264	V prvnich třech případech super ale posledn? návšt?va nic moc	[('restaurant general', 'neutral', 'NULL')]
4e0677a1-5a13-41d8-ac71-720e61e72eab	Zkusil jsem all you can eat, jídlo smrdělo na sto honů, raději ryč, prostředí katastrofa, záchody špína.	[('food quality', 'negative', 'all you can eat'), ('food quality', 'negative', 'jídlo'), ('ambience general', 'negative', 'prostředí'), ('ambience general', 'negative', 'záchody'), ('restaurant general', 'negative', 'NULL')]
498395a1-68fd-450a-9495-4bed5b48dd45	byla jsem v tehle restauraci s kamaradkou nejsme s ostravy ale co se tyce jidla za ty pozadovane penize to nestoji , mely to spatne dochucene	[('food quality', 'negative', 'jidla'), ('food prices', 'negative', 'NULL')]
36b64f25-7d5d-42c1-aa52-76b30bc66d7e	tragedie, cekani 30 min na objednavku, mezitim menu vyskrtano, objednavani vzdy “u kolegy”, mozna by nebylo spatne preskupit v dobach obeda personal tak, aby se vic lidi venovalo jidlum.	[('service general', 'negative', 'NULL')]
fe336a85-516b-4170-a3f0-e992452120d9	Kuřecí řízečky si představuji poněkud jinak než jako nerozklepané neupravené kusy masa	[('food quality', 'negative', 'Kuřecí řízečky'), ('food quality', 'negative', 'masa')]
e2697f6f-3c10-482e-9cd5-e84909eaf565	Myslím si, že si tam už přestali vážit svých hostů, za ty 3až 4 roky šla kvalita dolů výrazně a cena několikrát vzrostla	[('food quality', 'negative', 'NULL'), ('restaurant general', 'negative', 'NULL'), ('restaurant prices', 'negative', 'NULL')]
ad08f076-f730-4425-b271-7f4e2d8c1f33	No paráda	[('restaurant general', 'positive', 'NULL')]
39d52796-e347-4a1c-87f5-b8551a5c7421	Pivní lázně, příjemná obsluha	[('restaurant miscellaneous', 'positive', 'Pivní lázně'), ('service general', 'positive', 'obsluha')]
3b34b73f-0265-4b1d-b48f-e5a2782e594b	Restaurace se dá navštívit jen na předzahrádce pokud se servírky budou věnovat obsluze a ne povídání si s místní skupinkou hostů a ostatních si nevšimnou.	[('ambience general', 'neutral', 'předzahrádce'), ('service general', 'negative', 'servírky')]
e32e84d8-3e7e-4b98-b5fc-895c5b05a1af	Šokem ovšem pro mě bylo, když chtěli jídlo opakovaně zaplatit s tím, že si mám předchozí úhradu za vouchery vyreklamovat	[('restaurant miscellaneous', 'negative', 'NULL')]
ddaa82c3-d7fc-4679-9760-b975f3571a7f	Moučník obyčejná buchta s rozinkami a káva příšerná.	[('food quality', 'neutral', 'Moučník'), ('food quality', 'neutral', 'buchta s rozinkami'), ('drinks quality', 'negative', 'káva')]
8baca9cb-ba64-4f87-ba47-9591b4675de9	Jídlo někdy super, jindy je to horší.	[('food quality', 'neutral', 'Jídlo')]
1cb967e5-bf0e-4eef-bc45-ebab62344d0d	Výborná hospůdka, úžasní majitelé, pivo jako křen, doporučuji všem. Pan hostinský Jirka se s pivem mazlí, aby bylo dokonalé😉. Radost pohledět a ochutnat. Ledová kávička od paní hostinské Janičky v teplém počasí výborně osvěží. Co víc chtít 😉	[('restaurant general', 'positive', 'hospůdka'), ('service general', 'positive', 'majitelé'), ('drinks quality', 'positive', 'pivo'), ('service general', 'positive', 'hostinský'), ('drinks quality', 'positive', 'Ledová kávička')]
5d238839-05e4-440f-94e2-e0663143ad6b	Jídlo neochucené,maso chycené,česneková omáčka vodová,topinky totálně připálený-to jsem ještě neviděla!!!	[('food quality', 'negative', 'Jídlo'), ('food quality', 'negative', 'maso'), ('food quality', 'negative', 'česneková omáčka'), ('food quality', 'negative', 'topinky')]
808e7198-29bc-4dcb-9e72-ebcfdbef72a7	personál nám doporučil úpravu medium rare musím konstatovat že to byla správná volba	[('service general', 'positive', 'personál'), ('food quality', 'positive', 'NULL')]
6e7043b9-3f4b-4301-88d3-935f0a8d089d	Minule jsem dlouho čekal,než jsem jídlo dostal	[('service general', 'negative', 'NULL')]
46198301-3806-499a-8fb4-4364be307d11	Tady fakt dobrý!	[('restaurant general', 'positive', 'NULL')]
81447213-2fe8-4fa3-864e-1d03090dbcd2	Krásné místo a dobré pivo	[('ambience general', 'positive', 'místo'), ('drinks quality', 'positive', 'pivo')]
0df61dc0-4e77-457f-9efc-86ca9d8e5490	Šikovný a skvělý personál, vynikající pivní nápoje, dobré jídlo, příjemné prostředí. 👍👌😉	[('service general', 'positive', 'personál'), ('drinks quality', 'positive', 'pivní nápoje'), ('food quality', 'positive', 'jídlo'), ('ambience general', 'positive', 'prostředí')]
ed3836c3-5385-4142-afe8-66fffd20a27b	Jako hlavní chod jsem zvolil líčka- lahoda-maso se rozpadá na talíři, bramborová kaše je tak úžasně jemná a smetanová, škoda, že ji bylo na můj vkus málo, opravdu žádné hrudky, to je pouhý výmysl.	[('food quality', 'positive', 'líčka'), ('food quality', 'positive', 'maso'), ('food quality', 'positive', 'bramborová kaše'), ('food style_options', 'neutral', 'bramborová kaše')]
42385bd4-f2a3-45b5-afa7-5171b644611f	Restaurace kde je vidět, ze si váží každého hosta.	[('restaurant general', 'positive', 'Restaurace')]
9d4c9438-de5f-494d-9695-3fb34d92fba2	Fantastická kuchyně.	[('food quality', 'positive', 'kuchyně')]
10359385-e778-4fae-848f-d78678cfdc3f	Nejlepší studentský bar, co znám, do každého ročního období. Jaro, léto, podzim- grilovačky, kapely, soutěže. Zima- Teplíčko u krbu, hudba, dobrá atmosféra. Nemůžu se dočkat až bude opět otevřeno.	[('restaurant general', 'positive', 'studentský bar'), ('ambience general', 'positive', 'atmosféra')]
136d4ff4-d9bd-4346-a7a3-fd3d8e4a4f2a	Průměrná Česká restaurace stejná už 20let.	[('restaurant general', 'neutral', 'restaurace')]
8b58f6b4-bb08-4ec7-bdbd-3926f0437fa7	Do této chaty jsme chodili jen na obědy.Jídlo nám moc chutnalo a tak jsme se rádi vraceli.Milá obsluha co víc si přát.	[('food quality', 'positive', 'Jídlo'), ('service general', 'positive', 'obsluha')]
10b9fb1b-8fd6-4591-b22a-53c5a8929b27	Uz se tesim na dalsi navstevu	[('restaurant general', 'positive', 'NULL')]
f3f14b77-79b8-4c61-b6eb-5132b9560a91	Škoda že v brně je tak málo restaurací jak je sklípek	[('restaurant general', 'positive', 'sklípek')]
73dd88fc-3493-4095-b904-cb15cfcb71d0	Servírky se ani jednou neusmějou, z povinnosti jsou sice slušné, ale určitě ne vstřícné, milé nebo snad sympatické.	[('service general', 'negative', 'Servírky')]
47f58990-1681-4304-ad76-974726608ff5	Najíst nikdo nedostal a to jsme čekali déle než tři hodiny na steak	[('service general', 'negative', 'NULL')]
22232b93-8db9-4ccf-acea-5e0996801d76	Skvělé prostředí k saunování a  v létě k posezení a občerstvení u vody. Nejlepší místo na náplavce	[('ambience general', 'positive', 'prostředí'), ('restaurant general', 'positive', 'místo')]
ede7d513-1f44-47b4-8c0e-d112599f730a	Velice příjemné prostředí, milý personál a výborná kuchyně.	[('ambience general', 'positive', 'prostředí'), ('service general', 'positive', 'personál'), ('food quality', 'positive', 'kuchyně')]
036064a0-9745-4920-b151-bd6f6e74de21	miniřízečky čerstvě upečené v inzerovaném množství i s hranolky, omáčkou a kečupem byly vynikající	[('food quality', 'positive', 'miniřízečky'), ('food style_options', 'positive', 'miniřízečky'), ('food quality', 'positive', 'hranolky'), ('food quality', 'positive', 'omáčkou'), ('food quality', 'positive', 'kečupem')]
daa5f217-cfdc-4c8c-b9a7-4991a869e5e8	No nikdy více :)	[('restaurant general', 'negative', 'NULL')]
e06a35e7-6caa-4217-b5d7-1622bce66863	Ten byl sice výborný, ale rozesmálo nás, když nám číšník přinesl malou kostičku na obrovském talíři (a cena byla také super 55kč za kostičku)	[('service general', 'neutral', 'číšník'), ('food prices', 'negative', 'kostičku'), ('food quality', 'negative', 'kostičku')]
6899c11f-620f-45fa-9688-ad14bc741f0b	Výborně vaří,kvalitní kuchyň velký výběr jídel,není smrad z cigaret vždy tady rád chodím,milé servírky	[('food quality', 'positive', 'kuchyň'), ('food style_options', 'positive', 'výběr jídel'), ('service general', 'positive', 'servírky'), ('ambience general', 'positive', 'NULL'), ('food quality', 'positive', 'NULL')]
2e070cfe-9d44-468a-ade8-72fc01887012	Pohodová atmosféra, slušné jídlo a příjemný personál	[('ambience general', 'positive', 'atmosféra'), ('food quality', 'positive', 'jídlo'), ('service general', 'positive', 'personál')]
3b6c0e3c-0500-414d-8a33-9a5162ab9ae7	Polední neomezená konzumace za dobrou cenu	[('food prices', 'positive', 'NULL'), ('food style_options', 'positive', 'NULL')]
3cf272d0-e819-4e34-8dde-87af2616e4f9	Obsluha přijemná,Jídlo super:)	[('service general', 'positive', 'Obsluha'), ('food quality', 'positive', 'Jídlo')]
edab35dc-0aeb-4e8c-8c62-d902478c9815	Jídlo vynikající, moc nám chutnalo. Rozhodně doporučuji navštívit.	[('food quality', 'positive', 'Jídlo'), ('restaurant general', 'positive', 'NULL')]
a5c533e8-4146-49e7-817b-a0423d7920b2	Mé hodnocení? Velmi dobře zpracovaný marketing díky výše uvedenému	[('restaurant miscellaneous', 'negative', 'NULL')]
2c282e8e-8a67-4a6b-9d97-4e49e9f6ab0d	Nemluvě o vaši neprofesionalitě, kdy se celý kolektiv paktoval do hloučků a pomlouval náš stůl.	[('service general', 'negative', 'kolektiv')]
2e855ffa-e2f9-4d08-936e-2a2c19276f74	Normální klasika.	[('restaurant miscellaneous', 'positive', 'NULL')]
1ee6e8bf-bcdd-41d8-b639-b246c8156931	Obsluha příjemná,profesionální.	[('service general', 'positive', 'Obsluha')]
2549c8dc-8a1c-4b3b-aee4-c3954b6bdd8b	Pokud chce někdo přespat bez služeb, doporučuji, nedoporučuji však další služby a hlavně PANÍ PROVOZOVATELKU.	[('service general', 'negative', 'PROVOZOVATELKU'), ('restaurant miscellaneous', 'neutral', 'NULL')]
e5e7874d-4e26-4e22-a1d0-c38b3af1c1a1	Samozřejmě půl sortimentu ohledně nápojů opět neměli	[('drinks style_options', 'negative', 'nápojů')]
995539a0-b467-4518-8eac-2d7b12b20fb6	Za tu cenu ,spokojenost	[('restaurant prices', 'positive', 'NULL')]
a7ae5aec-dbdd-462f-8a23-98cde27b0dbf	Jídlo výborný, obsluha skvělá a celkově jsem bzl spokojen	[('food quality', 'positive', 'Jídlo'), ('service general', 'positive', 'obsluha'), ('restaurant general', 'positive', 'NULL')]
f2c17759-93be-470e-b84a-521ee6f233d7	Půjde to do televize,ať mají reklamu o jakou stojí, ale pozitivní určitě nebude a pak si od nich ani pes kurku nevezme	[('restaurant general', 'negative', 'NULL')]
d14c8f9f-23d4-4c45-941b-8a26a37d2e75	Za mně super 🤗	[('restaurant general', 'positive', 'NULL')]
2268dae2-e0f9-4f1a-95f9-4768b1fae998	Při placení mě chtěl natáhnout.	[('service general', 'negative', 'NULL')]
c44bdc53-c4da-4b99-83ec-390cc3da483b	obsluha usmevava nemeli jsme zadny problem	[('service general', 'positive', 'obsluha')]
b15cca7c-1310-487f-9bcb-a3b682281e12	Proto apeluju na majitele, pokud opravdu zaměstnává dva kuchaře a je mezi nimi takto markantní rozdíl, tak ať jednoho vyhodí	[('service general', 'neutral', 'majitele')]
c06462c8-6d1a-4eb8-ae49-9da6d0f307c4	NEVÍM, NEVÍM - NEDĚLÁ TO DOBRÉ JMÉNO TÉTO RESTAURACI	[('restaurant general', 'negative', 'RESTAURACI')]
80b687d9-892d-4cd9-b842-eac7e9a130de	Proboha, opravdu si nekdo mysli ze sumavska restaurace a poctive jidlo je toto? Pri dnesnim poctu konzumentu ( snobske prazske rodinky s coklem ) stezi uverim ze to vari z vlastnich surovin, nowako tam musi byt obden! Jidlo prumerne cena vysoka stylove mimo misu - na sumavu se to nehodi, ale hodnotim kladne ten dojemny pribeh coby dokonaly reklamni trik.	[('food quality', 'neutral', 'Jidlo'), ('food prices', 'negative', 'NULL'), ('food style_options', 'negative', 'NULL'), ('restaurant general', 'negative', 'NULL')]
da2ec73f-252c-4b28-971e-f8355a23e9df	Tuto restauraci rozhodne nedoporučuji	[('restaurant general', 'negative', 'restauraci')]
69f34d0a-34da-4685-983a-30195106e1c5	Co na tom bylo grilovaného nevím	[('food quality', 'negative', 'NULL')]
7403a68e-ebbb-4dfe-89f6-1b1e194c86e8	"Nejhorsi ""restaurace"" v Olomouci a okoli... lidi nebudte hlupaci"	[('restaurant general', 'negative', 'restaurace')]
ae98cb6a-9e11-465a-937f-374f741eff04	Myslím, že kdo tam jednou byl tak si udělal vlastní názor a jen hazardér by tuto restauraci navštívil opakovaně	[('restaurant general', 'negative', 'restauraci')]
da1670c5-5384-491f-81e3-94ee7262b11f	"Takový to ""kulinářský"" zážitek bychom v životě už nechtěli zažít"	[('food quality', 'negative', 'NULL')]
634fb8f5-d6fb-4299-8e7b-f305768de8a6	V Kulaťáku jsem byla několikrát, většinou bylo jídlo na vyšší úrovni.	[('restaurant general', 'negative', 'Kulaťáku'), ('food quality', 'neutral', 'jídlo')]
46965842-3c00-4482-b029-859cb9a564a4	Máme již více zkušeností s vouchry, ale vždy jsme se setkali s příjemným a hlavně profesionálním přístupem personálu	[('service general', 'positive', 'personálu')]
cc65dcd4-787f-4655-9d4f-ca760253a963	Super, nejlepší klub v Brně👍😁	[('restaurant general', 'positive', 'klub')]
0f827237-f359-4238-80d8-1a63278454a1	Rozporuplné pocity z návštěvy této kavárny. Výborné zákusky, krásné prostředí...ale personál nic moc a paní majitelka velmi arogantní, ale asi má hostů dost a může si dovolit takovéto chování. Za mě tedy už asi víckrát ne.	[('food quality', 'positive', 'zákusky'), ('ambience general', 'positive', 'prostředí'), ('service general', 'negative', 'personál'), ('service general', 'negative', 'majitelka'), ('restaurant general', 'negative', 'NULL')]
cb27f210-3d74-4604-a95c-957b5c777418	Vybírají prachy a své povinnosti neplatí, už mně to říkalo spousty mích známích, pak někomu kupte takovýto dárek, akorát ho nase	[('restaurant miscellaneous', 'negative', 'NULL')]
d88de201-5897-4d63-8c97-c319df94259b	Je to škoda, restaurace je na atraktivním místě a je mi líto příjemné obsluhy, která nejednou musí řešit nepříjemné problémy se zákazníky	[('location general', 'positive', 'místě'), ('service general', 'positive', 'obsluhy')]
583f69de-f4ab-423f-aee0-50f36cdb8e45	Vyborna restaurateur urcite prideme znovu	[('restaurant general', 'positive', 'restaurateur')]
522f7a71-6254-43b3-ab7f-707d57826fe8	Hospoda poloprázdná, lidi jen u 5 stolků, a přesto mu bylo velmi nepříjemně řečeno, že bude čekat 2h na pizzu.	[('restaurant general', 'negative', 'Hospoda'), ('service general', 'negative', 'NULL')]
37582477-079d-4e56-9090-747fc1e925e9	pokoušeli jsme se něco sníst (prostě jsme nemohli uvěřit, že je to tak zlé, nechtěli jsme si to připustit) maso byla totální žvejka!!	[('food quality', 'negative', 'maso')]
355e73eb-9b10-4c67-bd4c-ac362aab5a42	Absolutně mě udivuje arogantní a neochotný personál.	[('service general', 'negative', 'personál')]
210c97a8-3e42-49bf-9ee2-2626dbe09af0	Příště si raději dám sekanou v bulce z Globusu	[('restaurant general', 'positive', 'NULL')]
c063e0db-c106-49ff-8407-22aa0c2f1e29	Poměr cena/kvalita - i hodnocení jedné hvězdy je moc. Zatuchlé pokoje, špinavá koupelna a jablečný mošt, který je spíš voda než mošt. Už nikdy víc.	[('ambience general', 'negative', 'pokoje'), ('ambience general', 'negative', 'koupelna'), ('drinks quality', 'negative', 'jablečný mošt'), ('restaurant prices', 'negative', 'NULL')]
9c14b17d-9263-456d-9499-3e5b24dc09a3	Měli jsme vochery na steak,fazolky se slaninou a pečený brambor,Bylo to skvělé :) Určitě se vrátíme	[('food quality', 'positive', 'steak'), ('food quality', 'positive', 'fazolky se slaninou'), ('food quality', 'positive', 'pečený brambor'), ('restaurant general', 'positive', 'NULL')]
6415aa28-bc5a-4cc1-a369-3b5e7e2cb320	Zavírá ve 22:30 ... ani hrot pro jednoho včelaře :(	[('restaurant miscellaneous', 'negative', 'hrot')]
c311c438-3b45-4b95-b1fd-dab293eb466a	Pan kuchař se chtěl na nás asi připravit ,a tak udělal jídlo , tedy kuřecí špalíčky a křídla již dopředu	[('service general', 'positive', 'kuchař')]
7b3228d1-853b-49a0-b932-abbc703438cc	Když jsem si jej objednala - a že na ně mám jako student nárok, tak pan číšník měl takových řečí že jsem měla sto chutí odejít, no jídlo bylo průměrné, ale u placení opět kecy typu že ten rozdíl za mě teda doplatil ...tak co to je? proč to tedy nabízejí když s tím mají takový problém? No obsluhu jsem ještě nikdy horší nezažila! Sem už nikdy nezavítám!	[('service general', 'negative', 'číšník'), ('food quality', 'neutral', 'jídlo'), ('service general', 'negative', 'obsluhu')]
14d9f70e-c9f4-46c1-8d50-5db46691f77e	Včera jsme restauraci navštívili a kromě vysokých cen nás zarazila kvalita jídla srovnatelná se závodní jídelnou (ovšem porce asi čtvrtinové)	[('restaurant general', 'negative', 'restauraci'), ('restaurant prices', 'negative', 'restauraci'), ('food quality', 'negative', 'jídla'), ('food style_options', 'negative', 'porce')]
2a1e2d97-4670-41c1-9f2f-de51433e4995	Píšu bohužel hodně velké zklamání z restaurace u Štěpána.	[('restaurant general', 'negative', 'restaurace u Štěpána')]
1a0c70bd-4cc2-42f9-b722-6ccaa5399f0c	Rád tam chodím mají výborné kvalitní víno	[('drinks quality', 'positive', 'víno'), ('restaurant general', 'positive', 'NULL')]
c019f89e-2f01-4674-9272-ea6ab1d0de36	člověk se posadí,jen 20 minut na suchu čeká na objednání a další půl hodiny na jídlo.	[('restaurant general', 'negative', 'NULL'), ('service general', 'negative', 'NULL')]
fbfebeed-4df3-4755-a464-5c5bb8064218	Steaky bez chuti	[('food quality', 'negative', 'Steaky')]
aba99bbb-9535-49c8-b1a6-901ec905e303	Vynikající hotel, bezkonkurenční pizzerie	[('restaurant general', 'positive', 'hotel'), ('food quality', 'positive', 'pizzerie')]
7acabfcc-e11a-4e57-9d7d-691ef765e54a	Moje oblíbené snídaňové místo ve Vršovicích. Perfektní káva, pěkné mimózy a lahodné snídaně a sendviče.	[('drinks quality', 'positive', 'káva'), ('drinks quality', 'positive', 'mimózy'), ('food quality', 'positive', 'snídaně')]
1a6fd4c8-b17d-45ac-acf5-d19233c10f3c	Kvalita jídla podprůměrná, obsluha hrozná a smeták s lopatkou, nedejbože hadr a vodu, asi v této restauraci vůbec neznají	[('food quality', 'negative', 'jídla'), ('service general', 'negative', 'obsluha'), ('ambience general', 'negative', 'restauraci')]
3924ecc7-0e54-4e1d-8645-f467fef6e656	Restaurace má opět nového majitele,byli jsme tam teď několikrát zasebou měli jsme i vochery a vše bylo naprosto perfektní,jídlo výborné obsluha na úrovni a všude pořádek jaký už jsem tam dlouho neviděla všem vřele doporučuji.	[('restaurant general', 'positive', 'Restaurace'), ('food quality', 'positive', 'jídlo'), ('service general', 'positive', 'obsluha'), ('ambience general', 'positive', 'NULL')]
a5843b21-9df7-4de8-b45f-4aceabcb10be	Dnešní návštěva Café Imperial v nás zanechala skvělý dojem .. o který se v krátkosti podělíme.	[('restaurant general', 'positive', 'Café Imperial')]
6a1f2c7c-db1d-4a47-ad0b-9eaa108d8c16	Když to shrnu:kvalita rozhodne neodpovídá ceně, personál mi moc nepasuje do tohoto prostřední, vzhledem k ceně jsme čekali gurmánský zážitek,který se nekonal	[('service general', 'negative', 'personál'), ('ambience general', 'neutral', 'prostřední'), ('restaurant general', 'negative', 'NULL'), ('restaurant prices', 'negative', 'NULL')]
a4ac49d6-5389-42f5-a045-2ee945ac9bb0	Tak nevím, ale podle nás to nebylo ani omylem ani na tu jednu hvězdu	[('restaurant general', 'negative', 'NULL')]
37499a58-4c4c-4254-ac22-e57ac6c53dc7	bohužel jsme se posadili zrovna na místo kde lezela vidlicka kterou uz mel někdo v puse asi 10x	[('restaurant general', 'negative', 'NULL')]
939b2174-3b89-4230-93b1-f373c7f34f81	Nemůžu ale potvrdit že by si nás obsluha nevšímala a už vůbec ne, že důvodem by měl být voucher	[('service general', 'positive', 'obsluha')]
3cc6a9bf-0f3f-438a-83c7-77f0914cdc26	Dlouho jsme se odhodlali tam zajit az nakonec se to povedlo	[('restaurant general', 'positive', 'NULL')]
7bffc61a-dc54-43b0-a385-3f06522b26f7	A byl jsem spokojen!!!	[('restaurant general', 'positive', 'NULL')]
bb1b4487-ac45-48da-b7a8-6cce04783283	Obsluha dobrá, příjemná, ale jídlo dobré nebylo.	[('service general', 'positive', 'Obsluha'), ('food quality', 'negative', 'jídlo')]
1ad9c3b1-ec7b-4467-8739-35b30b88c42e	Mohu doporučit Beňovi, Country club - cena odpovídá kvalitě, každý si vybere a hospoda má svůj styl	[('restaurant general', 'positive', 'Country club'), ('restaurant prices', 'positive', 'Country club'), ('ambience general', 'positive', 'hospoda')]
ae5f0312-b796-4b41-91ff-b7f44fd0e39e	Dokonce i pití se nedalo	[('drinks quality', 'negative', 'pití')]
9db77eff-52c9-456b-bb9d-b0de8f2db88d	Supeeeer	[('restaurant general', 'positive', 'NULL')]
46f85762-6ead-420c-8af9-4b619b5343d1	Super nejlepší čínská restaurace v Praze.Skvělá lokalita , jídlo i oblsuha.Všem doporučuji...:)	[('restaurant general', 'positive', 'čínská restaurace'), ('location general', 'positive', 'lokalita'), ('food quality', 'positive', 'jídlo'), ('service general', 'positive', 'oblsuha'), ('restaurant general', 'positive', 'NULL')]
38b231ea-ddf6-433a-ac3b-18dfb6a38f9c	Pizza výborná nespálená, těstoviny také výborné, velké porce.	[('food quality', 'positive', 'Pizza'), ('food quality', 'positive', 'těstoviny'), ('food style_options', 'positive', 'porce')]
10fe2e1f-2635-4de9-af01-1486150ede08	Mila a prijemna obsluha. Burgry super, mozna trochu moc stavnate - jsem prase a teklo mi to hrozne po rukou :D. Mangova limonada byla uzasna! Prostredi dobre, jen jsme sedeli v chodbicce u zachodu a ja mam rada, kdyz muzu koukat do prostoru, ale jinak dobre.	[('service general', 'positive', 'obsluha'), ('food quality', 'positive', 'Burgry'), ('drinks quality', 'positive', 'Mangova limonada'), ('ambience general', 'positive', 'Prostredi')]
4909e072-f9dd-4130-a393-c80cac92d319	Hnus velebnosti. Horši putiku v Praze neznám. Chce se mi blejt.	[('restaurant general', 'negative', 'putiku')]
769a39c5-acef-46bb-98be-359ae1b26527	Záchody špinavé a smradlavé..	[('ambience general', 'negative', 'Záchody')]
8de06a4c-9795-4db5-bbcf-5c8beec74f03	Jídlo fakt dobré. krasná atmosféra. Výhodné ceny. Tuhle restauraci bych doporučil všem.	[('food quality', 'positive', 'Jídlo'), ('ambience general', 'positive', 'atmosféra'), ('restaurant general', 'positive', 'restauraci'), ('restaurant prices', 'positive', 'restauraci')]
da5096f0-ba6d-4cb7-8f45-bba0e36d687d	A když si pochutnáte,tak máte v životě vlastně štěstí a nemusíte jezdit někam 150 - 200km	[('food quality', 'positive', 'NULL'), ('restaurant general', 'positive', 'NULL')]
6b5f53dd-342c-4a90-8107-b3156631aea5	Obsluha příjemná, pivo dobré, prostředí pěkné.	[('service general', 'positive', 'Obsluha'), ('drinks quality', 'positive', 'pivo'), ('ambience general', 'positive', 'prostředí')]
0e2cc74e-88a5-40ba-b138-eead8343a731	Káva nebyla nejlepší, vzhledem k vyšší ceně bych čekal lepší.	[('drinks prices', 'negative', 'Káva'), ('drinks quality', 'negative', 'Káva')]
97b87da9-5730-4d6c-8b48-82d94decf3e6	Ve větším městě, kde je konkurence by se neuživil	[('restaurant general', 'negative', 'NULL')]
7030aaeb-9577-4d0d-b7ae-713e2c3efce5	První místo které jsme objevila v praze kde si člověk může dát metr čtvereeční pizzy:) Jídlo: pizza byla dobrá křupavá jen na jedné části bylo oproti italským zvyklostem nějak hodně česneku Pěkné menu bez běžných českých prohřešků vůči italské kuchyni - opravdu italská jídla Pec vytápěná dřevem přímo na pizzu Obsluha: Milá ale dost pomalá Interier: hezký ne přeplácaný, occeňuju rukou psané menu byl už ovšem trochu zašlý a zasloužil by trochu oprášit	[('food style_options', 'positive', 'pizzy'), ('food quality', 'positive', 'Jídlo'), ('food quality', 'positive', 'pizza'), ('food style_options', 'positive', 'menu'), ('service general', 'neutral', 'Obsluha'), ('ambience general', 'positive', 'Interier')]
5bc7b6c8-5d62-4bc8-b195-c7a60150afb7	Dobrý	[('restaurant general', 'positive', 'NULL')]
c763a939-74a7-41a4-9b5e-9f13bceefe7a	Dobré pivo pěkné prostředí a milá obsluha	[('drinks quality', 'positive', 'pivo'), ('ambience general', 'positive', 'prostředí'), ('service general', 'positive', 'obsluha')]
89dedb9d-f033-44dd-96ca-855d1cb21057	Příjemné prostředí, ochotný personál	[('ambience general', 'positive', 'prostředí'), ('service general', 'positive', 'personál')]
0f169170-17b4-4477-ab73-f9a45808212a	Jídlo neni špatný, ale jinak děs běs.	[('food quality', 'neutral', 'Jídlo'), ('restaurant general', 'negative', 'NULL')]
68b1ddfb-6170-44e6-9bca-af266dc673df	Naprosto profesionální a skvělá, milá a ochotná obsluha, s jakou se setkáte v Praze málokde.	[('service general', 'positive', 'obsluha')]
23d4e672-b03d-418f-ac7e-6831fdc8f68b	Otrávené ksichty servírek, ignorace zákazníků, chůze rychlosti starce o berlích.	[('service general', 'negative', 'servírek')]
7939eb10-f1a3-4f37-bbbd-7fdb75c98c7d	Myslím si, že zvěřina zvítězí	[('food quality', 'neutral', 'zvěřina')]
2417eda1-fa22-44ee-affe-05e125ca3898	Vše zřejmě ohřáto v mikrovlnce	[('food quality', 'negative', 'NULL')]
1cf06b59-b32d-4144-8b75-0c8cfec12888	Spokojenost	[('restaurant general', 'positive', 'NULL')]
2cc4cd13-d2bc-4da9-9f50-a53ae253d397	Poměrně sladký kalifornský Cabernet se k tomu příliš nehodí, ale to jsem věděl předem už z nabídky	[('drinks quality', 'negative', 'kalifornský Cabernet')]
b35b4df3-c74f-4180-a4f1-36a8b455c677	v interu by za takove polivky bylo akorát 25 ran holi	[('food quality', 'negative', 'polivky')]
24852a08-ef34-424f-82b8-60288761fd56	Káva nic moc.	[('drinks quality', 'neutral', 'Káva')]
ea7956e3-d04e-4ecc-97c5-444692617070	Příjemné prostředí, dobrá obsluha, jídlo většinou dobre, polívky trošku slabší, miska v které ji podávají je hodně nepraktická,menší porce menicek	[('ambience general', 'positive', 'prostředí'), ('service general', 'positive', 'obsluha'), ('food quality', 'positive', 'jídlo'), ('food quality', 'negative', 'polívky'), ('food style_options', 'negative', 'porce')]
3ec197f3-382d-458e-9b06-be22809351a5	A raději dostanu nedosolenou bramboru, než přesolenou!	[('food quality', 'neutral', 'bramboru')]
b1219797-aac5-4c0c-90f7-c610994867fc	Horší pajzl v Praze neznám.	[('restaurant general', 'negative', 'pajzl')]
09a7a8f2-a0d0-4569-9eb0-28e3c4be1481	Krásné prostředí, příjemná obsluhaa úplně dokonalé jídlo a pití určitě bych se tu stavil znovu.	[('ambience general', 'positive', 'prostředí'), ('service general', 'positive', 'obsluhaa'), ('food quality', 'positive', 'jídlo'), ('restaurant general', 'positive', 'NULL')]
148a66fe-7a49-46ac-99ce-fc3d8b717977	Pizza slušná, ostatní jídla nevím.	[('food quality', 'neutral', 'Pizza'), ('food quality', 'neutral', 'jídla')]
989ce719-f0c7-44c4-a19b-de0f03cd3b6f	Navštívili jsme tuto restauraci po delší době na oběd a byli jsme mile překvapeni.	[('restaurant general', 'neutral', 'restauraci'), ('food style_options', 'positive', 'oběd')]
89c8f14a-f424-4f83-b058-c75953b190c4	Na MDŽ si to u Vás rádi zopakujeme!!	[('restaurant general', 'negative', 'NULL')]
32482898-b4f7-4fed-a69d-fc280d1d275a	Krásný hotel s dobře fungujícím personálem.	[('ambience general', 'positive', 'hotel'), ('service general', 'positive', 'personálem')]
3adf7899-0768-49d5-91a8-e8cf2da48582	Vynikající hotel tohoto hodnocení. Klub v pořádku. Zaměstnanci laskavě	[('restaurant general', 'positive', 'hotel'), ('service general', 'positive', 'Zaměstnanci')]
58048c35-115a-4313-bd0e-2d31025a21da	Zasli jsme po kine na neco maleho a hned nas mile prekvapilo, ze maji nekuracky salonek. Dali jsme si salat a carpaccio, oboji vynikajici. Mineralku nechci hodnotit, ta je vsude stejna, ale kafe bylo super. Urcite doporucuji, nejenom po kine.	[('ambience general', 'positive', 'nekuracky salonek'), ('food quality', 'positive', 'salat'), ('food quality', 'positive', 'carpaccio'), ('drinks quality', 'positive', 'kafe'), ('restaurant general', 'positive', 'NULL')]
d97a2cf4-80b7-4a86-8e15-3becff3c57b9	Báječné místo	[('restaurant general', 'positive', 'místo')]
960889ee-b0a5-4456-bfae-1f3d9c381106	Hvězd mohlo být pět, ale možná by byla vhodná větší srdečnost obsluhy, ale i tak dobrý...	[('service general', 'neutral', 'obsluhy'), ('restaurant general', 'positive', 'NULL')]
9067b923-236e-42ab-b2cf-6df93cf867ea	Byli jsme spokojeni, byli jsme tam o víkendu, je to nedaleko Prahy, takže jsme odsud vyráželi na výlety do Prahy.	[('restaurant general', 'positive', 'NULL')]
9bf6167b-0cec-49e6-921a-af3f2870268c	S díky jsem roztrahala voucher, jelikož prý ani nemají maso a místo k sezení...chachacha.	[('restaurant miscellaneous', 'negative', 'NULL')]
cc341696-cc57-42cb-aa97-5c099221faf0	super zážitek u dveři vás uvedou ještě se na vás usmějou a jídlo famozní a ceny v pohodě připadáte si jak v luxusu jen doporučuji	[('food quality', 'positive', 'jídlo'), ('ambience general', 'positive', 'NULL'), ('restaurant general', 'positive', 'NULL'), ('restaurant prices', 'positive', 'NULL'), ('service general', 'positive', 'NULL')]
e74b5f36-08c3-42fc-a89b-51e5e5d8c9c9	Pěkné bistro pro rychlý oběd. Přiměřený poměr kvalita / cena	[('restaurant general', 'positive', 'bistro'), ('restaurant prices', 'neutral', 'NULL')]
5648b5df-fb98-45d2-89cb-966d350669a4	Jídlo bylo skvělé, obsluha milá.	[('food quality', 'positive', 'Jídlo'), ('service general', 'positive', 'obsluha')]
b951a6e6-3369-463d-b7f6-b3a717bc2fac	jidlo moc dobre byl jsem velice spokojen	[('food quality', 'positive', 'jidlo'), ('restaurant general', 'positive', 'NULL')]
938bcfb8-c65f-4085-987f-9afa32bb9b77	Výborné jídlo skvělá obsluha	[('food quality', 'positive', 'jídlo'), ('service general', 'positive', 'obsluha')]
81566513-11a2-4ac1-b377-d70a6bdd5f3b	Super 😀😀😀	[('restaurant general', 'positive', 'NULL')]
c040fe75-2464-416a-b8b3-dc4def686511	Do restaurace jezdíme už téměř 18 let. Jídlo je dobré, obsluha příjemná a hezké místo. Již několikrát jsme zde slavili rodinné události. Za tu dobu se podnik rozrostl a o to mě více dovede při návštěvě rozladit, že sednu ke stolu, kde je pobryndaný ubrus (a to jdeme na otvíračku), dostanu talíř s uraženou hranou nebo poškrábané skleničky. Opatlané prosklené dveře a chcíplé mouchy a prach na parapetu také není dobrá vizitka. Jsou to drobnosti, ale tak snadno je lze odstranit, že je jich škoda.	[('food quality', 'positive', 'Jídlo'), ('service general', 'positive', 'obsluha'), ('ambience general', 'positive', 'místo'), ('ambience general', 'negative', 'ubrus'), ('food style_options', 'negative', 'talíř'), ('drinks style_options', 'negative', 'skleničky'), ('ambience general', 'negative', 'dveře')]
775ec832-70a0-4504-8d88-5db1cb2343b4	Rozhodně bylo jídlo dobré, ale na mě byly chutě až moc překombinované	[('food quality', 'positive', 'jídlo')]
2d9b42a0-b281-4a42-aa66-15db60e54bac	Dobra restaurace se standartne dobrou urovni jidla(hlavne pres obed). Obsluha mila a rychla. Jedine minus je,ze čepuji staropramen.	[('restaurant general', 'positive', 'restaurace'), ('food quality', 'positive', 'jidla'), ('service general', 'positive', 'Obsluha')]
0f73c452-46a1-4108-8172-6889e07ef469	Jidlo docela dobre az na knedliky, ktere mely oschle okraje. Obsluha  vsak prinesla jedno jine jidlo + piti, nez jsme si objednali. Pri konfrontaci si vymysleli velmi rychle vymluvu. Za me dost neprofesionalni.	[('food quality', 'neutral', 'Jidlo'), ('food quality', 'negative', 'knedliky'), ('service general', 'negative', 'Obsluha')]
f01fe39a-834b-4960-be51-dfa6f5277a22	Tohle by clovek uz tak nejak prezil, je to zkusenost, co me ale vazne nastvalo bylo to, ze pritel stravil nekolik nasledujicich dni na zachode se strevnimi a zaludecnimi potizi	[('food quality', 'negative', 'NULL')]
4630c8a0-85c3-4034-9861-46aa9c1e019e	Kafíčko výborné, bagetky čerstvé a teplé.	[('drinks quality', 'positive', 'Kafíčko'), ('food quality', 'positive', 'bagetky')]
5bd5a1a7-fc48-4545-9706-d9c6c861ff0a	Obsluha byla příjemná (mnohem víc než v mnohých restauracích, kam jdeme jen tak, bez voucheru), jídlo opět vynikající!	[('service general', 'positive', 'Obsluha'), ('food quality', 'positive', 'jídlo')]
e51ead76-821e-43a0-be46-77ddb3e62678	smrad ano ale od vedlejšího stolu	[('ambience general', 'negative', 'NULL')]
dccb90c6-c78b-4ab5-b167-2830f9bf0e17	Vsem doporucuji:-)	[('restaurant general', 'positive', 'NULL')]
3e0cb7ff-aafa-42f8-b1ee-1dac90dec352	Pizzerie Pizza se vaří v troubě, viděl jsem to sám, pizza je vynikající. Vyzkoušeli těstoviny, jedli lépe. Tagliatelle je také vynikající. Pěkná káva. Služba závisí na číšníkovi. Někdy jsou špinavé stoly. Celkově to není špatné.	[('food quality', 'positive', 'pizza'), ('food quality', 'positive', 'těstoviny'), ('food quality', 'positive', 'Tagliatelle'), ('drinks style_options', 'positive', 'káva'), ('service general', 'neutral', 'Služba'), ('ambience general', 'neutral', 'stoly'), ('restaurant general', 'neutral', 'NULL')]
6bbcc7a8-5098-4baa-8fda-e03ce475dd41	jednim slovem na hovno	[('restaurant general', 'negative', 'NULL')]
09094bdc-8ba5-4f2c-8a1a-0881ec05fd6d	3) Místo kuřecích paliček, byly servírovány kuřecí křidélka	[('service general', 'negative', 'NULL')]
3704a8a5-7646-4e21-b4b7-ccf04781d053	A závěrem:příjemná obsluha a ceny jako ve 4 hvězdičkovém hotelu,stylové prostředí,na pivko určitě,jídlo-nečekejte žádné zázraky,ať nejste příliš zklamáni	[('service general', 'positive', 'obsluha'), ('ambience general', 'positive', 'prostředí'), ('drinks quality', 'positive', 'pivko'), ('food quality', 'neutral', 'jídlo'), ('restaurant prices', 'negative', 'NULL')]
6440b059-7079-4a3d-8875-4e04b62658ed	Obsluha ochotná, určitě navštívíme znovu - třeba za pěkného počasí na zahrádku :o) Doporučuji !	[('service general', 'positive', 'Obsluha'), ('ambience general', 'positive', 'zahrádku'), ('restaurant general', 'positive', 'NULL')]
89d3bd80-cd46-4429-85ec-b5434f7f8c5d	Nadherny vyhled z terasy na Brno	[('location general', 'positive', 'vyhled')]
11bbcf00-1828-41e5-81cb-9eecb4da52a6	Perfektní obsluha,veliká a hlavně velmi chutná porce,ochota která se dnes už moc nevidí	[('service general', 'positive', 'obsluha'), ('food quality', 'positive', 'porce'), ('food style_options', 'positive', 'porce')]
39be9120-0286-41e5-8d6f-892995c6ac57	Dobrý výběr jídel národní kuchyně, vaří velmi chutné a rychlé. Výběr piva je ale spíše slabý.	[('food style_options', 'positive', 'jídel'), ('food style_options', 'positive', 'národní kuchyně'), ('drinks style_options', 'negative', 'piva'), ('food quality', 'positive', 'NULL'), ('service general', 'positive', 'NULL')]
dbdf8782-4156-41a3-9822-a11a3fde290d	na jidlo radši jinde	[('food quality', 'negative', 'jidlo')]
eeed162e-e66d-4f8e-a5a2-0f9f6aafa406	Byli jsme na večeři a smažený sýr hodně slabý a byl hodně cítit olejem, hranolky slabé a při napichování se lámaly a taky hodně cítit olejem , tentokrát zklamání.	[('food quality', 'negative', 'smažený sýr'), ('food quality', 'negative', 'hranolky')]
5f9ddd02-937d-42d8-9a36-b595c525571d	Výborný jídlo a skvělá obsluha	[('food quality', 'positive', 'jídlo'), ('service general', 'positive', 'obsluha')]
32dd325f-fbe4-467e-85b0-2606f01752f5	Já tuhle tu zkušenost nemám a za mne ji mohu doporučit	[('restaurant general', 'positive', 'NULL')]
dbabf852-4df9-4eae-b63f-3f5c3f4d0d5d	Interier - lepší hospoda, obsluha normálka	[('ambience general', 'positive', 'Interier'), ('service general', 'neutral', 'obsluha')]
eb9c7653-96f8-4ad3-b471-60453ef57b5f	Skvělé jídlo. 😉	[('food quality', 'positive', 'jídlo')]
2f7f1bf7-97a1-4d95-bbdf-3b3cb3cd2143	"Ale váže... velmi dobrý přístup personálu, jídlo dobré, ale možná někdy moc ""divoké""."	[('service general', 'positive', 'personálu'), ('food quality', 'positive', 'jídlo')]
ba39b38d-9114-4062-bf70-5e5296952baa	Naprosto výjimečné místo doporučuji všem	[('restaurant general', 'positive', 'místo')]
303fd48c-3586-4775-9e90-c79c328c59ef	do restaurace jsem jen volala ohledne rezervace a už během hovoru mne (nejspiš majitel) odradil od navštěvy, nepachnu tam, ten arogantni ton se kterym se mnou pan mluvil a jako kdybych ho obtezovala tim ze mu volam a chci si rezervovat stul	[('service general', 'negative', 'majitel')]
5912d0e9-aad7-4fdb-ac1f-b3cc33c43964	DOUFÁM, ŽE TO BUDE PŘÍŠTĚ LEPŠÍ	[('restaurant general', 'negative', 'NULL')]
128bcf8a-4cf6-49fd-9cd1-a05a64459300	výborné jídlo a příjemná obsluha	[('food quality', 'positive', 'jídlo'), ('service general', 'positive', 'obsluha')]
ad169d24-cf3e-4360-8740-d9b8536693c4	Minulý týden jsem měla v této restauraci opravdu zážitek !	[('restaurant miscellaneous', 'neutral', 'restauraci')]
f56adcc5-deb2-44ce-8f32-f6491db0e818	Dobré jídlo a dobre pivo.	[('food quality', 'positive', 'jídlo'), ('drinks quality', 'positive', 'pivo')]
799bf9ae-aa7f-42a3-8974-ceb68cbf47e8	Dobrá Teplá nebo studená jídla po celý den bohužel víc fotek nemám.	[('food quality', 'positive', 'jídla')]
7b252b68-1b76-4bcd-a707-3e0843258057	Pekne posezeni,ochotna obsluha. Na steiky by bylo dobre bylinkove maslo,aby nebylo tak suche. Jinak chvalim.	[('ambience general', 'positive', 'posezeni'), ('service general', 'positive', 'obsluha'), ('food quality', 'neutral', 'steiky')]
1d0e3325-a109-43a6-b5e9-895d608acf48	All inclusive SUPER	[('restaurant miscellaneous', 'positive', 'NULL')]
40d1bd25-18c4-45af-9f73-9a64851b864f	A TÍMTO VYZÝVÁM MAJITELE, A´T ZDE NAPÍŠE VYJÁDŘENÍ K NÍŽE UVEDENÝM PROBLÉMŮM	[('service general', 'negative', 'MAJITELE')]
8809c40e-889a-4a18-93e6-e41314c47cb8	Obsluha příjemná, rychlá. Jidlo výborné, pečivo domácí, nelze nic vytknout! Rad znovu zavitam. Kež by to všude fungovalo jako zde.!	[('service general', 'positive', 'Obsluha'), ('food quality', 'positive', 'Jidlo'), ('food quality', 'positive', 'pečivo'), ('restaurant general', 'positive', 'NULL')]
cda3ebd9-5846-4501-a761-f1beb83841cf	Rád bych k vám ještě zavítal, ale mám strach :) Díky	[('restaurant miscellaneous', 'negative', 'NULL')]
e2fab269-75f3-4000-96a9-37fa07927da2	Ztratila svou šumavskou atmosféru	[('ambience general', 'negative', 'šumavskou atmosféru')]
0ff1b5dd-dcc6-4947-967c-2c11e3d5faea	Říká se,  že v ck jedna z nejlepších restaurací. Dovolím si nesouhlasit.  Burger s trhaným vepřovým masem museli nejspíš udělat,  aby zpracovali zbytky z minulého dne, jinak si to maso nedokážu vysvětlit. Navíc studené. Pečené kuřecí stehno s nádivkou bylo dobré.  Obsluha vynikající.	[('food quality', 'negative', 'Burger s trhaným vepřovým masem'), ('food quality', 'positive', 'Pečené kuřecí stehno s nádivkou'), ('service general', 'positive', 'Obsluha')]
c0c9fa95-c89c-492f-b2af-9e7b935bd02d	Naučené fráze bez upřímnosti a vřelosti	[('service general', 'negative', 'NULL')]
9cda3c7a-1435-4d39-af63-cb8584543962	Vína byla skvěle vybraná a moc jsem si to užila	[('drinks quality', 'positive', 'Vína')]
230228c9-f257-4ab9-815f-495f18b0dc18	Měli jsme na výběr z několika druhů přílohy, ale na tu se nás nikdo nezeptal a na stůl nám donesli hranolky	[('food style_options', 'neutral', 'přílohy'), ('service general', 'negative', 'NULL')]
ddc8ed4e-8398-47bb-901c-57100f6c1b67	Pěkný servis. Možný pozdní posun.	[('service general', 'positive', 'servis')]
7265a3de-dc84-47a1-817f-1a48a9af756d	S manželem jsme byli v restauraci poprvé a velice nás překvapilo příjemné prostředí, příjemný personál a jídlo bylo vynikající. Manžel si dal - Irský flap steak z mladého býka, silná omáčka z lesních hub a steakové hranolky U-Fries - vynikající :-) . Já si dala - Krutí steak s bylinkovým máslem a zapečenými bramborami se sýrem Gran Moravia - vynikající :-) . Pak, jako sladkou tečku na konec, jsme si dali - Lívance s ostružinovým žahourem, kysanou smetanou a vanilkovou zmrzlinou - parádní :-) . Velice děkujeme za krásně prožitý nedělní večer, rádi se k Vám opět vrátíme.	[('restaurant general', 'positive', 'restauraci'), ('ambience general', 'positive', 'prostředí'), ('service general', 'positive', 'personál'), ('food quality', 'positive', 'jídlo'), ('food quality', 'positive', 'Irský flap steak z mladého býka, silná omáčka z lesních hub a steakové hranolky U-Fries'), ('food quality', 'positive', 'Krutí steak s bylinkovým máslem a zapečenými bramborami se sýrem Gran Moravia'), ('food quality', 'positive', 'Lívance s ostružinovým žahourem, kysanou smetanou a vanilkovou zmrzlinou')]
e4443903-67c5-4c0c-9a5e-ce516957d084	Servírky se vesele bavily u baru a my zase u stolu, když jsme si uvědomily, že už tam sedíme asi 20 minut a nikdo nám ani nepřinesl jídelní lístek	[('service general', 'negative', 'Servírky')]
ac22e030-b26e-4766-8946-94d3da4bac07	Chováni personálu nic extra,jen jsme se tu stavili z túry	[('service general', 'negative', 'personálu')]
bd03c434-6e27-43f1-b3fc-f01a3922f167	Nemusíte se bát, tento Váš oblíbený podnik nebo Váš podnik? už určitě nenavštívíme	[('restaurant general', 'negative', 'NULL')]
07eec87f-a3e2-4f5e-a912-50f53fe56e50	Latranská pizza je skvělá, těstoviny jsou skvělé	[('food quality', 'positive', 'Latranská pizza'), ('food quality', 'positive', 'těstoviny')]
fc4c5dd3-a34a-4b41-abdc-f2109037858f	Z kuchyně bylo slyšet jak kuchař nadává číšníkovi né moc hezky	[('service general', 'negative', 'kuchař')]
77c15bb0-ac56-445f-be3f-7bed8224de66	OBSLUHA PRŮMĚRNÁ	[('service general', 'neutral', 'OBSLUHA')]
a8e4a5de-d94d-438b-851b-34a1c8f515b2	Do této restaurace se již nevrátíme a nebudeme ji ani doporučovat přátelům.	[('restaurant general', 'negative', 'restaurace')]
e0f5dcc3-1566-4913-89e5-2b4ef63aaf9f	Velmi pěkné, dobré jídlo, dobrá show, skvělá atmosféra	[('food quality', 'positive', 'jídlo'), ('ambience general', 'positive', 'atmosféra'), ('ambience general', 'positive', 'NULL'), ('restaurant miscellaneous', 'positive', 'NULL')]
dce9cabb-75c9-45ee-ad29-1d456cfb6914	Ale na jídlo tam radši nechoďte, pokud nechcete mermomocí ochutnat specialitu - smažené sushi v těstíčku.	[('food quality', 'negative', 'jídlo'), ('food quality', 'negative', 'specialitu'), ('food quality', 'negative', 'smažené sushi v těstíčku'), ('restaurant general', 'negative', 'NULL')]
37263593-d99e-455b-a6d1-e78a38bb2f29	Do prvního českobudějovického minipivovaru si kazdorocne najdeme několikrát cestu. Mají senzační pivo, o jídlu už se to říct nedá. V létě je tam mnoho  turistů a právě proto by jsi to zasloužilo na jídelnou lístků a opravdu zapracovat. Krásná zahrada a okolí.. V komplexu si můžete  zajistit krásnou svatbu..	[('drinks quality', 'positive', 'pivo'), ('food quality', 'neutral', 'jídlu'), ('ambience general', 'positive', 'zahrada'), ('ambience general', 'positive', 'okolí'), ('restaurant general', 'positive', 'NULL')]
865498c3-004c-4a42-9bb1-b53a118409e0	Já byl spokojený a určitě se vrátím	[('restaurant general', 'positive', 'NULL')]
39770116-0e9c-4666-93c1-39692b35d36b	Mám s touto restaurací zkušenost pouze s rozvozem jídla a musím jen vřele doporučit.Jídlo kvalitní a dodání bylo rychlé.Navíc rozváží i o víkendu.	[('restaurant general', 'positive', 'restaurací'), ('service general', 'positive', 'rozvozem'), ('food quality', 'positive', 'Jídlo')]
3642a632-2c25-45fc-92a9-1155e200ba6d	Hlavní chod nesplnil má očekávání.	[('food quality', 'negative', 'Hlavní chod')]
b3bb4060-fd17-47e5-bd66-f2a810a49f88	Obsluha se sice snažila, ale pro nás tato restaurace byla zklamáním	[('service general', 'positive', 'Obsluha'), ('restaurant general', 'negative', 'restaurace')]
fec60b8c-16ee-4bba-80bf-eb2f44012db7	Kolegové si dali každý jeden tuplák, ale blonďatý číšník každému zaúčtoval 2 tupláky.	[('service general', 'negative', 'číšník')]
7552f80f-fcec-4b08-9594-979dca8f694c	A připravte se na to, že kromě piva, si nic nevychutnáte (pokud ho pravda mají)	[('drinks quality', 'positive', 'piva'), ('food quality', 'negative', 'NULL')]
3ba27ee3-e5ae-4d7d-b385-0d7dee598c8b	Jednání personálu akorát na jednu vyjímku hrozné,jednání provozovatelky naprosto neadekvátní,sprostá,neslušná a neochotná.	[('service general', 'negative', 'personálu'), ('service general', 'negative', 'provozovatelky')]
53e4666e-103e-4125-939f-9fb6ac5f0cbe	Ta hospoda měla atmosféru - DOBRODRUH z Plzně .	[('ambience general', 'positive', 'hospoda')]
9115292b-b367-4113-8e7a-de2cba3baa16	Velmi dobré pivo a jídlo. Pěkné osvěžení pro bycyclyst. Doporučit.	[('drinks quality', 'positive', 'pivo'), ('food quality', 'positive', 'jídlo'), ('restaurant general', 'positive', 'NULL')]
053a1900-2fe3-4caa-96f0-785a17c528b1	Sterilní prostředí, které se používá jako zastávka, ale jídlo a servis první třídy	[('ambience general', 'negative', 'prostředí'), ('food quality', 'positive', 'jídlo'), ('service general', 'positive', 'servis')]
7de3b9c7-33ab-4274-9da8-7d44c4bb70db	Stane se někdy, že mají dost plno a musíme chvilku čekat ,ale to snad je normální ,že nemůžete příjíd do restaurace a hned být obslouženi.	[('restaurant miscellaneous', 'neutral', 'restaurace')]
f1b17c6d-dcb6-4933-a479-129ef251f877	Děkujeme za dobré jídlo na sobotní akci a výborny personal	[('food quality', 'positive', 'jídlo'), ('service general', 'positive', 'personal')]
50ec1690-b7f5-46d9-aba2-a6446ac963b7	Dnes jsem tam byla po delší době na obědě - a naprosto super! Jídlo bylo vynikající na závěr perfektně uvařen espresso	[('food quality', 'positive', 'obědě'), ('food quality', 'positive', 'Jídlo'), ('drinks quality', 'positive', 'espresso')]
2dfd9b1b-a9a2-4224-94c6-5f30746e0e25	Nenašla bych na ni nějakou výraznou chybu	[('restaurant general', 'positive', 'NULL')]
3e6d5361-bd75-49af-9746-78e239262600	jediné, co se dalo, jsou vína	[('drinks quality', 'positive', 'vína')]
5cb78ab0-c1a3-4a4a-b254-3133fde8b04a	Řízečky vynikající	[('food quality', 'positive', 'Řízečky')]
e73ecf97-2db8-44c6-89a1-8e7835fd9b59	Skvělé služby. Skvělé národní menu. Nízké ceny. Pro děti speciální místo se zábavou. V blízkosti centra. Vynikající služby. Velké menu místních potravin. Nízké ceny. Zvláštní místo pro děti s hračkami. V blízkosti centra.	[('service general', 'positive', 'služby'), ('food quality', 'positive', 'menu'), ('location general', 'positive', 'NULL'), ('restaurant general', 'positive', 'NULL'), ('restaurant miscellaneous', 'positive', 'NULL'), ('restaurant prices', 'positive', 'NULL')]
90a14965-59d2-49e6-9ce3-e88108f7fc13	a se vším jsem byla velmi spokojená	[('restaurant general', 'positive', 'NULL')]
367b4e29-51ff-456a-b289-a7d3ece0feb2	Nevím,jak to zde chodilo dřív,ale já se do Sklípku rád vrátím	[('restaurant general', 'positive', 'Sklípku')]
31b1e20a-a24c-4b35-972c-1db1c97aa3b4	Horší jídlo jsem v životě ani neviděla	[('food quality', 'negative', 'jídlo')]
9451fb61-3731-4812-b577-0ffb31808d9c	take tuhle restauraci nedoporucuji	[('restaurant general', 'negative', 'restauraci')]
b374bc61-59ed-4455-8d61-e786676cdf6c	Neurazí ani nenadchne	[('restaurant general', 'neutral', 'NULL')]
835e8dc0-3621-409f-b933-1c74ac95f49d	Vrcholem původně příjemného odpoledne bylo, když se zřejmě majitel restaurace rozhodl, že nám zpestří den tím, že nám začne vykládat o prestiži restaurace v polovině oběda	[('service general', 'negative', 'majitel')]
be976b61-e4b6-404d-a84c-8aeda7c0e62f	Plno na papíře,ale na talíři trošku jinak	[('food style_options', 'negative', 'NULL')]
6cb28888-82db-45d7-b8fe-3a3febc3e193	Vše bylo luxusní,chutné,prostředí čistě	[('ambience general', 'positive', 'prostředí'), ('food quality', 'positive', 'NULL'), ('restaurant general', 'positive', 'NULL')]
621ef483-9b60-4de1-b767-5753b0139aef	Vývar s domácími nudlemi - slabý vývar, o domácích nudlích, které byly avizovány pochybuji.	[('food quality', 'negative', 'Vývar s domácími nudlemi'), ('food quality', 'negative', 'vývar'), ('food quality', 'negative', 'domácích nudlích')]
18959f48-3070-4dcf-a1ea-e07290db99ed	Hodnocena pouze restaurace..zklamání vzhledem k ostatním hodnocením. Spíše podprůměrné jídlo, špatně dochucené (domácí nudle s hříbkami a kuřecím steakem). Nedoporučuji.	[('restaurant general', 'negative', 'restaurace'), ('food quality', 'negative', 'jídlo'), ('food quality', 'negative', 'domácí nudle s hříbkami a kuřecím steakem'), ('restaurant general', 'negative', 'NULL')]
8ec79faf-d0bc-4b3c-bb79-8b62c05aef4e	Knajpa pro cizince. Nesmyslné ceny.	[('restaurant prices', 'negative', 'NULL')]
ebf62f0a-3e75-4515-90cd-0ee1c2247935	No a to nemluvím o tom, že mě tam jednou okradli, ale to je už moje blbost.	[('restaurant miscellaneous', 'negative', 'NULL'), ('service general', 'negative', 'NULL')]
1c3943f1-7b1c-4e80-ac78-15fb29c627d3	Jídlo a servis výborný	[('food quality', 'positive', 'Jídlo'), ('service general', 'positive', 'servis')]
4aa9f667-1028-4faf-916e-99839a45986b	Jde vidět, že se restaurace pomalu ale jistě dává do kupy.	[('restaurant general', 'positive', 'restaurace')]
3384d769-834f-4977-9ab4-7296efa77639	Následně čekám 30 minut na pizzu (obsazena je polovina hospody).	[('service general', 'negative', 'NULL')]
5ad04ac9-fa5c-471a-8277-c5e44b4d7a2d	Brambrové pyré rozmázlé po talíři v žádném případě chlapy neuspokojilo	[('food style_options', 'negative', 'Brambrové pyré')]
52689162-4cc1-4043-ae4e-0b3b8360d90f	Hodně špinavej lokál... Dělá akorát homosexuálům ostudu.	[('ambience general', 'negative', 'lokál'), ('restaurant general', 'negative', 'lokál')]
b8a5537c-8e97-4fd0-86a3-a5f777f1c5da	Byly jsme tam s kamarádkami na obědě. Interiér ujde ale obsluha byla děsná a jídlo nestálo za nic. Radši se vyhněte.	[('ambience general', 'negative', 'Interiér'), ('service general', 'negative', 'obsluha'), ('food quality', 'negative', 'jídlo'), ('restaurant general', 'negative', 'NULL')]
51f84cc1-83d3-4dd7-941a-15404442c98d	Jídlo velmi kvalitní příjemná obsluha a dnes to bylo dokonce s českou básničkou k přípitku =)	[('food quality', 'positive', 'Jídlo'), ('service general', 'positive', 'obsluha'), ('restaurant miscellaneous', 'positive', 'NULL')]
03a64db0-1750-4a8c-b13c-001a10dacc9d	Do Sklipku se velmi rad se svými přateli vracim	[('restaurant general', 'positive', 'Sklipku')]
ac3ab710-7257-44c8-a648-5ba376065e9c	Pěkné místo	[('restaurant general', 'positive', 'místo')]
29f516b7-4e81-4750-9e60-5eb48b92a2fc	Příjemné prostředí, na bistro velmi dobré jídlo. Chtělo by to dětský koutek ...	[('ambience general', 'positive', 'prostředí'), ('food quality', 'positive', 'jídlo')]
40c13a9c-8c78-4101-b261-37a9359e5662	Pizza absolutně bez chuti, neslaná a nevýrazná.	[('food quality', 'negative', 'Pizza')]
3b55d043-4b55-4b2d-b0b2-578b2f090eeb	Skvělý hotel a restaurace	[('restaurant general', 'positive', 'restaurace')]
40772d4c-c41d-42d7-b83f-523f64b42404	Vynikající restaurace s vynikající kuchyní a chutné pivo z vlastního pivovaru. Přišli jsme sem s přáteli, abychom si pochutnali na dobrém jídle a dobře se bavili, a uspěli jsme. Služba zde byla také příjemná. Dojmy z pobytu v této restauraci jsou prostě super.	[('restaurant general', 'positive', 'restaurace'), ('food quality', 'positive', 'kuchyní'), ('drinks quality', 'positive', 'pivo'), ('food quality', 'positive', 'jídle'), ('service general', 'positive', 'Služba')]
59b45d2d-e695-4eb5-b46b-53fcefea6731	Objednala jsem si těstoviny Alla Carbonara z rozvozu a opravdu netuším kde ten kuchař přišel na to že by to mělo chutnat po uzeným lososu! HNUS!	[('food quality', 'negative', 'těstoviny Alla Carbonara'), ('service general', 'negative', 'kuchař')]
1514516c-9c1c-4eab-af2e-86343ea15bff	DOPORUČUJI, dobře vychlazené pivo a příjemná číšnice,fajn prostředí,chodím tam již několik let a je tam opravdu super>	[('drinks quality', 'positive', 'pivo'), ('service general', 'positive', 'číšnice'), ('ambience general', 'positive', 'prostředí'), ('restaurant general', 'positive', 'NULL')]
8c04e1da-f9f8-4a82-988d-24cd6ba0c910	Výborná kuchyně	[('food quality', 'positive', 'kuchyně')]
932021c9-71a4-431e-994f-e9780a588585	Příjemné posezení na velké předzahrádce, ale kuchař asi neměl šťastný den.	[('ambience general', 'positive', 'posezení'), ('service general', 'negative', 'kuchař')]
9043181d-17e4-49e7-b518-457d6b85a561	Dnes jsme se tam snažili dostat na oběd - narváno, museli jsme počkat do večera, hospoda obsazená z 80%, pár jídel chybělo - je vidět, že chutnalo.	[('food quality', 'positive', 'oběd'), ('restaurant general', 'positive', 'hospoda'), ('food quality', 'positive', 'jídel')]
73f4c0c4-16ae-4e48-8eab-3359f8cc9dd5	Dobré jidlo doporučuju	[('food quality', 'positive', 'jidlo'), ('restaurant general', 'positive', 'NULL')]
4ed54ccd-1433-49e2-8003-a577d6ff925c	Výborné vlastní cukrářské výrobky, vyhlášené po celém okolí.	[('food quality', 'positive', 'cukrářské výrobky')]
61e3d90c-aeae-46f3-8eba-66f40c1fd647	Obsluhu bych vyměnil, číšníci se chovají k hostům dost oplzle.	[('service general', 'negative', 'Obsluhu'), ('service general', 'negative', 'číšníci')]
7ed9bb5f-8bda-4497-8531-50d129cc4893	Nebe na jazyku	[('food quality', 'positive', 'NULL')]
872988cc-fb3b-461e-b516-f77fb60b25f5	Kuchyně výborná, obsluha rychlá a příjemná.	[('food quality', 'positive', 'Kuchyně'), ('service general', 'positive', 'obsluha')]
dc2e5534-3734-45a1-9e18-395faa00a016	Do Restaurace sklipek chodím dost často jak na meníčka tak na večerní pohodové posezení	[('restaurant general', 'neutral', 'Restaurace sklipek'), ('food style_options', 'neutral', 'meníčka'), ('ambience general', 'positive', 'posezení')]
fba04a2f-eb01-43ae-95a6-62b0703f9374	Verry Nice SERVICE, jídlo je dobré :-)	[('service general', 'positive', 'SERVICE'), ('food quality', 'positive', 'jídlo')]
ecbcb636-63bc-42aa-832b-a35063c92aee	Bylo to mňamózní :)	[('food quality', 'positive', 'NULL')]
0a6731c0-c206-4570-bb31-eef0bf9b8fca	Bezkonkurenční pizza	[('food quality', 'positive', 'pizza')]
831ae68a-8724-4491-8de5-44455a8a3611	"Jsem spis gurman nez snob takže jdu za jídlem bez ohledu na cenu či prostředí a tady to je dnes především místo kam si zájede Pepík z Praglu protože je to mediálně zname,ceny jsou premrstene(s přihlédnutím k té gastronomické (ne)kvalitě)a v Praze pak muže machrovat jak si vyrazil do přírody,""skvěle"" se nazral a DOKONCE videl živou krávu a bucela"	[('food quality', 'negative', 'NULL'), ('restaurant prices', 'negative', 'NULL')]
38ace3f6-4e75-4da4-8577-49b60acd777a	Skvělé jídlo i prostředí. Rozhodně doporučuji.	[('food quality', 'positive', 'jídlo'), ('ambience general', 'positive', 'prostředí'), ('restaurant general', 'positive', 'NULL')]
3df3e58e-2f84-4912-a004-c9f03651d829	Prostředí je pěkné a půjdeme opět	[('ambience general', 'positive', 'Prostředí'), ('restaurant general', 'positive', 'NULL')]
e789a4c9-ea12-49e9-84bb-8a7e21989009	To je pravda i přesto tam rad chodím byl vse ok zatím	[('restaurant general', 'positive', 'NULL')]
6b97b6c0-04ad-4a65-85d1-fa253681056e	Dobré jídlo, pití a servis	[('food quality', 'positive', 'jídlo'), ('drinks quality', 'positive', 'pití'), ('service general', 'positive', 'servis')]
5016cd0e-4113-4b1c-a572-b00c8a53b2b6	Odpověd zní: prodají Vám jídlo s nevalné ceny a kvality	[('food prices', 'negative', 'jídlo'), ('food quality', 'negative', 'jídlo')]
a9dfffd2-dd45-44dd-ad20-16c9e31039e6	Restaurace kam nesmí pes, je špatná restaurace, říká můj známý z Wutzburgu a je to fakt	[('restaurant miscellaneous', 'negative', 'Restaurace')]
4dad72f1-2ec7-4bf7-b1f4-1e85fc793b43	Kemp ocení mraky turistů a návštěvníků včetně nás, je upravený a zapadá do prostředí	[('location general', 'positive', 'Kemp'), ('restaurant general', 'positive', 'Kemp'), ('ambience general', 'positive', 'prostředí')]
7b6ca2f1-6d8b-4d0c-9222-b8111aeb2b3f	Všechny ty negativní recenze jsou prostě holá pravda a divím se že tam ještě vůbec někdo jezdí a utrácí tam svý peníze.	[('restaurant general', 'negative', 'NULL')]
1334ffd6-33de-4f6e-ad42-dbf362d15f9d	Výtečná káva, příjemná obsluha. Kavárna v naprosto klidném a krásném prostředí.	[('drinks quality', 'positive', 'káva'), ('service general', 'positive', 'obsluha'), ('ambience general', 'positive', 'prostředí')]
c3785ceb-1254-4a66-bef1-3c789a3d5271	Doporučeno trochu drahé, ale stojí za to	[('restaurant prices', 'neutral', 'NULL')]
164b5838-ada3-46f3-b23e-12d2311be623	Nedoporučuji	[('restaurant general', 'negative', 'NULL')]
7d393a27-77a4-437e-bd26-fcf49c936761	Ale ano mě to bavilo. Všechno hrálo jak má - atmosféra, prostředí, obsluha 😉. Stylový vstup jako do hradu. Pokrm byl během chvilky na stole a to byl reštorant skoro zaplněný. Mé jídlo bylo v topu moc jsem si pochutnal.	[('ambience general', 'positive', 'atmosféra'), ('ambience general', 'positive', 'prostředí'), ('service general', 'positive', 'obsluha'), ('food quality', 'positive', 'jídlo'), ('restaurant general', 'positive', 'NULL')]
425a8ba7-71d6-4a47-9a0b-a2d4aa6feae0	Místo bifteku ve slanině v medium rare jsem dostal byftek na mořské soli jako smrkové prkno (naštěstí byl z kvalitního masa a nebyl tak tuhý jako prkno).	[('food quality', 'neutral', 'bifteku ve slanině v medium rare'), ('food quality', 'neutral', 'byftek na mořské soli'), ('food quality', 'positive', 'masa')]
2c44fd21-731b-4003-b32f-15f546019bdc	Na první pohled příjemné prostredi ale tim to hasne obshluha strasna a pizza bez komentáře bud uplne spalena nebo naopak nedopecena...	[('ambience general', 'positive', 'prostredi'), ('service general', 'negative', 'obshluha'), ('food quality', 'negative', 'pizza')]
0b4da8fc-27d2-4877-90d2-0996446b65cc	Velmi dobré, bohaté a levné! Doporučit !	[('food quality', 'positive', 'NULL'), ('restaurant general', 'positive', 'NULL'), ('restaurant prices', 'positive', 'NULL')]
fced1c86-320e-4a47-a8fb-a60bcaf17411	Wow, wow, wow. Super služba! Jídlo - skvělé! Mega žebra - skvěle zpracovaná, skvělá cena, množství, aby se nedalo přejíst! Doporučuji !	[('service general', 'positive', 'služba'), ('food quality', 'positive', 'Jídlo'), ('food prices', 'positive', 'žebra'), ('food quality', 'positive', 'žebra'), ('food style_options', 'positive', 'žebra'), ('food prices', 'positive', 'NULL'), ('restaurant general', 'positive', 'NULL')]
be68ca89-9a4d-4306-858e-8e49062a8417	Výborný jídlo pivo, milá obsluha.	[('food quality', 'positive', 'jídlo'), ('drinks quality', 'positive', 'pivo'), ('service general', 'positive', 'obsluha')]
bab6ac25-c11b-4fa9-9ef6-2e7f54b5f52a	Naleznete zde levné pivo a poměrně široký výběr hotových jídel, ale i minutek. Kromě toho je tu několik výherních automatů a také sem chodí spousta místních domorodců:)	[('drinks prices', 'positive', 'pivo'), ('food style_options', 'positive', 'jídel'), ('food style_options', 'positive', 'minutek')]
49f57726-bc1d-45be-90d6-fd26f1d2fde9	všechno je super ,tak se nenechte odradit	[('restaurant general', 'positive', 'NULL')]
d2dee992-fc2b-48a7-b6d6-56a44405894d	Dobré pivo i jídlo, usměvavá servírka	[('drinks quality', 'positive', 'pivo'), ('food quality', 'positive', 'jídlo'), ('service general', 'positive', 'servírka')]
b5b3d63f-97da-4d8d-83e1-3095b3e054f8	Dobrý suší bar!	[('food quality', 'positive', 'suší bar')]
94ed2c93-c36d-4e19-9566-663fcec8716f	V polévce kromě nudlí a knedlíčků bylo vloženo kuřecí stehýnko bez kůže s kostí.	[('food quality', 'negative', 'polévce'), ('food quality', 'negative', 'kuřecí stehýnko bez kůže s kostí')]
8f130dd3-12a1-4492-8659-c6e8f4f84126	Opravdu skvělá kavárna: příjemné posezení spolu s ranními vtipy našich českých přátel. Lahodné sendviče a především lahodná zmrzlina a milují velmi přátelské a spokojené lidi - tak káva chutná: budeme zpátky!	[('restaurant general', 'positive', 'kavárna'), ('ambience general', 'positive', 'posezení'), ('food quality', 'positive', 'sendviče'), ('food quality', 'positive', 'zmrzlina'), ('drinks quality', 'positive', 'káva')]
7a6f1529-8002-48f8-b65a-e7fb29934d00	Tak za sebe restauraci rozhodně nedoporučuji	[('restaurant general', 'negative', 'restauraci')]
e78fb19e-e031-41de-942e-25d34086cb87	Příjemná hospoda, pivo Kozel a Plzeň, kuchyně lepší průměr.	[('restaurant general', 'positive', 'hospoda'), ('drinks style_options', 'positive', 'pivo'), ('food quality', 'neutral', 'kuchyně')]
ab451c55-cbcd-44ae-b153-53211dadd848	HM NEMUŽU POSOUDIT MNEL SEM ASI KLIKU NIKDO MNE ZROVNA ANI NEPOLIL A ANI NEURAZIL A JE MI UPLNĚ JEDNO KDO MNE TO PŘINESE HLAVNĚ ŽE PŘINESE O JINEJCH RESTAURACÍ TO ŘICI NEMUŽU MOŽNÁ ŽE BYCH TAM JEŠTĚ ČEKAL DO TED	[('restaurant general', 'negative', 'NULL')]
6905dc3c-e331-4f2e-897b-faecbfa0608c	Řidič moc milý a pizza výborná, dorazila ještě 20 minut pred stanoveným časem, super pizzerie!	[('service general', 'positive', 'Řidič'), ('food quality', 'positive', 'pizza'), ('restaurant general', 'positive', 'pizzerie')]
a0e3f138-545c-4ed7-9f5b-c1ca0cd95ac7	Vynikající obsluha pozorná vítající hned při příchodu	[('service general', 'positive', 'obsluha')]
fba7e62d-c8b5-4188-8f20-e9dff21a05b9	Salát byl krásně barevný a úžasně vychucený, masíčko z vysokého roštěnce se rozplývalo na jazyku.	[('food quality', 'positive', 'Salát'), ('food quality', 'positive', 'masíčko z vysokého roštěnce')]
13650882-2df2-4c63-a99a-9de07f4c07f6	Nejlepší restaurace v regionu.	[('restaurant general', 'positive', 'restaurace')]
0971e27d-0507-437a-a024-3d50f5f4bbeb	V restauraci puch z kuchyně, nesmějí tam psi.Takže pro nás 👎👎👎	[('ambience general', 'negative', 'restauraci'), ('restaurant general', 'negative', 'NULL')]
f9fdcd76-0b0b-4e53-b9b0-e819f7e3e04d	Dobré jídlo, ale nemusíte přijít na něžný steak (v České republice stejně ne)	[('food quality', 'positive', 'jídlo'), ('food quality', 'positive', 'steak')]
46ba69f2-b3ad-4b61-83eb-f214a2250d8e	Nádherné místo. Teplé a přátelské s výborným jídlem a opravdu dobrou kávou. Vrátím se kdykoliv v Praze. Tak dobré!	[('ambience general', 'positive', 'místo'), ('food quality', 'positive', 'jídlem'), ('drinks quality', 'positive', 'kávou')]
283815ed-8b15-4338-b36b-d53a7e8809a2	Skvělé pokrmy, grilování na otevřeném ohni. Doporučuji objednat stůl.	[('food quality', 'positive', 'pokrmy'), ('ambience general', 'positive', 'NULL')]
53275298-0656-41cd-93ac-e4f2e169903c	tato restaurace odpovídá spíše čtvrté cenové skupině, třeba je na polední menu fajn	[('restaurant general', 'negative', 'restaurace'), ('food quality', 'neutral', 'polední menu')]
76464258-80e2-4e97-8856-175e23f9b6af	Objevil jsem tuto restauraci terpve nedávno, asi před třemi měsíci, a musím říct, že se okamžitě stala mojí neoblíbenější	[('restaurant general', 'positive', 'restauraci')]
f45b5cde-c819-4fde-8ace-4deb2549d892	Nedoporucuji, nuti Vas objednat neco, co vubec nechcete .......ke kazdemu jidlo je povinne couvert coz je pry nezbytna soucasti jidla, ktera stoji dalsich CZK 30.	[('food prices', 'negative', 'couvert'), ('food style_options', 'negative', 'couvert'), ('restaurant general', 'negative', 'NULL'), ('service general', 'negative', 'NULL')]
5c941acb-08a3-4f9f-8959-f9e8b782043d	Byli jsme dvakrat na veceri. Jednou burgry podruhé torrila a salat. Vse vzdy vyborne. Akorat samotny burger bez prilohy za 180 mi prijde dost. Ale vzhledem k okolním cenam a kvalite je to adekvatni.	[('food quality', 'positive', 'burgry'), ('food quality', 'positive', 'torrila a salat'), ('food prices', 'neutral', 'burger')]
58ab6ab9-dad2-473a-8bec-bd8b99ddfb19	Sem se vždycky rádi vracíme. A vždycky se dá přijít na něco nového (samozřejmě k jídlu). Ceny drobitek vyšší, ale v relaci s nabidkou. Rodinný podnik jak má vypadat.	[('restaurant general', 'positive', 'podnik'), ('food prices', 'neutral', 'NULL')]
32ffa564-a4cc-45ae-a7cc-fc7b167b7404	Jídlo celkem v pohodě akorát dlouhá čekačka.	[('food quality', 'neutral', 'Jídlo'), ('service general', 'negative', 'NULL')]
a3d5344a-3291-46bd-a773-504273e81cac	Je to ráj, kde se rád vracím a mám vždy ještě lepší pocit a dojem než v předchozí návštěvě.	[('restaurant general', 'positive', 'NULL')]
8ad52524-56f2-437b-83f8-6f4c4df43dad	Byl jsem zde s manželkou na voucher (dárek) a upřímně, po přečtení zdejších recenzí jsem to čekal horší	[('restaurant general', 'neutral', 'NULL')]
63b646d6-45e0-46db-8518-847dd0b00b66	Příjemný prostředí se zahradou, klavírem, fajn obsluhou.. :-)	[('ambience general', 'positive', 'prostředí'), ('ambience general', 'positive', 'zahradou'), ('service general', 'positive', 'obsluhou')]
b755c05c-d2de-4afa-810a-30e3ea951ee9	Když mám hlad nebo se mi stýská po milých úsměvech a zdvořilém chování, vždycky zajdu do Smaragdové restaurace. Jídla a úsměvu je tam pokaždé dost. A vaří výborně!	[('restaurant general', 'positive', 'Smaragdové restaurace'), ('food quality', 'positive', 'Jídla'), ('food style_options', 'positive', 'Jídla'), ('service general', 'positive', 'NULL')]
fac280c2-178a-4cca-9091-e948624ec949	Než jsme se vydaly do restaurace, měly jsme stejně jako i ostatní, problémy s rezervací, jelikož uvedené číslo nefungovalo	[('restaurant miscellaneous', 'negative', 'restaurace')]
2c773223-99a8-4c8a-ad5b-f399d38f2297	Jediný problém je, že v české hospodě nemají Kofolu, ale jen ty americký srágory (Coca-Cola), který ze zásady nepiju. Tohle by stálo za to změnit. Kofola by sem padla jak ulitá!	[('restaurant general', 'neutral', 'hospodě'), ('drinks style_options', 'negative', 'Kofolu'), ('drinks quality', 'negative', 'Coca-Cola'), ('drinks style_options', 'negative', 'Kofola')]
3ec5df50-0e68-49b0-b155-12ae199b02fa	Taky si dejte pozor na menu, ve kterém je sice napsáno, že všechna jídla mají stejnou cenu, není tomu tak, budete nepříjemně překvapeni při placení.	[('food style_options', 'negative', 'menu'), ('food prices', 'negative', 'jídla')]
c49e50f7-ab43-49df-a776-0d42e99a1641	Pivo stredni kvality, pod miru, salat nechutny, vratili jsme ho.	[('drinks quality', 'neutral', 'Pivo'), ('drinks style_options', 'negative', 'Pivo'), ('food quality', 'negative', 'salat')]
2bfcf5cf-6e8b-4326-bbbe-a8820e44b7f2	Pro představu - měl jsem paštiku (cena 95,- Kč za malou májku s dvěma krajíčky chleba) a kližku se zauzenou kaší (cena 195,-Kč za kousek masa a rozmazanou kaší, aby zaplnila talíř) => nejsem extra jedlík, ale že bych byl nasycen, to se říct nedá - v jiných restauracích si dám předkrm a hlavní jídlo, a bohužel většinou nesním všechno	[('food prices', 'negative', 'paštiku'), ('food quality', 'neutral', 'paštiku'), ('food prices', 'negative', 'kližku'), ('food quality', 'neutral', 'kližku'), ('food style_options', 'negative', 'NULL')]
8e77dba1-ef4c-49cd-a85e-80bdf52a508b	Otevřeno i pozdě v noci, což je fajn	[('restaurant miscellaneous', 'positive', 'NULL')]
f478a8f2-1eb7-4e4f-b8e5-ce70f78e08c6	Super pivo i jídlo za odpovídající ceny.	[('drinks prices', 'positive', 'pivo'), ('drinks quality', 'positive', 'pivo'), ('food prices', 'positive', 'jídlo'), ('food quality', 'positive', 'jídlo')]
5a688b26-5c04-40bc-b06e-3a06455e868f	Celkové hodnocení: Za hodně peněz žádná muzika.	[('restaurant general', 'negative', 'NULL'), ('restaurant prices', 'negative', 'NULL')]
0abf6695-f36a-469a-8c60-98c68f3a3315	"Příjemná (hezká) slečna nás přivítala u vchodu a usadila ke stolu. Měl jsem Tagliatelle ,,Maiale"" s restovanou vepřovou panenkou, cibulí, česnekem, pórkem, pestem ze sušených rajčat a parmazánem. A byly výborné, krásně al dente a dobře vychucené. Další jídla na stole byl Tartare z čerstvého lososa (prý výborný) a 2x pizza (už nevím jaké) údajně OK. Servis (ta slečna + její kolega) nás měli pod kontrolou, rychlé reakce na prázdné sklenky a talíře, oba byli v pohodě. Tak zase někdy ... "	"[('service general', 'positive', 'slečna'), ('food quality', 'positive', 'Tagliatelle'), ('food quality', 'positive', 'Tagliatelle ,,Maiale"" s restovanou vepřovou panenkou, cibulí, česnekem, pórkem, pestem ze sušených rajčat a parmazánem'), ('food quality', 'positive', 'jídla'), ('food quality', 'positive', 'Tartare z čerstvého lososa'), ('food quality', 'neutral', 'pizza'), ('service general', 'positive', 'Servis')]"
de1231ce-6db5-4037-97f3-46b040dd2fa0	Náladu mi trochu spravilo až jídlo, které bylo celkem dobré (i když jsem tedy drahnou chvíli přemýšlel nad tím, proč tu platím za 100g přílohy z lidlu 55,-, páč za tu cenu se dá koupit cca 750g FarmFrites).	[('food prices', 'negative', 'jídlo'), ('food quality', 'positive', 'jídlo'), ('food prices', 'negative', 'přílohy'), ('food quality', 'negative', 'FarmFrites')]
174fa42c-7047-44a0-9574-fd20ad60aad7	Dali nám čas si skutečně vybrat a v klidu se najíst.	[('restaurant general', 'positive', 'NULL'), ('service general', 'positive', 'NULL')]
2319c000-39e3-4893-b99d-b5198826dd0f	Do této restaurace už nikdy více.	[('restaurant general', 'negative', 'restaurace')]
4ea35345-fa86-4d77-b06e-e3821befa79f	jidlo super, pivo taky super , a obsluha skvela	[('food quality', 'positive', 'jidlo'), ('drinks quality', 'positive', 'pivo'), ('service general', 'positive', 'obsluha')]
193826f9-6992-4304-904f-fa810a81d24d	Výborná zmrzlina 🌞	[('food quality', 'positive', 'zmrzlina')]
3f116b98-28f5-42bb-8ae5-faf8e238d944	Víno klasické levné s obchoďáku za pár korun, k angličanům vedle u stolu nosili jídlo trošku více na provni, ale za ty ceny bych jim to omlátil o hlavu	[('drinks prices', 'negative', 'Víno'), ('drinks quality', 'negative', 'Víno'), ('food prices', 'negative', 'jídlo'), ('food quality', 'neutral', 'jídlo')]
d3338735-4b36-45c9-9c71-da2a45ea7e29	Po dotazu neochotného personálu jestli si můžeme již někam sednout, jsme byli odkázáni na čekání venku.	[('service general', 'negative', 'personálu')]
51ede3e8-6fb7-46bc-8006-029b2cc7f8a9	Obsluha se chovala, pokud tedy přišla (což se nestávalo moc často) vcelku profesionálně a příjemně	[('service general', 'positive', 'Obsluha')]
4bff2d08-566e-475a-b19e-3cd446c50d45	Jelikož kamarád s přítelkyní už U Štěpána byli (asi před rokem) a moc se jim líbilo a chutnalo řekli jsme si že to zkusíma a dáme si rychlý burger	[('restaurant general', 'neutral', 'U Štěpána')]
257c3525-5356-4e0a-a36e-3a327e2c2c0d	Číšnice nám to v pohodě dovolila.	[('service general', 'positive', 'Číšnice')]
a22f3112-a81e-44b7-a7c0-884bcc3377a7	Skvělý výběr. Cool přízemí vibrace.	[('ambience general', 'positive', 'NULL'), ('food style_options', 'positive', 'NULL')]
aba185bd-4324-4020-89a8-81b33ecf7b12	Nikde jinde jsem tak dobrou pizzu nejedla	[('food quality', 'positive', 'pizzu')]
cf6b4e2d-a6ef-40e8-a860-07b51a898254	Opravdu jsme si moc pochutnali,sice jsme tam nechali za toto jídlo,vč pití něco kolem 500,- nicméně vůbec nelitujeme.	[('food prices', 'negative', 'jídlo'), ('food quality', 'positive', 'jídlo'), ('drinks prices', 'negative', 'pití'), ('drinks quality', 'positive', 'pití'), ('restaurant general', 'positive', 'NULL')]
8b285601-0bdd-4f12-a629-fe829bca45aa	Poslední pívo po 20:00😀	[('drinks style_options', 'negative', 'NULL')]
632b7326-d615-4b3e-a9f1-18bb44855c61	Žádný velký luxus, ale všude čisto, nic mi nechybělo a s personálem jsem měl jen příjemné zkušenosti.	[('service general', 'positive', 'personálem'), ('ambience general', 'positive', 'NULL')]
e700c680-7c7f-47ef-9d2b-383939f2a436	Posezení perfektní,ale moc drahé	[('ambience general', 'positive', 'Posezení'), ('restaurant prices', 'negative', 'NULL')]
8bf86e0f-8324-4bcc-872e-167187914132	Tento typ podniků mám ráda. Výběr piv dosti dobrý, ceny celkem odpovídající. To co jsem vybrala bylo ve skvělé kondici a chutnalo jak mělo. Jídlo vyzkouším při příště návštěvě. Co možná pokulhává, tak obsluha…	[('drinks quality', 'positive', 'piv'), ('drinks style_options', 'positive', 'piv'), ('service general', 'negative', 'obsluha'), ('restaurant prices', 'neutral', 'NULL')]
f3480d92-3cd4-4e04-8c33-11bb94188906	Fakt hustá fabrika na dobrý kafe.	[('drinks quality', 'positive', 'kafe')]
03f12567-da01-43d1-94fa-2f028f94a104	Pochválit mohu snahu číšníka,hezké prostředí.	[('service general', 'positive', 'číšníka'), ('ambience general', 'positive', 'prostředí')]
b8aa37c4-a47a-4f2f-bc13-d0a94ad58a72	Suroviny mají pravděpodobně velmi kvalitní neboť tento předkrm předčil naše očekávání	[('food quality', 'positive', 'Suroviny'), ('food quality', 'positive', 'předkrm')]
39294511-34ea-4372-8da6-e003e577ce82	K chuti nám přišlo také rozlévané Rulandské šedé.	[('drinks quality', 'positive', 'Rulandské šedé')]
6a941008-f562-4ce6-bf89-daa452065ee7	Jídlo levné, ale je tu malý výběr a chutné také není, to stejné s nápoji, prostředí je snad jediné, co se dá pochválit.	[('food prices', 'positive', 'Jídlo'), ('food quality', 'positive', 'Jídlo'), ('food style_options', 'positive', 'Jídlo'), ('drinks prices', 'positive', 'nápoji'), ('drinks quality', 'positive', 'nápoji'), ('drinks style_options', 'positive', 'nápoji'), ('ambience general', 'positive', 'prostředí')]
3fb3ef76-2306-48fb-a910-7f42d6295df1	Opakovana nabsteva a opet super. Skvele pivo vlastni vyroby a uzasne jidlo. Rozhodne doporucuji...	[('drinks quality', 'positive', 'pivo'), ('food quality', 'positive', 'jidlo'), ('restaurant general', 'positive', 'NULL')]
79e43528-aa18-42c6-ae42-34d99d52e20f	Výborné jídlo, příjemné prostředí, WC na vysoké úrovni a obsluha je velmi příjemná a milá. Co dodat? U nás super 👌	[('food quality', 'positive', 'jídlo'), ('ambience general', 'positive', 'prostředí'), ('restaurant general', 'positive', 'prostředí'), ('ambience general', 'positive', 'WC'), ('service general', 'positive', 'obsluha')]
37d8902b-34fb-4bfa-bd6b-b0184749843c	K tomu Řecký salát cca 160 Kč - dost ošizený jen cca 7 oliv, málo sýra, hlavně papriky, rajčata, tj. levné části, tj. celkově nechutnalo jako řecký salát	[('food quality', 'negative', 'Řecký salát'), ('food style_options', 'negative', 'Řecký salát'), ('food style_options', 'neutral', 'oliv'), ('food style_options', 'negative', 'sýra'), ('food style_options', 'negative', 'papriky'), ('food style_options', 'neutral', 'rajčata'), ('food quality', 'negative', 'řecký salát')]
98bb8ac3-7c09-40db-8279-b9041c096c75	Prostředí nádherné, čisté.	[('ambience general', 'positive', 'Prostředí')]
57f75cc4-bb22-45cc-a87f-71bea2546e9d	Absolutni spokojenost super obsluha	[('service general', 'positive', 'obsluha'), ('restaurant general', 'positive', 'NULL')]
d92ebf1b-9991-43a3-b0b8-5a1990be0367	S přítelem zbožňujeme Kuře po chunansku,zde,ve smaragdové restauraci to byl obalený smradlavý vepřový ŠPEK!!	[('restaurant general', 'negative', 'smaragdové restauraci'), ('food quality', 'negative', 'vepřový ŠPEK')]
b28db111-aa62-42af-8277-2ff9fc1e667c	Byl jsem zde na all you can eat, celý následující den jsem zvracel (zejména mám podezření na sushi a zmrzlinu).	[('food quality', 'negative', 'all you can eat'), ('food quality', 'negative', 'sushi'), ('food quality', 'negative', 'zmrzlinu')]
52a2a43d-1de2-46b2-a55a-2b5e648798ba	"Hovězí stejk byl jak tvrdá žvýkačka, po upozornění číšníka na nekvalitní maso jen úšklebek a poznámka ""máte smůlu"" Polrajchu kam jsi dal oči"	[('food quality', 'negative', 'Hovězí stejk'), ('service general', 'negative', 'číšníka'), ('food quality', 'negative', 'maso')]
f306a228-7b58-48db-bd2f-1a6ecad65128	Dnešní boršč se povedl!	[('food quality', 'positive', 'boršč')]
e94f7541-deb9-457c-a860-9c77081caeb2	Dnešní biftečky byly žůžo	[('food quality', 'positive', 'biftečky')]
bc09ab00-8b23-43c5-a578-aa6bd500d9c5	Stručně:-požádala jsem o dětskou židličku pro 2 lete dite, nic se nedělo, tak jsem si ji našla sama	[('service general', 'negative', 'NULL')]
1ff2e08e-abb9-4fbf-8aed-db3470287179	Přítelkyně si dala hovězí líčka na víně a málem se pozvracela	[('food quality', 'negative', 'hovězí líčka na víně')]
03838a9d-f2fa-41c6-a5cc-4c34aa90b54e	Takový to dříve mělo styl ( není nad ty staré dobré lavice ) !	[('ambience general', 'neutral', 'styl'), ('ambience general', 'positive', 'lavice')]
6be97844-1fe3-4b20-9f44-7e29e1d3fca9	K jídlu: místo bagetky dostanete opečený chleba se směsí a sýrem, jako ve 4. cenové, steak chutnal dobře, ale nevchápu proč nám ho dával do mikrovlnky, příloha katastrofa, hlavně bramborové lupínky s rozmarýnem (to opravdu nemohli myslet váženě)	[('food quality', 'negative', 'jídlu'), ('food quality', 'negative', 'bagetky'), ('food quality', 'negative', 'opečený chleba se směsí a sýrem'), ('food quality', 'positive', 'steak'), ('food quality', 'negative', 'příloha'), ('food quality', 'negative', 'bramborové lupínky s rozmarýnem')]
0bfc73ea-6e4b-4495-abb8-87a878ccb712	Nikomu tento lokál NEDOPORUČUJI!	[('restaurant general', 'negative', 'NULL')]
1667ca5f-887a-46ef-b274-fe7b194df957	Vynikající tanková Plzeň, obsluha vynikajíci, jídlo dobré, tato úroveň odpovídá také cenám.	[('drinks quality', 'positive', 'Plzeň'), ('service general', 'positive', 'obsluha'), ('food quality', 'positive', 'jídlo')]
15611981-d992-4879-8676-a5e695671f4f	Super renovovaný	[('restaurant general', 'positive', 'NULL')]
f6e496f1-8a2c-40d3-bf19-9c6053dab4e3	Chodíme do Musta Koiry už nějaký čas, jídlo nás nikdy nezklamalo, přestože manželka není masová, vždy si dá nějaký steak, jelikož jenom zde do ní to maso padá, že se nestačím divit	[('restaurant general', 'positive', 'Musta Koiry'), ('food quality', 'positive', 'jídlo'), ('food quality', 'positive', 'steak'), ('food quality', 'positive', 'maso')]
3f9017c5-ebdb-4980-a9d8-cf2a61edfc53	Navíc teda obsluha je veliká katastrofa,chtěli jsme si přiobjednat nějakou zeleninu atd,protože neomezené množství,jak píší a inzerují je asi podle nich jen ubohý jeden roh a měsíček rajčete,obsluha nám nedonesla stejně nic	[('service general', 'negative', 'obsluha'), ('food style_options', 'neutral', 'zeleninu'), ('food style_options', 'neutral', 'roh'), ('food style_options', 'neutral', 'měsíček rajčete')]
e9fb014c-c790-4eb4-8624-75621d801a8f	Pěkná restaurace s dobrým jídlem. Měli jsme tatarák a byl výborný. Velké plus za me mají, že je na čepu hoegarden a to i růžový.	[('restaurant general', 'positive', 'restaurace'), ('food quality', 'positive', 'jídlem'), ('food quality', 'positive', 'tatarák')]
07003209-52cb-4d01-8583-72f03ed91d56	Nejúžasnější čínské jídlo, jaké jsem kdy měl. Vyzkoušejte to!	[('food quality', 'positive', 'čínské jídlo')]
521458cb-5969-4a88-8459-de9c1abcdc3c	Navštívil jsem restauraci u Štěpána a bohužel musím říci, že jsem byl zklamán	[('restaurant general', 'negative', 'restauraci u Štěpána')]
762c7884-1e25-4345-88a6-0f06b436a96b	TUTO RESTAURACI OPRAVDU NEDOPORUČUJI!!!!!!!!	[('restaurant general', 'negative', 'RESTAURACI')]
b7aa2c62-489b-46dc-bbda-b7227454b303	Líná obsluha,nedbají na rezervaci usadí Vás do šíleně zakouřený nevětraný kopky dole, už nikdy víc!!!	[('service general', 'negative', 'obsluha')]
ec081c5f-da2e-4866-81df-3ecf492a19ec	Velké zklamání oproti dřívějšku, prostředí je hezké, obsluha (samé holky) méně ochotné ,méně prozákaznické, pečivo jsme dostali samé patky a v ceně Couvert 18kč po dva, což jsem dluho neviděl ..u nás v Michli jdu do hospody, kde sice prostředí není tak hezké ale fakt dobře vaří...cena není tak vysoká a samozřejmě bez couvertu odcházím vzdy spokojený....takže spíše nedoporučuju	[('ambience general', 'positive', 'prostředí'), ('service general', 'negative', 'obsluha'), ('food quality', 'negative', 'pečivo'), ('food prices', 'negative', 'Couvert'), ('food style_options', 'negative', 'Couvert'), ('restaurant general', 'negative', 'NULL'), ('restaurant prices', 'negative', 'NULL')]
2752c64c-6c86-4a05-a0be-bc5bd1fff938	V horší hospodě jsem asi ještě neseděl.	[('restaurant general', 'negative', 'hospodě')]
fe04ba43-6d75-45f0-916b-551d2c9656dc	Prostředí v pořádku, milá a přesná obsluha. Na jídlo jsme skoro nečekali. Polévka byla dobrá, ale palačinky průměrné.	[('ambience general', 'positive', 'Prostředí'), ('service general', 'positive', 'obsluha'), ('food quality', 'positive', 'Polévka'), ('food quality', 'neutral', 'palačinky')]
771fcbb0-1d2e-4474-93b4-45de1962affe	Skvělý bůček!	[('food quality', 'positive', 'bůček')]
fb780812-93da-432e-84af-838b636f6349	Nádherné místo s vždy milým a usměvavým majitelem uvnitř. Vynikající brunche a chutné víno. Nejde jen o kavárnu a bistro, ale také o obchod s nábytkem s originálními kousky hlavně se stylem koloniální Indie a jihovýchodní Asie. Koupili jsme tam chladnou polici, která je nyní součástí naší kuchyně. Doporučuji navštívit toto relaxační místo, kde se můžete na chvíli zastavit a trochu zchladit z hektického Žižkova.	[('restaurant general', 'positive', 'místo'), ('service general', 'positive', 'majitelem'), ('food quality', 'positive', 'brunche'), ('drinks quality', 'positive', 'víno')]
42ef1903-57a5-4c03-b256-9dc3d8344af6	Abych dal pět hvězd, tomu něco malinko chybí. Ale je to tam super a chválím výběr piv.	[('drinks style_options', 'positive', 'piv'), ('restaurant general', 'positive', 'NULL')]
e790a6ae-6e8c-411b-896b-e93bea80a9f5	Velice spokojen	[('restaurant general', 'positive', 'NULL')]
2011f2da-e3b8-469c-b9d3-85375b264de3	Pěkné zákusky, milá obsluha, ale káva nic moc	[('food quality', 'positive', 'zákusky'), ('service general', 'positive', 'obsluha'), ('drinks quality', 'negative', 'káva')]
e256c2b4-ab1c-44dd-905a-3153f57d62c9	Vynikající. Nejlepší pivo a velmi dobré jídlo	[('drinks quality', 'positive', 'pivo'), ('food quality', 'positive', 'jídlo')]
6e1bb4f3-0571-4f62-a27f-8bf20e37d9c1	Obsluha příjemná, rychlá. Jídlo dobré, porce velké. Chuť 4* z 5*. Restaurace i v letním parném počasí příjemná a chladná, bylo to příjemné ochlazení	[('service general', 'positive', 'Obsluha'), ('food quality', 'positive', 'Jídlo'), ('food style_options', 'positive', 'porce'), ('ambience general', 'positive', 'Restaurace')]
e1b6ede2-9230-4d4a-8a4c-5ae796b1d6de	Překvapilo mne velmi příjemné prostředí a obsluha a když jsem si, sice ještě s obavou vědom si recenzí, objednal pečená žebra, tak jsem byl opravdu velmi spokojen nejen jejich vynikající kvalitou a velikostí porce, ale také precizností provedení a skvělou a rychlou obsluhou	[('ambience general', 'positive', 'prostředí'), ('service general', 'positive', 'obsluha'), ('food quality', 'positive', 'pečená žebra'), ('food style_options', 'positive', 'porce'), ('service general', 'positive', 'obsluhou')]
805e32e5-e440-41f4-8915-cd83cce20f22	Výborná kuchyně	[('food quality', 'positive', 'kuchyně')]
aa537d89-f213-400c-95bd-e94339ae5479	milá služba jsem unavený vejce benedikt a bylo to lepší, než ten, který jsem měl v Las vegas lol vřele doporučuji !,	[('service general', 'positive', 'služba'), ('food quality', 'positive', 'vejce benedikt')]
5f01cc79-5bc3-4712-b10f-3f5dd5cb683f	Bohužel musím říct,že marketing zafungoval a mladému páru určitě pomohl	[('restaurant miscellaneous', 'neutral', 'NULL')]
63c2fcf5-0384-4de2-9376-d9b792fd177b	O jidle jako takovem nemohu rict nic spatneho, svickova mi moc chutnala, ale o prostredi?	[('food quality', 'neutral', 'jidle'), ('food quality', 'positive', 'svickova'), ('ambience general', 'negative', 'prostredi')]
ca24c148-3dc6-4e88-97ec-a7f436ef4e61	Za tu cenu je to přesně to, co jsem očekával.	[('restaurant prices', 'neutral', 'NULL')]
0f01abc3-c96a-42cd-aaa4-c116c2528d7b	Nádherná chata na Modravě s letní terasou	[('restaurant general', 'positive', 'chata')]
dc08e01d-b35b-4b27-a047-2f27c571e7c8	Jídlo taky nic moc	[('food quality', 'negative', 'Jídlo')]
e4f8267d-9683-4db2-8e8f-042d7ca040c4	Ted tu ctu, ze jsou travici potize v teto restauraci bezne	[('restaurant miscellaneous', 'negative', 'restauraci'), ('food quality', 'negative', 'NULL')]
4d77b36e-78cd-49b6-9579-48a2a9b83461	Příjemná obsluha, možnost platby kartou. Perfektní jídlo	[('service general', 'positive', 'obsluha'), ('food quality', 'positive', 'jídlo')]
00cb8a46-a02d-4c35-b0dd-0ffd1bf82da4	Hostům neslouží, průměrná kvalita jídla a sprosté oblvování hosta	[('food quality', 'neutral', 'jídla'), ('service general', 'negative', 'NULL')]
8f9917f5-6f38-4e9f-bcbb-f352b8c8aa6b	Dobrá domácí kuchyně, rychlá a příjemná obsluha.	[('food quality', 'positive', 'kuchyně'), ('service general', 'positive', 'obsluha')]
79f49aaa-912d-4bd6-a4f7-8de97e9104d2	Za mě krásný moderní vzhled, pěstují si vlastní bylinky snad všude kolem restaurace, jídlo výborné. Obsluha vstřícná a rychlá, toalety čisté. Cenný vyšší ale za komfort a kvalitu se holt platí takže nemám co vytknout.	[('food quality', 'positive', 'jídlo'), ('service general', 'positive', 'Obsluha'), ('ambience general', 'positive', 'toalety'), ('ambience general', 'positive', 'NULL'), ('restaurant general', 'positive', 'NULL')]
3b8246f3-1173-49ce-b06f-624f112ca3a7	T?šil jsem se na rumpsteak a to horsi bylo zjišt?ní,že v nabídce není	[('food style_options', 'negative', 'nabídce')]
1b466f6f-b281-499b-baaa-c9d15e02dfd3	Pratele varuji vas, opravdu neverte tem kecum z televize a nejezdete podporovat zlodeje a podvodniky, kteri bohatnou jen na vasich chybach a najivnosti	[('restaurant general', 'negative', 'NULL')]
ff53dd05-b27d-487f-9280-144b44ee004c	Vsichni vime, ze Bio maso je podstatne drazsi nez maso klasicke, ale ceny zde jsou opravdu na ceny z Bio chovu, neni neco spatne?	[('food prices', 'neutral', 'Bio maso'), ('food prices', 'neutral', 'maso'), ('food prices', 'negative', 'ceny')]
b7415561-55bc-4702-a222-4407627f3bad	Ještě než jsme usedli ke stolu,už z dálky nás velice udivil odporně špinavý ubrus,který snad nebyl měněn 14 dní, Když jsem požádala obsluhu,aby ho vyměnil nebo že u takového stolu nepozřu sousto,bylo mi odpovězeno,že čisté nemají	[('ambience general', 'negative', 'ubrus'), ('service general', 'negative', 'obsluhu')]
3384c884-d02a-41cc-8a38-934cad8d3ad8	Rozhodně nedoporučuji komukoliv vůbec jen přemýšlet o tom, že by tuto restauraci navštívil	[('restaurant general', 'negative', 'restauraci')]
6ffbce7e-87bf-47c2-b859-fc2e776ce37c	Klasika, která nepřekvapí 😉	[('restaurant general', 'positive', 'NULL')]
dfe83acd-f3a5-4c36-b7a4-73efa07170bc	Jídlo od Nás dostává 5 z 5 a pan Doksanský (spolumajitel) i jeho personál jsou profesionálové kteří Vám doporučí kvalitní víno nebo jiné pití ke konkrétním jídlům	[('food quality', 'positive', 'Jídlo'), ('service general', 'positive', 'spolumajitel'), ('service general', 'positive', 'personál'), ('drinks quality', 'positive', 'víno'), ('drinks quality', 'positive', 'pití')]
98151e84-ef06-49cd-aedd-17b4c43f3cfb	Porce menší a ceny vyšší.	[('food style_options', 'negative', 'Porce'), ('restaurant prices', 'negative', 'ceny')]
7637ff80-7208-4d10-b726-fcab2fa5c5f6	Občerstvení jsem měl gratis,protože jsem privez pivní spec.od nas na ochutnání.	[('food prices', 'positive', 'NULL')]
682f637b-2e03-449e-8b51-77938147e932	Famózní obídek, konečně jako vždy. Díky 👍	[('food quality', 'positive', 'obídek')]
ea270744-8bca-4b7f-97ee-516aa3b380b7	Skvělý sortiment různých kvalitních potravin a velmi příjemná obsluha. Vždy dobře poradí a doporučí.	[('food quality', 'positive', 'potravin'), ('food style_options', 'positive', 'potravin'), ('restaurant general', 'positive', 'obsluha')]
a4efea0b-da75-4529-9d8c-e764f01b5583	Ale i tak mohu všem doporučit, hlavně kvůli jídlu, opravdu jsme si s rodinou pochutnali a určitě restauraci zase navštívíme.	[('food quality', 'positive', 'jídlu'), ('restaurant general', 'positive', 'restauraci')]
7ac0e6f8-251d-45e0-8a7f-d62e6e6ad30f	Hezké místo, milý personál, jídlo průměrné.	[('restaurant general', 'positive', 'místo'), ('service general', 'positive', 'personál'), ('food quality', 'neutral', 'jídlo')]
0b8e306d-185a-4786-a725-7afcb2c0da05	Fantastické místo. Kapela se blíže a osobně. Miloval to.	[('restaurant general', 'positive', 'místo')]
15573ec7-93f5-4ca8-8899-a072505f03a0	Výborná restaurace, výborné jídlo a velmi přátelský servis. Stojí za to zůstat v hyper turistických místech, kde jsou ceny mnohem vyšší a kuchyně není vždy na vrcholu.	[('restaurant general', 'positive', 'restaurace'), ('food quality', 'positive', 'jídlo'), ('service general', 'positive', 'servis'), ('restaurant prices', 'positive', 'NULL')]
19d376e3-4ec2-40ea-9589-e361b297a021	Takže pokud si nechcete zkazit den, nechoďte tam	[('restaurant general', 'negative', 'NULL')]
2d51c6c5-476b-44f7-b41b-90024a8e3089	Mohu jedině doporučit. Na rybách jsme si pochutnali a pivo také dobré. Personál milý a ochotný. Zahrádka sice menší, ale je zde naprostý klid. když je místo super.	[('food quality', 'positive', 'rybách'), ('drinks quality', 'positive', 'pivo'), ('service general', 'positive', 'Personál'), ('ambience general', 'positive', 'Zahrádka'), ('restaurant general', 'positive', 'NULL')]
563beafc-cd0b-4a16-bd4c-aea0290c6221	Průměrné jídlo né příliš čerstvé. Řekl bych že se proti minulosti pokazili.	[('food quality', 'neutral', 'jídlo')]
1555b8a9-7ccd-4487-8dec-147572d13448	Drzost majitele,pingla i uklízeče v jedné osobě nezná mezí-do telefonu mi tvrdil,že na mě nemá čas,protože má plný lokál	[('service general', 'negative', 'majitele'), ('service general', 'negative', 'pingla'), ('service general', 'negative', 'uklízeče')]
3f97ce01-d556-43e1-b646-19dc39d42b9f	Minulý týden jsem měl zdejší nakládaný hermelín a děcka pizzu - to nemá chybu.	[('food quality', 'neutral', 'nakládaný hermelín'), ('food quality', 'positive', 'pizzu')]
2dc2bfea-fb3d-4878-b1da-0fc29f0fd55c	DOPORUČUJI je tam dobrý jídlo jezdím tam rád a často	[('food quality', 'positive', 'jídlo'), ('restaurant general', 'positive', 'NULL')]
82e85e05-2d55-4dc5-899c-b399b42d7cc8	Měli jsme zakoupený slevový voucher na 2 pizzy (těstoviny).	[('food style_options', 'neutral', 'pizzy'), ('food style_options', 'neutral', 'těstoviny')]
eb9b0b13-f405-4c5a-87ae-d29e3e493857	Horší putika v Praze snad není.	[('restaurant general', 'negative', 'putika')]
01e20bc4-40b5-4075-9b9a-4ce2ebfb64ca	Skvělé místo. Klid, super káva od Candycane. Míša dort. 🤗	[('food quality', 'positive', 'káva'), ('food quality', 'positive', 'dort'), ('restaurant general', 'positive', 'NULL')]
3a3992fe-b983-4dc9-906f-f332f4076042	Nedokážu si představit jak by vypadala dětská porce, když naši kluci (7 a 10let) měli dospělou porci a potom doma hledali něco na zub?!	[('food style_options', 'negative', 'dětská porce'), ('food style_options', 'negative', 'porci')]
b0fdef87-4727-4a6e-a019-129daf8ae7e5	Chodím sem pravidelně a chutná mi tu	[('food quality', 'positive', 'NULL'), ('restaurant general', 'positive', 'NULL')]
92a33640-924a-4be3-96fb-241416b3ed68	Chutnal celkem dobře, ale takové chování jsem ještě nikde neviděla...	[('food quality', 'positive', 'NULL'), ('service general', 'negative', 'NULL')]
1aae48b8-1a71-4198-9ae5-d2ab770d6c7f	Pěkné moderní prostředí, dobré jídlo.	[('ambience general', 'positive', 'prostředí'), ('food quality', 'positive', 'jídlo')]
e215310a-1552-430b-bf5a-85ef1f213fd0	dětská jídla v pohodě, králík dobrý, žebra výborná,dezerty byly bez chyby	[('food quality', 'neutral', 'dětská jídla'), ('food quality', 'positive', 'králík'), ('food quality', 'positive', 'žebra'), ('food quality', 'positive', 'dezerty')]
7a72c97f-bad7-48db-ae1d-a070936eae47	Příjemný a ochotný personál je největším posunem oproti mé minulé návštěvě před rokem a půl	[('service general', 'positive', 'personál')]
db75e90f-b3d1-4b7e-93b3-df2b50e3e785	Útulné domácí prostředí	[('ambience general', 'positive', 'prostředí')]
a8fe1f0a-99ca-45cb-8ae0-117300cf7d82	Od restaurace kde se musí člověk objednat dlouhou dobu předem bych čekal mnohem lepší pochutnání	[('restaurant general', 'negative', 'restaurace'), ('food quality', 'negative', 'NULL')]
3604c2a8-a90a-46b8-9f3f-e9889c926aa7	zdravim, moc si nelibuju v pomlouvani jidel v hospodach a za tu cenu snad ani nemuzem cekat zazraky	[('food prices', 'positive', 'jidel'), ('food quality', 'negative', 'jidel')]
abee55b4-de6c-4ce5-ac17-81ead52df8a8	Chápu, že kdo je zvyklý na omáčky a řízky, tak se tam nenají.	[('food quality', 'neutral', 'omáčky'), ('food quality', 'neutral', 'řízky')]
ee2babdd-2160-43f5-92a6-6990471f428f	Celkové mé hodnocení je tedy velmi kladné	[('restaurant general', 'positive', 'NULL')]
6f86524a-847b-40fe-b86d-e960a5c32249	skvele jidlo, dobre piti, obsluha nic moc - holky by mohly byt ochotnejsi a milejsi, prostredi uchazejici - stoly na muj vkus moc blizko u sebe a drevene zidle ....na obed vyhovujici	[('food quality', 'positive', 'jidlo'), ('drinks quality', 'positive', 'piti'), ('service general', 'negative', 'obsluha'), ('ambience general', 'neutral', 'prostredi')]
a83cc9f4-e18d-406a-9f4d-e7e025d8cc43	Výborné jídlo, příjemná obsluha. Doporučuji.	[('food quality', 'positive', 'jídlo'), ('service general', 'positive', 'obsluha'), ('restaurant general', 'positive', 'NULL')]
35198d50-9db2-41cf-8270-d6c5ec078d4d	"""Není na co si stěžovat, kápli jsme na dobrý den."" Tak to srdečně blahopřeju ;-) Doporucuji"	[('restaurant general', 'positive', 'NULL')]
3efa737d-fdb0-4668-afe0-ee8b2e448fb4	obsluha naprosto v pohodě příjemná vtipná profesionální	[('service general', 'positive', 'obsluha')]
367f7361-580b-474c-bf40-590bfd1d3687	Skvela restaurace, nadherne prostredi v zelenem dvore, sezeni pod platanem v uzavrenem dvore, mila obsluha, na vyber ze 4 hotovek a dvou polevek jako poledni menu plus dobry listek i pro vegetariany, salaty. Filet z pstruha jako minutka za 209, domaci limo a nejake dorty, alko i michacky. Klenot!	[('restaurant general', 'positive', 'restaurace'), ('ambience general', 'positive', 'prostredi'), ('service general', 'positive', 'obsluha'), ('food style_options', 'positive', 'hotovek'), ('food style_options', 'positive', 'polevek'), ('food style_options', 'positive', 'poledni menu'), ('food style_options', 'positive', 'listek'), ('food quality', 'positive', 'Filet z pstruha'), ('drinks quality', 'positive', 'domaci limo'), ('food quality', 'positive', 'dorty'), ('drinks quality', 'positive', 'alko')]
411e126b-ef59-487d-8d03-044489e43246	Asi už bylo pozdě, protože dva dny jsem měla střevní problémy	[('food quality', 'negative', 'NULL')]
cce3c563-6630-4313-a9e1-131ec264c25c	Bylo to poprvé, kdy jsem po aperitivu odešel z restaurace	[('drinks quality', 'negative', 'aperitivu'), ('restaurant general', 'negative', 'restaurace')]
daec0ca8-03e9-43d9-ad05-ee4140c3c606	včera jsem tam byl na zabijačkovych hodech bylo všechno vynikajici mňam ,doporučuji pivo je dobře chlazené a číšnice šikovná a přívětivá,doporučuji všem a je tam všude čisto	[('food quality', 'positive', 'zabijačkovych hodech'), ('drinks quality', 'positive', 'pivo'), ('service general', 'positive', 'číšnice'), ('ambience general', 'positive', 'NULL'), ('restaurant general', 'positive', 'NULL')]
1bd962db-3522-469b-ae52-3c6dd0330ef9	Stejně kvalitní jako dvojče v Liberci.	[('restaurant general', 'positive', 'NULL')]
30bea35e-77db-4a1a-8b80-ae01f51c81ad	Sociální zařízení čistá bez připomínek.	[('ambience general', 'positive', 'Sociální zařízení')]
f4606c2d-032e-4f54-85c2-2ce2d588dec3	Jednak obsluhou, která byla milá, vstřícná, pozorná, jednak i úpravou steaku, odpovídal našemu požadavku ,prostě nenašli jsme nic, co bychom jim mohli vytknout	[('service general', 'positive', 'obsluhou'), ('food quality', 'positive', 'steaku'), ('restaurant general', 'positive', 'NULL')]
7c940791-3703-4b99-91ab-ae8aac60933a	Jídlu bych šanci ještě dal, ale díky pasivní obsluze se mi tam už nechce	[('food quality', 'neutral', 'Jídlu'), ('service general', 'negative', 'obsluze')]
e8c475f0-a107-4b60-b5d9-5a3b1aeb1dfa	Ale abych jen nechválila,tak jediné,co bych malinko vytkla by opravdu byly ty stoly blízko sebe.	[('ambience general', 'negative', 'stoly')]
1d569f3a-91f4-49b5-bd31-59fdfed74ac5	Licka byla vynikající	[('food quality', 'positive', 'Licka')]
8eacd4f8-8919-49c7-a062-d2a4de3d3bc8	Porce maličké, kvalita strašná, vůbec to neodpovídalo ceně ani s použitím voucheru	[('food style_options', 'negative', 'Porce'), ('food prices', 'negative', 'NULL'), ('food quality', 'negative', 'NULL')]
985940aa-efe1-4e8b-a2a6-0997eb7ed93c	Zklamalo mě to!	[('restaurant general', 'negative', 'NULL')]
c4eade88-c6a7-456d-a4e6-fa3e05694ee3	Čtyři chlapi s poukázkou na hromadu pečených kuřecích křídel - křídla opravdu chutná v množství velmi dostatečném, pivo mělo říz a chutnalo, obsluhoval sám majitel - velmi příjemný a vstřícný chlapík neustále v dobré náladě a s úsměvem ve tváři	[('food quality', 'positive', 'kuřecích křídel'), ('food quality', 'positive', 'křídla'), ('food style_options', 'positive', 'křídla'), ('drinks quality', 'positive', 'pivo'), ('service general', 'positive', 'majitel')]
ddc0fd32-b341-4ccc-9d7e-ff903a7d53e1	Hodně lidí žije v domnění, že hospoda je přesně taková, jak byla prezentována v televizi, není.	[('restaurant general', 'negative', 'hospoda')]
3f9a3ca4-8fa5-4d71-a602-b6dca8b6572b	Osluha hrůza, neochotný, protivný pán	[('service general', 'negative', 'Osluha')]
856db943-556f-4514-b911-36dfa1bd6323	O oblečenosti snad nemluvím vytahaný triko staropramen roztrhaný rifle kdyby se ten číšník blonďatej usmál, byl příjemnej a trošku se choval jako číšník a ne nosič jídla,pití tak oblečení vem čert,.	[('service general', 'negative', 'číšník')]
f0be5fbd-dcef-4e8a-b13a-393efa9173ae	Skvělá kuchyně,v létě možnost posezení na zahrádce, dětské stolky...	[('food quality', 'positive', 'kuchyně'), ('ambience general', 'positive', 'zahrádce')]
ac8007ed-d118-42eb-b202-cf868d131087	Šok ovšem nastal, když jsem si chtěl objednat.	[('service general', 'negative', 'NULL')]
fd425359-e626-4c21-b679-4c86d198adb5	Nádherné místo se skvělou kuchyní.	[('ambience general', 'positive', 'místo'), ('food quality', 'positive', 'kuchyní')]
5f718ed0-effc-44b9-8c8b-8bbdc5f1c139	Parada .jezdime tam už leta	[('restaurant general', 'positive', 'NULL')]
0877f30d-cac4-4301-b3b7-0260a53a5e60	Faktu super a plně doporučuju	[('restaurant general', 'positive', 'NULL')]
2fd1b6e9-639e-44b1-9d39-8d4b84e06a16	Dobre jidlo i pivo.  5 hvezd Obsluha dobra do doby nez se plati. Po 1,5 hodine mit namarkovane o 2 piva vic a jeste za vama vyjde cisnik ven a rekne vam jaka ste socka ze ty dve piva nechcete zaplatit.. -3 hvezdy	[('food quality', 'positive', 'jidlo'), ('drinks quality', 'positive', 'pivo'), ('service general', 'neutral', 'Obsluha'), ('service general', 'negative', 'cisnik')]
cb75285f-8b7a-4b5a-be50-553de7e51780	ať se Vám tam také líbí	[('restaurant general', 'positive', 'NULL')]
802bb4da-34de-4c61-ac54-202bc6e08250	Poměrně velké zklamání. Pro rodinnou oslavu jsme vybrali Las Adelitas a nebyla to dobrá volba. Nabídka omezená, jídlo málo chutné, personál naopak příjemný, ale celkový dojem nezachránil ani tequilou zdarma.	[('restaurant general', 'negative', 'Las Adelitas'), ('food style_options', 'negative', 'Nabídka'), ('food quality', 'negative', 'jídlo'), ('service general', 'positive', 'personál')]
3ca479c4-ba7c-49fa-b1ad-1c8f16a9e57b	Obsluha moc milá a pozorná... jídlo jak kdy... nekdy vázne skvelé ale obcas za ty penize nic moc... zalezi trochu na stesti...	[('service general', 'positive', 'Obsluha'), ('food prices', 'neutral', 'jídlo'), ('food quality', 'neutral', 'jídlo')]
e1554fb0-817e-4e86-b188-6421c18b52c9	Nechtejte to ani po kucharich a cisnicih, kteri pro vas behaji mnohdy i 13 hodin denne	[('service general', 'neutral', 'kucharich'), ('service general', 'neutral', 'cisnicih')]
4be44079-82c1-43ac-ba8e-0e5f0ca947ce	Dobré místo na výlet	[('restaurant general', 'positive', 'místo')]
426d9662-c79b-4d81-9c8a-2aca022fd1e0	SUPER	[('restaurant general', 'positive', 'NULL')]
11cd98a6-db51-49d6-ae67-a628233f8c2e	Velice dobré jídlo, příjemná obsluha. Každému doporučuji :-)	[('food quality', 'positive', 'jídlo'), ('service general', 'positive', 'obsluha'), ('restaurant general', 'positive', 'NULL')]
ab11a4ac-d3fe-47c8-b669-3ce141a69a8f	Bilo to supr,fakt sem si pochutnal...	[('food quality', 'positive', 'NULL')]
3261ace0-b0de-467d-b6ae-e50bc134a05d	Mela jsem voucher pizzi brala domu,ani tam neni co tam inzeruji ze ma byt-na vegeterianske chybel hrasek a tech par (asi 5) kousku brokolice hmm,nevim nevim.	[('food quality', 'negative', 'pizzi'), ('food style_options', 'negative', 'hrasek'), ('food style_options', 'negative', 'brokolice')]
56c5676d-6e05-4ff0-a6da-03226bb26cb8	"""Horká domácí limonáda"", která stála 90 Kč, katastrofa. Citrónová byla spíše jen citronka zalitá horkou vodou, ve které plavaly dva plátky citrónu a pomeranče. Zázvorová na tom byla dost podobně, žádný zázrak."	[('drinks prices', 'negative', 'Horká domácí limonáda'), ('drinks quality', 'negative', 'Horká domácí limonáda'), ('drinks quality', 'negative', 'Citrónová'), ('drinks quality', 'negative', 'Zázvorová')]
4e14cc19-53f5-4ebf-bdee-7755c3e0f431	Pěkné místo s výborným steakem a posezením na zahrádce.	[('restaurant general', 'positive', 'místo'), ('food quality', 'positive', 'steakem'), ('ambience general', 'positive', 'zahrádce')]
8cfb205e-f5e9-46bf-9702-acaf258e0c7a	Výborný servis a super jídlo.	[('service general', 'positive', 'servis'), ('food quality', 'positive', 'jídlo')]
1f6b837d-2a5b-4663-840f-40942972f878	Prostředí- ubrusy špinavé, to samé sklenice, WC vzor 1980's s ulomenou klikou, takže bacha na žloutenku	[('ambience general', 'negative', 'Prostředí'), ('ambience general', 'negative', 'ubrusy'), ('ambience general', 'negative', 'sklenice'), ('ambience general', 'negative', 'WC')]
72935f56-b20c-48c7-ace0-3353644d1955	Závěr: Byla to moje první a také poslední návštěva - NEDOPORUČUJI	[('restaurant general', 'negative', 'NULL')]
8c61777b-f8ad-4c55-9e99-4597617e07a9	Jídlo normálka, ale ceny horší než u Pohlreicha v Imperialu.	[('food quality', 'neutral', 'Jídlo'), ('restaurant prices', 'negative', 'NULL')]
df912b39-f47d-4082-9773-6328c2f90938	Jediné, co se dalo trochu jíst bylo sushi.Jinak hnus.	[('food quality', 'neutral', 'sushi')]
5e6d6d7e-1169-4235-b1d6-982498be6835	Je to náš oblíbený podnik, rádi sem chodíme s voucherem i bez, kuchyně je výborná, pivo je taky fajn, a atmosféra je velice příjemná, pan majitel je veselý	[('restaurant general', 'positive', 'podnik'), ('food quality', 'positive', 'kuchyně'), ('drinks quality', 'positive', 'pivo'), ('ambience general', 'positive', 'atmosféra'), ('service general', 'positive', 'majitel')]
15c1b787-fa42-4925-ada2-a094808f7a70	Velmi cool atmosféra a pěkné pozdní noční občerstvení, zajímavé dekorace a hodně prostoru.	[('ambience general', 'positive', 'atmosféra'), ('food quality', 'positive', 'NULL')]
00fc8743-c0b0-44f8-8f21-8b6305911f89	Seděli jsme celkem dlouho u stolu se špinavým sklem a nádobím, až tak po deseti minutách si nás někdo všiml (restaurace téměř prázdná).	[('ambience general', 'negative', 'stolu'), ('food style_options', 'negative', 'sklem'), ('food style_options', 'negative', 'nádobím'), ('service general', 'negative', 'NULL')]
62592c8a-b923-451f-906a-b3f9bcf44d3b	Maso celkem tuhé, i s bramborou nedochucené, carpaccio také neslané, zato velemastné	[('food quality', 'negative', 'Maso'), ('food quality', 'negative', 'bramborou'), ('food quality', 'negative', 'carpaccio')]
4c8ec427-f2b4-4d70-a013-ba1809338946	Tuhle restauraci už bych nikdy nenavštívil,i kdyby mi tam nabízeli kila jídla zdarma a každému doporučím,ať tak nechodí,protože to co je tam,není ani ve ve čtverkové hospodě	[('restaurant general', 'negative', 'restauraci'), ('food quality', 'negative', 'jídla')]
02622c17-d0a5-4184-9cc5-4ce283995341	po dlouhé době v centru Prahy příjemné překvapení!!!	[('restaurant general', 'positive', 'NULL')]
eb0bfb4f-d8d2-467b-b0fd-5ed9364808b6	Byli jsme tam dnes a za mě 100% spokojenost, za mou manželku 99% spokojenost - hovězí plátek luxus !!	[('food quality', 'positive', 'hovězí plátek'), ('restaurant general', 'positive', 'NULL')]
b38338a4-eca7-43b0-819c-50a6ae8d1a1e	Obsluha milá, příprava jídla rychlá a chutná.	[('service general', 'positive', 'Obsluha'), ('food quality', 'positive', 'jídla')]
fe422b41-d60a-4c6f-8d7d-04b3f4efb7a4	Spokojenej host se tesi na dalsi pivni kalbicku opet u vas.	[('restaurant general', 'positive', 'NULL')]
7b0df6e3-ae99-4c47-b054-f7772955710e	Přitom,když jsem tam v pravé poledne byl,tak tam krom personálu nebyla ani noha	[('service general', 'neutral', 'personálu')]
61c55e78-cc3e-46e6-b97b-a70c9eb6b2f7	Kuchar posedaval mezi hosty a vypravel co ve svem mladem veku uz ma za sebou.	[('service general', 'neutral', 'Kuchar')]
d254e028-aa95-404c-8666-3dece7e12b14	Casto si pockate jak na misto, tak na jidlo, ale stoji to za to. Dost mozna nejlepsi restaurace v Tabore.	[('food quality', 'positive', 'jidlo'), ('restaurant general', 'positive', 'restaurace')]
e2505f2a-19ca-41ec-b50f-461839ac5487	Letos jsme byli podruhé a opět nadšení, určitě se ještě vrátíme😊	[('restaurant general', 'positive', 'NULL')]
c8a2dd4f-81e1-4c12-87ee-3779519c27ab	byla jsem tam na svatbe meho bratra v roce 2009 nevim jak to tam chodi ted ale predtim jsem mely na jidlo kureci kapsu bohuzel nedopecena , polivka studena nudle nebyly domaci ale kupovane o servirkach to nevim protoze jsem nevdela kdo je kdo jidlo nosily i recepcni takze tak	[('food quality', 'negative', 'jidlo'), ('food quality', 'negative', 'kureci kapsu'), ('food quality', 'negative', 'polivka'), ('food quality', 'negative', 'nudle'), ('service general', 'neutral', 'servirkach'), ('service general', 'neutral', 'recepcni')]
d7074a65-c7ac-45ed-8872-4bba7c5b8f62	Hodnota za peníze dobré. Pizzu se mi nelíbilo. Rajčatová polévka v pořádku. Jídlo bylo podáváno velmi rychle. Servis přátelský a rychlý	[('food quality', 'negative', 'Pizzu'), ('food quality', 'positive', 'Rajčatová polévka'), ('service general', 'positive', 'Servis'), ('restaurant prices', 'positive', 'NULL')]
868c3c91-7e4d-465f-9270-b635154b2ca4	Personál je milý. Poloha je dobrá. Decore a ambiance je příjemné. Jídlo se nám však nelíbilo, připadalo mi to, jako by se šéfkuchař snažil snížit rohy.	[('service general', 'positive', 'Personál'), ('location general', 'positive', 'Poloha'), ('ambience general', 'positive', 'Decore'), ('ambience general', 'positive', 'ambiance'), ('food quality', 'negative', 'Jídlo')]
c6500e1c-e0ec-4a37-9dfb-bc5d4334b002	Vynikající a levné korejské jídlo! Dejte si pozor, aby se brzy zavřeli.	[('food prices', 'positive', 'korejské jídlo'), ('food quality', 'positive', 'korejské jídlo')]
723204a1-c6ec-4e61-9da7-1559e9c5e88f	Zmínil jsem,že v česku nežijeme a že jsme přijeli specielně kvůli restauraci U Štěpána,ale číšník odpověděl,že je divné,že mluvím česky	[('restaurant general', 'neutral', 'restauraci U Štěpána'), ('service general', 'neutral', 'číšník')]
80efd0e1-341f-442d-b652-07b78bf06961	Prostě zde člověk neudělá chybu ať si dá jakékoliv jídlo.	[('food quality', 'positive', 'jídlo')]
7017a15a-d8a8-428b-a43a-3c5acf26d475	S jídlem, servisem a rychlostí přípravy jídla jsme byly velice spokojené DOPORUČUJEME TUTO RESTAURACI !	[('food quality', 'positive', 'jídlem'), ('service general', 'positive', 'servisem'), ('food quality', 'positive', 'jídla'), ('food style_options', 'positive', 'jídla'), ('restaurant general', 'positive', 'RESTAURACI')]
68f202d4-6e45-408b-8e8d-835e6186c489	Skvělé místo, příjemná, profesionální obsluha, vynikající jídlo. Určitě zase přijdeme. Doporučuji všem..	[('location general', 'positive', 'místo'), ('service general', 'positive', 'obsluha'), ('food quality', 'positive', 'jídlo'), ('restaurant general', 'positive', 'NULL')]
3e50d9fd-a42a-44b3-a9d3-371218e9d56c	Myslím, že to tam obsluhuje pan majitel, jinak si nedokáži představit, že by vedoucí v personálu strpěl takovou drzost a provokace	[('service general', 'negative', 'majitel'), ('service general', 'neutral', 'vedoucí v personálu')]
3de68f05-ae86-4b01-9008-b515d3088d49	Už tam nepůjdu.	[('restaurant general', 'negative', 'NULL')]
f23c19a7-6b6e-4c2d-b769-d6483e57c56b	Měli jsme tam rodinnou oslavu, vše OK, příjemná obsluha, výborné jídlo	[('service general', 'positive', 'obsluha'), ('food quality', 'positive', 'jídlo'), ('restaurant general', 'positive', 'NULL')]
315494bb-6649-4135-ba2e-9ebd7a200bb0	Privitani a usazeni personalem bylo na jednicku ,to ale bylo vse.	[('service general', 'positive', 'personalem')]
a6fefe7f-e416-4b8d-a1f1-623b36c8c592	Odešel, pizzu si zkusil objednat telefonicky a bez toho že by sdělil že má voucher, najednou nebyl problém, pizza přislíbena do půl hodiny.... když servírce sdělil proč to nešlo předtím osobně, začala být nepříjemná, až sprostá, po zeptání se na pana majitele, mu bylo sděleno že majitel není a servírka třískla telefonem, takže 3 voucher roztrháme a tato pizzerie nikdy více.	[('service general', 'negative', 'servírce'), ('service general', 'negative', 'servírka'), ('restaurant general', 'negative', 'NULL')]
6b27775b-2b28-48e6-b697-cbe4f38d78f7	Takovou arogantni obsluhu nevidel jsem v zivote!	[('service general', 'negative', 'obsluhu')]
ab420b36-13d7-402b-8406-e294d0555393	Toto je úspěch po Česku	[('restaurant miscellaneous', 'positive', 'NULL')]
38e3e170-9117-4a78-91d2-7827981014c1	Osobně se do Cafe Imperial asi delší dobu nevrátím, půjdu hledat jiná místa, kde uspokojím své chuťové buňky.	[('restaurant general', 'negative', 'Cafe Imperial')]
f9660146-2959-46ee-a299-8630a8c2eb9f	V hamburgeru byl jakysi malinky karbanatek a nejvyraznejsi bylo celkove rajce.	[('food quality', 'negative', 'hamburgeru'), ('food quality', 'negative', 'karbanatek'), ('food quality', 'positive', 'rajce')]
f66c62ff-a27a-4d59-b8a6-70620d900bb8	Milá a rychlá obsluha a výborné jídlo.	[('service general', 'positive', 'obsluha'), ('food quality', 'positive', 'jídlo')]
7d4f19c0-6ff9-4417-a7c2-f3c511397e2c	Vepřové koleno vynikající.	[('food quality', 'positive', 'Vepřové koleno')]
20378dbe-fa7f-4574-89e6-63e620342751	Servis v angličtině a dobré kávě.	[('service general', 'positive', 'Servis'), ('food quality', 'positive', 'kávě')]
c0562d24-0197-439d-8c5e-16437c48c66a	Je vidět, že se nejspíš změnil kuchař.	[('service general', 'neutral', 'kuchař'), ('restaurant general', 'positive', 'NULL')]
1f3cf5a9-026c-4273-99fc-8b7ec148104c	Uplatnili jsme voucher na mix gril, byli jsme spokojeni, vnitroblok jako zahrádka, využili jsme posezení venku, nemáme výhrady	[('food quality', 'positive', 'mix gril'), ('ambience general', 'positive', 'vnitroblok'), ('restaurant general', 'positive', 'NULL')]
2ff54312-01bb-4e68-b976-8b82f27344d3	Nechci předpovídat špatné časy ale většina lidí v dnešní době otočí korunu dvakrát v ruce než ji vydá a ceny které Vám doporučil Polreich, v našich končinách nejsou obvyklé a pro obyčejné lidi těžko dostupné	[('restaurant prices', 'negative', 'NULL')]
a092f98f-4746-4d92-9696-920969450221	Výborná kuchyně, příjemná obsluha. Itálie doma. Mořské plody vynikající.	[('food quality', 'positive', 'kuchyně'), ('service general', 'positive', 'obsluha'), ('food quality', 'positive', 'Mořské plody')]
9ef49c86-3300-40be-81c6-ca41b4232cfb	DOPORUČUJI !!!!!!!	[('restaurant general', 'positive', 'NULL')]
0eaf1721-90d3-467c-957c-305ba405c189	Velmi zajímavá kombinace mrkve, červené cibulky, papriky, okurky a čerstvého koriandru. 300,-/osoba.	[('food style_options', 'neutral', 'mrkve'), ('food style_options', 'neutral', 'červené cibulky'), ('food style_options', 'neutral', 'papriky'), ('food style_options', 'neutral', 'okurky'), ('food style_options', 'neutral', 'čerstvého koriandru')]
a8165994-d5fa-4c4c-ac5d-1c7f788ce714	Úžasný zážitek jako vždy 😍	[('restaurant general', 'positive', 'NULL')]
5ca1c408-ed7d-45b2-adcf-194b0559240f	 Nový minutový jídelák super jsem se najedla  	[('food style_options', 'positive', 'jídelák'), ('food quality', 'positive', 'NULL')]
57da1a19-03d8-425e-b676-9d1c536d3930	Pak jsme se šli dorazit dolu do baru :) a musím říct že super i tam...určitě se to tam zlepšilo o 100 procent..takže doporučuji !P.	[('restaurant general', 'positive', 'baru')]
7130b8b4-decd-42f8-8bc6-78a17b638503	Do této restaurace mě vždy nalákalo jen menu pro studenty za stovku.	[('food prices', 'positive', 'menu'), ('food style_options', 'neutral', 'menu'), ('restaurant general', 'neutral', 'NULL')]
d688b140-ff46-453f-a174-b49556c399f9	Prostředí krásné prosklená terasa s venkovním posezením, jen vnitřní prostory jsou velice tmavé, málo osvětlené což na nás působilo vcelku depresivně	[('ambience general', 'positive', 'Prostředí'), ('ambience general', 'positive', 'terasa'), ('ambience general', 'positive', 'posezením'), ('ambience general', 'negative', 'prostory')]
ddfb503d-34f0-429b-b0bc-557985f19822	Líčka dušena na červeném víně v nás nezanechala žádný dojem ,omáčka zvláštní ale docela dobrá, maso tužší, po stranách tvrdé,nešlo vůbec ukrojit	[('food quality', 'neutral', 'Líčka dušena na červeném víně'), ('food quality', 'positive', 'omáčka'), ('food quality', 'negative', 'maso')]
d1fb164e-5750-4094-80de-f44da24539e6	Jídlo, jak jsem říkala na začátku bylo dobré, ale obsluha celý zážitek tak degradovala, že člověk už ses vracet pak nechce.	[('food quality', 'positive', 'Jídlo'), ('service general', 'negative', 'obsluha'), ('restaurant general', 'negative', 'NULL')]
ade727a8-5df4-40e9-9e2f-87f301e28d51	Jídlo dobré velký výběr obsluha skvělá 💯👌	[('food quality', 'positive', 'Jídlo'), ('service general', 'positive', 'obsluha'), ('food style_options', 'positive', 'NULL')]
9c701d4f-dc97-45a4-81e0-61aa09f76d25	a výsledek byl, že jsme voucher na steaky raději nechali propadnout	[('restaurant miscellaneous', 'negative', 'NULL')]
9ac74a29-15d3-44d6-a88c-5eb02a140e87	Tatarák velmi dobrý (už jsem měl ale lepší), kachny akorát, skvělé knedlíky.	[('food quality', 'positive', 'Tatarák'), ('food quality', 'neutral', 'kachny'), ('food quality', 'positive', 'knedlíky')]
e53496d2-6d8b-4e17-8d9d-41ce035aa13e	"Poprosili jsme ho aby nam dal cislo na majitele resturace na coz nam rekl ""nemam"" a sel pryc."	[('service general', 'negative', 'NULL')]
81a7ce03-0ed0-41ac-a5ba-944b7f04dc8c	Za rok přijedeme určitě znovu.	[('restaurant general', 'positive', 'NULL')]
8a7693c5-a323-4499-a965-331b63be778e	Zajímavé, že i přesto že je restaurace poměrně nová, tak tu mají skvěle sehraný personál a i jídlo vynikající.	[('restaurant general', 'neutral', 'restaurace'), ('service general', 'positive', 'personál'), ('food quality', 'positive', 'jídlo')]
5e30c01e-f52e-43ed-88c4-146a8d861e83	Holt chtějí už jen vydělávat peníze a na kvalitě, co poskytují, jim už vůbec nezáleží	[('food quality', 'negative', 'NULL'), ('restaurant general', 'negative', 'NULL')]
85553415-55d3-4187-a68b-c4008ff9971d	Přítelkyně na tom byla ještě hůř protože rádoby specialita Lička s kaši byla ukrutna tragedie	[('food quality', 'negative', 'Lička s kaši')]
e7113364-52a1-41ad-a3ae-2be7d594976e	Nedoplňuje se, oschlé, studené jídlo, které nikdo nechce, zůstává v nabídce pořád a navíc lákají na cenu 109Kč a při placení najednou chtějí 139Kč, takže navíc zlodějina. Nikdy více!	[('food quality', 'negative', 'jídlo'), ('food prices', 'negative', 'NULL')]
2f07a859-6cc8-4f39-bcf0-fdb7bcea2330	Káva a čokoláda nemá chybu, navíc super akce. Doporučuji	[('drinks quality', 'positive', 'Káva'), ('drinks quality', 'positive', 'čokoláda'), ('restaurant general', 'positive', 'NULL')]
46980f06-8f55-43c2-8304-48abdf32ec37	Nejlepší restaurace v Praze. Vracíme se už 10 let. Poněkud středověký design. Obrovský otevřený krb, který je v zimě skvělý. Části normální velikosti, férové   ceny, pěkné služby. Jíst vždy chutné.	[('restaurant general', 'positive', 'restaurace'), ('service general', 'positive', 'služby'), ('ambience general', 'positive', 'NULL'), ('food quality', 'positive', 'NULL'), ('restaurant prices', 'positive', 'NULL')]
ac59aeba-9990-444c-8a11-a3997a17e3ec	Možná zkusím ještě jednou a bude-li zatím vždy vlídný pan majitel přítomen, rád s ním promluvím	[('service general', 'positive', 'majitel')]
3ba71933-3a9f-4b28-8661-6b30be024570	Ano, restaurace změnila nově provozovatele z důvodu špatného vedení původního provozovatele restaurace, ale veškeré problémy se mají řešit hned	[('restaurant miscellaneous', 'neutral', 'restaurace')]
13371680-ca04-4f16-a30a-09766f0dfe0f	Pokud mám něco pochválit, byl to bylinkový ledový čaj, ano ten byl vynikající.	[('drinks quality', 'positive', 'bylinkový ledový čaj')]
6a7cdcde-a839-4041-84b4-3fc8797ab1d4	Vaří tu velmi chutně, obsluha je milá, pozorná, přesto nevtíravá a profesionální.	[('service general', 'positive', 'obsluha'), ('food quality', 'positive', 'NULL')]
34ecab64-0026-4cb3-89b0-cbe1e6b982ab	Nejlepší irský bar ve městě! Ne t.v, jen dobré si odpočinout při pití a chatu.	[('restaurant general', 'positive', 'irský bar'), ('drinks quality', 'positive', 'pití')]
eb047fb4-1d71-4575-96ec-a65efab6e0c5	Jídlo průměr, dosti zakouřené prostředí, výběr pití slabý.	[('food quality', 'neutral', 'Jídlo'), ('ambience general', 'negative', 'prostředí'), ('drinks style_options', 'negative', 'pití')]
137e0942-cf26-431b-a33d-84dc2be67c6d	Velmi příjemné místo. Personál komunikuje především anglicky. Prostředí je o dvě třídy luxusnější, než bývá v indických restauracích obvyklé. Pokrmy jsou až překvapivě málo pikantní.	[('ambience general', 'positive', 'Prostředí'), ('food quality', 'positive', 'Pokrmy'), ('food quality', 'positive', 'NULL')]
2bc26fa6-5d31-474f-972b-69a7d1fca509	Perfektní místo pro odpočinek.....	[('restaurant miscellaneous', 'positive', 'místo')]
0b0c3001-e75b-413f-bd92-68eff1cd1bad	Venkovní posezení je na trávě, když je mokro tak se venku jistě nesedí	[('ambience general', 'negative', 'posezení')]
9a9a296d-eadd-41f0-a7b9-8b2b765c03c3	My už tam asi nepůjdeme, jednou stačilo, ale rád bych, aby další zákazníci měli lepší zkušenost	[('restaurant general', 'negative', 'NULL')]
7d914803-2ddf-4a5c-8c19-282158162144	Už proto tuto restauraci víckrat nenavštívím a rozhodně nedoporučim.	[('restaurant general', 'negative', 'restauraci')]
daf7d9f4-8ad9-4c0f-aa24-7fcafcede3c4	vřele doporučuji.Člověk si může dát na co má chuť Příjemná obsluha a vynikající jídlo...	[('service general', 'positive', 'obsluha'), ('food quality', 'positive', 'jídlo'), ('restaurant general', 'positive', 'NULL')]
1301cc0c-1bf0-46bd-bfe1-090917ca83ce	Dobré jídlo, pěkné služby. Polské menu, ale pravděpodobně z nějakého automatického překladače: sýr s přídavkem dalších sýrů a omáčky je vítěz!	[('food quality', 'positive', 'jídlo'), ('service general', 'positive', 'služby')]
efb1b0d4-0109-4fef-97be-c6aa3d339bd8	Bohužel nebylo, spíš hrůza, podešev hadr	[('food quality', 'negative', 'NULL'), ('restaurant miscellaneous', 'negative', 'NULL')]
46bd1486-474a-488c-a45b-35c50aa22157	Velký vyber opravdu jsem se nacpal	[('food style_options', 'positive', 'NULL')]
61bc8f62-13a9-4f08-9674-02417b447f0d	Můžeme jen doporučit.	[('restaurant general', 'positive', 'NULL')]
e30ddad4-6b47-4994-b01f-6b0033d8233b	Po jednom steaku za 900 bychom očekávali lepší servis.	[('food prices', 'neutral', 'steaku'), ('service general', 'neutral', 'servis')]
f0e0f1f1-b73e-40cb-a8d4-f04114f15aff	Mohu jen doporučit	[('restaurant general', 'positive', 'NULL')]
d8f103ce-29a8-45d6-93eb-af6673d5dae9	Už nikdy , káva studená , latě se podobalo takové mléčné pěně která byla navíc studená a bez chuti kávy ta tam asi ani nebyla , Personál bez zájmu a jakékoli profesionality.	[('drinks quality', 'negative', 'káva'), ('drinks quality', 'negative', 'latě'), ('service general', 'negative', 'Personál')]
49caecfb-32f1-4b9e-bf57-8205d37cb817	Obsluha je velmi sympaticka 🍺🍻🍻🍻	[('service general', 'positive', 'Obsluha')]
5bd7f189-44c9-4ac6-81e5-ab52e72455d8	Hrozná služba, která vás ignoruje poté, co se posadil, zatímco objednávají, že se rozhlížejí a nevěnují vám pozornost ... Vejce však byla dobrá.	[('service general', 'negative', 'služba')]
fb35c101-fa2d-4e7b-92b4-fab268165a47	Tak by to mělo fungovat všude	[('restaurant miscellaneous', 'positive', 'NULL')]
05a0662d-1bec-452f-8260-dfbc2ab42472	Do téhle restaurace chodím velmi rád,vždy výborna obsluha rychlá a milá,kuchaři super vaří,velmi dobré ceny a příjemné prostředí bez cigaretového smradu a není zde špína jako v některých jiných restauracích,číšnik vždy upraven ,jsem rád za takový pestrý výběr jídel VELMI DOPORUČUJI VŠEM,BUDETE SPOKOJENI	[('restaurant general', 'positive', 'restaurace'), ('service general', 'positive', 'obsluha'), ('service general', 'positive', 'kuchaři'), ('ambience general', 'positive', 'prostředí'), ('service general', 'positive', 'číšnik'), ('food style_options', 'positive', 'jídel'), ('restaurant prices', 'positive', 'NULL')]
436d24d9-d3c8-4a15-b7f0-5e74410a605c	Mile mě překvapilo. Fajn prostředí, dobrý zvuk, takže se člověk nemusí překřikovat. Akorát voda by nemusela být za 40kč i když je italská (furt je to voda). Securiťáků víc než při návštěvě Putina v Praze :-D	[('ambience general', 'positive', 'prostředí'), ('drinks prices', 'negative', 'voda')]
6a7454a8-777c-4e6b-b743-4787dd4a56cb	Výborné jídlo i pití, milá obsluha! :), akorát v létě, když je plná zahrádka aby to paní nedělala sama. Paní se může ulítat a na pivo se čeká tím pádem dýl, v tu chvilku by tak měli být minimálně dva :) Určitě se vrátíme :)	[('food quality', 'positive', 'jídlo'), ('drinks quality', 'positive', 'pití'), ('service general', 'positive', 'obsluha'), ('restaurant general', 'positive', 'NULL')]
31a78430-a7ed-42f3-a9eb-444347f826c6	Nápoje - Kofolu nalévají z PETky	[('drinks style_options', 'negative', 'Nápoje'), ('drinks style_options', 'negative', 'Kofolu')]
3c230546-8d28-4f33-8ebc-714e8796b500	Číšník tam vůbec nepatří, neuměl poradit s výběrem a byl neochotný	[('service general', 'negative', 'Číšník')]
24aead4d-4138-4816-991c-a6c69e9993c6	To je ale opravdu jediné, na co se tam dá zajít, protože na dovezených vínech od vinaře se nedá co zkazit !	[('drinks quality', 'positive', 'vínech')]
74af39ad-a4c2-4a9b-be06-a569f5424398	Opravdu totální humus. Už nikdy více.	[('food quality', 'negative', 'NULL'), ('restaurant general', 'negative', 'NULL')]
9e9e7e0e-c757-41c2-8786-633a1b1dab63	Poprvé jsem byl i nahoře v bufíku a slušná porce, dobrá kvalita a za lidovku (doma si to levněji neuvaříte). Nečekejte gurmánské zážitky, ale pokud se chcete rychle a dobře najíst, bufík v patře je optimální. 😉	[('food style_options', 'positive', 'porce'), ('food prices', 'positive', 'NULL'), ('food quality', 'positive', 'NULL')]
3f9c34a2-79c3-4d40-ad4c-3b7ab980f7d2	Nebylo nic neobvyklého, že kamarádi seděli čtvrt hodiny na suchu a nikoho to nezajímalo.	[('service general', 'negative', 'NULL')]
f0409c4c-1113-4ea6-90be-869d81e26d9e	Skvělý klub s vynikajícím hudebním programem skoro každý večer.	[('restaurant general', 'positive', 'klub'), ('ambience general', 'positive', 'NULL')]
d8948ae5-9dfb-4722-9801-478eeb87582d	Dobré jídlo, příjemné prostředí dřevěné stavby. Venku spousta atrakcí pro děti, bobová dráha, nově i sedačková lanovka s letním víkendovým provozem.	[('food quality', 'positive', 'jídlo'), ('ambience general', 'positive', 'prostředí')]
cdcf662f-e95f-4647-8c9a-677ed149c948	Urcite tam budu chodit i nadale	[('restaurant general', 'positive', 'NULL')]
9898ade4-00cb-4c72-b216-0a4df10eceeb	Nejlepší steaky, příjemná obsluha, výborná Plzeň na cepu. Doporučujeme!!! :-)	[('food quality', 'positive', 'steaky'), ('service general', 'positive', 'obsluha'), ('drinks quality', 'positive', 'Plzeň'), ('restaurant general', 'positive', 'NULL')]
f76bd20b-3eba-4265-8411-512a4b741a83	Velmi příjemná obsluha, výborně propečený steak a výtečná hovězí polévka! S vyšší cenou zde člověk musí počítat. Jen jsem byl překvapený papírovým prostíráním na stole. Jinak mohu doporučit! Pavel z http://1-pneumatiky.com/	[('service general', 'positive', 'obsluha'), ('food quality', 'positive', 'steak'), ('food quality', 'positive', 'hovězí polévka'), ('ambience general', 'negative', 'NULL'), ('restaurant general', 'positive', 'NULL'), ('restaurant prices', 'neutral', 'NULL')]
3e33de5e-63a6-4ad6-921a-bb5ad74ec4f5	Ti co si ztěžují jsou asi úplně mimo realitu,nikde jinde jsme se nesetkali s takovou ochotou	[('service general', 'positive', 'NULL')]
1aeac4af-f9a1-4af8-a28a-41475143bc44	Nejlepší pizza v okolí. Krásné prostředí a jídlo rychle hotové👌🏻	[('food quality', 'positive', 'pizza'), ('ambience general', 'positive', 'prostředí'), ('service general', 'positive', 'NULL')]
225779b6-2242-4027-9308-17d0099afc42	Za tyto peníze bych očekával opravdu gastronomický koncert	[('food prices', 'negative', 'NULL')]
9fa53e37-19b9-4d3d-94e9-5e5c02ec48bb	A vrchol všeho...místo platýze za 209kč dostávám pangase, v kvalitě průměrné hospody s přílohou v kvalitě podprůměrné hospody	[('food style_options', 'negative', 'platýze'), ('food quality', 'negative', 'pangase'), ('food style_options', 'negative', 'pangase'), ('restaurant general', 'negative', 'hospody'), ('food quality', 'negative', 'přílohou')]
7fc5a236-9aff-49e1-9a3c-a3f6c33a6b50	Prostě Amerika 👍	[('restaurant general', 'positive', 'NULL')]
b40bd284-ee45-4725-a762-bc49cb20b642	Po dlouhé době jsem zavítal do hospody, kterou jsem měl rád.	[('restaurant general', 'positive', 'hospody')]
783dc458-da15-45c5-9b76-22a0d5c6b958	Jídlo podprůměrné!	[('food quality', 'negative', 'Jídlo ')]
e583ec20-7fe9-403d-9b17-0c4772ddc71c	Pohodové místo na konverzaci s přáteli . A konzumaci alkoholu 😀	[('ambience general', 'positive', 'NULL')]
65de669f-fecf-4798-90b4-38c625c66d44	Děkujeme za hezký večer a rádi se do CI opět vrátíme!	[('restaurant general', 'positive', 'NULL')]
459d565c-6400-4dc8-9aba-b95d59901f95	Nádherné místo k jídlu. Spousta místních jídel a milý personál	[('restaurant general', 'positive', 'místo'), ('food style_options', 'positive', 'jídel'), ('service general', 'positive', 'personál')]
a4dda01e-8ab0-4711-90ad-c99981c56428	Všechno je tu úplně dokonalé, není lepší restarace v Evropě.	[('restaurant general', 'positive', 'restarace')]
026a3bb1-9fa7-42cc-b141-d80fe06ff568	Moravský vrabec -báseň !!!!	[('food quality', 'positive', 'Moravský vrabec')]
b6b63095-da56-4e5e-8db0-ff286fb990d6	Celkový dojem - nemastný, neslaný	[('restaurant general', 'negative', 'NULL')]
44e28ced-e85e-462d-9a2d-44d8cf905827	Super jídlo, dobrá atmosféra, pomalejší obsluha.	[('food quality', 'positive', 'jídlo'), ('ambience general', 'positive', 'atmosféra'), ('service general', 'positive', 'obsluha')]
52d60fdd-90b8-40d2-92e2-5eec25ca4dd9	Personál pozorný, milý a nad míru profesionální.	[('service general', 'positive', 'Personál')]
094b5dcf-4259-4b68-ab9d-b893fe10f8ed	Byli jsme velice spokojeni.	[('restaurant general', 'positive', 'NULL')]
c600e231-4c60-4a73-9350-50eeedb52c82	Jaké bylo překvapení, když místo kolena, donesla nějaké pečené vepřové maso, místy přesolené a navíc studené	[('food quality', 'negative', 'kolena'), ('food quality', 'negative', 'vepřové maso')]
b7aa2858-63e3-4455-a6dd-03a85c87f2fe	Degustační menu exkluzivní: terinka z holoubátek - výborné, hovězí jazyk na celerovém salátu - famózní, lanýžové gnocchi se šampaňskou omáčkou - výborné, chilský sea bass - výborné, telecí líčka na červeném víně - výborné, jehněčí kolínko - super exkluzivní, cheesecake - mňam, mňam, mňam	[('food style_options', 'positive', 'Degustační menu'), ('food quality', 'positive', 'terinka z holoubátek'), ('food quality', 'positive', 'hovězí jazyk na celerovém salátu'), ('food quality', 'positive', 'lanýžové gnocchi se šampaňskou omáčkou'), ('food quality', 'positive', 'chilský sea bass'), ('food quality', 'positive', 'telecí líčka na červeném víně'), ('food quality', 'positive', 'jehněčí kolínko'), ('food quality', 'positive', 'cheesecake')]
e4eb8024-b930-44ad-95f6-72d867fd6503	Velký výběr v tomto bufetu zahrnuje polévky,několik druhů příloh, masitých i zeleninových jídel...Mohu jen doporučit.	[('food style_options', 'positive', 'výběr'), ('food quality', 'positive', 'polévky'), ('food quality', 'positive', 'příloh'), ('food quality', 'positive', 'jídel'), ('restaurant general', 'positive', 'NULL')]
51215c8d-23e6-4659-b515-0f6837b3a7b7	Já rozumím že jsme tam byli třeba pozdě a ještě k tomu ve všední den ale všechno se dá přece říct normálne a nemusím u toho být arogatní a nepříjemný	[('service general', 'negative', 'NULL')]
42a6bd90-7706-4387-ab2c-dd46d42545ef	Pizza super, celkový dojem zkazila pouze nepříjemná servírka.	[('food quality', 'positive', 'Pizza'), ('service general', 'negative', 'servírka')]
eca09805-f055-4223-a641-2caa3d090f36	Děkujeme celému kolektivu restaurace za báječný servis a pro nás - kouzelný večer	[('service general', 'positive', 'kolektivu'), ('restaurant general', 'positive', 'restaurace')]
0c24595e-23df-43d9-a890-d7ec03ecce7d	tohle neeeeeeeeee opravdu si myslim ze jeste ziji s doby komancu	[('restaurant general', 'negative', 'NULL')]
f85a7f00-a4e9-4c3f-8f73-dba8db7ea0ec	Jídlo chutné,obsluha se starala mají Plzeň z tanku.Dá se tu v klidu najíst.	[('food quality', 'positive', 'Jídlo'), ('service general', 'positive', 'obsluha'), ('drinks style_options', 'positive', 'Plzeň')]
968661fe-35a1-438b-8529-b9d59c6d1bf3	S čajem to nemá co dělat!!	[('drinks quality', 'negative', 'čajem')]
0150b3fe-b382-4ff3-98aa-871ca8df0568	Hospůdka jak má být.	[('restaurant general', 'positive', 'Hospůdka')]
29c3ce3e-79a3-4e92-a72f-f6b4f7c36217	Nedávno jsme u Štepána byli na degustačním večeru, variace s rybami, netradiční kombinace, 9 chodů s minimalistickou presentací, moderní pojetí, prostě bomba.	[('restaurant general', 'positive', 'Štepána'), ('food quality', 'positive', 'variace s rybami'), ('food style_options', 'positive', 'variace s rybami'), ('food style_options', 'positive', '9 chodů')]
a3cfec17-ee5b-4e0b-9f01-ed41b0b04d8e	Prosecco jako welcome drink perlilo tak napůl, nedostali jsme žádné pečivo ani máslo, na stole chyběly ubrousky, mlýnek na pepř byl prázdný	[('drinks quality', 'negative', 'Prosecco'), ('drinks quality', 'negative', 'drink'), ('food style_options', 'negative', 'pečivo'), ('food style_options', 'negative', 'máslo')]
780863e0-31fc-49d7-b426-06c23da20afb	Všechno bylo naprosto bez obtíží, obsluha super, jídlo bez vady	[('service general', 'positive', 'obsluha'), ('food quality', 'positive', 'jídlo'), ('restaurant general', 'positive', 'NULL')]
d4aa42bf-61d7-42f7-b301-efa3760c17e0	Jsem z Frýdku Místku a taková restaurace u nás není .	[('restaurant general', 'neutral', 'restaurace')]
fa68257d-005d-4970-b995-8f5bcb6a8dfb	Vřele doporučuji tento podnik, obsluha Je velice milá. Cena je v krásné rovnováze s kvalitou. Jídelní lístek nápaditý a osobitý.  Jídlo jako bylo super, doporučuji z nabídky telecí jazyk! Určitě se vrátím, ať už na jen na pivo, nebo i na večeři!!! Pět hvězd!!!! Jeden z mála podniků v Litoměřicích so nikoho nekopíruje a dělá si to čemu věří!	[('restaurant general', 'positive', 'podnik'), ('service general', 'positive', 'obsluha'), ('food style_options', 'positive', 'Jídelní lístek'), ('food quality', 'positive', 'Jídlo'), ('food quality', 'positive', 'telecí jazyk'), ('drinks quality', 'positive', 'pivo'), ('restaurant prices', 'positive', 'NULL')]
a9caee45-43a7-4c02-81a9-7926f0228280	Budu muset hledat jinou hospůdku ...	[('restaurant general', 'neutral', 'hospůdku')]
93f2e949-21bf-4b15-87d0-c25655f410ac	předkrm vynikající papričky se sýrem	[('food quality', 'positive', 'předkrm'), ('food quality', 'positive', 'papričky se sýrem')]
aaaf60f9-b0f5-4453-b2a3-accd4ba69f98	Obsluha byla příjemná a není vůbec pravda, ze by se nesnažila a nebyla komunikativní	[('service general', 'positive', 'Obsluha')]
2be1c251-a3de-4e97-8dc6-d5571d2d8781	Velmi jsem si pochutnala.	[('food quality', 'positive', 'NULL')]
bbe649b2-bbbb-4994-8d16-29098d633e97	Mají tu fantastické jídlo a příjemné prostředí!	[('food quality', 'positive', 'jídlo'), ('ambience general', 'positive', 'prostředí')]
8a7a9240-401b-4bcd-91f6-8c241d7618dc	Z televizní hospůdky zmizel její duch a upřímnost	[('ambience general', 'negative', 'hospůdky')]
3076a384-8593-4986-b478-7f7c4cb38dbe	Výborná snídaně, velký výběr teplých i studených nápojů a super terasa, doplněná vyhříváním, kde člověk může svobodně kouřit. Obsluha neskutečně milá, rychlá a pohotová, takže k vám na naše sedánky rády zase brzy zavítáme. Bylo nám u Vás krásně, děkujeme 😘	[('food quality', 'positive', 'snídaně'), ('drinks style_options', 'positive', 'nápojů'), ('ambience general', 'positive', 'terasa'), ('service general', 'positive', 'Obsluha'), ('restaurant general', 'positive', 'NULL')]
b55d5ce9-955d-4e6a-83a6-ccb0df8a60d8	Jídlo výborné a po jídle mi ještě přinesli sladké překvapení:).	[('food quality', 'positive', 'Jídlo'), ('food style_options', 'neutral', 'jídle'), ('food style_options', 'positive', 'překvapení')]
2b692f9e-ed65-4bcc-b1e2-a9082b73271a	Restaurace v pohodě.	[('restaurant general', 'positive', 'Restaurace')]
8812b8aa-10f5-4ad8-b028-d4f0c92d075b	Vřele doporučujeme	[('restaurant general', 'positive', 'NULL')]
8888ee3f-8aac-4d03-9779-af0c90122b8a	Skvělé venkovní posezení, v pohodě ceny a dobrá pizza. Dětský koutek dobře zabaví špunty a člověk může v klidu posedět.	[('ambience general', 'positive', 'posezení'), ('food quality', 'positive', 'pizza'), ('restaurant prices', 'positive', 'NULL')]
3b69cd62-2c41-43b7-87de-5399d697935d	Sice používají chytře sklenice bez rysky, ale to zkušenému oku nevadí...	[('drinks style_options', 'negative', 'sklenice')]
5649979c-76c4-4dfa-bead-850fbb7226aa	Byli jsme zde na mix grillu (voucher), jídlo odpovídalo nabídce, jednoduché, ale dobré.	[('food quality', 'positive', 'mix grillu'), ('food quality', 'positive', 'jídlo')]
bf5ec4be-6888-4917-b4ad-d04412e1f155	Jídlo na bufetu místy vypadá, že tam je déle než je zdrávo, ale to mám za to....	[('food quality', 'negative', 'Jídlo')]
2a6692a9-c4e8-4c8d-b9c8-a797d3899543	Nový majitel se snaží, chutné jídlo denně vaří,Doporučujeme, posuďte to sami	[('service general', 'positive', 'majitel'), ('food quality', 'positive', 'jídlo'), ('restaurant general', 'positive', 'NULL')]
3491773c-8083-4149-a05c-6f0d674e761f	Moc rád bych doporučil,ale bohužel nemůžu	[('restaurant general', 'negative', 'NULL')]
1e0b90d0-be86-4ce0-a62b-8a432c5e2475	Nový šéfkuchař Jan Beneš se moc nevyznamenal	[('service general', 'negative', 'šéfkuchař')]
2b209980-7376-4f89-a2a6-eb6e5e55fda2	4) Pivo obsahovalo hodně CO	[('drinks quality', 'negative', 'Pivo')]
ed922070-aa0a-428a-b040-ce1c2b84da0d	Takze U Stepana urcite nejist.	[('restaurant general', 'negative', 'U Stepana')]
27748977-d847-46d5-a9ff-38a0af87ba87	Další jídlo ROLÁDA Z HOVĚZÍHO PUPKU s pečenou bramborou s křenovým dipem a omáčkou z pečeného česneku, to je zejména mini kousek masa a obr brambora.	[('food quality', 'negative', 'jídlo'), ('food quality', 'negative', 'ROLÁDA Z HOVĚZÍHO PUPKU s pečenou bramborou s křenovým dipem a omáčkou z pečeného česneku'), ('food style_options', 'negative', 'masa'), ('food style_options', 'neutral', 'brambora')]
44c50f8f-558c-4dfe-9748-2714b2602db1	Kdyz jsme do restaurace dosli, uz jen na piti jme cekali 20min, cisnik hrozny, a ted samotny tatarak! Byly v nem slachy, ja jej odmitla jist, ale pritel, bohuzel stihl snist vice, nez jen jedno sousto jako ja, po me stiznosti, ze takhle tatarak vypadat nema, nam bylo po dalsich 15ti minutach cisnikem sdeleno, ze se bavil s kucharem a ze tedy mame pravdu tak ze nam udelaji novy, my byli tak znuseni, ze jme tuto nabidku odmitli, ale pritel jen tak nadhodil (jelikoz ja mela jednu vodu a pritel jeden birrel) tak ze jako omluvu nam postaci, to piti zdarma	[('service general', 'negative', 'cisnik'), ('food quality', 'negative', 'tatarak')]
fd83fce8-f759-4982-a2fe-70ff1ed9f98d	Musim pochvalit, chutnalo mi	[('food quality', 'positive', 'NULL'), ('restaurant general', 'positive', 'NULL')]
aae93cb9-605d-49b2-b757-1ee0e52f0ba2	Při placení jsme měli na lístku 3 lahve bílého vína navíc a několik panáků becherovky.	[('restaurant miscellaneous', 'negative', 'NULL')]
a428063d-6ffd-4028-a17b-d9fa5bc6441e	skvely kuchar	[('service general', 'positive', 'kuchar'), ('food quality', 'positive', 'NULL')]
5feb4619-d234-4338-8b64-fdf8e3dfa04a	Před pár dny jsem se zde stavovala na jídlo. Mile mě překvapila velká změna. Nová milá obsluha, čistota, chutné jídlo. Vše tu prošlo změnou. Sklípek začnu navštěvovat častěji. Všem doporučuji!	[('food quality', 'positive', 'jídlo'), ('service general', 'positive', 'obsluha'), ('restaurant general', 'positive', 'Sklípek'), ('ambience general', 'positive', 'NULL')]
ab806fa4-398d-44b2-9261-4e550eda5312	tak nevychovanou holku jsem dlouho neviděla,neskutečně vulgární,absolutně nejevila zájem něco napravit a hlavně že seděla s přáteli u stolu a jedli pzzu,kterou tam vůbec nenabízejí	[('service general', 'negative', 'holku')]
94187a58-6abf-470f-bf40-3255425ac3dc	DOBŘE jsem se najedl a pivo maji dobře vychlazené a hlavně jsem se dlouho nesetkal s takovou ochotou ,je tam čisto i na zachodech a jsou tam velice kamaradští.	[('drinks quality', 'positive', 'pivo'), ('ambience general', 'positive', 'zachodech'), ('food quality', 'positive', 'NULL'), ('service general', 'positive', 'NULL')]
db858ce2-84c9-4f63-896b-dc917e0897c8	Jídlo i obsluha - KATASTROFA! Děti dostaly naprosto KRVAVÉ ŘÍZKY, za což se obsluha sice omluvila, ale kompenzace žádná	[('food quality', 'negative', 'Jídlo'), ('service general', 'negative', 'obsluha'), ('food quality', 'negative', 'ŘÍZKY')]
90fab446-8cb5-4d23-9bda-6d588c7736d7	Už tuto restauraci nikdy nenavštívím.	[('restaurant general', 'negative', 'restauraci')]
b5bd1939-6758-4e24-a779-0e9289bb2e65	Ve večerních hodinách restaurace zela prázdnotou, otrávená servírka na pobídla k výběru místa v celém lokálu	[('restaurant miscellaneous', 'negative', 'restaurace'), ('service general', 'negative', 'servírka')]
d00a407c-7b76-4b3e-8984-b46779f1bdf3	Vynikající restaurace,která má úroveň,víc k tomu nemám co dodat.	[('restaurant general', 'positive', 'restaurace')]
ec06409b-212f-4d10-b54e-77df90003683	Nic moc jídlo	[('food quality', 'positive', 'jídlo')]
71616f74-0597-44fc-9623-1503beda6d88	Nikdy více nás tam neuvidí	[('restaurant general', 'negative', 'NULL')]
8cb53890-5f96-4520-af2b-86e23fff5960	Žádná restaurace mě doposud nepotěšila tak, abych napsala recenzi, ale zde opravdu musím. V restauraci jsme měli svatbu a vše bylo naprosto úžasné. Vzhledem k množství dětí jsme měli dost specifických požadavků od přebalovacího pultu, mikrovlnky až po založení stolů bez ubrusů a nic nebyl problém  Ve všem nám skvěle vyšli vstříc. Co se týká jídla, bylo skvělé a všichni hosté byli nadšení. Co jsme však ocenili asi nejvíce a také naši hosté byla naprosto dokonalá a bezchybná obsluha během celého dne. Jednak průběžně doplňovaný sweet bar, uklízení nádobí, a i po půlnoci byla obsluha velice ochotná, usměvavá a nic pro ni nebyl problém. Za mě naprostá spokojenost a mohu jen doporučit.	[('restaurant general', 'positive', 'restaurace'), ('food quality', 'positive', 'jídla'), ('service general', 'positive', 'obsluha'), ('restaurant general', 'positive', 'NULL')]
b6efbb73-f294-4db1-979c-0a1c55ff8f56	Jídlo nebylo až tak špatné (v okolí toho skutečně moc na výběr není), ale gurmánský zážitek to rozhodně není.	[('food quality', 'neutral', 'Jídlo')]
368aa0b0-52ea-4672-b2ce-30958b0b7e04	Jde vidět, kdo koho šidí o peníze, když se slečna servírka nalévá alkoholem!	[('service general', 'negative', 'servírka')]
53cdc536-9d25-451a-b866-dc32f9d144b0	Pizza Mexikana suchá na celé pizze max 2 plátky slaniny rozkrájené na kousky a trocha cibule, nic víc.	[('food quality', 'negative', 'Pizza Mexikana'), ('food quality', 'negative', 'pizze'), ('food style_options', 'neutral', 'slaniny'), ('food style_options', 'neutral', 'cibule')]
17198119-3b40-4864-943d-62e0c42fe6ea	SKVĚLÁ KUCHTIČKA,JÍDLO CHUTNÉ A PIVO???DOBŘE CHLAZENÉ	[('service general', 'positive', 'KUCHTIČKA'), ('food quality', 'positive', 'JÍDLO'), ('drinks quality', 'positive', 'PIVO')]
e6176b89-1268-4c64-abf6-77e2788630f2	Ony krvavé řízky mě přesvědčily o tom, že o stupni propečení nemá kuchař ponětí	[('food quality', 'negative', 'řízky'), ('service general', 'negative', 'kuchař')]
274b639d-5228-4635-9461-df5ae51f7595	Žádné dlouhé čekání se nekonalo, pivo jsme dostali chvíli po příchodu a jídlo poté za cca 15 minut	[('service general', 'positive', 'NULL')]
ee2a3d2e-18e2-455f-823b-8f9a079533d1	Výborné jídlo, velké porce, přátelská obsluha. Za večeři o dvou chodech pro dva s nápoji jsme zaplatili méně než 400 korun. Určitě se vrátíme na toto místo :)	[('food quality', 'positive', 'jídlo'), ('food style_options', 'positive', 'porce'), ('service general', 'positive', 'obsluha'), ('food prices', 'positive', 'večeři'), ('restaurant general', 'positive', 'místo')]
d234c9e2-b234-401a-bc77-08e82f659a1a	Obsluha na bodě mrazu.... musím se zajít dovnitř se zeptat jestli donesou další pivo ..	[('service general', 'negative', 'Obsluha')]
ef1c3a7a-6531-4ec2-9911-c8346eb74095	Kvalitu jídla nemohu hodnotit, nedostal jsem se ani k předkrmu	[('restaurant miscellaneous', 'neutral', 'NULL')]
0336b199-c420-476d-a5a3-86ccb2d785a3	Jídlo vynikající předkrm paštika, stejk i svíčková z bizona skvělé	[('food quality', 'positive', 'Jídlo'), ('food quality', 'positive', 'předkrm paštika'), ('food quality', 'positive', 'stejk'), ('food quality', 'positive', 'svíčková')]
b406d509-7aba-4b71-a5b6-bbc15929fb2f	tato restaurace je opravdu hrozna kdyz tam prijdete kolem obeda v restauraci nikdo co se tyce jidelniho listku tak oprvavdu nechapu ty jidla	[('restaurant general', 'negative', 'restaurace'), ('restaurant general', 'negative', 'restauraci'), ('food style_options', 'negative', 'jidelniho listku'), ('food style_options', 'negative', 'jidla')]
da3667aa-d951-4b66-98d3-24421aa920f6	Vysoké ceny malé porce ale za to velice chutné z čerstvých surovin a hlavně supr obsluha....doporučuji	[('food style_options', 'negative', 'porce'), ('service general', 'positive', 'obsluha'), ('food quality', 'positive', 'NULL'), ('restaurant general', 'positive', 'NULL'), ('restaurant prices', 'negative', 'NULL')]
dc083fb7-9a57-40df-86dc-6824da7a273f	Ani na kávě jsme si nepochutnali.	[('drinks quality', 'negative', 'kávě')]
627c0b5c-de4a-463b-8b97-b92820935f82	Jen tak dál, hvězdy si rozhodně zasloužíte!	[('restaurant general', 'positive', 'NULL')]
e048ac7c-4fc4-4f9b-b962-821bb74be663	Polední menu špíz a restované brambory hrozné	[('food quality', 'negative', 'Polední menu'), ('food quality', 'negative', 'špíz a restované brambory')]
1b3aa51b-8f01-4b86-9edd-c1b57fa902c8	opravdu restaurace na urovni...palec dolu (i ten u nohy)	[('restaurant general', 'negative', 'restaurace')]
81127679-e0b8-48c6-bb63-8b439328d2e9	Mám dost práce než sem psát ale u mne ok	[('restaurant general', 'neutral', 'NULL')]
77accc51-d8e5-449c-a3ee-4bf2f76b0bd1	Jídlo famózní obsluha příjemná tataráček byl jemný jak pohlazení a steaky ještě teď se mi zbíhají sliny ale pak při další návštěvě?Hrůza.	[('food quality', 'positive', 'Jídlo'), ('service general', 'positive', 'obsluha'), ('food quality', 'positive', 'tataráček'), ('food quality', 'positive', 'steaky'), ('restaurant miscellaneous', 'negative', 'NULL')]
a536072c-c896-4fb1-a018-b1e5e6d9d392	Nejluxusnější a nejlepší kebab v Praze. Opravdu paráda. Za pár korun se tu člověk hodně nají (spíše přežere 😂)	[('food quality', 'positive', 'kebab'), ('food prices', 'positive', 'NULL')]
84afd4a0-3dd6-470e-91b1-6920971ddf03	Ohromující nastavení! Velmi příjemný personál. Skvělé jídlo a velká herna plná hraček pro děti.	[('service general', 'positive', 'personál'), ('food quality', 'positive', 'jídlo')]
51e1410b-a71f-497a-a20c-f353f66b3f9a	Vzhledem k tomu, jak dlouho jsme čekali na pití, bylo to celkem rychlé	[('service general', 'positive', 'NULL')]
642262a6-c312-4bf4-a7ec-f3c259b86703	Příště si dám určitě grilovaná žebra.	[('food quality', 'positive', 'grilovaná žebra')]
fa3b5849-a0a0-42d3-8898-083071b5f601	pred davnou dobou jsem tam pracoval a mohu potvrdit ze opravdu , jidlo , pivo stoji za velke hovno vim o cem mluvim .vim jak se varilo , vim com se delallo na recepci atak opravdu take nedoporucuji je hodne restauraci kde je to o mnohem lepsi .NEDOPORUCUJI	[('food quality', 'negative', 'jidlo'), ('drinks quality', 'negative', 'pivo'), ('service general', 'negative', 'recepci')]
c4f548e4-fdef-43bb-bcfe-403985200197	Krásná hospoda s výbornou atmosférou, kterou už málo kde najdete. Pivo (Plzeň) dobré, krásné posezení na zahrádce.	[('restaurant general', 'positive', 'hospoda'), ('ambience general', 'positive', 'atmosférou'), ('drinks quality', 'positive', 'Pivo'), ('drinks quality', 'positive', 'Plzeň'), ('ambience general', 'positive', 'zahrádce')]
419a57ac-3d8b-44ff-9a9d-61d334740b9b	Vynikající pivo, velmi dobré jídlo a luxusní domácí chleba. Mít to blíž než 350km, tak jsem zde denně 😂	[('drinks quality', 'positive', 'pivo'), ('food quality', 'positive', 'jídlo'), ('food quality', 'positive', 'domácí chleba'), ('restaurant general', 'positive', 'NULL')]
c3fea244-deef-4b2e-891c-561de9b1194e	Old school, proste sucha dasen	[('restaurant miscellaneous', 'negative', 'NULL')]
28d7314f-0700-40f9-80d2-ba393f6f3abd	Nyní se to zvedlo o dvacku to by se ještě dalo, ale stále ta obsluha na úrovni 4 cenové bez větráku.	[('service general', 'negative', 'obsluha'), ('restaurant prices', 'neutral', 'NULL')]
52a41bf5-4c55-4ebd-b5a7-67284293857c	Spoustu lidí ze Sušice mi říkalo, že se tam dost zhoršili, nevěřil jsem tomu, bohužel jsem se včera přesvědčil	[('restaurant general', 'negative', 'NULL')]
5f5d644f-dac8-492a-8763-7224725ec6e3	Nechápu, jak na jednu stranu dokáže pan Maršák nachystat tak skvělou ochutnávku vín, když si poté do restaurace pustí někoho, kdo je zralý na obvinění z obecného ohrožení, nebo jen vaří kuchaři z toho co pan Maršák pošle do kuchyně?	[('drinks quality', 'positive', 'vín'), ('service general', 'negative', 'NULL')]
5b16c80e-0175-4e3a-93c3-aefe96cf5e34	Brambora nebyla pečená, ale vařená ve slupce (podle vzhledu a chuti asi předešlý den) a nebyla přelitá zakysanou smetanou, ale nějakým komerčním dresinkem	[('food quality', 'negative', 'Brambora'), ('food style_options', 'negative', 'zakysanou smetanou'), ('food quality', 'negative', 'dresinkem')]
6104ab0d-d22b-4394-ba4c-8c16dc9e1838	Vynikající pizza 🍕, však jí peče Ital 👍👍👏👏	[('food quality', 'positive', 'pizza')]
a98c0bc9-aeaf-4510-a95d-e6aaf1ab861e	A při placení se ještě pohádají která ten stůl vlastně má na kartě..A to člověka utvrdí jen v tom že je to beschopný personál a to na koukám s profesního hlediska,dělám v tomto oboru také.	[('service general', 'negative', 'personál')]
c7dbda51-c0dd-407a-9dfb-089456917adb	hm, tak díky za rezenze- před výměnou majitele tataráky, žebra i obsluha luxus, nejlepší žebra v Brně	[('service general', 'positive', 'majitele'), ('food quality', 'positive', 'tataráky'), ('food quality', 'positive', 'žebra'), ('service general', 'positive', 'obsluha')]
b4e3953e-cb4f-4ccc-b88f-11b7a016d113	Byl jsem U Štěpána několikrát a pokaždé to bylo výtečné	[('restaurant general', 'positive', 'NULL')]
b1f31be7-3ea6-4a25-aa68-e8f4bf2e8dc9	Když jsme se pak po přinesení jídla sami přesunuli, protože jsme prostě neměli šanci se jinak najíst, byla dost naštvaná a nepříjemná	[('service general', 'negative', 'NULL')]
d9a82f84-1d14-48a0-b9a5-514e5efe9484	Výborná kvalita za dobrou cenu	[('restaurant general', 'positive', 'NULL'), ('restaurant prices', 'positive', 'NULL')]
0093ac74-11cf-42d2-9a17-19b96f71204c	s úrovní obsluhy i objednaným jídlem jsme byli velice spokojeni.	[('service general', 'positive', 'obsluhy'), ('food quality', 'positive', 'jídlem')]
a0198a59-85a2-4d15-93a8-904def8ae3b5	Jídlo bylo sice dobré, ale neskutečně předražené a velikost porce přímo směšná.	[('food prices', 'negative', 'Jídlo'), ('food quality', 'positive', 'Jídlo'), ('food style_options', 'negative', 'porce')]
0e7768fb-3243-4da9-b967-c4e21280b767	jedna z nejhorších pizz v okolí... kdejaký stánek má lepší ... prostředí studené, obsluha se snaží, ale výsledek žádná sláva... prostě by to chtělo méně kouzel , více práce...	[('food quality', 'negative', 'pizz'), ('ambience general', 'negative', 'prostředí'), ('service general', 'neutral', 'obsluha')]
ed2b2fa3-becb-4da0-ba9d-43dfb47f6d81	Z mého pohledu kvalita jídel kolísá, ale zda jsou použité ingredience opravdu košér posoudit nemohu, do kuchyně nechodím	[('food quality', 'neutral', 'jídel'), ('food quality', 'neutral', 'ingredience')]
7ef6d7fe-172a-4899-99e3-048d55964a93	po predlozeni voucheru nam bylo velmi neprijemnym provoznim restaurace receno, ze voucher jiz neplati	[('service general', 'negative', 'provoznim')]
41d631a9-6b94-4a6e-92f6-26f18c61cf42	Ano, brambůrky byly, lehce máznuté máslem a slaninka byl jeden proužek o šířce 1 cm.	[('food quality', 'neutral', 'brambůrky'), ('food quality', 'neutral', 'máslem'), ('food style_options', 'neutral', 'slaninka')]
bdc99b1a-8b52-4900-b902-db07b6c37346	tedy zebra nejsou pripravovana v restauraci,tam se jen prihrejou v mikrovlnce	[('food quality', 'negative', 'zebra')]
d68de902-5040-47c4-a1b9-232170ffc577	Jídlo na vouchery nic moc	[('food quality', 'negative', 'Jídlo')]
a0657a54-530a-456e-983f-695208407e63	Nelze říct že je restaurace špatná, ale ani že je dobrá.	[('restaurant general', 'neutral', 'restaurace')]
899e295f-a1ad-41c6-b301-ff733639e235	S přítelkyní jsme toto místo navštívili opakovane. Snad nikdy nebyla objednávka v poradku, vzdycky nejaky problem, na rozdíl treba od Holesovic - Strossmayerovo nám. Pokaždé neco chybí nebo přebývá, obsluha evidentně mimo realitu. Nepříjemné je, pokud to zjistíte az doma.  Dnešní zrejme zcela posledni návštěva byla úplný výsměch - krabička burrito bowl naplnena jen zpulky a jidlo bez chuti. Uplne odflaknute a diky tomu nemala cena absolutně neodpovida vysledku.  Nedoporucuji, navštivte radeji jakýkoliv jiný podnik v okolí. Pokud toužíte vyloženě po BL, navštivte jinou prodejnu.	[('service general', 'negative', 'obsluha'), ('food style_options', 'negative', 'burrito bowl'), ('food quality', 'negative', 'jidlo'), ('restaurant general', 'negative', 'NULL'), ('restaurant prices', 'negative', 'NULL'), ('service general', 'negative', 'NULL')]
22c39cfc-eecc-4697-9e7c-ec470c7262ab	A podle ní si máme vouchery reklamovat na slevomatu, kde jsme voucher objednali	[('restaurant miscellaneous', 'negative', 'NULL')]
35012643-3072-447f-8959-bf95a6d27f65	Super cena, dobrá kvalita :-)	[('food quality', 'positive', 'NULL'), ('restaurant general', 'positive', 'NULL'), ('restaurant prices', 'positive', 'NULL')]
db9456ec-26ef-4519-990d-baf2263eb74e	po čtení pochvalných recenzí jsme po delší době vyrazili zjistit na vlastní kůži... a skutečne... veliká změna k lepšímu... personál moc milý a rychlý,(ze starého jsme tam nezahlédli nikoho) nový jídelní lístek, jídlo moc dobré.... jen tak dál, snad jim to vydrží :-)	[('service general', 'positive', 'personál'), ('food quality', 'positive', 'jídlo'), ('restaurant general', 'positive', 'NULL')]
6f6ca04b-19d6-46e8-b54e-d05e0dd1f18b	Od přijetí po obsluhu naprosto vzorně profesionální, což platí pro oba obsluhující paní i pána	[('service general', 'positive', 'obsluhu'), ('service general', 'positive', 'obsluhující'), ('restaurant general', 'positive', 'NULL')]
dc9013fd-8d96-4243-b433-39b0ba36830f	Navíc toto maso smrdělo jako mokrý pes	[('food quality', 'negative', 'maso')]
66f82821-2700-4555-aee5-f903cb2abf72	Super obsluha. Ceny nízké, pivo dobré.	[('service general', 'positive', 'obsluha'), ('drinks prices', 'positive', 'pivo'), ('restaurant prices', 'positive', 'NULL')]
884c8b5d-490a-44a0-90ec-f33fe421cc7f	Nevím, jestli to lze, ale zde bych doporučil maximálně jídlo zabalit a posoudit doma.	[('food quality', 'neutral', 'jídlo'), ('ambience general', 'negative', 'NULL')]
78e9fab7-ae5f-47c3-a3f4-d6098d9b6a6a	Moc dobré, ale hamburgery nejsou úplně jako třeba v Hill Billy, i když jsou stále velmi dobré. Rozhodně ale nejsem zklamán. Papírové kelímky a nápojová samoobsluha působí poněkud zvláštně u tohoto typu a vzhledu restaurace.	[('food quality', 'positive', 'hamburgery'), ('restaurant general', 'positive', 'restaurace'), ('food quality', 'positive', 'NULL')]
0e9f7633-6dd1-42c0-9341-fcded453d509	Není to špatné, bohužel trochu nudné.	[('restaurant miscellaneous', 'neutral', 'NULL')]
3238267b-b13c-4317-a3c0-d3c4faa83863	Obsluha mne přesvědčila, že sem již nikdy nezavítám	[('service general', 'negative', 'Obsluha'), ('restaurant general', 'negative', 'NULL')]
176eed49-4391-458a-a267-7e39e044922c	Jediné včem vám dalme za pravdu je, že provozní je tak trochu intergalaktickej kretén	[('service general', 'negative', 'provozní')]
0c11e541-0c31-4c89-b6b6-89fffcba9841	Jednoduchý, ale velkou hodnotu za peníze. Velmi pěkný personál. Skvělá snídaně.	[('service general', 'positive', 'personál'), ('food quality', 'positive', 'snídaně'), ('restaurant prices', 'positive', 'NULL')]
d1e32c3b-e79e-4271-8725-008420185f58	Prostředí: lehce ušmudlané, WC velmi stísněné (neumím si představit provoz při zaplněném podniku, ale při naší sobotní návštěvě prakticky téměř celý prázdný), v horním patře silný zápach (neplést si s vůní) a lehký dým z kuchyně	[('ambience general', 'negative', 'Prostředí'), ('ambience general', 'negative', 'WC'), ('ambience general', 'negative', 'kuchyně')]
91499d45-8707-4ac9-ba3b-42f5f9e5fa04	Výborná restaurace	[('restaurant general', 'positive', 'restaurace')]
5468c403-4790-4ae8-8855-f05b96d83dec	Klasická hospoda či restaurace na malém městě.  Žádná moderna.  Normální příjemné prostředí s hotovkami za cca 80. Pro mě úplná spokojenost. Vstřícná obsluha.  Porce plnohodnotné chuťově v pořádku.	[('restaurant general', 'positive', 'hospoda'), ('ambience general', 'positive', 'prostředí'), ('service general', 'positive', 'obsluha'), ('food style_options', 'positive', 'Porce'), ('food prices', 'positive', 'NULL'), ('food quality', 'positive', 'NULL')]
3e6035e8-0965-4f04-a563-bae54430c23e	Ceny jsou vyšší ale s tím se také na tento konec světa jede.	[('restaurant prices', 'negative', 'NULL')]
75be583b-ba8f-417e-a550-3cf470d5da23	Restaurace je čistá a vaří dobře. Pizza je tenka a suprově ochucená.	[('ambience general', 'positive', 'Restaurace'), ('food quality', 'positive', 'Pizza')]
6546515e-3eb9-4522-8b0f-8f70d984cee0	Restaurace čistá, obsluha příjemná, kýta sice trochu vysušená, ale jinak absolutně v pořádku, možná jsme měli štěstí, každopádně já doporučuji	[('ambience general', 'positive', 'Restaurace'), ('restaurant general', 'positive', 'Restaurace'), ('service general', 'positive', 'obsluha'), ('food quality', 'positive', 'kýta')]
012dd74d-866c-4e6d-a2c7-fcd158671edd	Stylová příjemná hospůdka:-)Já byla spokojená a pojedeme znovu na koleno:-)	[('ambience general', 'positive', 'hospůdka'), ('restaurant general', 'positive', 'hospůdka'), ('food quality', 'positive', 'koleno')]
ab60d972-3c59-4f71-93ef-1aa064325b6d	Pěkný výhled, obsluha profesionální, ale rezervy má. Festivalové menu podařené. Doporučený aperitiv jeho cenu sice zvedl 30, ale pohled do vinné karty mě ujistil, že i tak to byla přátelská cena :)	[('location general', 'positive', 'výhled'), ('service general', 'neutral', 'obsluha'), ('food style_options', 'positive', 'menu'), ('drinks prices', 'neutral', 'aperitiv')]
e3b08428-ad30-4e5b-a34e-efcb2db51db6	Potom chápu, že cena je nízká, když polovina zákazníků si nemůže voucher vybrat	[('restaurant miscellaneous', 'negative', 'NULL'), ('restaurant prices', 'positive', 'NULL')]
20ee494f-edfe-49ce-83dc-3ad5241c2876	Bydlím asi 10 kilometrů od této restaurace a musím říct, že se opravdu stydím, že takovýhle podnik se v našem regionu nachází	[('restaurant general', 'negative', 'restaurace'), ('restaurant general', 'negative', 'podnik')]
8b6740bd-2f83-49d4-bf4d-e00d0c4d9d58	Dobrý den zkusil jsem návštěvu tohoto podniku také na voucher a musím jen chválit velmi přátelská obsluha a celé menu bylo vynikající.	[('restaurant general', 'positive', 'podniku'), ('service general', 'positive', 'obsluha'), ('food quality', 'positive', 'menu')]
e9b70f0e-ab83-4e91-907d-1f0929cc6d5a	Super nemůžu si na nic stěžovat	[('restaurant general', 'positive', 'NULL')]
0416d4b6-bf3a-4724-aa7c-8e6d983ba75b	Místnost přecpaná stoly, s papírem místo prostírání.	[('ambience general', 'negative', 'Místnost')]
4ad3bf40-9c1b-4d6a-9a44-baad5619eb8c	Já tam taky ze zvědavosti šel a bylo tam uplně plno lidí a všichni byli spokojeni	[('ambience general', 'positive', 'NULL'), ('restaurant general', 'positive', 'NULL')]
e7bca2fb-7d9b-4d2b-b816-563959598943	Lahodný mexický burger a pivo Vinohradská	[('food quality', 'positive', 'mexický burger'), ('drinks quality', 'positive', 'pivo Vinohradská')]
d961699e-0df0-43c8-9e26-b8133bc75ca1	mám velmi NEGATIVNÍ rezenzi	[('restaurant general', 'negative', 'NULL')]
43a804a0-0f14-4d98-b23b-45d010e299f3	8z10 :)	[('restaurant general', 'positive', 'NULL')]
e5faffd2-a38a-4b4f-b0f8-72d78b606fb7	V restauraci jsem měl nespočetně krát jak žebra tak kolena	[('restaurant general', 'neutral', 'restauraci'), ('food quality', 'neutral', 'žebra'), ('food quality', 'neutral', 'kolena')]
7fadefa2-0d9e-4faf-ae28-05c141b20f0b	Hnus, v životě už bych tam nikdy nešla	[('food quality', 'negative', 'NULL'), ('restaurant general', 'negative', 'NULL')]
d3142be5-173b-4ed7-9f33-d1267fe41f4d	Měl jsem guláš a kachní nádobí. Bylo to vynikající. Zelí nakládané pod kachním masem je velmi chutné a pamatuji si to. Toaleta je nahoře, ale zdá se, že je k dispozici pro uživatele restaurací, a pamatuji si, že toaletu bylo 10 korun.	[('food style_options', 'positive', 'guláš'), ('food quality', 'positive', 'kachní nádobí'), ('food quality', 'positive', 'Zelí')]
bd292814-039a-46d0-a479-7a060c36712e	nemohu rict nic pozitivniho u teto restauraci nechodi tam nikdo , uplne mrtvo se nedivim	[('restaurant general', 'negative', 'restauraci')]
3f977f2b-ab85-4134-86b9-d77b19c00fd2	Nic jsem za ty peníze nečekal,ale byl jsem mile překvapen.	[('food quality', 'positive', 'NULL'), ('restaurant prices', 'neutral', 'NULL')]
12e3c0a7-e7a5-4368-9f5e-54a0db01d63b	Ovšem na jídle jsme si nepochutnali	[('food quality', 'negative', 'jídle')]
d2c77f80-b25e-4e6d-a752-bfe86aece954	Moc pěkná pivnice v centru města s výborným pivem.	[('restaurant general', 'positive', 'pivnice'), ('drinks quality', 'positive', 'pivem')]
ea51b2dd-0235-4268-b76e-1af2a9cfd3a9	Žádné nadšení se nekonalo ani u přátel	[('restaurant general', 'negative', 'NULL')]
b482fd28-0c06-41af-8dcc-260f996c510b	Nedávno jsem navštívil Dynamo poprvé, a byl jsem nadšen, i já který jsem velký jedlík, jsem se zde přejedl, z polednímu menu jsem si vybral kuře, a na talíř jsem dostal, pulku kuřete, opravdu doporučuji !!!!!	[('restaurant general', 'positive', 'Dynamo'), ('food quality', 'positive', 'kuře'), ('food style_options', 'positive', 'kuřete')]
236d2a15-ef21-424a-901d-62960fb4830c	Restaurace je opravdu otevrena do 22 00, ale s tim, ze vzdy kuchyne zavira nejmene o hodinu drive nez samotna zaviraci doba	[('restaurant miscellaneous', 'neutral', 'Restaurace'), ('service general', 'negative', 'kuchyne')]
22b1c494-8f04-4982-9c24-447205e4cfd9	Velmi klidné a příjemné prostředí. Jídlo vynikající..malý detail- svíčková na smetaně ( domácí knedlík určitě NE a brusinkový tartar- nevíme co to je, ani obsluha nevěděla a určitě žádné brusinky na talíři nebyly).	[('ambience general', 'positive', 'prostředí'), ('food quality', 'positive', 'Jídlo')]
1e602fa0-4050-4bbe-839b-8a7114109a37	Velmi dobré jídlo.	[('food quality', 'positive', 'jídlo')]
314b7f8c-4a1c-4412-98ef-6e2f3cbb3141	Škoda, že se obsluha nezajímala o naší spokojenost při placení, což přisuzuji spíše nedostatku času, který způsobila skupina 50 lidí, která přijela na rezervaci	[('service general', 'negative', 'obsluha')]
e629086f-7fe5-43a1-a136-0861afd197d6	Pravda jídlo nemá konkurenci mužu jen doporučit	[('food quality', 'positive', 'jídlo'), ('restaurant general', 'positive', 'NULL')]
132ba67e-0a31-4a4f-9dcd-efe34f3d2cab	My jsme tam měli svatbu vloni a jíodlo bylo velmi dobré,číšnici až moc milí a uslužní,zajistili nám taky hudbu všichni naši hoste včetně babiček a tetiček chválili měkoučké masičko tří barev,polévka teplá a večer výborný raut	[('food quality', 'positive', 'jíodlo'), ('service general', 'positive', 'číšnici'), ('food quality', 'positive', 'masičko tří barev'), ('food quality', 'positive', 'polévka'), ('food quality', 'positive', 'raut'), ('restaurant general', 'positive', 'NULL')]
69ac85cf-5110-448c-93bb-b91f6bc0d1c2	a paní mi povídala že nejsem první!!!!prý provedou kontrolu Už nikdy !	[('restaurant miscellaneous', 'negative', 'NULL')]
340c040d-bc15-46ed-9d3d-462e013704f1	Ten vohon vubec nestihal	[('service general', 'negative', 'vohon')]
5d6d67fa-b880-4167-b33d-e559fc13fc8e	Kdo má rád ryby tak můžu vřele doporučit. Dnes jsem měl pstruha na citrónové omáčce a byl vynikající..😋👍	[('food quality', 'positive', 'ryby'), ('food quality', 'positive', 'pstruha na citrónové omáčce')]
8f220a33-7797-4fee-b100-31834c541a79	Chut jidel celkove zadna.	[('food quality', 'negative', 'jidel')]
4692c8bf-90d4-4b91-a6db-4f250701f58c	Tuto restauraci jsme velice rádi navštěvovali a doporučili ji mnoha známým	[('restaurant general', 'positive', 'restauraci')]
7cb24680-9d0f-45b7-80f2-4d74b62b878a	Je pravda, že kdo nemusí tolik maso, tak si tam nevybere	[('food style_options', 'negative', 'maso')]
e8d9da7e-c66d-405a-acad-768f77c9c56f	Kvalita za rozumnou cenu 👍	[('food quality', 'positive', 'NULL'), ('restaurant prices', 'positive', 'NULL')]
3f2625a9-3ed0-4a51-830b-296df75fa39a	OK	[('restaurant general', 'neutral', 'NULL')]
fc387884-195b-4aa3-b23f-3c7908c1e51d	Skvělé koláče……….	[('food quality', 'positive', 'koláče')]
b1345348-afa2-4a8b-bd15-fab9f4da978c	Doporučuji spíše se vyhnout	[('restaurant general', 'negative', 'NULL')]
820853c9-abb9-45f8-b61b-a281036372d3	Na všem jsme si pochutnali.	[('food quality', 'positive', 'NULL')]
7bf803b1-72e3-40e0-b2cd-b32377260162	Výborné	[('restaurant general', 'positive', 'NULL')]
43c0bdf7-677a-46f8-868c-2f24cf0a7b8b	Jídlo skvělé, personál příjemný a skvělá atmosféra, není co dodat, můžu vřele doporučit.	[('food quality', 'positive', 'Jídlo'), ('service general', 'positive', 'personál'), ('ambience general', 'positive', 'atmosféra'), ('restaurant general', 'positive', 'NULL')]
b4db6906-6526-4df0-8fcd-f6366d5b2519	NIKOMU NEDOPORUČUJI !!	[('restaurant general', 'negative', 'NULL')]
f63ef219-8f11-40c2-9398-6d297a3897a5	Profesionální přístup, dobré jídlo, milá a vtipná obsluha. Děkujeme :) Jeden z TOP podniků v okolí Krkonoš.	[('food quality', 'positive', 'jídlo'), ('service general', 'positive', 'obsluha'), ('restaurant general', 'positive', 'podniků')]
9fd90d19-f4b7-4965-b81c-05de0f403290	Špatná služba ... hlavní chod přišel před startéry a další rozkazy byly úplně zapomenuté. Zaměstnanci se omlouvají. Nedoporučuje se!	[('service general', 'negative', 'Špatná'), ('restaurant general', 'negative', 'NULL')]
ef2c9245-a097-492b-8c15-9f9df03d720e	Jídlo je výborné, a nebýt arogantního nafoukaného číšníka, tato restaurace by od nás měla známku 1	[('food quality', 'positive', 'Jídlo'), ('service general', 'negative', 'číšníka'), ('restaurant general', 'positive', 'restaurace')]
be753962-fc5c-401d-9d11-17bdb57e7980	Hezké místo, pár míst na parkování pro zákazníky, příjemná obsluha, ale hlavně vynikající dezerty! Doporučuji!	[('restaurant general', 'positive', 'místo'), ('service general', 'positive', 'obsluha'), ('food quality', 'positive', 'dezerty'), ('restaurant general', 'positive', 'NULL')]
918d408e-291f-46fb-b353-b93382fb2c9f	Venkovni posezeni hruza sedite a nohy mate v hline kdyz je mokro tak v blate	[('ambience general', 'negative', 'Venkovni posezeni')]
58f0ca12-52c2-46d7-b417-5fa0527d217f	Obsluha byla mila	[('service general', 'positive', 'Obsluha')]
5b1dd1f1-847c-4e60-b6af-ebe640f4fef1	Velice zajímava nabídka piv z celého světa, mají zde i výčep a a cca dva druhy piv na čepu ;)	[('drinks style_options', 'positive', 'piv')]
e33654ef-c52f-44dc-b844-da2e6b84698a	Je to moje oblíbené jídlo a hodně mi záleží na chuti.	[('food quality', 'positive', 'jídlo')]
5477d173-78c7-4e53-b2c8-94125baf7187	Místo aby jste tu házeli špínu a vymyšleli si tu nějaké lživé informace tak máte tyto problémy řešit přímo na Restauraci	[('restaurant miscellaneous', 'neutral', 'Restauraci')]
9554eb91-8de4-4b56-937e-98b01fe5d57d	Arogance a sužby - žadne.	[('service general', 'negative', 'NULL')]
0bce5727-d34c-4f6e-8f28-c9a0fc71e9b5	pivo docela ok, obsluha ok	[('drinks quality', 'neutral', 'pivo'), ('service general', 'neutral', 'obsluha')]
6508c7e9-cfff-4f9a-b6a1-428fd84969c5	Obsluha velmi milá, pozorná a rychlá	[('service general', 'positive', 'Obsluha')]
cdd40ac7-1c4f-4a7b-a565-456dac2e8d67	Obsluha v pohodě, zkoušeli jsme oba číšníky	[('service general', 'neutral', 'Obsluha'), ('service general', 'neutral', 'číšníky')]
0d5f7cfe-a5e9-485c-9273-16f0d4464691	První návštěva toho motelu, respektive restaurace byla zvláštní už od začátku. Slečna servírka vypadala jako kdyby nás chtěla zabit a po tom, co nám hodila na stůl jídelní lístek proste odešla a vrátila se tak za 15 minut. Polévka s játrovými knedlíčky nás zklamala - knedlíčky měly asi své za sebou. Grilovaná krkovice byla tuhá jako kráva, doslova. Neslo to ukrojit, natož uzvykat. Navíc byla prelitá omáčkou z moravskeho vrabce a tou samou UHO byla prelita i pecene. Aspoň ze rizek byl bez stavy ;-) . . Za mě nikdy víc! (Mimo jiné - poměr cena a kvalita vůbec neodpovídá, proto neberu ani tu UHO)!	[('service general', 'negative', 'servírka'), ('food quality', 'negative', 'Polévka s játrovými knedlíčky'), ('food quality', 'negative', 'knedlíčky'), ('food quality', 'negative', 'Grilovaná krkovice'), ('food quality', 'negative', 'omáčkou z moravskeho vrabce'), ('food quality', 'negative', 'UHO'), ('food prices', 'negative', 'NULL'), ('restaurant general', 'negative', 'NULL')]
fec9b68f-9950-4f37-b985-3344c446892f	Skvělé. Steak jsou velmi levné a neuvěřitelně chutné.	[('food prices', 'positive', 'Steak'), ('food quality', 'positive', 'Steak'), ('restaurant general', 'positive', 'NULL')]
4e7e72bd-edc6-4885-8952-a4df07ae93d0	Super chutné chilli nudle .. nejlepší thai jsem se snažil dlouho	[('food quality', 'positive', 'chilli nudle')]
6cf77154-1629-4a6f-bf79-311ed1cd7a13	"A když přijdete 30 minut před zavíračkou ""na jedno"", budete už mezi dveřmi svědky něčeho podobného: My zavíráme, už ne! No tak teda na jedno... Co si dáte? Pivo? No, ale jen jedno! (po 5 minutách přináší pivo)."	[('service general', 'negative', 'NULL')]
fe1c0146-38be-48f6-a063-ac04a947f81d	Moc dobré jídlo a příjemná obsluha. Co nás ale dostalo byla naprosto luxusní točena zmrzlina. Na tu budeme dlouho vzpominat! Snad se sem někdy vrátíme..	[('food quality', 'positive', 'jídlo'), ('service general', 'positive', 'obsluha'), ('food quality', 'positive', 'točena zmrzlina')]
4c07282e-e04d-4cb5-948c-4e098fd96299	Určený počet lístků prostě nedonesli! Pokud jsme cokoli od obsluhy chtěli, tak jsme si to museli opravdu vydupat.	[('service general', 'negative', 'obsluhy')]
5a108acf-d9d4-4b55-8c3b-9a0474781f49	Obsluha uplne v pohode.Francouzska cibulačka velmi dobra.Teleci licka vynikajici a k tomu zelenina a bramborova kase taky skvela chut.Bratr mel kukuricne kure a rikal ze dobre a k tomu hranolky,ktere byli opravdu jak mají byt,pekne bramborova chut.Jinak Plzen a Espresso co jsem mel tak dobre.Bylo plno,ale prostreli nam v kavarne a vůbec to nevadilo.Prostredi je velice prijemne.	[('service general', 'positive', 'Obsluha'), ('food quality', 'positive', 'Francouzska cibulačka'), ('food quality', 'positive', 'Teleci licka'), ('food quality', 'positive', 'zelenina'), ('food quality', 'positive', 'bramborova kase'), ('food quality', 'positive', 'kukuricne kure'), ('food quality', 'positive', 'hranolky'), ('drinks quality', 'positive', 'Plzen'), ('drinks quality', 'positive', 'Espresso'), ('restaurant general', 'positive', 'kavarne'), ('ambience general', 'positive', 'Prostredi')]
77f6ad43-e233-4e43-9b5a-f44d5d491735	Příjemná obsluha	[('service general', 'positive', 'obsluha')]
68f44c6c-b09b-4cef-99f2-565605d4b492	V restauraci jsem byla poprvé a naposledy nedávno po zakoupení voucheru na 2 steaky, přílohu, omáčky a salát (přesně ta akce uvedená v Černých ovcích)	[('restaurant general', 'neutral', 'restauraci')]
62517289-cb00-483b-8523-93d3af412ceb	❤️	[('restaurant general', 'positive', 'NULL')]
214aa92d-490b-4641-8860-aedb7f729411	Naprosto skvělý podnik. Chodím tam od 15 let...	[('restaurant general', 'positive', 'podnik')]
0fd971a9-65de-4661-9df9-9ddb07b2fbde	Styďte se! Děláte nám ostudu!!!	[('restaurant general', 'negative', 'NULL')]
a3280065-9a88-4fe3-8063-87972e874013	Rychlá obsluha, nízké ceny.	[('service general', 'positive', 'obsluha'), ('restaurant prices', 'positive', 'NULL')]
c13427f6-7b75-4cdf-9d39-27b98296089c	Chodím do této restaurace asi půl roku, docela často a musím říct, že jsem nikdy nebyl zklamán, co se týče jídla, vždy, když jsem chtěl poradit, doporučit, servírky byly vždy příjemné, ochotné, usměvavé a vždy jsem si pochutnal!	[('restaurant general', 'positive', 'restaurace'), ('food quality', 'positive', 'jídla'), ('food style_options', 'positive', 'jídla'), ('service general', 'positive', 'servírky')]
a6288f10-f885-463d-bbaf-c6b0873c3ce0	Plná restaurace a jídlo jsme měli na stole za 30 min. Co jsem opravdu ocenil byl dostatek omáčky u svíčkové. Všechna jídla byla chuťově uspokojivá.	[('food style_options', 'positive', 'omáčky'), ('food quality', 'positive', 'jídla'), ('service general', 'positive', 'NULL')]
dc7526f0-b0ac-4f3b-b812-e3fe279a59c3	Odpověď: Omlouváme se, máme plno, voucher propadá	[('restaurant miscellaneous', 'negative', 'NULL')]
7284df22-2aa9-4b59-ba03-d713f116a569	Restaurace je zanedbaná, špinavá, k toaletám se raději ani vyjadřovat nebudu.	[('ambience general', 'negative', 'Restaurace'), ('ambience general', 'negative', 'toaletám')]
59d2391e-422d-4389-bf39-56215c29461f	Pizza Topo Maschio nebyla špatná, na druhou stranu ani moc dobrá.	[('food quality', 'neutral', 'Pizza Topo Maschio')]
9d013ee2-23e9-4036-a268-917c53036076	"Měli jsme ""akčního"" Březňáka 12°za 18 kaček a bylo to opravdu PIVO!!!!!!!!!!"	[('drinks prices', 'positive', 'Březňáka'), ('drinks quality', 'positive', 'Březňáka'), ('drinks quality', 'positive', 'PIVO')]
0a8f3bfa-1cea-45b2-9085-e756506b6141	doporučuji chlapče více se věnovat restauraci,kterou ti proslavil takový odborník jako je zdenda	[('service general', 'negative', 'NULL')]
44469125-8bf4-4841-abd3-01e3beeaa011	Maso tuhé. A Plzeň špatně načepovaná	[('food quality', 'negative', 'Maso'), ('drinks style_options', 'negative', 'Plzeň')]
4fa37728-21b3-4d67-90de-9415204ee752	Restauraci na této úrovni jsme zde nečekali. Výborný chřestový krém, hutný a VELMI chřestový. Jako specialita Vepřová ouška, hezky křupavá, s žampiony a doprovázená salátkem s vinaigrette. Jako hlavní chod Vepřová panenka s šafránovým risottem a demi glace neměla chybu. Maso měkké a příjemně okořeněné, risotto výborně trefené a s demi glace dohromady báječně ladilo. Neváhejte, v širokém okolí nenajdete lepší restauraci. Interiér - půl bodu dolů za čisté a dobře vybavené, leč méné hezké WC. Venkovní dětské hřiště potěšilo.	[('food quality', 'positive', 'chřestový krém'), ('food quality', 'positive', 'Vepřová ouška'), ('food quality', 'positive', 'žampiony'), ('food quality', 'positive', 'salátkem s vinaigrette'), ('food quality', 'positive', 'Maso'), ('food quality', 'positive', 'risotto'), ('restaurant general', 'positive', 'restauraci'), ('ambience general', 'neutral', 'WC')]
9d4fba14-95ca-46aa-b041-5cdf5d1f9b57	Milý, pozorný, ochotný	[('service general', 'positive', 'NULL')]
116b0abf-9729-4a9d-aaee-1d5963dc40db	Proto mi dříve nevadilo to, že je tam tak plno, ani vyšší cena, protože to byla záruka toho, že jídlo bude dobré. Teď už si tím nejsem jistá...	[('food quality', 'neutral', 'jídlo'), ('restaurant general', 'neutral', 'NULL'), ('restaurant prices', 'neutral', 'NULL')]
6cf679f6-9131-4f0e-94d0-f6f927f216d8	Dvakrát na stejném místě v jednom měsíci. Tentokrát na rodinné oslavě. I tentokrát veliká spokojenost s prostředím (je lépe být nahoře), obsluhou, jídlem i pitím.	[('ambience general', 'positive', 'prostředím'), ('service general', 'positive', 'obsluhou'), ('food quality', 'positive', 'jídlem'), ('drinks quality', 'positive', 'pitím'), ('restaurant general', 'positive', 'NULL')]
16c575e6-2a9f-44fe-ac3a-1870d30e5899	Bohužel ta restaurace jde hodně dolů	[('restaurant general', 'negative', 'restaurace')]
df58cab7-df0c-42c9-af5f-c565c19a678b	steaky upraveny přesně tak jak jsme chtěli	[('food quality', 'positive', 'steaky')]
ca359a79-b98c-4969-8ee7-76dd628b21fa	Nejlepší obsluha, milé slečny, doporučuji❤️🤩	[('service general', 'positive', 'obsluha'), ('service general', 'positive', 'slečny'), ('restaurant general', 'positive', 'NULL')]
4aa07900-d42a-4d1f-8ec1-004a7c963d35	opsluha super nevím na co si stěžujete aspon vám nenadávaj jako jinde	[('service general', 'positive', 'opsluha')]
d04f749b-f058-4cd7-b181-75f9606e77b7	Pěkné prostředí, dobré jídlo, trochu dražší, nežli v okolí, dechberoucí barman	[('ambience general', 'positive', 'prostředí'), ('food prices', 'neutral', 'jídlo'), ('food quality', 'positive', 'jídlo'), ('service general', 'positive', 'barman')]
23a9328d-26f4-468c-9345-4aa9f45f6cca	Příjemné prostředí, dobré jídlo, pivo, slušné víno, bezva personál.	[('ambience general', 'positive', 'prostředí'), ('food quality', 'positive', 'jídlo'), ('drinks quality', 'positive', 'pivo'), ('drinks quality', 'positive', 'víno'), ('service general', 'positive', 'personál')]
a6074510-5cda-40fe-9ca7-86f50e356f3b	Jídlo vaří skvěle a personál je pokaždé milý a ochotný.	[('food quality', 'positive', 'Jídlo'), ('service general', 'positive', 'personál')]
efad56e2-a5ed-440e-9fac-02980895289e	obsluha strasne pomala ,prostredi hrozne nevim proc to nedaji do nejake rekonstrukce ja bych se stydela tam nekoho pozvat	[('service general', 'negative', 'obsluha'), ('ambience general', 'negative', 'prostredi')]
c09a1c8d-56c5-4972-8072-f89bf420b724	Pěkné místo velmi	[('restaurant general', 'positive', 'místo')]
bf2a023a-e666-48d4-9bf9-f08f02111768	Kachní prsa s cibulovou marmeládou jsem si dal ze zvědavosti a moc mě to příjemně potěšilo	[('food quality', 'positive', 'Kachní prsa s cibulovou marmeládou')]
3f6ed4e0-4b4c-414a-bbbb-e6b736c68768	Příjemná obsluha, skvělé pivo a atmosféra.  	[('service general', 'positive', 'obsluha'), ('drinks quality', 'positive', 'pivo'), ('ambience general', 'positive', 'atmosféra')]
6d7b1f16-c8f4-43e7-8647-239895497bdf	Za hoďku a půl jsem tam nechal dva litry, odcházel hladový a nespokojený	[('food style_options', 'negative', 'NULL'), ('restaurant general', 'negative', 'NULL'), ('restaurant prices', 'negative', 'NULL')]
889fa899-c54a-43a7-ae22-d0545e9ffac0	Krásné prostředí celého areálu, příjemná obsluha, výborné jídlo a ceny příznivé.	[('ambience general', 'positive', 'prostředí'), ('service general', 'positive', 'obsluha'), ('food quality', 'positive', 'jídlo'), ('restaurant prices', 'positive', 'NULL')]
87c9485d-f629-42d0-9483-a4868367aa70	prostredi jak s 80 let a co se tyce obsluhy tak nemaji vubec poneti o praci asi alkohol jim chutna vice nez obsluhovat NE TAHLE RASTAURACE UZ NIKDY	[('ambience general', 'negative', 'prostredi'), ('service general', 'negative', 'obsluhy'), ('service general', 'negative', 'obsluhovat'), ('restaurant general', 'negative', 'RASTAURACE')]
b04324eb-3bae-44c6-9831-92e8d7419e41	Vynikající a příjemná obsluha, pivo jako křen, špatnou míru jsem nějak nezaznamenal.	[('service general', 'positive', 'obsluha'), ('drinks quality', 'positive', 'pivo'), ('drinks style_options', 'positive', 'pivo')]
364771b5-f453-4aeb-8ac3-196e67164c39	Dobrý jídlo	[('food quality', 'positive', 'jídlo')]
2242038a-9b99-4399-b8c2-bbd26b258f02	Jedno z dvou míst kde to stojí za to	[('restaurant general', 'positive', 'NULL')]
e3df18b4-8ba8-425e-a681-289ea5b8300a	Raději si vybírám jídla, která přímo připraví kuchař i když jídla z bufetového stolu jsou dobra.	[('food quality', 'neutral', 'jídla')]
4d39c472-f05f-435e-a26c-9520d574454b	Já dostal steak v barve mrtvoly	[('food quality', 'negative', 'steak')]
97bf6ba5-f96e-4a15-862a-44a51d49a076	A moučník mi přinesli ohřátý z mikrovlnky.	[('food quality', 'negative', 'moučník')]
506f876d-61e1-4cea-bf34-35cdf481255f	"Souhlasím s Petrem, jidlo skvělé, rump steak jak ""máslíčko"" vino příjemné, osvěžujíci a za ty peníze ?"	[('food quality', 'positive', 'jidlo'), ('food quality', 'positive', 'rump steak'), ('drinks quality', 'positive', 'vino'), ('restaurant prices', 'positive', 'NULL')]
3263c05b-fc1e-4d79-9bbb-a9d66ac2ad91	Obsluha namyšlená.	[('service general', 'negative', 'Obsluha')]
50a5aeea-1e2e-4a59-a7c2-06463495f7af	Naprosto senzační bar se stylovým prostředím a tou pravou atmosférou. Bar je bohatě zásoben a na čepu navíc bezkonkurenční točené Kutnohorské pivo :) Jednoznačně se zas brzy zastavíme a všem doporučuji ;)	[('restaurant general', 'positive', 'bar'), ('ambience general', 'positive', 'prostředím'), ('ambience general', 'positive', 'atmosférou'), ('drinks style_options', 'positive', 'Bar'), ('drinks quality', 'positive', 'Kutnohorské pivo'), ('restaurant general', 'positive', 'NULL')]
82345823-4fb9-4886-bd1e-6eeee5bf0531	Kebab docela dobrý, ale zelí co do něj dávají se do kebabu vůbec nehodí.	[('food quality', 'positive', 'Kebab'), ('food style_options', 'negative', 'zelí')]
90831b62-ad9e-4a0a-a948-d01ff31cb42c	Pokud máte rádi jistoty, tak sem patříte. Rázná obsluha, výborné pivo a dobré jídlo. Menu nikdy nezklame.	[('service general', 'positive', 'obsluha'), ('drinks quality', 'positive', 'pivo'), ('food quality', 'positive', 'jídlo'), ('food style_options', 'positive', 'Menu')]
e4992f60-7d88-4441-9533-1164926dd439	Měla jsem již zkušenost s vlažným jídlem v jiné restauraci a bez problému mi bylo vyměněno, s omluvou a úsměvem na tváři, ale u vás jsem musela zaplatit plnou cenu, ačkoli jsem se jídla jednou dotkla.	[('food quality', 'negative', 'jídla'), ('service general', 'negative', 'NULL')]
7647708c-2edc-4f52-83da-93d5c1528ee3	Koncept Kolkovny mi vyhovuje, kvalita za rozumnou cenu! Tentokrát jsem vyzkoušeli burger a opět spokojenost, na výbornou. Obsluha jako vždycky velice profesionální. Mohu jen doporučit :-)	[('food quality', 'positive', 'burger'), ('service general', 'positive', 'Obsluha'), ('restaurant general', 'positive', 'NULL'), ('restaurant prices', 'positive', 'NULL')]
4345ad9c-8532-459c-a345-f1f1bf45ec21	Výborná poloha hotelu, pěkné uspořádání hotelu, příjemný střízlivý design, dobrá kuchyň, příjemný personál. Cítíte se fajn. Až na studený bazén. Ten je na rychlé zaplavání, tam si nepohovíte. Uváděné teploty neodpovídají skutečnosti.	[('location general', 'positive', 'poloha'), ('food quality', 'positive', 'kuchyň'), ('service general', 'positive', 'personál'), ('ambience general', 'positive', 'NULL')]
85c23150-e800-47a0-bcb2-50ab0923022e	Bylo nám i dobře doporučen druh vína k jídlu	[('drinks quality', 'positive', 'vína'), ('service general', 'positive', 'NULL')]
65254932-a4bf-42b2-9737-11f63c016f1e	Pěkný obchod, stále má kouzlo	[('restaurant general', 'positive', 'NULL')]
25442353-42f6-4c55-8acf-04756dbce3e5	Je to super a moc nám chutná	[('food quality', 'positive', 'NULL'), ('restaurant general', 'positive', 'NULL')]
68dd7922-50db-461c-93f3-2917a654b273	Doporučuji tuto restauraci.Jídlo zde není drahé a je velice chutné.Obsluha je velmi příjemná.	[('restaurant general', 'positive', 'restauraci'), ('food prices', 'positive', 'Jídlo'), ('food quality', 'positive', 'Jídlo'), ('service general', 'positive', 'Obsluha')]
1fee414f-c8a6-4768-8abf-aa7581dc6d85	Pecka,Jen doporučuji,Po kompletní výměně personálu a jídelního lístku jsem opravdu nadšen!	[('service general', 'positive', 'personálu'), ('food style_options', 'positive', 'jídelního lístku'), ('restaurant general', 'positive', 'NULL')]
39701ab0-236a-418f-a24d-723754c110be	obsazena plně to mluví za vše a dobré jídlo i pivo	[('food quality', 'positive', 'jídlo'), ('drinks quality', 'positive', 'pivo'), ('restaurant general', 'positive', 'NULL')]
2ab6af7f-c9a1-4d49-9be9-fc192715e4e9	Všude pořádek a čistota ,výborně se tam vaří.Pobyt v tomto hotelu mohu jen a jen doporučit.	[('restaurant general', 'positive', 'hotelu'), ('ambience general', 'positive', 'NULL'), ('food quality', 'positive', 'NULL')]
6d15f42e-0df2-4696-95ca-160d8969dfff	Obsluha je příjemná, ale každopádně nejlepší je na tom cena a prostředí.	[('service general', 'positive', 'Obsluha'), ('ambience general', 'positive', 'prostředí'), ('restaurant prices', 'positive', 'NULL')]
0fb90463-026b-4987-82c5-4b0342d5b006	Byly jsme tu uz nekolikrat a pokazde max. spokojenost.	[('restaurant general', 'positive', 'NULL')]
