id	text	labels
es_9reinas_10_JordiCollGranell_2014-09-21:0	Nos sentimos muy a gusto.	[('restaurant general', 'positive', 'NULL')]
es_9reinas_10_JordiCollGranell_2014-09-21:1	Buen servicio, ambiente Acogedor  y tranquilo, comida bien.	[('service general', 'positive', 'servicio'), ('ambience general', 'positive', 'ambiente'), ('food quality', 'positive', 'comida')]
es_9reinas_10_JordiCollGranell_2014-09-21:2	Muy recomendable	[('restaurant general', 'positive', 'NULL')]
es_9reinas_12_RomanAlimena_2014-09-04:0	La atencion es muy buena, los camareros estan muy pendientes de uno todo el tiempo.	[('service general', 'positive', 'atencion'), ('service general', 'positive', 'camareros')]
es_9reinas_12_RomanAlimena_2014-09-04:1	Y la comida espectacular, por eso lo bueno se paga...	[('food quality', 'positive', 'comida')]
es_9reinas_12_RomanAlimena_2014-09-04:2	Lo unico que vi flojo es que pedi un poco de salsa provenzal y nos la cobraron, por lo demas todo bien.	[('food prices', 'negative', 'salsa provenzal'), ('restaurant general', 'positive', 'NULL')]
es_9reinas_14_AngelEspanolPuig_2014-06-26:0	Nada especial.	[('restaurant general', 'neutral', 'NULL')]
es_9reinas_14_AngelEspanolPuig_2014-06-26:1	Me habían comentado maravillas y está bien, pero nada más.	[('restaurant general', 'neutral', 'NULL')]
es_9reinas_14_AngelEspanolPuig_2014-06-26:2	Las carnes bien, pero como muchas otras.	[('food quality', 'neutral', 'carnes')]
es_9reinas_14_AngelEspanolPuig_2014-06-26:3	El precio, por lo que es la comida, para mi gusto es elevado.	[('food prices', 'negative', 'comida')]
es_9reinas_17_JoseCarlosLopez_2014-02-24:0	la calidad del producto, el servicio, el entorno todo fue excelente	[('food quality', 'positive', 'producto'), ('service general', 'positive', 'servicio'), ('ambience general', 'positive', 'entorno')]
es_9reinas_18_DanielGonzalez_2014-02-01:0	9reinas ya sido una de las mejores experiencias que hemos tenido en los últimos años.	[('restaurant general', 'positive', '9reinas')]
es_9reinas_18_DanielGonzalez_2014-02-01:1	El servicio es muy bueno y la calidad de la comida al mismo nivel.	[('service general', 'positive', 'servicio'), ('food quality', 'positive', 'comida')]
es_9reinas_18_DanielGonzalez_2014-02-01:2	Los precios adecuados  y bien puedes hacer un mayor o menor gasto en función de tu bolsillo por que la carta es muy amplia.	[('restaurant prices', 'positive', 'NULL'), ('food style_options', 'positive', 'carta')]
es_9reinas_18_DanielGonzalez_2014-02-01:3	Volveremos.	[('restaurant general', 'positive', 'NULL')]
es_9reinas_23_MJoseVillalbaSedano_2013-12-22:0	Fabuloso, muy atentos la comida excelente y un ambiente estupendo.	[('food quality', 'positive', 'comida'), ('ambience general', 'positive', 'ambiente'), ('restaurant general', 'positive', 'NULL'), ('service general', 'positive', 'NULL')]
es_9reinas_23_MJoseVillalbaSedano_2013-12-22:1	Mis amigos quedaron encantados y nosotros tambien.	[('restaurant general', 'positive', 'NULL')]
es_9reinas_23_MJoseVillalbaSedano_2013-12-22:2	Vale la pena ir y probar sus carnes.	[('restaurant general', 'positive', 'NULL'), ('food quality', 'positive', 'carnes')]
es_9reinas_24_PilarTorresCarbajo_2013-12-22:0	El restaurante es precioso, moderno y acogedor.	[('ambience general', 'positive', 'restaurante')]
es_9reinas_24_PilarTorresCarbajo_2013-12-22:1	La comida está deliciosa y es de calidad.	[('food quality', 'positive', 'comida')]
es_9reinas_24_PilarTorresCarbajo_2013-12-22:2	El servicio muy atento.	[('service general', 'positive', 'servicio')]
es_9reinas_26_Lucia_2013-12-10:0	Hemos ido varias veces a cenar al 9reinas y nunca defrauda!	[('restaurant general', 'positive', '9reinas')]
es_9reinas_26_Lucia_2013-12-10:1	La calidad de las carnes el excelente servicio y su buena bodega lo convierte en un lugar espectacular!!	[('food quality', 'positive', 'carnes'), ('service general', 'positive', 'servicio'), ('drinks quality', 'positive', 'bodega')]
es_9reinas_26_Lucia_2013-12-10:2	Sin duda repetiremos.	[('restaurant general', 'positive', 'NULL')]
es_9reinas_29_MarionCanavera_2013-07-14:0	restaurante excelente con carne de alta calidad.	[('restaurant general', 'positive', 'restaurante'), ('food quality', 'positive', 'carne')]
es_9reinas_29_MarionCanavera_2013-07-14:1	Nos encanto!	[('restaurant general', 'positive', 'NULL')]
es_9reinas_2_AlbertMuntana_2015-03-09:0	La verdad es que todo muy bien; el servicio, la comida y la apariencia, todo correcto.	[('restaurant general', 'positive', 'NULL'), ('service general', 'positive', 'servicio'), ('food quality', 'positive', 'comida'), ('ambience general', 'positive', 'apariencia')]
es_9reinas_30_LauraMallen_2013-06-23:0	Hemos ido a cenar y la verdad es que nos ha encantado.	[('restaurant general', 'positive', 'NULL')]
es_9reinas_30_LauraMallen_2013-06-23:1	el sitio es muy bonito la comida estupenda y el trato inmejorable.	[('ambience general', 'positive', 'sitio'), ('food quality', 'positive', 'comida'), ('service general', 'positive', 'trato')]
es_9reinas_30_LauraMallen_2013-06-23:2	totalmente recomendable	[('restaurant general', 'positive', 'NULL')]
es_9reinas_31_Sp_2013-06-22:0	Ha sido todo excelente, la calidad, los tiempos, el ambiente (quizas demasiado iluminado) y el servicio.	[('restaurant general', 'positive', 'NULL'), ('ambience general', 'neutral', 'ambiente'), ('service general', 'positive', 'servicio'), ('service general', 'positive', 'tiempos'), ('food quality', 'positive', 'NULL')]
es_9reinas_31_Sp_2013-06-22:1	El dulce de leche es divino.	[('food quality', 'positive', 'dulce de leche')]
es_9reinas_32_JordiFriasMartinez_2013-05-07:0	Primera visita a este Restaurante con resultado satisfactorio.	[('restaurant general', 'positive', 'Restaurante')]
es_9reinas_32_JordiFriasMartinez_2013-05-07:1	Calidad, profesionalidad y precio acorde con la oferta.	[('food quality', 'positive', 'NULL'), ('restaurant prices', 'positive', 'NULL'), ('service general', 'positive', 'NULL')]
es_9reinas_35_Seasexandsun_2013-04-02:0	Casi como en Argentina.	[('restaurant general', 'positive', 'NULL')]
es_9reinas_38_AdamNash_2013-02-13:0	Fantastico!!!	[('restaurant general', 'positive', 'NULL')]
es_9reinas_38_AdamNash_2013-02-13:1	Delicioso!!!	[('restaurant general', 'positive', 'NULL')]
es_9reinas_3_OliviaPotet_2015-01-15:0	resaturante fantástico con excelente comida y servicio aun mejor!!!!	[('restaurant general', 'positive', 'resaturante'), ('food quality', 'positive', 'comida'), ('service general', 'positive', 'servicio')]
es_9reinas_3_OliviaPotet_2015-01-15:1	tremenda amabilidad, es un gustazo!	[('service general', 'positive', 'amabilidad'), ('restaurant general', 'positive', 'NULL')]
es_9reinas_40_RichardHobohm_2013-01-03:0	Servicio muy bueno, faltan platitos para el pan, pero a pesar de eso, todo correcto.	[('service general', 'positive', 'Servicio'), ('service general', 'negative', 'platitos para el pan')]
es_9reinas_40_RichardHobohm_2013-01-03:1	Estaria bien musica argentina.	[('ambience general', 'negative', 'musica argentina')]
es_9reinas_40_RichardHobohm_2013-01-03:2	Los precios estan dentro de los parametros normales.	[('restaurant prices', 'neutral', 'NULL')]
es_9reinas_42_EduardoCubero_2012-12-04:0	Estuve ayer en una comida de negocio con un cliente y tanto el servicio como la calidad de la comida fué excelente.	[('service general', 'positive', 'servicio'), ('food quality', 'positive', 'comida')]
es_9reinas_42_EduardoCubero_2012-12-04:1	Enhorabuena!!	[('restaurant general', 'positive', 'NULL')]
es_9reinas_47_SandraMonica_2012-08-15:0	Un buen restaurant, aunque algo caro para la cantidad de comida que se sirve en el plato.	[('restaurant general', 'positive', 'restaurant'), ('food prices', 'negative', 'comida')]
es_9reinas_47_SandraMonica_2012-08-15:1	La tira de asado normal, nada extraordinaria.	[('food quality', 'neutral', 'tira de asado')]
es_9reinas_47_SandraMonica_2012-08-15:2	Muy bien los postres y el matambre.	[('food quality', 'positive', 'postres'), ('food quality', 'positive', 'matambre')]
es_9reinas_47_SandraMonica_2012-08-15:3	Se podria mejorar la iluminación en la planta superior, demasiada luz plana.	[('ambience general', 'negative', 'iluminación')]
es_9reinas_48_DamarisRodriguezPerez_2012-07-30:0	Recomendable 100%.	[('restaurant general', 'positive', 'NULL')]
es_9reinas_48_DamarisRodriguezPerez_2012-07-30:1	Un sitio precioso, con un ambiente exquisito.	[('ambience general', 'positive', 'sitio'), ('ambience general', 'positive', 'ambiente')]
es_9reinas_48_DamarisRodriguezPerez_2012-07-30:2	El servicio inmejorable y la comida excepcional!!	[('service general', 'positive', 'servicio'), ('food quality', 'positive', 'comida')]
es_9reinas_49_AntonioBlancoLopez_2012-07-16:0	Exquisitas las ensaladas y la carne.	[('food quality', 'positive', 'ensaladas'), ('food quality', 'positive', 'carne')]
es_9reinas_49_AntonioBlancoLopez_2012-07-16:1	Abundante comida.	[('food style_options', 'positive', 'comida')]
es_9reinas_49_AntonioBlancoLopez_2012-07-16:2	Seguro que no te quedas con hambre y la claidad excelente.	[('food quality', 'positive', 'NULL')]
es_9reinas_50_Joan_2012-06-03:0	La calidad de las carnes es insuperable y quiero destacar el excelente servicio recibido.	[('food quality', 'positive', 'carnes'), ('service general', 'positive', 'servicio')]
es_9reinas_51_MiguelNunez_2011-12-23:0	Si no has probado sus carnes te estas perdiendo algo muy grande!	[('food quality', 'positive', 'carnes')]
es_9reinas_52_MarianCamps_2011-12-11:0	Estuve cenando con unos amigos y la comida estuvo riquísima y el trato de las camareras excelente.	[('food quality', 'positive', 'comida'), ('service general', 'positive', 'trato')]
es_9reinas_52_MarianCamps_2011-12-11:1	Repetiremos seguro!!	[('restaurant general', 'positive', 'NULL')]
es_9reinas_52_MarianCamps_2011-12-11:2	Lo mejor: dejarse aconsejar por ellos a la hora de elegir plato.	[('service general', 'positive', 'ellos')]
es_9reinas_53_Adriana_2011-12-01:0	Me encanto!!!	[('restaurant general', 'positive', 'NULL')]
es_9reinas_53_Adriana_2011-12-01:1	Sobran las palabras...volveré seguro!	[('restaurant general', 'positive', 'NULL')]
es_9reinas_54_MartaColomer_2011-11-24:0	El restaurants comimos muy bien y ademas un servicio encantador y eficiente.	[('food quality', 'positive', 'restaurants'), ('service general', 'positive', 'servicio')]
es_9reinas_55_JoseMCazorlaMontero_2011-11-03:1	En algunos momentos, nos llegamos a preguntar si lo que teníamos en la boca era carne o un trozo de neumático.	[('food quality', 'negative', 'carne')]
es_9reinas_55_JoseMCazorlaMontero_2011-11-03:2	Decepcionante...	[('restaurant general', 'negative', 'NULL')]
es_9reinas_56_Michael_2011-09-28:0	La calidad de la comida excelente, el servicio super amable y siempre atento.	[('food quality', 'positive', 'comida'), ('service general', 'positive', 'servicio')]
es_9reinas_56_Michael_2011-09-28:1	El ambiente muy acogedor.	[('ambience general', 'positive', 'ambiente')]
es_9reinas_56_Michael_2011-09-28:2	Una experiencia culinaria inolvidable.	[('restaurant general', 'positive', 'experiencia')]
es_9reinas_58_NuriaCasas_2011-09-17:0	Comida y Servicio estupendo	[('food quality', 'positive', 'Comida'), ('service general', 'positive', 'Servicio')]
es_9reinas_5_MiroPietrov_2014-12-31:0	Todo muy bueno	[('restaurant general', 'positive', 'NULL')]
es_9reinas_61_JoseLuis_2011-07-09:0	ambiente íntimo y tranquilo, buen trato y buena calidad en las carnes.	[('ambience general', 'positive', 'ambiente'), ('service general', 'positive', 'trato'), ('food quality', 'positive', 'carnes')]
es_9reinas_61_JoseLuis_2011-07-09:1	El precio un tanto elevado pero razonable.	[('restaurant prices', 'neutral', 'NULL')]
es_9reinas_62_LuciaLinaresSilveria_2011-06-17:0	Excelente carta, carnes exquisitas, especialidades riquísimas, ambiente íntimo y servicio atento.	[('food style_options', 'positive', 'carta'), ('food quality', 'positive', 'carnes'), ('food quality', 'positive', 'especialidades'), ('ambience general', 'positive', 'ambiente'), ('service general', 'positive', 'servicio')]
es_9reinas_62_LuciaLinaresSilveria_2011-06-17:1	Muy buena relación calidad-precio.	[('food prices', 'positive', 'NULL'), ('food quality', 'positive', 'NULL')]
es_9reinas_63_JorgeCiollaro_2011-05-26:0	Buen servicio, ambiente y excelente comida.	[('service general', 'positive', 'servicio'), ('ambience general', 'positive', 'ambiente'), ('food quality', 'positive', 'comida')]
es_9reinas_64_Anonimo_2011-05-14:0	La comida muy rica, pero el local extremadamente ruidoso (sobre todo el piso de arriba).	[('food quality', 'positive', 'comida'), ('ambience general', 'neutral', 'local')]
es_9reinas_64_Anonimo_2011-05-14:1	Llegaba un momento en que apetecía irse por el ruido.	[('ambience general', 'negative', 'ruido')]
es_9reinas_64_Anonimo_2011-05-14:2	Poca intimidad.	[('ambience general', 'negative', 'intimidad')]
es_9reinas_64_Anonimo_2011-05-14:3	Quizás bueno para cenas de grupo, pero parejas abstenerse.	[('restaurant general', 'neutral', 'NULL')]
es_9reinas_67_Anonimo_2011-05-02:0	Local casi perfecto, cocina impecable, cantidad más que abundante, extensa carta (comida y vinos) y precio adecuado a lo que oferta.	[('ambience general', 'positive', 'Local'), ('food quality', 'positive', 'cocina'), ('food style_options', 'positive', 'carta'), ('drinks style_options', 'positive', 'carta'), ('restaurant prices', 'positive', 'NULL')]
es_9reinas_67_Anonimo_2011-05-02:1	Muy recomendable, por tanto.	[('restaurant general', 'positive', 'NULL')]
es_9reinas_67_Anonimo_2011-05-02:2	Como salvedad, diré que, a excepción del jefe de sala (o propietario, cosa que desconozco), atento, educado y detallista, el resto del servicio, pinganillos inalámbricos incluidos, no está a la altura del resto, más en lo que respecta a educación y formas que a la capacidad: habría que cuidar aspectos como retirar casi a la carrera platos sin terminar, tutear por defecto u ofrecer el silencio como toda respuesta a la duda del comensal en la elección entre dos opciones.	[('service general', 'positive', 'jefe de sala'), ('service general', 'negative', 'resto del servicio')]
es_9reinas_67_Anonimo_2011-05-02:3	Es una pena que inviertiendo exitosamente en lo complicado (local, materia prima, imagen, sitio web) se pase por alto lo básico: un par de camareros díscolos que hagan rebajar la nota de un cliente de un excelente a un notable alto.	[('ambience general', 'positive', 'local'), ('food quality', 'positive', 'materia prima'), ('service general', 'negative', 'camareros'), ('restaurant miscellaneous', 'positive', 'imagen'), ('restaurant miscellaneous', 'positive', 'sitio web')]
es_9reinas_68_EstefaniaMartinezCumplido_2011-03-24:0	Fue una cena perfecta, por el lugar y sobre todo por la comida.	[('ambience general', 'positive', 'lugar'), ('food quality', 'positive', 'comida')]
es_9reinas_68_EstefaniaMartinezCumplido_2011-03-24:1	Tienen una carta bastante extensa donde cada plato parece mejor que el anterior.	[('food style_options', 'positive', 'carta')]
es_9reinas_68_EstefaniaMartinezCumplido_2011-03-24:2	Para los amantes de la carne no dudéis en pedir el Solomillo del Chef, exquisíto.	[('food quality', 'positive', 'Solomillo del Chef')]
es_barceloneta_0_Jesus_2015-09-07:0	<->Aunque los productos sean de calidad el precio es elevado	[('food quality', 'positive', 'productos'), ('food prices', 'negative', 'productos')]
es_barceloneta_101_Marc_2010-09-16:0	Sólo puedo decir cosas buenas de este restaurante.	[('restaurant general', 'positive', 'restaurante')]
es_barceloneta_101_Marc_2010-09-16:1	Comimos muy bien y bien atendidos.	[('food quality', 'positive', 'NULL'), ('service general', 'positive', 'NULL')]
es_barceloneta_101_Marc_2010-09-16:2	Las gambas fresquísimas.	[('food quality', 'positive', 'gambas')]
es_barceloneta_101_Marc_2010-09-16:3	Una maravilla como está decorado.	[('ambience general', 'positive', 'NULL')]
es_barceloneta_101_Marc_2010-09-16:4	Muy agradable y con unas vistas increíbles.	[('ambience general', 'positive', 'NULL'), ('ambience general', 'positive', 'vistas')]
es_barceloneta_102_Joan_2010-05-15:0	De la comida no tengo nada que decir, pero las mesas se tocan, el servicio no es amable, en definitiva muy caro para lo que es calida precio totalmente desequilibrada.	[('food quality', 'neutral', 'comida'), ('ambience general', 'negative', 'mesas'), ('service general', 'negative', 'servicio'), ('restaurant prices', 'negative', 'precio')]
es_barceloneta_104_Vanesa_2010-03-04:1	La comida muy buena.	[('food quality', 'positive', 'comida')]
es_barceloneta_104_Vanesa_2010-03-04:2	Lo que no me gusta es el servicio.	[('service general', 'negative', 'servicio')]
es_barceloneta_105_Fer_2009-12-04:0	El último día que fuimos pedimos ostras y nos sentaron mal, a parte de que el camarero que nos sirvió servía el cava chorreando toda la mesa...pasará mucho tiempo hasta q vuelva...	[('service general', 'negative', 'camarero'), ('food quality', 'negative', 'ostras'), ('restaurant general', 'negative', 'NULL')]
es_barceloneta_107_Pedro_2009-07-29:1	La única sonrisa que vimos entre el personal fue de la chica que nos condujo a nuestra mesa.	[('service general', 'negative', 'personal')]
es_barceloneta_107_Pedro_2009-07-29:2	A partir de ahi, caras serias (por no decir de mal humor), distraidas, de los camareros... que a veces se hacían esperar, y otras veces se abalanzaban para liquidar la mesa.	[('service general', 'negative', 'camareros')]
es_barceloneta_107_Pedro_2009-07-29:3	Cubiertos mal puestos, sin la mas mínima delicadeza.	[('service general', 'negative', 'Cubiertos')]
es_barceloneta_107_Pedro_2009-07-29:4	Platos mal presentados, sobrevolando las cabezas de los comensales.	[('service general', 'negative', 'Platos')]
es_barceloneta_107_Pedro_2009-07-29:5	El servicio realmente malo.	[('service general', 'negative', 'servicio')]
es_barceloneta_107_Pedro_2009-07-29:6	La comida decente, aunque en relación al precio no estaba a la altura.	[('food quality', 'positive', 'comida'), ('food prices', 'negative', 'comida')]
es_barceloneta_107_Pedro_2009-07-29:7	Lo siento, pero no lo recomiendo en tales condiciones.	[('restaurant general', 'negative', 'NULL')]
es_barceloneta_108_Pol_2009-07-24:0	Ya no es lo que era...Ramon,ha bajado mucho, el servicio, la calidad de la comida, lo unico, la terraza.	[('restaurant general', 'negative', 'NULL'), ('ambience general', 'positive', 'terraza'), ('food quality', 'positive', 'comida'), ('service general', 'negative', 'servicio')]
es_barceloneta_108_Pol_2009-07-24:1	Sabado pasado, a las 13h, poca gente, o sea,cocina sin agobios, paella,simplemente lamentable.	[('food quality', 'negative', 'paella')]
es_barceloneta_108_Pol_2009-07-24:2	Es una pena,era de lo mejorcito de Barcelona	[('restaurant general', 'negative', 'NULL')]
es_barceloneta_109_Miguel_2009-06-11:0	Cena de negocio a más de 50 € pp y de primeros: longaniza de vic?	[('restaurant general', 'negative', 'NULL')]
es_barceloneta_109_Miguel_2009-06-11:1	tal vez del Lidl; anchoas?	[('food quality', 'negative', 'anchoas')]
es_barceloneta_109_Miguel_2009-06-11:2	"una o dos pp; de segundo bacalao a la llauna diminuto con ""secas"" de lata / carne con patatas fritas fast food."	[('food quality', 'negative', 'bacalao'), ('food quality', 'negative', 'carne con patatas fritas')]
es_barceloneta_109_Miguel_2009-06-11:3	"por el precio podrían haber sido ""peladas y fritas"", no?"	[('food prices', 'negative', 'NULL')]
es_barceloneta_109_Miguel_2009-06-11:4	en fin, lleno de turistas que vienen una sola vez (de los cruceros?)	[('ambience general', 'negative', 'turistas')]
es_barceloneta_109_Miguel_2009-06-11:6	muy defraudado por el precio y la calidad; antes no eran así!	[('restaurant prices', 'negative', 'precio'), ('food quality', 'negative', 'calidad'), ('restaurant general', 'negative', 'NULL')]
es_barceloneta_110_MaricarmenRuesga_2009-05-25:1	El servicio fue perfecto.	[('service general', 'positive', 'servicio')]
es_barceloneta_110_MaricarmenRuesga_2009-05-25:2	La cocina deliciosa.	[('food quality', 'positive', 'cocina')]
es_barceloneta_110_MaricarmenRuesga_2009-05-25:3	A través de los años nunca me han defraudado es un valor seguro.	[('restaurant general', 'positive', 'NULL')]
es_barceloneta_110_MaricarmenRuesga_2009-05-25:5	La relación calidad precio también es buena alrededor de 50 € por persona pero para una cena perfecta no lo considero caro.	[('restaurant prices', 'positive', 'NULL')]
es_barceloneta_111_Srpoke_2009-03-15:0	Arroz caldoso lamentable (para guiris, puede estar hasta bueno) y caro en general.	[('food quality', 'neutral', 'Arroz caldoso'), ('food prices', 'negative', 'Arroz caldoso')]
es_barceloneta_112_JuanAntonio_2009-03-05:0	Muy bueno, calidad, servicio que justifican su precio.	[('restaurant general', 'positive', 'NULL'), ('food quality', 'positive', 'NULL'), ('service general', 'positive', 'NULL')]
es_barceloneta_112_JuanAntonio_2009-03-05:1	Y de vulgar nada de nada, todo lo contrario.	[('restaurant general', 'positive', 'NULL')]
es_barceloneta_112_JuanAntonio_2009-03-05:2	Lo recomiendo a los que son capaces de apreciar y valorar el placer gastronómico.	[('food quality', 'positive', 'placer gastronómico')]
es_barceloneta_113_Anonimo_2009-02-14:0	Personalmente este restaurante, ya por el servicio y la actitud de los camareros, del maitrê es excelente, creo que este restaurante se merece una estrella michelin, ya que se come muy bien, son unas grandes personas.	[('service general', 'positive', 'camareros'), ('service general', 'positive', 'maitrê'), ('restaurant general', 'positive', 'restaurante'), ('food quality', 'positive', 'restaurante'), ('service general', 'positive', 'personas')]
es_barceloneta_114_Anonimo_2009-02-07:0	El local es bonito y la situación inmejorable.	[('ambience general', 'positive', 'local'), ('location general', 'positive', 'situación')]
es_barceloneta_114_Anonimo_2009-02-07:1	Sin embargo el precio es muy alto y con el tiempo ha ido subiendo de forma espectacular sin que mejore el producto.	[('restaurant prices', 'negative', 'NULL')]
es_barceloneta_114_Anonimo_2009-02-07:2	Yo no lo recomiendo.	[('restaurant general', 'negative', 'NULL')]
es_barceloneta_117_Anonimo_2008-12-06:0	Caro.	[('restaurant prices', 'negative', 'NULL')]
es_barceloneta_117_Anonimo_2008-12-06:1	La comida siempre bien.	[('food quality', 'positive', 'comida')]
es_barceloneta_117_Anonimo_2008-12-06:2	Si te toca cerca de los ventanales vistas de lujo.	[('ambience general', 'positive', 'vistas')]
es_barceloneta_118_Olga_2008-12-01:0	Comida excelente asi como su el servicio de camarero.	[('food quality', 'positive', 'Comida'), ('service general', 'positive', 'camarero')]
es_barceloneta_118_Olga_2008-12-01:1	Un tanto caótica la recepción.	[('service general', 'negative', 'recepción')]
es_barceloneta_118_Olga_2008-12-01:2	En cuanto a la carta, el tartar de lubina, supremo así como sus postres.	[('food quality', 'positive', 'tartar de lubina'), ('food quality', 'positive', 'postres')]
es_barceloneta_118_Olga_2008-12-01:3	Volveremos.	[('restaurant general', 'positive', 'NULL')]
es_barceloneta_118_Olga_2008-12-01:4	gracias	[('restaurant general', 'positive', 'NULL')]
es_barceloneta_11_AntonioSerranoPueyo_2015-01-15:0	Óptimo en la calidad del producto y su elaboración.	[('food quality', 'positive', 'producto')]
es_barceloneta_11_AntonioSerranoPueyo_2015-01-15:1	Servicio excelente.	[('service general', 'positive', 'NULL')]
es_barceloneta_11_AntonioSerranoPueyo_2015-01-15:2	Homogeneidad imbatible.	[('ambience general', 'positive', 'Homogeneidad')]
es_barceloneta_11_AntonioSerranoPueyo_2015-01-15:3	No se puede pedir más.	[('restaurant general', 'positive', 'NULL')]
es_barceloneta_11_AntonioSerranoPueyo_2015-01-15:4	He visitado este restaurante cada vez que viajo a Barcelona y siempre ha sido excelso.	[('restaurant general', 'positive', 'NULL')]
es_barceloneta_11_AntonioSerranoPueyo_2015-01-15:5	No puedo más que recomendarlo ya que, sin duda, es uno de los valores más seguros de la Ciudad Condal.	[('restaurant general', 'positive', 'NULL')]
es_barceloneta_120_Gabriela_2008-07-18:0	Servicio impecable y se come de maravilla!	[('service general', 'positive', 'NULL'), ('restaurant general', 'positive', 'NULL')]
es_barceloneta_122_Luis_2008-05-20:0	Buen reestaurante, buena calidad en los platos.	[('restaurant general', 'positive', 'reestaurante'), ('food quality', 'positive', 'platos')]
es_barceloneta_122_Luis_2008-05-20:1	El único defecto es que es muy ruidoso y en algunos lugares las mesas estan muy pegadas unas a otras y creo que por el precio que pagas  podrían tener las mesas mas separadas.	[('ambience general', 'negative', 'mesas'), ('ambience general', 'negative', 'NULL')]
es_barceloneta_123_Isabel_2008-05-16:0	Buenisima la langosta a la plancha	[('food quality', 'positive', 'langosta')]
es_barceloneta_126_MarcSoler_2008-04-30:0	Lugar perfecto.	[('restaurant general', 'positive', 'Lugar')]
es_barceloneta_126_MarcSoler_2008-04-30:1	Comida digna y servicio excelente.	[('food quality', 'positive', 'Comida'), ('service general', 'positive', 'NULL')]
es_barceloneta_126_MarcSoler_2008-04-30:2	Para ir y repetir.	[('restaurant general', 'positive', 'NULL')]
es_barceloneta_128_MariaCantero_2008-04-01:0	excelemte cocina y excelente servicio	[('food quality', 'positive', 'cocina'), ('service general', 'positive', 'servicio')]
es_barceloneta_129_JoanCarles_2008-03-26:0	Es una pasada.	[('restaurant general', 'positive', 'NULL')]
es_barceloneta_129_JoanCarles_2008-03-26:1	La atención y esmero del servicio y de su maitre son dignos de premio.	[('service general', 'positive', 'maitre'), ('service general', 'positive', 'servicio')]
es_barceloneta_12_AntonioSerranoPueyo_2014-12-15:0	Un valor seguro.	[('restaurant general', 'positive', 'NULL')]
es_barceloneta_12_AntonioSerranoPueyo_2014-12-15:1	Producto y cocina catalana y marinera de un muy buen nivel y servicio excelente.	[('food quality', 'positive', 'Producto y cocina'), ('service general', 'positive', 'servicio')]
es_barceloneta_12_AntonioSerranoPueyo_2014-12-15:2	Un restaurante muy homogéneo y que nunca defraudará.	[('restaurant general', 'positive', 'restaurante')]
es_barceloneta_130_Alvaro_2008-03-21:0	Repito cada vez que puedo, con la familia o con la empresa.	[('restaurant general', 'positive', 'NULL')]
es_barceloneta_130_Alvaro_2008-03-21:1	La atención es exquisita y la comida (fideua,arroces y entrantes) de muy buena calidad.	[('service general', 'positive', 'atención'), ('food quality', 'positive', 'comida')]
es_barceloneta_130_Alvaro_2008-03-21:2	El precio lo vale y el entorno más.	[('restaurant prices', 'positive', 'NULL'), ('ambience general', 'positive', 'entorno')]
es_barceloneta_132_Fer_2008-02-11:0	Muy recomendable.	[('restaurant general', 'positive', 'NULL')]
es_barceloneta_132_Fer_2008-02-11:1	No es nada barato pero ofrece calidad y los platos están bien cocinados y con elementos frescos.	[('food quality', 'positive', 'NULL'), ('restaurant prices', 'negative', 'NULL'), ('food quality', 'positive', 'platos')]
es_barceloneta_132_Fer_2008-02-11:2	Buen ambiente, servicio mediocre.	[('ambience general', 'positive', 'ambiente'), ('service general', 'negative', 'servicio')]
es_barceloneta_133_Theo_2008-02-02:0	fuimos a cenar para un cumpleaños con amigos y fue fantastico, un buen trato  y la comida excelente, sobretodo el solomillo a los 3 quesos y la cabra caliente sobre pure de manzana...	[('restaurant general', 'positive', 'NULL'), ('service general', 'positive', 'trato'), ('food quality', 'positive', 'comida'), ('food quality', 'positive', 'solomillo a los 3 quesos'), ('food quality', 'positive', 'cabra caliente sobre pure de manzana')]
es_barceloneta_135_Pedro_2007-11-24:0	Calidad/Precio :elevado , la ubicación y el entorno muy agradable, pero en el interior hay un exceso de ruido que hacer sentirse incómodo y no disfrutar de la comida, sinceramente prefiero otros donde me encuentro mas agusto.	[('location general', 'positive', 'ubicación'), ('ambience general', 'positive', 'entorno'), ('food quality', 'negative', 'NULL'), ('food prices', 'negative', 'NULL'), ('ambience general', 'negative', 'interior'), ('restaurant general', 'negative', 'NULL')]
es_barceloneta_137_Gema_2007-09-28:0	Un lugar magnífico para comer buen marisco y cualquiera de sus arroces o suquet, aunque muy recomendable, no lo recomendaría para una cena íntima romántica, puesto que las conversaciones de las mmesas vecinas son muy animadas, puesto que el local se presta a ello, y el ambiente es de familias o grupos en general.	[('food quality', 'positive', 'marisco'), ('ambience general', 'negative', 'cena'), ('ambience general', 'negative', 'mmesas'), ('ambience general', 'neutral', 'ambiente')]
es_barceloneta_137_Gema_2007-09-28:1	Servicio excelente, vistas magníficas y excelente relación calidad-precio, siempre teniendo en cuenta que la calidad es muy alta.	[('service general', 'positive', 'Servicio'), ('ambience general', 'positive', 'vistas'), ('food prices', 'positive', 'NULL'), ('food quality', 'positive', 'NULL')]
es_barceloneta_137_Gema_2007-09-28:2	Más que recomendable.	[('restaurant general', 'positive', 'NULL')]
es_barceloneta_138_Jordi_2007-09-18:0	he ido varias veces pero el sitio es para turistas y aunque la calidad es buena el precio es exagerado y el servicio deja mucho que desear, sobretodo en cuanto a las reservas.	[('food quality', 'positive', 'NULL'), ('restaurant prices', 'negative', 'NULL'), ('service general', 'negative', 'servicio')]
es_barceloneta_138_Jordi_2007-09-18:1	solo iré como ultimo recurso.	[('restaurant general', 'negative', 'NULL')]
es_barceloneta_139_Ana_2007-04-17:0	Me parece un lugar estupendo, la comida está buenisima y el servicio estupendo, dignos de admirar.	[('restaurant general', 'positive', 'lugar'), ('food quality', 'positive', 'comida'), ('service general', 'positive', 'servicio'), ('restaurant general', 'positive', 'NULL')]
es_barceloneta_139_Ana_2007-04-17:1	un lugar para ir con alguien especial(como fuí yo..)	[('restaurant general', 'positive', 'lugar')]
es_barceloneta_13_AntonioSerranoPueyo_2014-11-21:0	Estuve de nuevo en el Restaurante Barceloneta y pude disfrutar otra vez de una comida excelente:	[('food quality', 'positive', 'comida')]
es_barceloneta_13_AntonioSerranoPueyo_2014-11-21:1	Unos entrantes magníficos: Buñuelos de Bacalao, Revuelto de ceps con butifarra y gambas al ajillo.	[('food quality', 'positive', 'gambas al ajillo'), ('food quality', 'positive', 'Buñuelos de Bacalao'), ('food quality', 'positive', 'Revuelto de ceps con butifarra')]
es_barceloneta_13_AntonioSerranoPueyo_2014-11-21:3	De postres el magnífico Tiramisú y un Queso Gallego de Tetilla con Dulce de Membrillo.	[('food quality', 'positive', 'Tiramisú'), ('food quality', 'positive', 'Queso Gallego de Tetilla con Dulce de Membrillo')]
es_barceloneta_13_AntonioSerranoPueyo_2014-11-21:7	El producto de primera, la elaboración excelente y el servicio impecable.	[('food quality', 'positive', 'producto'), ('service general', 'positive', 'servicio')]
es_barceloneta_13_AntonioSerranoPueyo_2014-11-21:8	La luz natural que entra por la vidriera de la terraza, añadida a la decoración tan acogedora da una sensación de bienestar difícil de conseguir en otros lugares.	[('ambience general', 'positive', 'luz natural'), ('ambience general', 'positive', 'decoración')]
es_barceloneta_13_AntonioSerranoPueyo_2014-11-21:9	En fin, que voy a regresar tantas veces como pueda y siempre que visite Barcelona.	[('restaurant general', 'positive', 'NULL')]
es_barceloneta_140_Santi_2006-12-29:0	Uno de mis restaurantes favoritos.	[('restaurant general', 'positive', 'NULL')]
es_barceloneta_140_Santi_2006-12-29:1	Como ya he leído en algún comentario, de los pocos sitios donde se paga lo que se come, y se come bien, muy bien.	[('food quality', 'positive', 'lo que se come')]
es_barceloneta_142_Pachi_2006-11-16:0	Es un sitio fantástico por la buena calidad de sus productos.	[('restaurant general', 'positive', 'sitio'), ('food quality', 'positive', 'productos')]
es_barceloneta_142_Pachi_2006-11-16:1	Los arroces y suquets inmejorables.	[('food quality', 'positive', 'arroces'), ('food quality', 'positive', 'suquets')]
es_barceloneta_144_Sergio_2006-10-30:0	El local impresionante, con una terraza preciosa con vistas al puerto.	[('ambience general', 'positive', 'local')]
es_barceloneta_144_Sergio_2006-10-30:1	El servicio, mas que correcto.	[('service general', 'positive', 'servicio')]
es_barceloneta_144_Sergio_2006-10-30:2	La comida, excepcional para mi gusto.	[('food quality', 'positive', 'comida')]
es_barceloneta_144_Sergio_2006-10-30:3	Los precios, depende de lo que pidas, puedes estar entre 40 y 60 euros por persona.	[('restaurant prices', 'neutral', 'NULL')]
es_barceloneta_144_Sergio_2006-10-30:4	"Destacar los arroces, la caldereta de bogavante, las zamburiñas al horno y los platos de ""picoteo"" y los pescados en general."	"[('food quality', 'positive', 'arroces'), ('food quality', 'positive', 'caldereta de bogavante'), ('food quality', 'positive', 'zamburiñas al horno'), ('food quality', 'positive', 'platos de ""picoteo'), ('food quality', 'positive', 'pescados')]"
es_barceloneta_145_Anonimo_2006-09-21:0	Inmejorable calidad.	[('food quality', 'positive', 'NULL')]
es_barceloneta_145_Anonimo_2006-09-21:1	Especialmente exquisitos los buñuelos de bacalao y el arroz caldoso ah y el jamón de vicio.	[('food quality', 'positive', 'buñuelos de bacalao'), ('food quality', 'positive', 'arroz caldoso'), ('food quality', 'positive', 'jamón')]
es_barceloneta_147_Arturo_2006-09-16:0	Una de las mejores paellas que he comido en un restaurante en Barcelona.	[('food quality', 'positive', 'paellas')]
es_barceloneta_147_Arturo_2006-09-16:1	Además tiene una terraza impresionamnte.	[('ambience general', 'positive', 'terraza')]
es_barceloneta_147_Arturo_2006-09-16:2	Si tienes cuidado con lo que pides puedes comer muy bien sin dejarte la cartera.	[('food quality', 'positive', 'NULL'), ('food prices', 'positive', 'NULL')]
es_barceloneta_147_Arturo_2006-09-16:3	Del todo recomendable.	[('restaurant general', 'positive', 'NULL')]
es_barceloneta_148_Ana_2006-09-10:0	Posiblemente el restaurante con la mejor terraza de Barcelona, con vistas al mar y una comida estupenda.	[('ambience general', 'positive', 'terraza'), ('food quality', 'positive', 'comida')]
es_barceloneta_149_Rosa_2006-07-22:0	Servicio bueno pero poca simpatía.	[('service general', 'neutral', 'Servicio')]
es_barceloneta_149_Rosa_2006-07-22:1	Arroz muy bueno pero escasa ración.	[('food quality', 'positive', 'Arroz'), ('food style_options', 'negative', 'Arroz')]
es_barceloneta_149_Rosa_2006-07-22:2	Los vinos carísimos.	[('drinks prices', 'negative', 'vinos')]
es_barceloneta_149_Rosa_2006-07-22:3	Mesa interior sin vistas.	[('ambience general', 'negative', 'Mesa')]
es_barceloneta_149_Rosa_2006-07-22:4	No repetiremos.	[('restaurant general', 'negative', 'NULL')]
es_barceloneta_14_HoracioPerezGarcia_2014-10-13:0	Somos clientes asiduos .segir que lo bordais GRACIAS .	[('restaurant general', 'positive', 'NULL')]
es_barceloneta_150_Juan_2006-07-04:0	restaurante de lujo autentico, con un pianista muy ameno que te hace pasar una cena romantica especialmente si vas acompañado de alguien especial.	[('restaurant general', 'positive', 'restaurante'), ('ambience general', 'positive', 'pianista')]
es_barceloneta_15_BrunoVergottini_2014-10-05:0	muy buena paella	[('food quality', 'positive', 'paella')]
es_barceloneta_17_JoanLluisOlmoLorenzo_2014-06-29:0	Un valor seguro para comer.	[('restaurant general', 'positive', 'NULL')]
es_barceloneta_17_JoanLluisOlmoLorenzo_2014-06-29:1	Toda la comida muy buena y un servicio al mismo nivel.	[('food quality', 'positive', 'comida'), ('service general', 'positive', 'servicio')]
es_barceloneta_17_JoanLluisOlmoLorenzo_2014-06-29:2	La paella, una de las mejores de la ciudad.	[('food quality', 'positive', 'paella')]
es_barceloneta_18_JoseRamonGranollersGonzalez_2014-06-21:0	Nos ha encantado.	[('restaurant general', 'positive', 'NULL')]
es_barceloneta_18_JoseRamonGranollersGonzalez_2014-06-21:1	Cenar en la terraza: fantastico, el servicio: excelente, la comida: fabulosa, el precio: bueno, pelín caro, pero vale la pena.	[('ambience general', 'positive', 'terraza'), ('service general', 'positive', 'servicio'), ('food quality', 'positive', 'comida'), ('restaurant prices', 'negative', 'NULL')]
es_barceloneta_18_JoseRamonGranollersGonzalez_2014-06-21:2	Repetiremos.	[('restaurant general', 'positive', 'NULL')]
es_barceloneta_1_Antonio_2015-09-06:0	<->No hay nada negativo.	[('restaurant general', 'positive', 'NULL')]
es_barceloneta_1_Antonio_2015-09-06:1	<+>La excelencia en el producto y la homogeneidad.	[('food quality', 'positive', 'producto')]
es_barceloneta_1_Antonio_2015-09-06:2	<+>este restaurante siempre es excelente.	[('restaurant general', 'positive', 'restaurante')]
es_barceloneta_1_Antonio_2015-09-06:3	<+>Nunca falla.	[('restaurant general', 'positive', 'NULL')]
es_barceloneta_1_Antonio_2015-09-06:4	<+>Es un valor seguro.	[('restaurant general', 'positive', 'NULL')]
es_barceloneta_24_FranciscoGarciaGallego_2013-10-27:0	Como siempre, no decepciona, magnificos pescados, atencion extraordinaria y vistas de Barcelona mientras almuerzas en la terraza muy bonitas	[('restaurant general', 'positive', 'NULL'), ('food quality', 'positive', 'pescados'), ('service general', 'positive', 'atencion'), ('ambience general', 'positive', 'terraza')]
es_barceloneta_25_JoseOrtego_2013-10-27:0	Una comida deliciosa.	[('food quality', 'positive', 'comida')]
es_barceloneta_25_JoseOrtego_2013-10-27:1	Excelente arroz y buen trato.	[('food quality', 'positive', 'arroz'), ('service general', 'positive', 'trato')]
es_barceloneta_25_JoseOrtego_2013-10-27:2	La localizacion es muy buena.	[('location general', 'positive', 'localizacion')]
es_barceloneta_25_JoseOrtego_2013-10-27:3	Si tienes oportunidad de comer en la terraza...un plus.	[('ambience general', 'positive', 'terraza')]
es_barceloneta_27_Alberto_2013-10-14:0	Gran clasico de la barceloneta con un servicio inmejorable!!!	[('service general', 'positive', 'servicio')]
es_barceloneta_27_Alberto_2013-10-14:1	Hay que repetir!!!	[('restaurant general', 'positive', 'NULL')]
es_barceloneta_28_EsperanzaDiesteSantatala_2013-09-27:0	Excelente materia prima y fantástico marco en la terraza con vistas al Muelle de España.	[('food quality', 'positive', 'materia prima'), ('ambience general', 'positive', 'terraza')]
es_barceloneta_28_EsperanzaDiesteSantatala_2013-09-27:1	Servicio muy amable y profesional.	[('service general', 'positive', 'Servicio')]
es_barceloneta_28_EsperanzaDiesteSantatala_2013-09-27:3	Sin dudarlo, volveremos!!!	[('restaurant general', 'positive', 'NULL')]
es_barceloneta_31_RamonCanoProus_2013-09-06:0	Solicité en la reserva terraza y creo que estuve en una de las mejores mesas con terraza.	[('ambience general', 'positive', 'mesas')]
es_barceloneta_31_RamonCanoProus_2013-09-06:1	El servicio muy correcto tanto en atención como en educación.	[('service general', 'positive', 'servicio')]
es_barceloneta_31_RamonCanoProus_2013-09-06:2	Rapidez en la gestión del pedido y la calidad acorde al precio.	[('service general', 'positive', 'gestión del pedido'), ('food quality', 'positive', 'NULL')]
es_barceloneta_31_RamonCanoProus_2013-09-06:3	Quizás los postres y los vinos un poco caros.	[('food prices', 'negative', 'postres'), ('drinks prices', 'negative', 'vinos')]
es_barceloneta_31_RamonCanoProus_2013-09-06:4	Zumo naranja 6€ me parece un poco exagerado.	[('drinks prices', 'negative', 'Zumo naranja')]
es_barceloneta_33_Jorge_2013-08-05:0	comimos bien,sevicio amable,tardaron 2 plato mucho tiempo y no me gusto que aun quedando en la paella  y fideua mas racion,se la llevaron sin preguntar.	[('service general', 'positive', 'sevicio'), ('restaurant general', 'positive', 'NULL'), ('service general', 'negative', 'NULL'), ('service general', 'negative', 'NULL')]
es_barceloneta_34_Charlie_2013-08-01:0	Solo puedo dar un 10 a su cocina de una calidad y frescura incomparable.	[('food quality', 'positive', 'cocina')]
es_barceloneta_34_Charlie_2013-08-01:1	la única pega o sorpresa fue a la hora del café ya que me sirvieron el mismo que en el Burger King.	[('drinks quality', 'negative', 'café')]
es_barceloneta_34_Charlie_2013-08-01:2	por lo demás 10.	[('restaurant general', 'positive', 'NULL')]
es_barceloneta_37_JaumeMunozGonzalez_2013-07-01:0	El servicio y el local es muy aceptable,pero la relación calidad precio esta descompensada.se le tendría que explicar al cocinero,que el pulpo no se calienta en el microondas y menos si se le pone el pimentón y el aceite ya que se quema y reseca.	[('service general', 'positive', 'servicio'), ('ambience general', 'positive', 'local'), ('food quality', 'negative', 'pulpo')]
es_barceloneta_37_JaumeMunozGonzalez_2013-07-01:1	El resto,pasable y sin mas pretensiones pero no valía el precio que nos cobraron.	[('restaurant prices', 'negative', 'NULL')]
es_barceloneta_38_JoseMariaRodriguezMartinez_2013-06-28:0	muy buen servicio, incluido aparca coches, esta todo en el nivel de calidad excelente.	[('service general', 'positive', 'servicio'), ('food quality', 'positive', 'NULL')]
es_barceloneta_39_SebastianBernasconi_2013-06-07:0	El servicio desconoce la carta que además baja la calidad que solía tener.	[('service general', 'negative', 'servicio'), ('food quality', 'negative', 'carta')]
es_barceloneta_42_EsperanzaDiesteSantatala_2013-05-26:0	Excelente materia prima y muy buena elaboración.	[('food quality', 'positive', 'materia prima')]
es_barceloneta_42_EsperanzaDiesteSantatala_2013-05-26:1	Servicio atento.	[('service general', 'positive', 'Servicio')]
es_barceloneta_42_EsperanzaDiesteSantatala_2013-05-26:2	Los platos servidos en su justo momento.	[('service general', 'positive', 'platos')]
es_barceloneta_42_EsperanzaDiesteSantatala_2013-05-26:3	Buena cara de vinos.	[('drinks style_options', 'positive', 'vinos')]
es_barceloneta_42_EsperanzaDiesteSantatala_2013-05-26:4	Local con decoración  clásica y marinera.	[('ambience general', 'positive', 'Local')]
es_barceloneta_42_EsperanzaDiesteSantatala_2013-05-26:5	Lástima que el tiempo no acompaño para disfrutar de su agradable terraza con vistas al mar	[('ambience general', 'positive', 'terraza')]
es_barceloneta_42_EsperanzaDiesteSantatala_2013-05-26:6	Volveremos sin duda	[('restaurant general', 'positive', 'NULL')]
es_barceloneta_43_RafaelMartinez-Almeida_2013-04-15:0	Buen ambiente con vistas al puerto,  estupenda comida, los arroces muy ricos, el servicio atento y profesional.	[('ambience general', 'positive', 'NULL'), ('food quality', 'positive', 'comida'), ('food quality', 'positive', 'arroces'), ('service general', 'positive', 'servicio')]
es_barceloneta_46_SusyGallego_2012-12-11:0	Calidad y buen servicio, son los adjetivos 	[('food quality', 'positive', 'NULL'), ('service general', 'positive', 'servicio')]
es_barceloneta_47_Fast_65_2012-12-07:1	Preparación de los platos, pescado en los dos casos, correcta pero presentación dejaba mucho que desear.	[('food quality', 'neutral', 'pescado'), ('service general', 'negative', 'pescado')]
es_barceloneta_47_Fast_65_2012-12-07:2	Servicio tan atento que al final se hace pesado, urgencia por vaciar los platos de los entrantes compartidos queriendo continuamente servirnos.	[('service general', 'negative', 'Servicio')]
es_barceloneta_47_Fast_65_2012-12-07:3	11:00 de la noche cocineros empiezan a limpiar cocina; el olor a plancha, pescado y detergente invade la sala.	[('ambience general', 'negative', 'olor')]
es_barceloneta_47_Fast_65_2012-12-07:4	Postres nada atractivos, la misma carta de postres de los últimos 15 años.	[('food quality', 'negative', 'Postres'), ('food style_options', 'negative', 'carta de postres')]
es_barceloneta_47_Fast_65_2012-12-07:5	Una pena, no creo que volvamos	[('restaurant general', 'negative', 'NULL')]
es_barceloneta_48_AlbertFrancesch_2012-11-16:0	Como siempre, servicio muy correcto, rápido y excelente comida.	[('service general', 'positive', 'servicio'), ('food quality', 'positive', 'comida')]
es_barceloneta_54_MiguelMercadoVidal_2012-06-24:0	Comedor espacioso.	[('ambience general', 'positive', 'Comedor')]
es_barceloneta_54_MiguelMercadoVidal_2012-06-24:1	Inmejorables vistas.	[('ambience general', 'positive', 'vistas')]
es_barceloneta_54_MiguelMercadoVidal_2012-06-24:2	Servicio atento al cliente.	[('service general', 'positive', 'Servicio')]
es_barceloneta_54_MiguelMercadoVidal_2012-06-24:3	Ambiente familiar.	[('ambience general', 'positive', 'Ambiente')]
es_barceloneta_54_MiguelMercadoVidal_2012-06-24:4	Cocina inmejorable.	[('food quality', 'positive', 'Cocina')]
es_barceloneta_54_MiguelMercadoVidal_2012-06-24:5	Notable en general.	[('restaurant general', 'positive', 'NULL')]
es_barceloneta_57_GemmaAsensio_2012-05-20:0	Pescado y marisco muy fresco y sabroso.	[('food quality', 'positive', 'Pescado'), ('food quality', 'positive', 'marisco')]
es_barceloneta_57_GemmaAsensio_2012-05-20:1	La terraza por la noche, si el tiempo acompaña, genial (pedirla al hacer la reserva)	[('ambience general', 'positive', 'terraza')]
es_barceloneta_58_AlbertoFernandezMarin_2012-05-20:0	Muy satisfactoria, recomedare este restaurante entre mis allegados.	[('restaurant general', 'positive', 'NULL')]
es_barceloneta_59_JosepLluisTomasSavall_2012-05-13:0	"La comida es buena y el local agradable pero ""permitian fumar"" inconcebible en una zona que decian ""terraza"" y que estaba comunicada con el salon y con toldos bajados."	[('food quality', 'positive', 'comida'), ('ambience general', 'negative', 'local')]
es_barceloneta_61_ConsueloMateosCandeleda_2012-04-07:0	A pesar de ser un restaurante de pescado y marisco, mi marido encontró buenísimo el filete a la pimienta verde que pidió.	[('food quality', 'positive', 'filete a la pimienta verde')]
es_barceloneta_61_ConsueloMateosCandeleda_2012-04-07:1	El trato muy bueno.	[('service general', 'positive', 'trato')]
es_barceloneta_61_ConsueloMateosCandeleda_2012-04-07:2	Yo pedí una mesa bien situada y atendieron la petición, nos dieron una con muy buenas vistas.	[('ambience general', 'positive', 'vistas')]
es_barceloneta_62_VictorPeraltaCalonge_2012-04-04:0	Celebramos el cumpleaños de mi pareja y todo fue perfecto.	[('restaurant general', 'positive', 'NULL')]
es_barceloneta_65_JavierFarreDomingo_2012-03-04:0	Buen servicio, con mucha paciencia y siempre presentes.	[('service general', 'positive', 'servicio')]
es_barceloneta_65_JavierFarreDomingo_2012-03-04:1	Del menu 3 un buen 2ºplato, el primero, de pica-pica, un poco pobre.	[('food quality', 'positive', '2ºplato'), ('food style_options', 'negative', 'primero')]
es_barceloneta_66_MariaTeresaPerezGomez_2012-01-17:0	Seleccioné el restaurante para celebrar mi cumpleaños y me encanto a mi y a todos, la única cosa es que la próxima vez pediremos un poco más alejados de la cocina pq hay mucho jaleo en esa zona.	[('restaurant general', 'positive', 'NULL'), ('ambience general', 'negative', 'jaleo')]
es_barceloneta_66_MariaTeresaPerezGomez_2012-01-17:2	En general todo muy bien y recomendable.	[('restaurant general', 'positive', 'NULL')]
es_barceloneta_66_MariaTeresaPerezGomez_2012-01-17:3	Tienen un servicio rápido y eficiente.	[('service general', 'positive', 'servicio')]
es_barceloneta_68_JoseLuisPerezLafalla_2011-12-11:0	Buena calidad en los productos y un muy buen servicio recibido.	[('food quality', 'positive', 'productos'), ('service general', 'positive', 'servicio')]
es_barceloneta_6_Antonio_2015-08-19:0	<->Nada negativo.	[('restaurant general', 'positive', 'NULL')]
es_barceloneta_6_Antonio_2015-08-19:1	<+>Excelente recepción y incorporación a la mesa.	[('service general', 'positive', 'recepción')]
es_barceloneta_6_Antonio_2015-08-19:2	<+>Rapidísima atención por parte del Maitre y de los camareros.	[('service general', 'positive', 'Maitre'), ('service general', 'positive', 'camareros')]
es_barceloneta_6_Antonio_2015-08-19:3	<+>Sugerencias de entrantes y platos principales excelentes, claras y concisas.	[('service general', 'positive', 'Sugerencias')]
es_barceloneta_6_Antonio_2015-08-19:4	<+>Todo perfecto.	[('restaurant general', 'positive', 'NULL')]
es_barceloneta_73_EudaldCapdevilaPuigcercos_2011-10-10:1	Excelente, como siempre.	[('restaurant general', 'positive', 'NULL')]
es_barceloneta_75_HectorLuisMorenoG_2011-09-25:0	Excelente, lo recomiendo.	[('service general', 'positive', 'NULL')]
es_barceloneta_81_JoseMariaPascualBurgues_2011-06-06:0	Algunos platos son excesivamente caros teniendo en cuenta la cantidad presentada, pero no nos ha sorprendido.	[('food prices', 'negative', 'platos')]
es_barceloneta_84_Manel_2011-04-17:1	Tal y como dicen los foros y opinion, la calidad del producto es muy buena y la relación calidad precio (de la comida) aceptable.	[('food quality', 'positive', 'producto'), ('food prices', 'positive', 'comida')]
es_barceloneta_84_Manel_2011-04-17:2	El vino tiene un precio totalmente excesivo (3 veces el precio en la tienda.)	[('drinks prices', 'negative', 'vino')]
es_barceloneta_84_Manel_2011-04-17:3	Respecto del servicio y del lugar indicar que aunque el servicio es bueno, este parece más de un restaurante de menú que no de un restaurnate de 70 euros por persona (deprisa, deprisa, deprisa).	[('service general', 'neutral', 'servicio')]
es_barceloneta_84_Manel_2011-04-17:4	La distancia entre mesas es digna de un restaurante de Menú.	[('ambience general', 'negative', 'mesas')]
es_barceloneta_84_Manel_2011-04-17:5	En geenral está bien, pero si cuidasen esos pequeños detalles (sobre todo la distancia entre mesas) sería superior.	[('restaurant general', 'positive', 'NULL')]
es_barceloneta_86_PilarVinaixaBlade_2011-04-02:0	Perfecto... Como siempre ...	[('restaurant general', 'positive', 'NULL')]
es_barceloneta_87_Lonly_2011-03-23:0	Un buen lugar para comer buen marisco y pescado en un entorno privilegiado y en un local amplio, luminoso y agradable, aunque algo ruidoso (es muy grande).	[('food quality', 'positive', 'marisco'), ('food quality', 'positive', 'pescado'), ('ambience general', 'positive', 'entorno'), ('ambience general', 'neutral', 'local')]
es_barceloneta_87_Lonly_2011-03-23:1	Muy buen servicio y muy cómodo (te aparcan el coche).	[('service general', 'positive', 'servicio')]
es_barceloneta_8_AntonioSerranoPueyo_2015-05-30:1	Nunca defrauda.	[('restaurant general', 'positive', 'NULL')]
es_barceloneta_8_AntonioSerranoPueyo_2015-05-30:2	Productos de calidad óptima, elaborados magníficamente.	[('food quality', 'positive', 'Productos')]
es_barceloneta_8_AntonioSerranoPueyo_2015-05-30:3	Siempre es igual de excelente, con un servicio impecable.	[('service general', 'positive', 'servicio')]
es_barceloneta_8_AntonioSerranoPueyo_2015-05-30:4	Un Jefe de Sala que siempre recuerda y saluda a los cliente habituales, aunque hayan pasado meses desde la última vez que visitaron el restaurante.	[('service general', 'positive', 'Jefe de Sala')]
es_barceloneta_8_AntonioSerranoPueyo_2015-05-30:5	Un valor seguro.	[('restaurant general', 'positive', 'Un valor seguro')]
es_barceloneta_8_AntonioSerranoPueyo_2015-05-30:6	"Un ""Blue chip"" de la restauración."	"[('restaurant general', 'positive', 'Un ""Blue chip"" de la restauración')]"
es_barceloneta_90_RoserFerrerJarque_2011-02-27:0	Es dificil decidir que es lo más destacable, el servicio, la comida...	[('service general', 'positive', 'servicio'), ('food quality', 'positive', 'comida')]
es_barceloneta_93_JoseMJodarToledo_2011-01-04:0	Ambiente un poco cargado, servicio correcto, buena relación calidad/precio.	[('ambience general', 'negative', 'Ambiente'), ('service general', 'positive', 'servicio'), ('food quality', 'positive', 'NULL'), ('food prices', 'positive', 'NULL')]
es_barceloneta_95_Berta_2010-12-14:0	Es de los pocos sitios que aun quedan donde se paga en función de como se come.	[('restaurant prices', 'positive', 'sitios')]
es_barceloneta_95_Berta_2010-12-14:1	No es barato pero al menos la calidad esta de acorde con el precio.	[('food quality', 'positive', 'NULL'), ('food prices', 'negative', 'NULL')]
es_barceloneta_95_Berta_2010-12-14:2	Lo recomiendo.	[('restaurant general', 'positive', 'NULL')]
es_barceloneta_98_XavierSoler_2010-10-30:0	Muy buen restaurante.	[('restaurant general', 'positive', 'restaurante')]
es_barceloneta_98_XavierSoler_2010-10-30:1	Comida y vistas excepcionales.	[('food quality', 'positive', 'Comida'), ('ambience general', 'positive', 'vistas')]
es_barceloneta_99_JoseRuizMartos_2010-10-12:0	Como siempre excelente.	[('restaurant general', 'positive', 'NULL')]
es_bodega-de-chema-la-zaragoza_comment-3991:0	Hemosido con la idea de tomar el Menú degustación de las Jornadas de la huerta y el cabrito y aunque nos han ofrecido la posibilidad de otras opciones, hemos tomado el que teníamos pensado, respecto al menú, nada que objetar, todo perfecto y de acuerdo a las expectativas, el servicio totalmente correcto y diligente sin caer en la pesadez, total una velada perfecta, como para repetir y recomendar. 	[('food quality', 'positive', 'Menú degustación'), ('service general', 'positive', 'servicio'), ('restaurant general', 'positive', 'NULL')]
es_bodega-de-chema-la-zaragoza_comment-4031:2	Lo unico que puedo decir es que la calidad de lo que comimos fue estupenda, pero nos sorprendio la cantidad, que era mas bien escasa. 	[('food quality', 'positive', 'NULL'), ('food style_options', 'negative', 'NULL')]
es_bodega-de-chema-la-zaragoza_comment-4094:0	Reservamos a través  de la pagina web y el menú no nos decepciono, elegimos el menú del cabritillo y lo que nos esperábamos, buena calidad y cantidad mas que aceptable.	[('food quality', 'positive', 'menú del cabritillo')]
es_bodega-de-chema-la-zaragoza_comment-4094:1	Si pudiera ser un poco mas barato seria perfecto. 	[('restaurant prices', 'neutral', 'NULL')]
es_bodega-de-chema-la-zaragoza_comment-4145:0	Espectacular, ya dos veces que vamos y me encanta ir a este restaurante.	[('restaurant general', 'positive', 'restaurante')]
es_bodega-de-chema-la-zaragoza_comment-4145:1	El cabrito, genial.	[('food quality', 'positive', 'cabrito')]
es_bodega-de-chema-la-zaragoza_comment-4145:2	Da una pena no acabarse las patatas, que encima estaban muy buenas…  	[('food quality', 'positive', 'patatas')]
es_bodega-de-chema-la-zaragoza_comment-4145:3	Del resto del menú, muy rico.	[('food quality', 'positive', 'menú')]
es_bodega-de-chema-la-zaragoza_comment-4145:4	Merece la pena ir. 	[('restaurant general', 'positive', 'NULL')]
es_bodega-de-chema-la-zaragoza_comment-4165:0	Buena comida, a un precio razonable y con un gran servicio.	[('food quality', 'positive', 'comida'), ('food prices', 'neutral', 'comida'), ('service general', 'positive', 'servicio')]
es_bodega-de-chema-la-zaragoza_comment-4165:1	El asado muy bueno. 	[('food quality', 'positive', 'asado')]
es_bodega-de-chema-la-zaragoza_comment-4180:1	La especialidad del restaurante (cabrito con patatas) es espectacular.	[('food quality', 'positive', 'cabrito con patatas')]
es_bodega-de-chema-la-zaragoza_comment-4180:2	Además es en el único sitio en el que se puede comer con garantías y gran calidad.	[('food quality', 'positive', 'sitio')]
es_bodega-de-chema-la-zaragoza_comment-4180:3	Raciones generosas y precios cerrados sin sorpresas, lo cual es muy raro actualmente.	[('food style_options', 'positive', 'Raciones'), ('food prices', 'positive', 'Raciones')]
es_bodega-de-chema-la-zaragoza_comment-4180:4	Es decir, relación calidad precio muy buena.Los entrantes excelentes (mi debilidad es el huevo pochado).	[('food quality', 'positive', 'huevo pochado'), ('food prices', 'positive', 'NULL'), ('food quality', 'positive', 'NULL')]
es_bodega-de-chema-la-zaragoza_comment-4180:5	No perderse el sorbete de mojito.	[('drinks quality', 'positive', 'sorbete de mojito')]
es_bodega-de-chema-la-zaragoza_comment-4180:6	Ya hemos repetido y volveremos a hacerlo. 	[('restaurant general', 'positive', 'NULL')]
es_bodega-de-chema-la-zaragoza_comment-4200:0	Muy bien 	[('restaurant general', 'positive', 'NULL')]
es_bodega-de-chema-la-zaragoza_comment-4202:0	Fuimos seis personas para una celebración familiar, era nuestra primera vez allí, pedimos el menú de las setas y nos gustó muchísimo, todo muy bien cocinado, cantidades razonables, unas combinaciones de sabores exquisitas, nos quedamos muy satisfechos y con ganas de volver otra vez.	[('food quality', 'positive', 'menú de las setas')]
es_bodega-de-chema-la-zaragoza_comment-4202:1	El servicio fue bien, rápido y sin problemas.	[('service general', 'positive', 'servicio')]
es_bodega-de-chema-la-zaragoza_comment-4202:2	Espero que sigan siempre con afán de superación y dando la mayor calidad posible, con precios razonables. 	[('restaurant general', 'positive', 'NULL'), ('food quality', 'positive', 'NULL'), ('restaurant prices', 'positive', 'NULL')]
es_bodega-de-chema-la-zaragoza_comment-4255:0	La cena nos ha gustado mucho, tanto el menú como la presentación y el servicio.	[('food quality', 'positive', 'menú'), ('service general', 'positive', 'servicio')]
es_bodega-de-chema-la-zaragoza_comment-4255:1	La carta de vinos y el cava también.	[('drinks style_options', 'positive', 'carta de vinos y el cava')]
es_bodega-de-chema-la-zaragoza_comment-4255:2	Hemos estado muy a gusto.	[('restaurant general', 'positive', 'NULL')]
es_bodega-de-chema-la-zaragoza_comment-4255:3	La relación calidad-precio muy bien.	[('food prices', 'positive', 'NULL'), ('food quality', 'positive', 'NULL')]
es_bodega-de-chema-la-zaragoza_comment-4255:4	Repetiremos.	[('restaurant general', 'positive', 'NULL')]
es_bodega-de-chema-la-zaragoza_comment-4256:0	Fabuloso comienzo de año con una comida estupenda y una estancia genial tanto por el ambiente como por el agradable trato recibido, como en anteriores veces, repetiremos.	[('food quality', 'positive', 'comida'), ('ambience general', 'positive', 'ambiente'), ('service general', 'positive', 'trato')]
es_bodega-de-chema-la-zaragoza_comment-4292:0	La comida la verdad muy buena pero la oferta q sale aqui luego no es la mismo de alli me salio  5€ mas caro por pers el menu.por lo demas bastante bien 	[('food quality', 'positive', 'comida'), ('food prices', 'negative', 'oferta')]
es_bodega-de-chema-la-zaragoza_comment-4326:0	La experiencia en el restaurante “La Bodega de Chema”, ha sido una experiencia muy agradable tanto para mi como para la persona que me acompañaba.	[('restaurant general', 'positive', 'restaurante')]
es_bodega-de-chema-la-zaragoza_comment-4326:1	Decir que la atención por parte de las personas que trabajan en este restaurante fue amable y educada.	[('service general', 'positive', 'atención')]
es_bodega-de-chema-la-zaragoza_comment-4326:2	Toda la comida fue de nuestro agrado pero el cabrito al horno fue realmente espectacular.	[('food quality', 'positive', 'cabrito al horno'), ('food quality', 'positive', 'comida')]
es_bodega-de-chema-la-zaragoza_comment-4326:3	Un punto a tener muy en cuenta es que en el momento en el cual solicité la cuenta, esta no tenía ningún incremento, siendo exactamente la cantidad que marcaba el menú elegido y reservado por de internet.	[('food prices', 'positive', 'menú')]
es_bodega-de-chema-la-zaragoza_comment-4326:4	Tal ha sido mi satisfacción que este es un lugar que ya he recomendado a varios de mis amigos.	[('restaurant general', 'positive', 'NULL')]
es_bodega-de-chema-la-zaragoza_comment-4326:5	Creo que es algo perfecto tanto para ir en pareja como con los amigos y pienso que nadie que se acerque a cenar, quedará insatisfecho. 	[('restaurant general', 'positive', 'NULL')]
es_bodega-de-chema-la-zaragoza_comment-4331:0	Comimos mi marido y yo en el restaurante el sábado pasado, el menú temático de la trufa y el cabrito, es estupendo, equilibrado, bueno quizas demasiado, pero nosotros somos de buen comer y sabemos apreciar lo bueno.	[('food quality', 'positive', 'menú temático de la trufa'), ('food quality', 'positive', 'cabrito')]
es_bodega-de-chema-la-zaragoza_comment-4331:1	Nos sirvieron con agilidad, sin esperas.	[('service general', 'positive', 'NULL')]
es_bodega-de-chema-la-zaragoza_comment-4331:2	El vino HEREDAD “RED”, delicioso y agradable de tomar.	[('drinks quality', 'positive', 'HEREDAD “RED”')]
es_bodega-de-chema-la-zaragoza_comment-4331:3	Es interesante el precio, incluyendo el IVA, la calidad de los platos lo merece.	[('food prices', 'positive', 'platos'), ('food quality', 'positive', 'platos')]
es_bodega-de-chema-la-zaragoza_comment-4331:4	Seguid así y seguiréis llenando el comedor como siempre. 	[('restaurant general', 'positive', 'NULL')]
es_bodega-de-chema-la-zaragoza_comment-4344:0	Salimos encantadas del restaurante.	[('restaurant general', 'positive', 'restaurante')]
es_bodega-de-chema-la-zaragoza_comment-4344:1	La comida fue excelente y el servicio inmejorable.	[('food quality', 'positive', 'comida'), ('service general', 'positive', 'servicio')]
es_bodega-de-chema-la-zaragoza_comment-4344:2	Pienso ponerlo en la lista de mis favoritos 	[('restaurant general', 'positive', 'NULL')]
es_bodega-de-chema-la-zaragoza_comment-4366:0	Estupendo el cabrito.	[('food quality', 'positive', 'cabrito')]
es_bodega-de-chema-la-zaragoza_comment-4366:1	Muy bueno el detalle de la casa y los entrantres, asi como también una tabla de quesos antes de los postres.	[('food style_options', 'positive', 'detalle de la casa'), ('food quality', 'positive', 'entrantres'), ('food quality', 'positive', 'tabla de quesos')]
es_bodega-de-chema-la-zaragoza_comment-4366:2	Todo muy recomendable. 	[('restaurant general', 'positive', 'NULL')]
es_bodega-de-chema-la-zaragoza_comment-4370:0	La comida muy bien, estupenda, servicio bueno, un poco lentos.	[('food quality', 'positive', 'comida'), ('service general', 'neutral', 'servicio')]
es_bodega-de-chema-la-zaragoza_comment-4370:1	Faltó que la casa invitase a un chupito al final. 	[('restaurant general', 'negative', 'NULL')]
es_bodega-de-chema-la-zaragoza_comment-4372:0	Un menú rico.	[('food quality', 'positive', 'menú')]
es_bodega-de-chema-la-zaragoza_comment-4372:1	Me ha encantado poder degustar tres entrantes y elegir un segundo.	[('food style_options', 'positive', 'entrantes'), ('food style_options', 'positive', 'segundo')]
es_bodega-de-chema-la-zaragoza_comment-4372:3	Un detalle poder llevarse la comida que sobraba (iba con una persona mayor que no come mucho y le han puesto la corvina sobrante en un envase).	[('service general', 'positive', 'detalle')]
es_bodega-de-chema-la-zaragoza_comment-4372:4	Sitio a recordar. 	[('restaurant general', 'positive', 'Sitio')]
es_bodega-de-chema-la-zaragoza_comment-4548:0	Una velada estupenda.	[('restaurant general', 'positive', 'NULL')]
es_bodega-de-chema-la-zaragoza_comment-4548:1	Servicio inmejorable y la cena fantástica.	[('service general', 'positive', 'Servicio'), ('food quality', 'positive', 'cena')]
es_bodega-de-chema-la-zaragoza_comment-4548:2	A destacar el cabrito y el sorbete de mandarina, simplemente delicioso.	[('food quality', 'positive', 'cabrito'), ('drinks quality', 'positive', 'sorbete de mandarina')]
es_bodega-de-chema-la-zaragoza_comment-4548:3	Toda la cena regada con un gran vino que nos recomendaron en el restaurante.	[('drinks quality', 'positive', 'vino')]
es_bodega-de-chema-la-zaragoza_comment-4548:4	Volveremos seguro.	[('restaurant general', 'positive', 'NULL')]
es_bodega-de-chema-la-zaragoza_comment-4548:5	Recomendable 100/100 	[('restaurant general', 'positive', 'NULL')]
es_bodega-de-chema-la-zaragoza_comment-4561:0	Como siempre, perfecto….Muy buena relacion calidad precio y un gran servicui 	[('restaurant general', 'positive', 'NULL'), ('food prices', 'positive', 'NULL'), ('food quality', 'positive', 'NULL'), ('service general', 'positive', 'servicui')]
es_bodega-de-chema-la-zaragoza_comment-4728:1	Como siempre, fabuloso, además con sólo calentar el horno a 180º durante un momento, luego calientas durante 5 minutos, le echas salsa y a comer.	[('food quality', 'positive', 'NULL')]
es_bodega-de-chema-la-zaragoza_comment-4783:0	Perfecto.	[('restaurant general', 'positive', 'NULL')]
es_bodega-de-chema-la-zaragoza_comment-4783:1	Nos ha gustado.	[('restaurant general', 'positive', 'NULL')]
es_bodega-de-chema-la-zaragoza_comment-4783:2	Servicio excelente.	[('service general', 'positive', 'Servicio')]
es_bodega-de-chema-la-zaragoza_comment-4783:3	Comida exquisita.	[('food quality', 'positive', 'Comida')]
es_bodega-de-chema-la-zaragoza_comment-4783:4	Trato profesional y muy amable 	[('service general', 'positive', 'Trato')]
es_cafe-meccano-gastrobar-zaragoza_comment-3143:0	Estuve el Sábado pasado y la verdad es que me gustó mucho.Moderno,diferente,buen servicio,carta divertida y original.	[('restaurant general', 'positive', 'NULL'), ('service general', 'positive', 'servicio'), ('food style_options', 'positive', 'carta')]
es_cafe-meccano-gastrobar-zaragoza_comment-3143:1	Las mini hamburguesas de ternasco,ibérico y buey ya de por si merecen una visita. 	[('food quality', 'positive', 'mini hamburguesas de ternasco,ibérico y buey')]
es_cafe-meccano-gastrobar-zaragoza_comment-3308:0	Hay una puntualización importante que no me ha parecido leer en la crítica: el menú cerrado de 30€ es para grupos de un mínimo de 8 personas. 	[('food style_options', 'negative', 'menú')]
es_cafe-meccano-gastrobar-zaragoza_comment-3407:0	Estuve el Sábado 11 de Febrero, y mi califación global es Buena.	[('restaurant general', 'positive', 'NULL')]
es_cafe-meccano-gastrobar-zaragoza_comment-3407:1	La verdad es que la música era genial, genial, es raro en Zaragoza encontrar Bares con música tan buena.	[('ambience general', 'positive', 'música')]
es_cafe-meccano-gastrobar-zaragoza_comment-3407:2	La pena era que fuimos a cenar y todavía no era hora de bailar.La cena, regular.	[('food quality', 'neutral', 'cena')]
es_cafe-meccano-gastrobar-zaragoza_comment-3407:3	La calidad aceptable, pero la cantidad escasa, eramos 5 chicas, y no muy comedoras, pero los platos eran muy pequeños, sobre todo las croquetas y los buñuelos, la presentación era muy buena, y la atención por parte de los Camareros, inmejorable.	[('food quality', 'positive', 'NULL'), ('food style_options', 'negative', 'platos'), ('food style_options', 'negative', 'croquetas'), ('food style_options', 'negative', 'buñuelos'), ('service general', 'positive', 'presentación'), ('service general', 'positive', 'atención')]
es_cafe-meccano-gastrobar-zaragoza_comment-3407:4	Las copas económicas, y el show de las Drag’s regulero.En resumen le doy una buena puntuación pero más como bar de copas, que para cenar, (bueno a lo mejor para recenar, o picotear), pero no esperes llenarte, a nos que te gastes un pastón.Volvere?	[('drinks prices', 'positive', 'copas'), ('ambience general', 'negative', 'show de las Drag’s'), ('drinks style_options', 'positive', 'bar de copas')]
es_cafe-meccano-gastrobar-zaragoza_comment-3848:0	Hola muy satisfactorio todo empezando por la atención en las reserva respondiendo muy atentamente a la petición y luego muy bien tanto el trato con los camareros y camareras como con el nivel de la cena lo hemos recomendado a todos nuestros amigos que que no son pocos y pronto estaremos allí de nuevo para participar en el caraoke pues soy cantante y creo que allí hay un buen ambienteUn saludo afectuoso 	[('service general', 'positive', 'reserva'), ('service general', 'positive', 'trato'), ('food quality', 'positive', 'cena'), ('ambience general', 'positive', 'ambiente')]
es_cafe-meccano-gastrobar-zaragoza_comment-3867:0	Muy bien el trato y a gusto, lo único que para cenar en plan cena romantica resultó un poco incompatible con el tema de la actuación, al estar en una mesa demasiado entre la entrada y la barra del bar, ya que cuando llegaron las amistades de los artistas, y otros clientes, se invadió el ambientillo intimo, y ya no apetecñia mucho seguir allí cenando a la vez que gente toma copas, hubiera sido mejor poneros en una mesa por el fondo, sin ver el trasiego de gente, que al lado del escenario y la puerta de entrada.	[('service general', 'positive', 'trato'), ('ambience general', 'negative', 'cena romantica')]
es_cafe-meccano-gastrobar-zaragoza_comment-3867:1	la cena muy rica y el servicio muy atento.	[('food quality', 'positive', 'cena'), ('service general', 'positive', 'servicio')]
es_cafe-meccano-gastrobar-zaragoza_comment-3867:2	gracias,hasta pronto. 	[('restaurant general', 'positive', 'NULL')]
es_cafe-meccano-gastrobar-zaragoza_comment-3872:0	Esta bien la verdad!	[('restaurant general', 'positive', 'NULL')]
es_cafe-meccano-gastrobar-zaragoza_comment-3872:1	he ido varias veces con gente joven y siempre tiene buenas criticas, claro, sin exagerar!	[('restaurant general', 'positive', 'NULL')]
es_la-despensa_comment-1026:0	hayyyyyy calamidad….. si ya te lo dije en su momento soy un ex currante de este restaurante por decir algo y os comprendo estuve de jefe de cocina y en fin un desatre y eso que dureun mes,no habia genero,faltaba de todo y el niñato (…) 	[('food quality', 'negative', 'genero'), ('service general', 'negative', 'niñato')]
es_la-despensa_comment-1152:0	Tome dos pinchos en barra ayer 3-03-09 y me parecio todo muy lamentable.	[('restaurant general', 'negative', 'NULL')]
es_la-despensa_comment-1152:1	Con el nivel que cada dia hay en establecimientos de toda la ciudad (margen izquierda incluida) , es vergonzoso que tarden 10minutos en emplatar 2 pinchos templandolos en salamandra y napando de tosca manera con simple aceite de cebollino.	[('service general', 'negative', 'NULL')]
es_la-despensa_comment-1152:2	SIN ENTRAR A VALORAR LOS BOSTEZOS DE LA CAMARERA , las discusiones entre cocina y barra y los tratos con repartidores y representantes sin respetar la presencia de “solo” dos clientes en barra.Ademas deben estar contentos de cobrar entre 3,5 y 5,5 euros por pincho , pero distan mucho de hacer cocina en miniatura buena.	[('service general', 'negative', 'CAMARERA'), ('service general', 'negative', 'discusiones'), ('food prices', 'negative', 'cocina'), ('food quality', 'negative', 'cocina'), ('service general', 'negative', 'tratos')]
es_la-despensa_comment-1152:4	Una pena , una pena….. 	[('restaurant general', 'negative', 'NULL')]
es_la-despensa_comment-1887:1	Nunca mas!	[('restaurant general', 'negative', 'NULL')]
es_la-despensa_comment-1887:2	nos sorprendio los precios tan altos, 3,5€ una croqueta.	[('food prices', 'negative', 'croqueta')]
es_la-despensa_comment-1887:3	lo estabamos comentando mientras mirabamos la carta y el camarero nos debió oir y nos quitó la carta delante de nuestras narices.	[('service general', 'negative', 'camarero')]
es_la-despensa_comment-1887:4	Pensabamos que era un despiste, pero no, empezaron a cuchichear el cocinero y camarero, criticandonos y riendose de nosotros y de la manera mas descarada, luego tambien hicieron mofa de un señor que estaba a nuestro lado con su señora.	[('service general', 'negative', 'cocinero'), ('service general', 'negative', 'camarero')]
es_la-despensa_comment-1887:5	y para colmo nos querian estafar cobrando de mas!!	[('service general', 'negative', 'NULL')]
es_la-despensa_comment-1887:6	no volveré nunca y me encargaré de no recomendarlo.	[('restaurant general', 'negative', 'NULL')]
es_la-despensa_comment-1887:7	Es una falta de respeto reirte de la gente y mas si son tus clientes.	[('service general', 'negative', 'NULL')]
es_la-despensa_comment-1887:8	Son unos maleducados. 	[('service general', 'negative', 'NULL')]
es_la-despensa_comment-2777:0	estuve la semana pasada y es un sitio lamentablelos camereros , uno es el dueño, son bastante desagadablesla unica que funciona es una chica rubia que hace lo imposible por agradar y tapar al restoson ademas muy carosno vayais 	[('service general', 'negative', 'camereros'), ('service general', 'negative', 'dueño'), ('service general', 'positive', 'chica rubia'), ('restaurant prices', 'negative', 'NULL')]
es_la-despensa_comment-3213:0	Nefastos, recomiendaselo a tu enemigo o a gente que te caiga mal.	[('restaurant general', 'negative', 'NULL')]
es_la-despensa_comment-3213:2	fui con mi mujer y no volveré aunque me regalen la comida.	[('restaurant general', 'negative', 'NULL')]
es_la-despensa_comment-3213:3	una decepción 	[('restaurant general', 'negative', 'NULL')]
es_la-despensa_comment-786:0	Copio lo que ya escribí hace unas semanas en otra página web tras mi, también dolorasa, visita a este sótano.” Fui con unos amigos a los que les había dado una buena impresión tomando unas tapas.	[('restaurant general', 'negative', 'sótano')]
es_la-despensa_comment-786:1	Hay un listado de sugerencias plastificado y sin precio, incluido en la carta y tan largo como la carta.	[('food style_options', 'negative', 'sugerencias')]
es_la-despensa_comment-786:2	Además te leen aún más sugerencias.	[('food style_options', 'negative', 'sugerencias')]
es_la-despensa_comment-786:3	Pedimos varias de las sugerencias del listado, porque la carta normal era muy poco original.¡Todas costaron entre 23 y 28 €, hasta las ensaladas!	[('food style_options', 'negative', 'carta'), ('food prices', 'negative', 'ensaladas')]
es_la-despensa_comment-786:4	Muy caro, carísimo para la calidad.	[('restaurant prices', 'negative', 'NULL')]
es_la-despensa_comment-786:5	Además teniendo que correr para salir a tiempo, porque hacen turnos para cenar.	[('service general', 'negative', 'turnos')]
es_la-despensa_comment-786:6	¡A estos precios me parece un insulto!	[('restaurant prices', 'negative', 'NULL')]
es_la-despensa_comment-786:7	Yo no voy a volver.	[('restaurant general', 'negative', 'NULL')]
es_la-despensa_comment-816:0	Gracias a los dos por darme la informacion, algun dia he ido de tapeo en la barra pero no me ha dado por bajar, no lo hare porque por lo que poneis mas que bajar al salon, bajas a los infiernos.	[('restaurant general', 'negative', 'salon')]
es_la-despensa_comment-816:1	No esta la economia para que la gente pague 60 euracos en una ensalada y una carne, a falta de vino y postre, por persona segun el vino te vas a 80 euros.	[('food prices', 'negative', 'ensalada'), ('food prices', 'negative', 'carne')]
es_la-scala-zaragoza_comment-1138:0	Hola,yo he estado en este restaurante dos veces y nos gusto bastante.	[('restaurant general', 'positive', 'restaurante')]
es_la-scala-zaragoza_comment-1138:1	Casualmente también cenamos la tempura y nos encanto, de segundo yo comi cochinillo, venia con huesos (en otros sitios lo dan deshuesado) pero estaba riquisimo, mi mujer pidió corvina y también le encantó, de postre compartimos un coulant de chocolate.la segunda vez fuimos con mis suegros y también les gusto, fue un domindo a comer, picamos jamón, croquetas y otra vez tempura y de segundo arroz negro, en su punto y muy bueno.	[('food quality', 'positive', 'tempura'), ('food quality', 'positive', 'cochinillo'), ('food quality', 'positive', 'corvina'), ('food quality', 'positive', 'arroz negro')]
es_la-scala-zaragoza_comment-1138:2	las dos veces precio normal para estos sitios.	[('restaurant prices', 'positive', 'sitios')]
es_la-scala-zaragoza_comment-1206:0	Estuvimos hace unas semanas y no nos gustó nada.	[('restaurant general', 'negative', 'NULL')]
es_la-scala-zaragoza_comment-1206:1	Nos sentaron en zona de paso habiendo reservado con tres semanas de antelación.	[('service general', 'negative', 'zona de paso')]
es_la-scala-zaragoza_comment-1206:2	La tempura, un plato treméndamente vulgar en cuanto a su presentación y la calidad.	[('food style_options', 'negative', 'tempura'), ('food quality', 'negative', 'tempura')]
es_la-scala-zaragoza_comment-1206:3	El cogote y el bacalao aceptable.	[('food quality', 'neutral', 'cogote'), ('food quality', 'neutral', 'bacalao')]
es_la-scala-zaragoza_comment-1206:4	Postre también vulgar.	[('food quality', 'negative', 'Postre')]
es_la-scala-zaragoza_comment-1206:5	El servicio más pendiente de una cena de empresa, por tanto no fue bueno el servicio.	[('service general', 'negative', 'servicio')]
es_la-scala-zaragoza_comment-1206:6	Mucha apariencia de modernidad pero nada especial.	[('ambience general', 'negative', 'apariencia')]
es_la-scala-zaragoza_comment-1206:7	Nosotros no volveremos. 	[('restaurant general', 'negative', 'NULL')]
es_la-scala-zaragoza_comment-2111:0	Estuve el otro día y me parecio muy bien.	[('restaurant general', 'positive', 'NULL')]
es_la-scala-zaragoza_comment-2111:1	El trato fues cordial y la comida esplendida, tuvieron un par de detalles buenos que eso gusta porqeu no en todos los itios lo hacen.	[('service general', 'positive', 'trato'), ('food quality', 'positive', 'comida')]
es_la-scala-zaragoza_comment-2111:2	Estuvieron encima en todo moneto y no hacia falta llamarles.	[('service general', 'positive', 'NULL')]
es_la-scala-zaragoza_comment-2111:3	La comida estuvo bien en su punto y bien presentada. 	[('food quality', 'positive', 'comida')]
es_la-scala-zaragoza_comment-2259:0	Yo voy bastante a menudo y me encanta.	[('restaurant general', 'positive', 'NULL')]
es_la-scala-zaragoza_comment-2259:1	El servicio siempre es correctísimo y la comida muy buena.	[('service general', 'positive', 'servicio'), ('food quality', 'positive', 'comida')]
es_la-scala-zaragoza_comment-2259:2	De entrantes siempre pedimos la tempura que está buenísima (pese a los comentarios anteriores), croqueta trufada que es expectacular y el ravioli con longaniza de Graus que está expectacular también.	[('food quality', 'positive', 'tempura'), ('food quality', 'positive', 'croqueta trufada'), ('food quality', 'positive', 'ravioli con longaniza de Graus')]
es_la-scala-zaragoza_comment-2259:3	Los segundos he probado varios, pero siempre buenos.	[('food quality', 'positive', 'segundos')]
es_la-scala-zaragoza_comment-2259:4	Lo único que no me convenció fue el magret de pato que estaba pelín soso.	[('food quality', 'negative', 'magret de pato')]
es_la-scala-zaragoza_comment-2259:5	Siempre bebemos cava y nos lo sacan muy frio, como debe ser y en pocos sitios te lo sacan correctamente.	[('drinks quality', 'positive', 'cava')]
es_la-scala-zaragoza_comment-2259:6	El precio es bueno, nada exagerado.	[('restaurant prices', 'positive', 'NULL')]
es_la-scala-zaragoza_comment-2259:7	Sin duda es un sitio que recomiendo. 	[('restaurant general', 'positive', 'sitio')]
es_la-scala-zaragoza_comment-3258:0	yo no he tenido el placer de la cocina de este restaurante, pero el trato deja mucho que desear, ayer, con mi bebe de 4 meses y mi pareja intentamos ir al concurso de las tapas que se celebra cada año en zaragoza y nos dijeron de muy malas maneras que en domingo solo se comia a la carta y que no hacian el concurso (que en la propaganda viene anunciado hasta el 25 de noviembre), y ademas nos querían sentar en una zona de paso, con el carrito apartado…en fin, para no volver, y sin probarlo!!!!! 	[('service general', 'negative', 'trato'), ('restaurant general', 'negative', 'NULL')]
es_la-scala-zaragoza_comment-3271:0	No me extraña el comentario de Marta,el propietario de este local debería dedicarse a otros menesteres.	[('service general', 'negative', 'propietario')]
es_la-scala-zaragoza_comment-3271:1	La nula educación y su pésima atención son sus credenciales. 	[('service general', 'negative', 'educación'), ('service general', 'negative', 'atención')]
es_la-scala-zaragoza_comment-3399:0	El restaurante bien, con una decoración escueta (”minimalista”) muy agradable, el trato correcto comimos muy bien y no me parecio caro para los tres que fuimos.	[('restaurant general', 'positive', 'restaurante'), ('ambience general', 'positive', 'decoración'), ('service general', 'positive', 'trato'), ('restaurant prices', 'positive', 'NULL')]
es_la-scala-zaragoza_comment-3399:1	En resumen, comida bien-muy bien, servicio correcto y profesional 	[('food quality', 'positive', 'comida'), ('service general', 'positive', 'servicio')]
es_la-scala-zaragoza_comment-3544:1	Estuvimos muy agusto y cenamos muy bien, el menu de temporada, con algun plato de carta que luego nos ajustaron como de menu.	[('food quality', 'positive', 'menu de temporada')]
es_la-scala-zaragoza_comment-3544:2	Todo muy correcto.	[('restaurant general', 'positive', 'NULL')]
es_la-scala-zaragoza_comment-3544:3	Creo que es un sitio donde es dificil que algo salga mal, de estos sitios, que siempre aciertas.	[('restaurant general', 'positive', 'sitio')]
es_la-scala-zaragoza_comment-3544:4	Muy recomedable.	[('restaurant general', 'positive', 'NULL')]
es_la-scala-zaragoza_comment-3544:5	Nosotros volveremos. 	[('restaurant general', 'positive', 'NULL')]
es_la-scala-zaragoza_comment-3622:0	Estuvimos hace poco mi pareja y yo comiendo y resultó todo muy bien, tanto la comida, el vino, el trato, la  decoración… nos gustó todo mucho.	[('food quality', 'positive', 'comida'), ('drinks quality', 'positive', 'vino'), ('service general', 'positive', 'trato'), ('ambience general', 'positive', 'decoración')]
es_la-scala-zaragoza_comment-3622:1	Por cierto, había niños pequeños y sin problema. 	[('restaurant miscellaneous', 'positive', 'NULL')]
es_la-scala-zaragoza_comment-3762:0	Estuve la semana pasada (entre semana) cenando y fue muy bien.Tanto la atención (muy atentos y dando consejos apropiados), como la comida, y el tiempo de espera.	[('restaurant general', 'positive', 'NULL'), ('service general', 'positive', 'atención'), ('food quality', 'positive', 'comida'), ('service general', 'positive', 'tiempo de espera')]
es_la-scala-zaragoza_comment-3762:2	Tanto el postre como el vino, fueron consejo del maitre, y la verdad que muy acertados. 	[('service general', 'positive', 'maitre'), ('food quality', 'positive', 'postre'), ('drinks quality', 'positive', 'vino')]
es_la-scala-zaragoza_comment-3907:0	Hemos comido de menú de temporada ( 26 € ) : Todo bueno, pero sales con la sensación de haber pagado más de lo que deberías ( y eso que no he pagado yo ) .	[('food quality', 'positive', 'menú de temporada'), ('food prices', 'negative', 'menú de temporada')]
es_la-scala-zaragoza_comment-3907:1	Y el menú para niños es un cuadra cuentas; el menú sigue la lógica de lo que un niño puede comer sin complicaciones y está todo bueno, pero sigue la tónica del resto: caro.Queda la duda de cómo será comer de carta, pero por cuenta propia, habiendo tantas opciones disponibles, no creo que vuelva para comprobarlo. 	[('food quality', 'positive', 'menú para niños'), ('food prices', 'negative', 'menú para niños')]
es_la-scala-zaragoza_comment-4006:0	En Zaragoza hay Restaurantes correctos, buenos, muy buenos,Restaurantes a los que no vuelves, los que pasan desapercibidos, mediocres y pésimos como por ejemplo La Scala.	[('restaurant general', 'negative', 'La Scala')]
es_la-scala-zaragoza_comment-4006:1	Afirmar que en ese local se pueden degustar verdaderas delicias es una auténtica temeridad.	[('food quality', 'negative', 'delicias')]
es_la-scala-zaragoza_comment-4006:2	Para olvidar. 	[('restaurant general', 'negative', 'NULL')]
es_la-scala-zaragoza_comment-4618:0	Muy bien tanto el servicio como la atención recibida y la cena 	[('service general', 'positive', 'servicio'), ('service general', 'positive', 'atención'), ('food quality', 'positive', 'cena')]
es_la-scala-zaragoza_comment-4683:1	Hemos estado muy a gusto, buen servicio, buena comida y buena compañia.	[('service general', 'positive', 'servicio'), ('food quality', 'positive', 'comida')]
es_la-scala-zaragoza_comment-4683:2	Repetiremos. 	[('restaurant general', 'positive', 'NULL')]
es_la-scala-zaragoza_comment-4705:0	Escriba aquí su comentario…Todo un descubrimiento.	[('restaurant general', 'positive', 'NULL')]
es_la-scala-zaragoza_comment-4705:1	Hemos comido fenomenal.	[('food quality', 'positive', 'NULL')]
es_la-scala-zaragoza_comment-4705:2	Nos decidimos por el menú de temporada y fué un acierto.	[('food quality', 'positive', 'menú de temporada')]
es_la-scala-zaragoza_comment-4705:3	Comida elaborada y sabrosa, cantidades generosas y servicio perfecto.	[('food quality', 'positive', 'Comida'), ('food style_options', 'positive', 'cantidades'), ('service general', 'positive', 'servicio')]
es_la-scala-zaragoza_comment-4705:4	Lo recomiendo totalmente. 	[('restaurant general', 'positive', 'NULL')]
es_la-scala-zaragoza_comment-4739:1	Todo estupendo, el restaurante estaba lleno y aun así nos atendieron muy bien 	[('service general', 'positive', 'restaurante')]
es_la-scala-zaragoza_comment-4817:1	No se puede encontrar mejor relación calidad/precio en Zaragoza.	[('food prices', 'positive', 'NULL'), ('food quality', 'positive', 'NULL')]
es_la-scala-zaragoza_comment-4817:2	Un menú de 25 euros impecable, el local tiene una atmósfera relajante y el servicio es súper amable y profesional.	[('food quality', 'positive', 'menú'), ('food prices', 'positive', 'menú'), ('ambience general', 'positive', 'atmósfera'), ('service general', 'positive', 'servicio')]
es_la-scala-zaragoza_comment-4817:3	El rogout de manitas prueba la existencia de dios padre.	[('food quality', 'positive', 'rogout de manitas')]
es_la-scala-zaragoza_comment-4817:4	Los postres son deliciosos todos.Repetiremos!!!	[('food quality', 'positive', 'postres'), ('restaurant general', 'positive', 'NULL')]
es_la-scala-zaragoza_comment-717:1	Es el primer restaurante de Zaragoza en el que realmente no nos gustó nada.	[('restaurant general', 'negative', 'restaurante')]
es_la-scala-zaragoza_comment-717:3	De segundo magret de pato y el postre no lo recuerdo, eso sí, recuerdo que ni fu ni fa.	[('food quality', 'negative', 'postre')]
es_la-scala-zaragoza_comment-717:5	La tempura aparte de no estar especialmente buena.	[('food quality', 'negative', 'tempura')]
es_la-scala-zaragoza_comment-717:6	Tanto a mí como  a otras personas que la probaron no nos sentó bien.	[('food quality', 'negative', 'NULL')]
es_la-scala-zaragoza_comment-717:7	El magret nada fino, tenía increíblemente los pelitos del pato.	[('food quality', 'negative', 'magret')]
es_la-scala-zaragoza_comment-717:8	Creo que un restaurante que presenta un estilo moderno, minimalista y bastante snob no puede presentar así un plato, pero claro la salsa y la presentación a primera vista todo lo tapa.	[('ambience general', 'positive', 'estilo'), ('food quality', 'negative', 'plato')]
es_la-scala-zaragoza_comment-717:9	Muy caro, un querer ser y no poder.	[('restaurant prices', 'negative', 'NULL')]
es_la-scala-zaragoza_comment-717:10	No lo recomiendo para nada 	[('restaurant general', 'negative', 'NULL')]
es_la_poma_11_MarinaAuradell_2014-12-07:0	No noz hicieron el 20% de descuento	[('restaurant prices', 'negative', 'NULL')]
es_la_poma_13_SaraBruntonLucas_2014-11-02:0	Comimos bien.	[('food quality', 'positive', 'NULL')]
es_la_poma_13_SaraBruntonLucas_2014-11-02:1	El risotto muy bueno.	[('food quality', 'positive', 'risotto')]
es_la_poma_13_SaraBruntonLucas_2014-11-02:2	Fueron un poco lentos en el servicio.	[('service general', 'negative', 'servicio')]
es_la_poma_14_TomeuDuran_2014-09-29:0	Perfecto restaurante.	[('restaurant general', 'positive', 'restaurante')]
es_la_poma_14_TomeuDuran_2014-09-29:1	la comida esta fabulosa.	[('food quality', 'positive', 'comida')]
es_la_poma_14_TomeuDuran_2014-09-29:2	"Grandes ventanales para disfrutar de ""Les Rambles""."	[('ambience general', 'positive', 'ventanales')]
es_la_poma_14_TomeuDuran_2014-09-29:3	el servicio muy profesional con la cocina a la vista y donde el chef se tapa la boca con una mascarilla(muy higiénico) .	[('service general', 'positive', 'servicio'), ('service general', 'positive', 'chef')]
es_la_poma_15_LolaDelgadoHelguera_2014-09-12:0	La comida buena y el servicio también.	[('food quality', 'positive', 'comida'), ('service general', 'positive', 'servicio')]
es_la_poma_15_LolaDelgadoHelguera_2014-09-12:1	Al traerme la cuenta no habían aplicado el 20%, pero fue decirselo y me trajeron la cuenta arreglada.	[('restaurant prices', 'neutral', 'cuenta')]
es_la_poma_15_LolaDelgadoHelguera_2014-09-12:2	Fantástico si vas al teatro Poliorama	[('location general', 'positive', 'NULL')]
es_la_poma_17_NardiLopezLopez_2014-08-15:0	Buena ubicación, buen servicio, calidad-precio inmejorable	[('location general', 'positive', 'ubicación'), ('service general', 'positive', 'servicio'), ('food prices', 'positive', 'NULL'), ('food quality', 'positive', 'NULL')]
es_la_poma_1_FinaJordaRoura_2015-05-05:0	La comida fue buena, el servicio un poco lento y tuvimos que reclamar el 20%.	[('food quality', 'positive', 'comida'), ('service general', 'negative', 'servicio')]
es_la_poma_1_FinaJordaRoura_2015-05-05:2	Lo único que en la pagina ponen que tienen platos sin gluten y no tienen información ni en la carta ni el mismo camarero... dudaban de todo.	[('food style_options', 'negative', 'platos'), ('service general', 'negative', 'camarero')]
es_la_poma_20_XavierPerezParra_2014-06-19:0	Buen servicio, con algunos pequeños detalles a mejorar.	[('service general', 'positive', 'servicio')]
es_la_poma_20_XavierPerezParra_2014-06-19:1	Rapidez entre platos.	[('service general', 'positive', 'Rapidez')]
es_la_poma_20_XavierPerezParra_2014-06-19:2	Deben mejorar el control en la cocción de la base de pizza que utlilizan.	[('food quality', 'negative', 'base de pizz')]
es_la_poma_20_XavierPerezParra_2014-06-19:3	A veces cruda en algunas zonas.	[('food quality', 'negative', 'NULL')]
es_la_poma_20_XavierPerezParra_2014-06-19:4	Buen local, buen ambiente y bastante acogedor.	[('ambience general', 'positive', 'local'), ('ambience general', 'positive', 'ambiente')]
es_la_poma_22_JaumeCollellEspuna_2014-04-21:0	Buena relacion calidad precio	[('food prices', 'positive', 'NULL'), ('food quality', 'positive', 'NULL')]
es_la_poma_24_JosepMMora_2014-03-23:0	Es algo más caro que lo que aparece en la web.	[('restaurant prices', 'negative', 'NULL')]
es_la_poma_24_JosepMMora_2014-03-23:1	Al finalizar el menu no querian hacer el descuento porque decían que el descuento era para cenas completa no valia para platos combinados sin postre... 	[('food prices', 'negative', 'menu')]
es_la_poma_24_JosepMMora_2014-03-23:2	En el vale descuento no pone nada de esto.	[('service general', 'negative', 'vale descuento')]
es_la_poma_2_YolandaBaraza_2015-02-26:0	Increible restaurante, un servicio increíble, un personal magnifico y una comida deliciosa.	[('restaurant general', 'positive', 'restaurante'), ('service general', 'positive', 'servicio'), ('food quality', 'positive', 'comida'), ('service general', 'positive', 'personal')]
es_la_poma_2_YolandaBaraza_2015-02-26:1	recomendado 100% nosotros volveremos a ir.	[('restaurant general', 'positive', 'NULL')]
es_la_poma_5_JosephPortoDiaz_2014-12-30:0	El restaurante era muy bonito, además el servicio muy bueno.	[('ambience general', 'positive', 'restaurante'), ('service general', 'positive', 'servicio')]
es_la_poma_6_RafaelPenuelaCalderon_2014-12-27:0	Como siempre que hemos ido, La Poma consigue un 10 en relación calidad/precio.	[('food prices', 'positive', 'Poma'), ('food quality', 'positive', 'Poma')]
es_la_poma_7_RafaelPenuelaCalderon_2014-12-27:0	En este día 25/12, apreciamos más lentitud en el servicio seguramente porque había menos personal en un día tan señalado, por lo demás excelente relación calidad/precio.	[('service general', 'negative', 'servicio'), ('food prices', 'positive', 'NULL'), ('food quality', 'positive', 'NULL')]
es_la_poma_8_MarianaPenicheArgaez_2014-12-25:0	Todo muy muy rico excelente	[('restaurant general', 'positive', 'NULL')]
es_la_poma_9_AnnaAsoJaca_2014-12-15:0	Mi opinión sobre el restaurante La Poma es que es correcto, pero no extraordinario.	[('restaurant general', 'positive', 'La Poma')]
es_la_poma_9_AnnaAsoJaca_2014-12-15:1	Pedimos un risotto (acceptable) y una pizza (muy mejorable) y postres (lo mejor).	[('food quality', 'positive', 'risotto'), ('food quality', 'negative', 'pizza'), ('food quality', 'positive', 'postres')]
es_la_poma_9_AnnaAsoJaca_2014-12-15:2	El servicio era eficiente pero no especialmente amable.	[('service general', 'neutral', 'servicio')]
es_la_poma_9_AnnaAsoJaca_2014-12-15:3	Se equivocaron al traer uno de los platos y rectificaron pero hubo que esperar un poco.	[('service general', 'negative', 'NULL')]
es_la_poma_9_AnnaAsoJaca_2014-12-15:4	En la cuenta se olvidaron de hacer el descuento y también fue necesario esperar a la rectificación.	[('service general', 'negative', 'NULL')]
es_la_poma_9_AnnaAsoJaca_2014-12-15:5	La decoración bastante conseguida.	[('ambience general', 'positive', 'decoración')]
es_la_poma_9_AnnaAsoJaca_2014-12-15:6	El local estaba lleno de turistas.	[('ambience general', 'negative', 'local')]
es_luis-candelas-zaragoza_comment-3240:0	Excelente comida casera que me recuerda la comida de mi madre.han realizado una gran reforma para satisfacer a sus clientes ¨gracias 	[('food quality', 'positive', 'comida'), ('ambience general', 'positive', 'reforma')]
es_luis-candelas-zaragoza_comment-3574:0	Lo recomiendo, un lugar en el que disfrutar de comida casera ó también de una buena chuleta de ternera a la piedra dentro de unos precios asequibles, para los que os gusten los buenos vinos, tenéis una gran variedad de ellos con los que acompañar una buena comida, en cuanto a las personas que lo atienden, Ana la propietaria se encarga de hacerte cómoda tu estancia y su madre en la cocina una excelente cocinera y un encanto de mujer. 	[('food quality', 'positive', 'comida'), ('food quality', 'positive', 'chuleta de ternera'), ('food prices', 'positive', 'chuleta de ternera'), ('food prices', 'positive', 'comida'), ('drinks style_options', 'positive', 'vinos'), ('service general', 'positive', 'Ana la propietaria'), ('service general', 'positive', 'madre')]
es_luis-candelas-zaragoza_comment-4152:0	Hemos comido el menú a la brasa precio calidad bien, los cayos que hemos probado de 10.	[('food prices', 'positive', 'menú a la brasa'), ('food quality', 'positive', 'menú a la brasa'), ('food quality', 'positive', 'cayos')]
es_luis-candelas-zaragoza_comment-4152:1	Lo recomendaremos.	[('restaurant general', 'positive', 'NULL')]
es_luis-candelas-zaragoza_comment-4152:2	Buen sitio para repetir 	[('restaurant general', 'positive', 'sitio')]
es_luis-candelas-zaragoza_comment-4160:0	comimos el domingo 20 de octubre y tenemos que decir que estuvo genial, probamos una ensalada con bonito escabechado de la casa muy bueno, las carnes muy bien elaboradas, los postres casi sobraban, pero había que hacer un esfuerzo que mereció la pena y bastantes vinos para poder elegir.	[('restaurant general', 'positive', 'NULL'), ('food quality', 'positive', 'ensalada con bonito escabechado de la casa'), ('food quality', 'positive', 'carnes'), ('food quality', 'positive', 'postres'), ('drinks style_options', 'positive', 'vinos')]
es_luis-candelas-zaragoza_comment-4160:1	muy recomendable y para volver!!! 	[('restaurant general', 'positive', 'NULL')]
es_luis-candelas-zaragoza_comment-4167:0	Tuvimos que esperar un poco para sentarnos, pero la comida muy buena, merece la pena. 	[('food quality', 'positive', 'comida'), ('service general', 'negative', 'NULL')]
es_luis-candelas-zaragoza_comment-4184:0	Excelente la atención de todo el personal, la comida ni hablar toda muy buena sobre todo el ternasco a la brasa uff todavíalo saboreo, muy buena cantidad para el que es comelón, un poco apartado del centro, pero por lo demás lo sabroso hace olvidar lo apartado, de verdad es muy bueno, lo recomiendo a todo aquel de buen paladar. 	[('service general', 'positive', 'atención'), ('food quality', 'positive', 'comida'), ('food quality', 'positive', 'ternasco a la brasa'), ('location general', 'negative', 'NULL'), ('restaurant general', 'positive', 'NULL')]
es_luis-candelas-zaragoza_comment-4187:0	Fuimos 7 personas con un niño tanto el trato con la comida fue muy buenaLo recomiendo 	[('service general', 'positive', 'trato'), ('food quality', 'positive', 'comida'), ('restaurant general', 'positive', 'NULL')]
es_luis-candelas-zaragoza_comment-4272:0	La cena estuvo muy bien.	[('food quality', 'positive', 'cena')]
es_luis-candelas-zaragoza_comment-4272:1	Fuimos un grupo numeroso, 20 personas, y nos atendieron fenomenal y muy efectivos.	[('service general', 'positive', 'NULL')]
es_luis-candelas-zaragoza_comment-4272:2	La ensalada, los entrantes fritos, el queso, fenomenal.	[('food quality', 'positive', 'ensalada'), ('food quality', 'positive', 'entrantes fritos'), ('food quality', 'positive', 'queso')]
es_luis-candelas-zaragoza_comment-4272:3	Como 2º plato yo elegí churrasco, que estaba sensacional, y con patatas fritas caseras (no congeladas).	[('food quality', 'positive', 'churrasco'), ('food quality', 'positive', 'patatas fritas')]
es_luis-candelas-zaragoza_comment-4272:4	Los postres también muy buenos, unos chupitos al final, cafés y todo por 20 € por persona.	[('food quality', 'positive', 'postres'), ('food prices', 'positive', 'NULL')]
es_luis-candelas-zaragoza_comment-4272:5	Los comentarios fueron favorables hacia todo, excepto el vino.	[('drinks quality', 'negative', 'vino')]
es_luis-candelas-zaragoza_comment-4272:7	Hay vinos jóvenes muy buenos de Cariñena por menos de 2 € la botella.	[('drinks quality', 'positive', 'vinos')]
es_luis-candelas-zaragoza_comment-4476:1	No será la última vez que vayamos,porque nos ha encantado.	[('restaurant general', 'positive', 'NULL')]
es_luis-candelas-zaragoza_comment-4476:2	El servicio estupendo y la cena muy bien también.	[('service general', 'positive', 'servicio'), ('food quality', 'positive', 'cena')]
es_luis-candelas-zaragoza_comment-4476:3	Recomendable sin duda. 	[('restaurant general', 'positive', 'NULL')]
es_luis-candelas-zaragoza_comment-4486:0	Hace una semana fuimos por primera vez al Candelas, fue su menú de brasa el que probamos y salvo el vino que gano mucho al convertirlo en  tinto de verano , la cena fue satisfactoria.	[('food quality', 'positive', 'menú de brasa'), ('drinks quality', 'negative', 'vino')]
es_luis-candelas-zaragoza_comment-4486:3	Muy satisfechos, el precio muy ajustado .	[('food quality', 'positive', 'NULL'), ('food prices', 'positive', 'NULL')]
es_luis-candelas-zaragoza_comment-4486:4	Sinduda repetiremos.	[('restaurant general', 'positive', 'NULL')]
es_luis-candelas-zaragoza_comment-4486:5	Muy recomendable y excelente trato de la Jefa de Sala. 	[('service general', 'positive', 'trato'), ('restaurant general', 'positive', 'NULL')]
es_luis-candelas-zaragoza_comment-4502:0	Vuelta de vacaciones y  parece oportuno volver por donde acabamos, si el último fue una buena experiencia.Excelente opción tanto en su menú a la brasa, como sobre todo ese menú veraniego de arroz.	[('food quality', 'positive', 'menú a la brasa'), ('food quality', 'positive', 'menú veraniego de arroz')]
es_luis-candelas-zaragoza_comment-4502:1	Hoy es la segunda vez que lo probamos y muy satisfecho de los tres arroces servidos, el negro, el de callos y el novedoso de rebozuelo.	[('food quality', 'positive', 'arroces'), ('food quality', 'positive', 'negro'), ('food quality', 'positive', 'callos'), ('food quality', 'positive', 'rebozuelo')]
es_luis-candelas-zaragoza_comment-4502:2	Magnífica la atención de Ana y hoy la guinda fue un carajillo de ron, como debe ser, obra de una buena camarera.	[('service general', 'positive', 'Ana'), ('service general', 'positive', 'camarera')]
es_luis-candelas-zaragoza_comment-4502:3	Espero que no se olvide con el fin de verano, un menú muy ajustado y sabroso.	[('food prices', 'positive', 'menú'), ('food quality', 'positive', 'menú')]
es_luis-candelas-zaragoza_comment-4553:0	Excelente trabajo en la cocina, a un precio muy interesante.	[('food quality', 'positive', 'trabajo en la cocina,'), ('food prices', 'positive', 'trabajo en la cocina')]
es_luis-candelas-zaragoza_comment-4553:1	Trato exquisito, comida sabrosa , en un ambiente sin lujos pero con una relación calidad precio casi imposible de encontrar en Zaragoza.	[('service general', 'positive', 'Trato'), ('food quality', 'positive', 'comida'), ('ambience general', 'neutral', 'ambiente'), ('food prices', 'positive', 'NULL'), ('food quality', 'positive', 'NULL')]
es_luis-candelas-zaragoza_comment-4553:2	Ana un lujo como jefa de sala, Eduardo Orús un toque especial en los fogones.	[('service general', 'positive', 'Ana'), ('service general', 'positive', 'Eduardo Orús')]
es_luis-candelas-zaragoza_comment-4553:3	Ingeniosos menús degustación que van cambiando con acierto.	[('food style_options', 'positive', 'menús degustación')]
es_luis-candelas-zaragoza_comment-4553:4	Definitivamente un lugar para tener en cuenta cada semana. 	[('restaurant general', 'positive', 'lugar')]
es_luis-candelas-zaragoza_comment-4563:0	La atención ha sido buena, la comida aceptable, pero mi queja es con la reserva, por internet, sino me hubiera presentado personalmente hubiera tenido un chasco.	[('service general', 'positive', 'atención'), ('food quality', 'positive', 'comida'), ('service general', 'negative', 'reserva')]
es_luis-candelas-zaragoza_comment-4570:0	La comida,muy buena.	[('food quality', 'positive', 'comida')]
es_luis-candelas-zaragoza_comment-4570:1	El trato amable,y el servicio rápido.	[('service general', 'positive', 'trato')]
es_luis-candelas-zaragoza_comment-4570:2	El precio para los tiempos de crisis que atravesamos un poco por encima de nuestros presupuestos.	[('restaurant prices', 'negative', 'NULL')]
es_luis-candelas-zaragoza_comment-4570:3	No obstante buena relación calidad precio.	[('food prices', 'positive', 'NULL'), ('food quality', 'positive', 'NULL')]
es_luis-candelas-zaragoza_comment-4570:4	Seguramente volveremos 	[('restaurant general', 'positive', 'NULL')]
es_luis-candelas-zaragoza_comment-4630:0	Me gustó.	[('restaurant general', 'positive', 'NULL')]
es_luis-candelas-zaragoza_comment-4630:1	No lo conocía, pero relación calidad-precio me pareció muy bien.	[('food prices', 'positive', 'NULL'), ('food quality', 'positive', 'NULL')]
es_luis-candelas-zaragoza_comment-4630:2	Por ponerle una pega, el excesivo ruido ,había mucha gente y en la sala resuena mucho y casi no podíamos escucharnos. 	[('ambience general', 'negative', 'ruido')]
es_luis-candelas-zaragoza_comment-4668:0	Escriba aquí su comentario:Muy buen restaurante en relación calidad/precio y cantidad, los callos insuperables, personal muy atento y agradable. 	[('food prices', 'positive', 'restaurante'), ('food quality', 'positive', 'restaurante'), ('food quality', 'positive', 'callos'), ('service general', 'positive', 'personal')]
es_luis-candelas-zaragoza_comment-4726:1	Buena comida, sobretodo los callos, recomendable. 	[('food quality', 'positive', 'comida'), ('food quality', 'positive', 'callos')]
es_luis-candelas-zaragoza_comment-4854:0	Muy amable todo el personal, limpio y la comida muy buena y con varios menus para elegir junto con la carta.	[('service general', 'positive', 'personal'), ('ambience general', 'positive', 'limpio'), ('food quality', 'positive', 'comida'), ('food style_options', 'positive', 'menus')]
es_luis-candelas-zaragoza_comment-4854:1	Volveremos 	[('restaurant general', 'positive', 'NULL')]
es_luis-candelas-zaragoza_comment-4860:0	Escriba aquí su comentario…Buena relación calidad -precio.	[('food prices', 'positive', 'NULL'), ('food quality', 'positive', 'NULL')]
es_luis-candelas-zaragoza_comment-4860:1	Rapidez. 	[('service general', 'positive', 'NULL')]
es_l_olive_25_GloriaFerranGatell_2011-10-03:0	Buena cocina, ambiente tranquilo y servicio esmerado.	[('food quality', 'positive', 'cocina'), ('ambience general', 'positive', 'ambiente'), ('service general', 'positive', 'servicio')]
es_l_olive_26_ManuelRodriguez_2011-10-03:1	por eso regresamos cada vez que podemos por que vale la pena, y si que es recomendable  A/t.	[('restaurant general', 'positive', 'NULL')]
es_l_olive_26_ManuelRodriguez_2011-10-03:2	manuel hasta la proxima y gracias.	[('restaurant general', 'positive', 'NULL')]
es_l_olive_28_JoseManuelArranzHernandez_2011-09-05:0	Como Siempre fantastico,  Gran Servicio, calidad extrema y precio en concordacia.	[('restaurant general', 'positive', 'NULL'), ('service general', 'positive', 'Servicio'), ('food quality', 'positive', 'NULL'), ('food prices', 'neutral', 'NULL')]
es_l_olive_29_J_2011-08-29:0	Un valor seguro cuando consiste no sólo en comer fantásticamente, si no en quedar bien con gente que está de visita en la ciudad.	[('restaurant general', 'positive', 'NULL')]
es_l_olive_2_SandraAltafaja_2015-01-08:0	Buen trato y buena comida	[('service general', 'positive', 'trato'), ('food quality', 'positive', 'comida')]
es_l_olive_30_Dexter_Fox_2011-08-13:0	Hola, fuimos ayer dia 12-08-2011, y realmente los platos son exquisitos.	[('food quality', 'positive', 'platos')]
es_l_olive_30_Dexter_Fox_2011-08-13:1	Me encantó.	[('restaurant general', 'positive', 'NULL')]
es_l_olive_30_Dexter_Fox_2011-08-13:2	Sinceramente, buenisimo, sobretodo el solomillo con vino tinto buenisimo, el mejor que he probado y personal muy amable.	[('food quality', 'positive', 'solomillo con vino tinto'), ('service general', 'positive', 'personal')]
es_l_olive_30_Dexter_Fox_2011-08-13:3	Se está muy a gusto, mi restaurante preferido de barcelona.	[('restaurant general', 'positive', 'restaurante')]
es_l_olive_31_JoseA:0	Nunca defrauda.	[('restaurant general', 'positive', 'NULL')]
es_l_olive_31_JoseA:1	Los precios un poco altos, pero compensa con la buena calidad del producto y la profesionalidad de todo el personal.	[('restaurant prices', 'negative', 'NULL'), ('food quality', 'positive', 'producto'), ('service general', 'positive', 'personal')]
es_l_olive_32_MartaCapdevila_2011-07-17:0	correcto y maxima comodidad.	[('restaurant general', 'positive', 'NULL')]
es_l_olive_33_Pepe_2011-04-24:0	Me ha causado una gratisima impresión, tanto en la calidad de sus productos como en el exquisito trato de su personal.	[('food quality', 'positive', 'productos'), ('service general', 'positive', 'trato de su personal')]
es_l_olive_33_Pepe_2011-04-24:1	Repetiré cuando regrese por Barcelona y ya he recomendado a mis amigos.	[('restaurant general', 'positive', 'NULL')]
es_l_olive_34_AntoniPratMontoy_2011-03-01:0	Calidad y servicio muy correctos.	[('food quality', 'positive', 'NULL'), ('service general', 'positive', 'servicio')]
es_l_olive_34_AntoniPratMontoy_2011-03-01:1	Un buen restaurante dentro de la gama media/alta de Barcelona	[('restaurant general', 'positive', 'restaurante')]
es_l_olive_39_FranciscoDeHaro_2010-12-12:0	Un restaurante muy tranquilo y perfecto para ocasiones especiales con la familia, etc...	[('ambience general', 'positive', 'restaurante')]
es_l_olive_39_FranciscoDeHaro_2010-12-12:1	Un carta amplia y con mucha variedad.	[('food style_options', 'positive', 'carta')]
es_l_olive_39_FranciscoDeHaro_2010-12-12:2	El servicio es atento y rápido, sin ser en ningún momento agobiante.	[('service general', 'positive', 'servicio')]
es_l_olive_39_FranciscoDeHaro_2010-12-12:3	Para recomendar.	[('restaurant general', 'positive', 'NULL')]
es_l_olive_42_Manuel_2010-11-13:0	La calidad de la comida no  corresponde al precio, además las mesas estan demasiado juntas y oyes sin quere todas las conversaciones de alrededor.	[('food quality', 'negative', 'comida'), ('food prices', 'negative', 'comida'), ('ambience general', 'negative', 'mesas')]
es_l_olive_42_Manuel_2010-11-13:1	Definitivamente no volveré, al menos pagando yo.	[('restaurant general', 'negative', 'NULL')]
es_l_olive_44_SergioChavesArnau_2010-10-22:0	Se puede resumir en una palabra: Excelente	[('restaurant general', 'positive', 'NULL')]
es_l_olive_45_LuciaGomezValenzuela_2010-09-18:0	Muy buena calidad de alimentos y muy bien cocinados.	[('food quality', 'positive', 'alimentos')]
es_l_olive_45_LuciaGomezValenzuela_2010-09-18:1	Servicio rápido, muy amables.	[('service general', 'positive', 'Servicio')]
es_l_olive_45_LuciaGomezValenzuela_2010-09-18:2	No le pongo un 10 por que es un poquito caro pero merece la pena ir.	[('restaurant prices', 'negative', 'NULL')]
es_l_olive_45_LuciaGomezValenzuela_2010-09-18:3	Debe ser un sitio de referencia siempre.	[('restaurant general', 'positive', 'sitio')]
es_l_olive_47_EnricPorxas_2010-09-16:0	Fuimos por una recomedación y fue todo un acierto.	[('restaurant general', 'positive', 'NULL')]
es_l_olive_47_EnricPorxas_2010-09-16:1	La xatonada y las croquetas una delicia.	[('food quality', 'positive', 'xatonada'), ('food quality', 'positive', 'croquetas')]
es_l_olive_47_EnricPorxas_2010-09-16:2	De segundo recomiendo las gambas sobretodo si te invitan.	[('food quality', 'positive', 'gambas'), ('food prices', 'negative', 'gambas')]
es_l_olive_47_EnricPorxas_2010-09-16:3	Buen servicio y buen ambiente.	[('service general', 'positive', 'servicio'), ('ambience general', 'positive', 'ambiente')]
es_l_olive_48_EsteffyLi_2010-09-04:0	Siempre vamos cuando no sabemos adonde ir para cenar, la comida esta bien y el precio en comparacion vale la pena .	[('food quality', 'positive', 'comida'), ('restaurant prices', 'positive', 'NULL')]
es_l_olive_48_EsteffyLi_2010-09-04:1	El servicio y el trato son sin duda uno de los mejores de BCN, y eso que he probado muchos restaurantes.	[('service general', 'positive', 'servicio')]
es_l_olive_48_EsteffyLi_2010-09-04:3	El corte del jamon en lonchas mas finas!	[('food quality', 'negative', 'corte del jamon')]
es_l_olive_49_Eva_2010-03-27:0	"Impecable, calidad extraordinaria en cuanto al producto, la presentación y el ""punto""."	[('food quality', 'positive', 'producto')]
es_l_olive_49_Eva_2010-03-27:1	El servicio lustroso, impecable, elegante.	[('service general', 'positive', 'servicio')]
es_l_olive_49_Eva_2010-03-27:2	Ninguna pega.	[('restaurant general', 'positive', 'NULL')]
es_l_olive_4_AntonioSerranoPueyo_2014-09-27:0	Como siempre, L'Olivé es una valor seguro.	[('restaurant general', 'positive', 'NULL')]
es_l_olive_4_AntonioSerranoPueyo_2014-09-27:1	Cocina catalana y de mercado, basada en una óptima calidad del producto.	[('food quality', 'positive', 'producto')]
es_l_olive_4_AntonioSerranoPueyo_2014-09-27:2	Este restaurante goza de una homogeneidad envidiable.	[('restaurant general', 'positive', 'restaurante')]
es_l_olive_4_AntonioSerranoPueyo_2014-09-27:3	Nunca les va a defraudar.	[('restaurant general', 'positive', 'NULL')]
es_l_olive_4_AntonioSerranoPueyo_2014-09-27:4	Siempre es de una excelencia insuperable.	[('restaurant general', 'positive', 'NULL')]
es_l_olive_4_AntonioSerranoPueyo_2014-09-27:5	El ambiente, la comida, el óptimo servicio y la magnífica relación calidad/precio.	[('ambience general', 'positive', 'ambiente'), ('food quality', 'positive', 'comida'), ('service general', 'positive', 'servicio'), ('food prices', 'positive', 'NULL'), ('food quality', 'positive', 'NULL')]
es_l_olive_50_Toni_2010-03-09:0	Muy caro por la comida que ofrecen, he comido igual o mejor en La Flauta, El Asador de Aranda, etc.	[('food prices', 'negative', 'comida')]
es_l_olive_50_Toni_2010-03-09:2	Un restaurante al que no pienso volver.	[('restaurant general', 'negative', 'restaurante')]
es_l_olive_54_Anonimo_2009-12-23:0	Nada que objetar a la comida, ni a la decoración, pero quiero dejar constancia que el servicio no está a la altura de lo que se merecería el restaurante.	[('food quality', 'positive', 'comida'), ('ambience general', 'positive', 'decoración'), ('service general', 'negative', 'servicio')]
es_l_olive_58_MaCarmen_2009-10-22:0	De lo mejor de Barcelona.	[('restaurant general', 'positive', 'NULL')]
es_l_olive_58_MaCarmen_2009-10-22:1	Todo excelente.	[('restaurant general', 'positive', 'NULL')]
es_l_olive_58_MaCarmen_2009-10-22:2	El precio es elevado pero lo vale.	[('restaurant prices', 'neutral', 'NULL')]
es_l_olive_59_PacoBalcells_2009-09-21:0	El local muy bien, la calidad de la comida muy buena, servicio  bueno, pero la presentación de los platos, ya que se lo cobra, deja mucho que desear.	[('ambience general', 'positive', 'local'), ('food quality', 'positive', 'comida'), ('service general', 'neutral', 'servicio')]
es_l_olive_59_PacoBalcells_2009-09-21:1	Otro detalle de mal gusto es que los entretenimientos que ponen al principio te los cobran.	[('service general', 'negative', 'entretenimientos')]
es_l_olive_5_AntonioSerranoPueyo_2014-08-25:0	Como siempre L'Olivé ofrece una cocina catalana y de mercado de una calidad impecable.	[('food quality', 'positive', 'cocina')]
es_l_olive_5_AntonioSerranoPueyo_2014-08-25:1	El producto siempre es de primera y de una homogeneidad envidiable.	[('food quality', 'positive', 'producto')]
es_l_olive_5_AntonioSerranoPueyo_2014-08-25:2	"Su selección de ""para picar"" es destacable: óptimos calamares a la romana y fantásticos boquerones frescos y rebozados."	[('food quality', 'positive', 'calamares a la romana'), ('food quality', 'positive', 'boquerones')]
es_l_olive_5_AntonioSerranoPueyo_2014-08-25:3	Pescados impecables y de una cocción, ya sea a la plancha o al horno, siempre en su punto.	[('food quality', 'positive', 'Pescados')]
es_l_olive_5_AntonioSerranoPueyo_2014-08-25:4	"Unos postres para golosos, destacando una de las mejores ""cremas catalanas"" y un ""tiramisú"" de antología."	[('food quality', 'positive', 'postres'), ('food quality', 'positive', 'cremas catalanas'), ('food quality', 'positive', 'tiramisú')]
es_l_olive_5_AntonioSerranoPueyo_2014-08-25:5	La bodega suficiente y con una variedad muy bien escogida y a precios adecuados.	[('drinks style_options', 'positive', 'bodega'), ('drinks prices', 'positive', 'bodega')]
es_l_olive_5_AntonioSerranoPueyo_2014-08-25:6	El ambiente más que agradable y poco ruidoso.	[('ambience general', 'positive', 'ambiente')]
es_l_olive_5_AntonioSerranoPueyo_2014-08-25:7	Es un restaurante para repetir, repetir y repetir.	[('restaurant general', 'positive', 'restaurante')]
es_l_olive_60_Luisa_2009-09-07:0	Excelente !	[('restaurant general', 'positive', 'NULL')]
es_l_olive_60_Luisa_2009-09-07:1	Muy rica comida y muy buen servicio.	[('food quality', 'positive', 'comida'), ('service general', 'positive', 'servicio')]
es_l_olive_61_Victor_2009-08-22:0	La comida es buena o muy buena diria, el precio es carillo pero normal en esta zona de Barcelona, ahora bien el servicio es muy mejorable sobre todo que no os toque el camarero de las prisas que quiere que te vayas lo antes posible.	[('food quality', 'positive', 'comida'), ('food prices', 'negative', 'comida'), ('service general', 'negative', 'camarero')]
es_l_olive_61_Victor_2009-08-22:1	por otro lado las mesas están demasiado juntas y hay mucho ruido.	[('service general', 'positive', 'mesas')]
es_l_olive_61_Victor_2009-08-22:2	Pasable.	[('restaurant general', 'neutral', 'NULL')]
es_l_olive_63_Gonzalo_2009-08-04:0	Bien.	[('restaurant general', 'positive', 'NULL')]
es_l_olive_63_Gonzalo_2009-08-04:1	Buena cocina y servicio, aunque los camareros van acelerados como si estuvieran apagando un conato de incendio.	[('food quality', 'positive', 'cocina'), ('service general', 'negative', 'servicio'), ('service general', 'negative', 'camareros')]
es_l_olive_63_Gonzalo_2009-08-04:2	En realidad están tratando de que dejes la mesa lo antes posible para ocupar un segundo turno.	[('service general', 'negative', 'NULL')]
es_l_olive_63_Gonzalo_2009-08-04:3	No es un chollo en cuanto a precio.	[('restaurant prices', 'negative', 'NULL')]
es_l_olive_67_Maarten_2009-05-23:0	Nos encantó, llevamos clientes por el trabajo, y cenamos con fines de semana a solas... hasta hace poco volvimos con unos amigos y... qué decepción!!!	[('restaurant general', 'positive', 'NULL'), ('restaurant general', 'negative', 'NULL')]
es_l_olive_67_Maarten_2009-05-23:1	Trato pobre, los precios de los platos no tienen sentido y el local tiene mucho ruido!	[('service general', 'negative', 'Trato'), ('food prices', 'negative', 'platos'), ('ambience general', 'negative', 'local')]
es_l_olive_67_Maarten_2009-05-23:2	El servicio deja de desear y sinceramente os dijo que este restaurante ha pasado su mejor momento.	[('service general', 'negative', 'servicio'), ('restaurant general', 'negative', 'restaurante')]
es_l_olive_68_Anonimo_2009-05-06:0	La verdad es que resulta muy caro para lo que recibes.	[('restaurant prices', 'negative', 'NULL')]
es_l_olive_68_Anonimo_2009-05-06:1	Tenia unas expectativas muy altas tras haber estado en el Barcelonta de mismo grupo, sinembargo me decepcionó muchísimo: comida recalentada, mucho ruido, mesas muy cerca, trato frio y desagradable... 	[('food quality', 'negative', 'comida'), ('ambience general', 'negative', 'ruido'), ('ambience general', 'negative', 'mesas'), ('service general', 'negative', 'trato')]
es_l_olive_68_Anonimo_2009-05-06:2	No pienso volver.	[('restaurant general', 'negative', 'NULL')]
es_l_olive_69_Mjose_2009-04-21:0	Mi preferido para celebraciones especiales desde hace muchos años.	[('restaurant general', 'positive', 'NULL')]
es_l_olive_69_Mjose_2009-04-21:1	Confío en él desde que estaba en la C/Muntaner.	[('restaurant general', 'positive', 'NULL')]
es_l_olive_69_Mjose_2009-04-21:2	Nunca me falla !!!	[('restaurant general', 'positive', 'NULL')]
es_l_olive_6_DanielGarcia_2014-08-12:0	Comida aceptable a un precio algo elevado para lo que es.	[('food quality', 'positive', 'Comida'), ('food prices', 'negative', 'Comida')]
es_l_olive_6_DanielGarcia_2014-08-12:1	Al restaurante le falta una renovación, se ha quedado algo anticuado en todos los sentidos.	[('ambience general', 'negative', 'restaurante')]
es_l_olive_70_Cristina_2009-02-03:0	el restaurante es agradable; la comida buena pero un poco cara; el servicio nos trató fatal (febrero 2007); ruidosos, impertinentes, fue imposible disfrutar de la cena.	[('ambience general', 'positive', 'restaurante'), ('food quality', 'positive', 'comida'), ('food prices', 'negative', 'comida'), ('service general', 'negative', 'servicio')]
es_l_olive_71_Joan_2008-07-30:0	Sin duda, lo peor del restaurante es la decoración, extrañamente alabada por algunos.	[('ambience general', 'negative', 'decoración')]
es_l_olive_71_Joan_2008-07-30:2	Impersonal, lo peor que le puede pasar a un restaurante que quiere tener voz propia.	[('ambience general', 'negative', 'restaurante')]
es_l_olive_71_Joan_2008-07-30:3	"Por lo demás, el servicio bueno dentro de que como decía un político pepero (Cañete) los ""nuevos"" camareros no diferencian un arroz de un fideo... pero por lo menos son eficaces y atentos."	[('service general', 'positive', 'servicio')]
es_l_olive_71_Joan_2008-07-30:4	La comida bien en cuanto calidad y cantidad.	[('food quality', 'positive', 'comida')]
es_l_olive_71_Joan_2008-07-30:5	No se esperen platos extraordinarios, pero son en su mayoria muy buenos (que no es poco).	[('food quality', 'positive', 'platos')]
es_l_olive_71_Joan_2008-07-30:6	Debe mejorar muy mucho su carta de vinos.	[('drinks style_options', 'negative', 'carta de vinos')]
es_l_olive_71_Joan_2008-07-30:7	Total; buena comida, con poca capacidad de sorpresa y bastante caro.	[('food quality', 'positive', 'comida'), ('food prices', 'negative', 'comida')]
es_l_olive_72_Lolive_2008-07-08:0	Lo han repetido en varias opiniones: el ruido es insufrible!!	[('ambience general', 'negative', 'ruido')]
es_l_olive_73_Jaime_2008-06-24:0	Me encantó el filete de vedella al foie, en general le doy una puntuación de 9.	[('food quality', 'positive', 'filete de vedella al foie')]
es_l_olive_73_Jaime_2008-06-24:1	La carta que sale en internet tendrìa que ser mas extensa.	[('food style_options', 'negative', 'carta')]
es_l_olive_74_Claudia_2008-05-16:1	Y la verdad que lo pasamos estupendo.	[('restaurant general', 'positive', 'NULL')]
es_l_olive_74_Claudia_2008-05-16:2	La comida muy pero muy buena, áun me acuerdo del foie y de mangret de pato con salsa de fresa.	[('food quality', 'positive', 'comida'), ('food quality', 'positive', 'foie'), ('food quality', 'positive', 'mangret de pato con salsa de fresa')]
es_l_olive_74_Claudia_2008-05-16:3	Me ha encantado.	[('restaurant general', 'positive', 'NULL')]
es_l_olive_74_Claudia_2008-05-16:4	Es verdad que los camareros van con mucha prisa, pero a nosotros nos ha ido bien, porque después de cenar teníamos que ir al teatro, y aun así salimos del restaurante corriendo.	[('service general', 'positive', 'camareros')]
es_l_olive_76_Joan_2008-02-11:0	no cuiden al client; sorollos, un escandol, ha perdut tot l´encant.¡un desastre!	[('service general', 'negative', 'NULL')]
es_l_olive_78_Mathews_2007-12-07:0	Comida con calidad correcta y en su justa proporcion y precio ay,ay,carta de vinos completa y bien,servicio profesional eficiente,peros:decoracion y ambiente casi retro,cobrar por pan que no pedi y servicio 2,20 €,por persona,pan de coca con tomate 3,20 €,excesivo, los cafes a 2,00,todo mas impuestos no repetire.	[('food quality', 'positive', 'Comida'), ('restaurant prices', 'negative', 'Comida'), ('drinks style_options', 'positive', 'carta de vinos'), ('service general', 'positive', 'servicio'), ('ambience general', 'negative', 'peros:decoracion'), ('ambience general', 'negative', 'ambiente'), ('food prices', 'negative', 'pan'), ('food prices', 'negative', 'pan de coca con tomate'), ('drinks prices', 'negative', 'cafes')]
es_l_olive_80_Cristina_2007-10-26:0	Uno de mis restaurantes preferidos.	[('restaurant general', 'positive', 'restaurantes')]
es_l_olive_80_Cristina_2007-10-26:1	Buen ambiente, cocina excelente y decorado atractivo.	[('ambience general', 'positive', 'ambiente'), ('food quality', 'positive', 'cocina'), ('ambience general', 'positive', 'decorado')]
es_l_olive_83_Pablo_2007-04-27:0	Sobresaliente.	[('restaurant general', 'positive', 'NULL')]
es_l_olive_83_Pablo_2007-04-27:2	Estamos hablando de un sitio muy fino situado en el cogollo barcelonés, por tanto, entiendo, que se tiene que reflejar en el precio.	[('restaurant prices', 'positive', 'sitio'), ('ambience general', 'positive', 'sitio')]
es_l_olive_83_Pablo_2007-04-27:3	Calidad excelente, carta extensísima, servicio atento, instalaciones cuidadísimas y salones privados que ensalzan todo lo dicho.	[('food quality', 'positive', 'NULL'), ('food style_options', 'positive', 'carta'), ('service general', 'positive', 'servicio'), ('ambience general', 'positive', 'instalaciones')]
es_l_olive_83_Pablo_2007-04-27:4	En definitiva, no se lo pierdan.	[('restaurant general', 'positive', 'NULL')]
es_l_olive_85_Jordi_2007-01-17:1	La comida no está mal pero por lo que dan es caro.	[('food quality', 'positive', 'comida'), ('food prices', 'negative', 'comida')]
es_l_olive_85_Jordi_2007-01-17:2	El local no está mal pero el ambiente es ruidoso.	[('ambience general', 'negative', 'ambiente')]
es_l_olive_86_Marian_2006-12-15:0	Soy asidua del restaurante cuando hay celebraciones de empresa o familiares.	[('restaurant general', 'positive', 'restaurante')]
es_l_olive_86_Marian_2006-12-15:1	La relación calidad/precio es excelente teniendo en cuenta lo que hay por ahí.	[('food quality', 'positive', 'NULL'), ('food prices', 'positive', 'NULL')]
es_l_olive_86_Marian_2006-12-15:2	Muy recomendable.	[('restaurant general', 'positive', 'NULL')]
es_l_olive_87_Mireia_2006-12-12:0	El restaurante es bonito y la comida buena, pero para mi gusto el precio es excesible en relación calidad precio.	[('ambience general', 'positive', 'restaurante'), ('restaurant prices', 'negative', 'restaurante'), ('food quality', 'positive', 'comida')]
es_l_olive_88_Annna_2006-11-06:0	Me habian recomendado este restaurante y la verdad es que valia la pena probar.	[('restaurant general', 'positive', 'restaurante')]
es_l_olive_93_Pilar_2006-09-04:0	Muy buen trato por parte de todo el personal (correcto, educado y profesional), la comida muy buena y un ambiente relajado en el comedor.	[('service general', 'positive', 'trato'), ('food quality', 'positive', 'comida'), ('ambience general', 'positive', 'ambiente')]
es_l_olive_94_Manolo_2006-08-18:0	Sencillamente, me ha encantado!	[('restaurant general', 'positive', 'NULL')]
es_l_olive_94_Manolo_2006-08-18:1	Lo recomiendo!!!!!	[('restaurant general', 'positive', 'NULL')]
es_l_olive_95_Davidpollo_2006-07-22:0	lo recomiendo, se come muy bien calidad, precio excelente que es lo importante, buena bodega.	[('food quality', 'positive', 'NULL'), ('restaurant prices', 'positive', 'NULL'), ('drinks quality', 'positive', 'bodega')]
es_l_olive_97_Joan_2006-06-28:0	Impecable.	[('restaurant general', 'positive', 'NULL')]
es_l_olive_97_Joan_2006-06-28:1	Cocina, platos y sobre todo el personal extraordinario,  y muy profesional.	[('food quality', 'positive', 'Cocina'), ('food quality', 'positive', 'platos'), ('service general', 'positive', 'personal')]
es_cafe-meccano-gastrobar-zaragoza_comment-4185:0	!Me siento engañado!	[('restaurant general', 'negative', 'NULL')]
es_cafe-meccano-gastrobar-zaragoza_comment-4185:3	Cenamos mi señora y yo correctamente el servicio la comida también sin ser nada fuera de lo común, los sorbetes fueron mediocres por no decir que no estaban a la altura de lo pagado,  pero no estaba mal hasta aquí todo correcto, sobre las doce y cuarto aparecen “Las Posesas”Se empiezan hacer fotos con algún cliente y a dar vueltas por el local.	[('service general', 'positive', 'servicio'), ('food quality', 'neutral', 'comida'), ('food prices', 'negative', 'sorbetes'), ('food quality', 'neutral', 'sorbetes')]
es_cafe-meccano-gastrobar-zaragoza_comment-4185:4	A la una mi mujer y yo ya nos dormíamos esperando el espectáculo prometido y nos fuimos, antes de irme se lo comente a un responsable de barra y ya no me contestaba como al principio con buenas palabras y educación ahora me dice que no es su problema y que el no tenia la culpa que el espectáculo indicado a las 23:30 fuese la una y no hubiese empezado.	[('service general', 'negative', 'responsable de barra')]
es_cafe-meccano-gastrobar-zaragoza_comment-4185:5	Poseso me siento engañado reserve una cena con espectáculo y me fui una hora y media mas tarde sin ver el espectáculo, pague 66€ por la cena de dos me podía haber ido a cualquier otro restaurante que por esa cantidad hubiese cenado igual o mejor y me engañaron no disfruté de ningúna actuación.	[('ambience general', 'negative', 'NULL'), ('restaurant prices', 'negative', 'NULL'), ('ambience general', 'negative', 'NULL')]
es_cafe-meccano-gastrobar-zaragoza_comment-4480:0	Nosotros estuvimos de cena y lo pasamos francamente bien.	[('restaurant general', 'positive', 'NULL')]
es_cafe-meccano-gastrobar-zaragoza_comment-4480:1	Actuaban las Posesas e hicieron un show muy entretenido y divertido tanto en el escenario como cuando están con la gente haciendose fotos son muy simpáticas.	[('ambience general', 'positive', 'show'), ('ambience general', 'positive', 'las Posesas')]
es_cafe-meccano-gastrobar-zaragoza_comment-4480:2	La comida y el servio bien y se agradece que la actuación comience cuando hemos terminado de cenar.	[('food quality', 'positive', 'comida'), ('service general', 'positive', 'servio'), ('ambience general', 'positive', 'actuación')]
es_cafe-meccano-gastrobar-zaragoza_comment-4821:0	Estuve con una amiga este viernes pasado, se lo había recomendado porque ya había estado allí y me pareció un lugar diferente, un sitio para cenar, pasar un rato divertido, tomar alguna copa y cenar algo, bueno, decepción total, el ambiente del restaurante, antes más innovador, ahora se ha convertido en  un restaurante más.	[('restaurant general', 'neutral', 'lugar'), ('restaurant general', 'positive', 'sitio'), ('ambience general', 'negative', 'ambiente')]
es_cafe-meccano-gastrobar-zaragoza_comment-4821:1	Cenamos a la carta, el stick tartar delicioso, la carne; para el precio dura, la atención muy buena, el postre, una degustación muy bueno, en definitiva me pareció muy muy caro para lo que cenamos, salimos a 60 € por cabeza.	[('food quality', 'positive', 'stick tartar'), ('food prices', 'negative', 'carne'), ('service general', 'positive', 'atención'), ('food quality', 'positive', 'postre'), ('restaurant prices', 'negative', 'NULL'), ('food quality', 'negative', 'carne')]
es_cafe-meccano-gastrobar-zaragoza_comment-4821:2	Todo un exceso la verdad.	[('restaurant general', 'negative', 'NULL')]
es_cafe-meccano-gastrobar-zaragoza_comment-4821:3	No pienso volver 	[('restaurant general', 'negative', 'NULL')]
es_cafe-meccano-gastrobar-zaragoza_comment-4825:0	Muy buen restaurante.	[('restaurant general', 'positive', 'restaurante')]
es_cafe-meccano-gastrobar-zaragoza_comment-4825:1	Sirven platos deliciosos, ya sean nuevos o tradicionales.	[('food quality', 'positive', 'platos')]
es_cafe-meccano-gastrobar-zaragoza_comment-4825:2	El maître nos recomendó dos vinos, un tinto y un blanco, que resultaron un acierto.	[('drinks quality', 'positive', 'vinos')]
es_cafe-meccano-gastrobar-zaragoza_comment-4825:3	El ambiente es agradable y el servicio, rápido y atento.	[('ambience general', 'positive', 'ambiente'), ('service general', 'positive', 'servicio')]
es_cafe-meccano-gastrobar-zaragoza_comment-4825:4	Al servir los platos, el encargado del local da sucintas y pertinentes explicaciones que se agradecen.	[('service general', 'positive', 'encargado')]
es_cafe-meccano-gastrobar-zaragoza_comment-4825:8	Un precio razonable, en mi opinión.	[('restaurant prices', 'positive', 'NULL')]
es_cafe-meccano-gastrobar-zaragoza_comment-4825:9	Muy recomendable.	[('restaurant general', 'positive', 'NULL')]
es_cafe-meccano-gastrobar-zaragoza_comment-4825:10	Volveremos. 	[('restaurant general', 'positive', 'NULL')]
es_cafe_casa_lletres_0_Julia_2015-08-24:0	"<->no es un restaurante ni un cafe de cocina mediterranea, es un ""lugar"" donde tienen una mini carta de tapas ,servidas en unas bandejas en las que dificilmente puedes usar como plato , con una calidad media de las mismas, y que para subsistir ofrecen un menu de nueve euros, A BUEN ENTENDEDOR POCAS PALABRAS BASTAN."	[('food style_options', 'negative', 'carta'), ('food quality', 'negative', 'tapas')]
es_cafe_casa_lletres_12_NuriaTorres_2014-12-15:0	el servicio muy correcto, la comida muy buena exceoti el tiramisú, que para mi gusto, era amargo.	[('service general', 'positive', 'servicio'), ('food quality', 'positive', 'comida'), ('food quality', 'negative', 'tiramisú')]
es_cafe_casa_lletres_13_GloriaMolinsPerez_2014-12-15:0	La amabilidad con que se nos trató fue exquisita.	[('service general', 'positive', 'NULL')]
es_cafe_casa_lletres_13_GloriaMolinsPerez_2014-12-15:1	La elaboración de los platos para el menú que efrecian de 20€, excepcional.	[('food style_options', 'positive', 'platos')]
es_cafe_casa_lletres_14_AntoniPratsCapdevila_2014-12-15:0	se esmeran en hacerlo bien	[('restaurant general', 'positive', 'NULL')]
es_cafe_casa_lletres_1_Josu_2015-08-19:0	<->El menu reservado pot Internet, no estaba, eñ aire no funcionabs, mucho calor, el trato del encargado no correcto y la comida , no buena, ni en cantidad.	[('food style_options', 'negative', 'menu'), ('ambience general', 'negative', 'NULL'), ('service general', 'negative', 'encargado'), ('food quality', 'negative', 'comida'), ('food style_options', 'negative', 'comida')]
es_cafe_casa_lletres_20_NataliaArizcuren_2014-09-25:0	El restaurante, fenomenal, tanto la comida con el servicio.	[('food quality', 'positive', 'comida'), ('service general', 'positive', 'servicio')]
es_cafe_casa_lletres_20_NataliaArizcuren_2014-09-25:6	Si no se aplica descuento es un poco caro.	[('restaurant prices', 'negative', 'NULL')]
es_cafe_casa_lletres_20_NataliaArizcuren_2014-09-25:7	Y aunque la comida merece mucho la pena (asi como el servicio), el entorno, local y terraza, podría ser mejor.	[('food quality', 'positive', 'comida'), ('service general', 'positive', 'servicio'), ('ambience general', 'neutral', 'entorno'), ('ambience general', 'neutral', 'local'), ('ambience general', 'neutral', 'terraza')]
es_cafe_casa_lletres_24_FerranEsquerdaPerez_2014-06-27:0	Calidad y precio muy razonables, al tener el 30% en el menú (sólo comidas).	[('food quality', 'positive', 'NULL'), ('food prices', 'positive', 'NULL')]
es_cafe_casa_lletres_24_FerranEsquerdaPerez_2014-06-27:1	Los camareros muy atentos y la comida buena y suficiente.	[('service general', 'positive', 'camareros'), ('food quality', 'positive', 'comida'), ('food style_options', 'positive', 'comida')]
es_cafe_casa_lletres_24_FerranEsquerdaPerez_2014-06-27:2	Tampoco pedimos nada especial, una arroz, que estaba en su punto y se notaba que el pescado era de calidad.	[('food quality', 'positive', 'arroz'), ('food quality', 'positive', 'pescado')]
es_cafe_casa_lletres_24_FerranEsquerdaPerez_2014-06-27:3	La sangria de cava muy buena.	[('drinks quality', 'positive', 'sangria de cava')]
es_cafe_casa_lletres_24_FerranEsquerdaPerez_2014-06-27:4	Se recomienda en sitio.	[('restaurant general', 'positive', 'NULL')]
es_cafe_casa_lletres_25_ArturMirabetGea_2014-03-24:0	Buena calidad y correcta cantidad.	[('food quality', 'positive', 'NULL'), ('food style_options', 'positive', 'NULL')]
es_cafe_casa_lletres_25_ArturMirabetGea_2014-03-24:1	El ambiente es agradable y el servicio rápido y amable.	[('ambience general', 'positive', 'ambiente'), ('service general', 'positive', 'servicio')]
es_cafe_casa_lletres_26_FrancescMoreno_2014-03-21:0	Agradable.	[('service general', 'positive', 'NULL')]
es_cafe_casa_lletres_26_FrancescMoreno_2014-03-21:1	Muy buena atención.	[('service general', 'positive', 'atención')]
es_cafe_casa_lletres_26_FrancescMoreno_2014-03-21:2	Gonzalo, el chef, se encarga de generar un ambiente muy amigable.	[('ambience general', 'positive', 'ambiente')]
es_cafe_casa_lletres_26_FrancescMoreno_2014-03-21:3	La relación calidad-precio, muy buena.	[('food quality', 'positive', 'NULL'), ('food prices', 'positive', 'NULL')]
es_cafe_casa_lletres_27_AnnaMariaTrias_2014-03-17:0	Comida buena.	[('food quality', 'positive', 'Comida')]
es_cafe_casa_lletres_27_AnnaMariaTrias_2014-03-17:1	Paella mixta exquisita.	[('food quality', 'positive', 'Paella mixta')]
es_cafe_casa_lletres_27_AnnaMariaTrias_2014-03-17:2	A mejorar baños.	[('ambience general', 'negative', 'baños')]
es_cafe_casa_lletres_27_AnnaMariaTrias_2014-03-17:3	Local pequeño	[('ambience general', 'negative', 'Local')]
es_cafe_casa_lletres_27_AnnaMariaTrias_2014-03-17:4	No me gustó el olor del local.	[('ambience general', 'negative', 'local')]
es_cafe_casa_lletres_28_FranciscoPetrone_2014-03-13:0	que sorpresa mas agradecida conocer el Cafe de la casa de les lletres.	[('restaurant general', 'positive', 'Cafe de la casa de les lletres')]
es_cafe_casa_lletres_28_FranciscoPetrone_2014-03-13:1	El ambiente es unico, el servicio muy atento y la comida un 10.	[('ambience general', 'positive', 'ambiente'), ('service general', 'positive', 'servicio'), ('food quality', 'positive', 'comida')]
es_cafe_casa_lletres_28_FranciscoPetrone_2014-03-13:2	Nos ofrecieron huevos frescos de sus gallinas y eran exquisitos.	[('food quality', 'positive', 'huevos')]
es_cafe_casa_lletres_28_FranciscoPetrone_2014-03-13:3	seguramente volveremos para comer en la terrazza, o para desayunar el finde.	[('restaurant general', 'positive', 'NULL')]
es_cafe_casa_lletres_28_FranciscoPetrone_2014-03-13:4	lo aconsejo	[('restaurant general', 'positive', 'NULL')]
es_cafe_casa_lletres_29_NuriaCoralEsteban_2014-03-02:1	En el apartado de ambiente todo muy correcto, decoración, música, ambiente, etc.	[('ambience general', 'positive', 'ambiente')]
es_cafe_casa_lletres_29_NuriaCoralEsteban_2014-03-02:2	Excepto el ambientador utilizado en el local	[('ambience general', 'negative', 'ambientador')]
es_cafe_casa_lletres_29_NuriaCoralEsteban_2014-03-02:3	Demasiado fuerte casi ofensivo	[('ambience general', 'negative', 'NULL')]
es_cafe_casa_lletres_29_NuriaCoralEsteban_2014-03-02:4	Desvirtúa la buena comida servida con esmero... a mejorar este punto.	[('food quality', 'positive', 'comida'), ('service general', 'positive', 'NULL')]
es_cafe_casa_lletres_34_FrancescaVitullin_2014-01-12:0	fui con unos clientes erabamos 8 y nos encanto.	[('restaurant general', 'positive', 'NULL')]
es_cafe_casa_lletres_34_FrancescaVitullin_2014-01-12:1	La comida estaba exquisita especialmente los huevos rotos que por cierto me explicaban que son de su granja/masia.	[('food quality', 'positive', 'comida'), ('food quality', 'positive', 'huevos rotos')]
es_cafe_casa_lletres_34_FrancescaVitullin_2014-01-12:2	el servicio impecable.	[('service general', 'positive', 'servicio')]
es_cafe_casa_lletres_34_FrancescaVitullin_2014-01-12:5	Lo recomiendo!!!	[('restaurant general', 'positive', 'NULL')]
es_cafe_casa_lletres_35_JoanLluisOlmoLorenzo_2014-01-12:0	Un sitio tranquilo con pocas mesas.	[('ambience general', 'positive', 'sitio')]
es_cafe_casa_lletres_35_JoanLluisOlmoLorenzo_2014-01-12:1	La comida no es de gran calidad pero es acorde con el precio.	[('food quality', 'neutral', 'comida'), ('food prices', 'positive', 'comida')]
es_cafe_casa_lletres_35_JoanLluisOlmoLorenzo_2014-01-12:2	Especialmente interesante con el descuento del 30%.	[('restaurant miscellaneous', 'positive', 'NULL')]
es_cafe_casa_lletres_36_JoseAntonioLopezSanz_2014-01-04:0	Ambiente muy tranquilo, muy limpio, los platos les faltaba un poco mas de comida, para los precios elevados que tiene, pero en definitiva todo muy correcto, curiosa decoracion	[('ambience general', 'positive', 'Ambiente'), ('food style_options', 'negative', 'comida'), ('food prices', 'negative', 'NULL'), ('restaurant general', 'positive', 'NULL'), ('ambience general', 'positive', 'decoracion')]
es_cafe_casa_lletres_37_Maria_2013-12-15:4	Mentira todo, deberian tener ganas de cerrar y no se quisieron quedar por una mesa de dos que encima venian con un dto del 30% y nos mintieron descaradisimamente.	[('service general', 'negative', 'NULL')]
es_cafe_casa_lletres_37_Maria_2013-12-15:6	Evidentemente no volveremos ni nos creemos nada de esa invitacion.	[('restaurant general', 'negative', 'NULL')]
es_cafe_casa_lletres_37_Maria_2013-12-15:7	Una verguenza todo.	[('restaurant general', 'negative', 'NULL')]
es_cafe_casa_lletres_40_CarmenTorres_2011-08-16:0	Nos aconsejaron el menú degustacion y fue muy acertado.	[('food style_options', 'positive', 'menú degustacion')]
es_cafe_casa_lletres_40_CarmenTorres_2011-08-16:2	Buen servicio y el local bastante acogedor	[('service general', 'positive', 'servicio'), ('ambience general', 'positive', 'local')]
es_cafe_casa_lletres_4_AUltimaHora_2015-03-21:0	Un placer que puedas comer a las 16:00 tan tranquilamente y tan  gusto.	[('ambience general', 'positive', 'NULL')]
es_cafe_casa_lletres_4_AUltimaHora_2015-03-21:1	Muy atentos y el menu que escogimos nos parecio muy adecuado.	[('service general', 'positive', 'NULL'), ('food style_options', 'positive', 'menu')]
es_cafe_casa_lletres_4_AUltimaHora_2015-03-21:2	Buena cocina y buen trato, repetiremos!!!!	[('food quality', 'positive', 'cocina'), ('service general', 'positive', 'trato'), ('restaurant general', 'positive', 'NULL')]
es_cafe_casa_lletres_5_RoserRibasGuell_2015-02-26:0	Calidad precio bien el servicio amable	[('food quality', 'positive', 'NULL'), ('food prices', 'positive', 'NULL'), ('service general', 'positive', 'servicio')]
es_cafe_casa_lletres_6_MontseGarciaCalzado_2015-02-16:0	Restaurante pequeñito y muy acogedor, muy tranquilo, el servicio excelente, la.comida y la presentacion acorde con lo esperado.	[('ambience general', 'positive', 'Restaurante'), ('service general', 'positive', 'servicio'), ('food quality', 'positive', 'comida'), ('food style_options', 'positive', 'presentacion')]
es_cafe_casa_lletres_6_MontseGarciaCalzado_2015-02-16:1	Recomiendo la paella de marisco y la sangria de cava.	[('food quality', 'positive', 'paella de marisco'), ('drinks quality', 'positive', 'sangria de cava')]
es_cafe_casa_lletres_6_MontseGarciaCalzado_2015-02-16:2	Sin duda volveremos.	[('restaurant general', 'positive', 'NULL')]
es_cafe_casa_lletres_7_JoseLuisAlvarezPerez_2015-02-16:0	Muy buen servicio; el local está genial ambientado, y es fácil de encontrar además; en la reserva pedimos la mesa más apartada, por eso de ir con un niño, y nos lo concedieron sin problema (y el local es pequeñito).	[('service general', 'positive', 'servicio'), ('ambience general', 'positive', 'local'), ('location general', 'positive', 'NULL')]
es_cafe_casa_lletres_7_JoseLuisAlvarezPerez_2015-02-16:1	El menú sanvalentín, genial, buenísimo, variado, y con comida de gran calidad, estaba buenísimo.	[('food style_options', 'positive', 'menú sanvalentín'), ('food quality', 'positive', 'comida')]
es_cafe_casa_lletres_7_JoseLuisAlvarezPerez_2015-02-16:2	El camarero nos atendió genial, alegre, amable, simpático y atento.	[('service general', 'positive', 'camarero')]
es_cafe_casa_lletres_7_JoseLuisAlvarezPerez_2015-02-16:4	Totalmente recomendable!!	[('restaurant general', 'positive', 'NULL')]
es_cafe_casa_lletres_9_RicardoSantolariaPerez_2015-01-06:0	Restaurante bien decorado, aunque con espacios reducidos.	[('ambience general', 'neutral', 'Restaurante')]
es_cafe_casa_lletres_9_RicardoSantolariaPerez_2015-01-06:1	El servicio fue atento.	[('service general', 'positive', 'servicio')]
es_cafe_casa_lletres_9_RicardoSantolariaPerez_2015-01-06:2	La comida bien, pero sin echar cohetes.	[('food quality', 'neutral', 'comida')]
es_cafe_casa_lletres_9_RicardoSantolariaPerez_2015-01-06:3	Las raciones fueron bastante escasas.	[('food style_options', 'negative', 'raciones')]
es_cafe_casa_lletres_9_RicardoSantolariaPerez_2015-01-06:4	Alguno de los postres no estaba a la altura del dinero pagado.	[('food prices', 'negative', 'postres')]
es_cafe_kafka_0_Andrea_2015-09-02:0	El servicio fue excelente y la comida estaba genial.	[('service general', 'positive', 'servicio'), ('food quality', 'positive', 'comida')]
es_cafe_kafka_0_Andrea_2015-09-02:1	Fuimos en una noche muy tranquila, solo había dos mesas, imagino que eso influyó en el servicio pero aun así lo recomiendo.	[('restaurant general', 'positive', 'NULL')]
es_cafe_kafka_10_EvaAnfrunsFont_2014-12-17:0	Local muy original, buena comida y un servicio fantástico.	[('ambience general', 'positive', 'Local'), ('food quality', 'positive', 'comida'), ('service general', 'positive', 'servicio')]
es_cafe_kafka_14_AngelesBasildoAndujar_2014-02-17:0	La verdad es que este restaurante nos ha sorprendido por la relacion calidad-precio, no es barato, pero todo está buenisimo y en cantidades suficientes, nos ha encantado tanto a mi marido como a mi.	[('food prices', 'neutral', 'NULL'), ('food quality', 'positive', 'NULL'), ('food style_options', 'positive', 'NULL'), ('restaurant general', 'positive', 'NULL')]
es_cafe_kafka_18_Eli_2013-10-26:0	La comida y el lugar están bien pero el servicio es muy lento.	[('food quality', 'positive', 'comida'), ('ambience general', 'positive', 'lugar'), ('service general', 'negative', 'servicio')]
es_cafe_kafka_19_JoseAmilcarCostantini_2013-10-22:0	La comida estuvo muy bien.	[('food quality', 'positive', 'comida')]
es_cafe_kafka_19_JoseAmilcarCostantini_2013-10-22:1	El ambiente agradable.	[('ambience general', 'positive', 'ambiente')]
es_cafe_kafka_19_JoseAmilcarCostantini_2013-10-22:2	la iluminación un poco escasa, pero acogedora.	[('ambience general', 'neutral', 'iluminación')]
es_cafe_kafka_19_JoseAmilcarCostantini_2013-10-22:3	Un poco caro para lo que es, pero bueno, estando en el born ya se sabe... 	[('restaurant prices', 'negative', 'NULL')]
es_cafe_kafka_19_JoseAmilcarCostantini_2013-10-22:4	Volveré seguro.	[('restaurant general', 'positive', 'NULL')]
es_cafe_kafka_1_JuanPedroLopezAguilera_2015-05-24:0	Local agradable, cómodo y moderno, con una cocina cuidada y de buena calidad.	[('ambience general', 'positive', 'Local'), ('food quality', 'positive', 'cocina')]
es_cafe_kafka_20_Montse_2013-10-06:0	Regular.	[('restaurant general', 'neutral', 'NULL')]
es_cafe_kafka_20_Montse_2013-10-06:1	Buena decoración, comida normal, mucho ruido y algo caro.	[('ambience general', 'positive', 'decoración'), ('food quality', 'neutral', 'comida'), ('ambience general', 'negative', 'ruido'), ('restaurant prices', 'negative', 'NULL')]
es_cafe_kafka_20_Montse_2013-10-06:3	Esta bien, pero creo que trabajan para clientes puntuales, y no repetiré	[('restaurant general', 'neutral', 'NULL')]
es_cafe_kafka_20_Montse_2013-10-06:4	Por cierto, pagar casi 5€ x los cubiertos me molesta siempre.	[('restaurant prices', 'negative', 'NULL')]
es_cafe_kafka_23_MatthewCoe_2013-07-05:0	Me ha sorprendido el restaurante; nos han tratado en una manera casual pero profesional; la comida, todos los platos calidad excelente y sabroso; voy a volver pronto!	[('restaurant general', 'positive', 'restaurante'), ('service general', 'positive', 'NULL'), ('food quality', 'positive', 'comida'), ('restaurant general', 'positive', 'NULL')]
es_cafe_kafka_26_CarlosGarc4_2013-06-03:0	Un buen ambiente, servicio exquisito y atento, profesionales, platos de calidad, bien cocinados y raciones correctas.	[('ambience general', 'positive', 'ambiente'), ('service general', 'positive', 'servicio'), ('food quality', 'positive', 'platos'), ('food style_options', 'positive', 'raciones')]
es_cafe_kafka_26_CarlosGarc4_2013-06-03:1	No te importa pagar por estar bien servido y comer bien .	[('service general', 'positive', 'NULL'), ('food quality', 'positive', 'NULL')]
es_cafe_kafka_27_AlexG_2013-04-14:0	Muy buen servicio y ambiente.	[('service general', 'positive', 'servicio'), ('ambience general', 'positive', 'ambiente')]
es_cafe_kafka_27_AlexG_2013-04-14:1	La comida nos gustó a todos.	[('food quality', 'positive', 'comida')]
es_cafe_kafka_27_AlexG_2013-04-14:2	Un pelo más caro de lo que esperábamos.	[('restaurant prices', 'negative', 'NULL')]
es_cafe_kafka_27_AlexG_2013-04-14:3	Ambiente muy agradable y animado.	[('ambience general', 'positive', 'Ambiente')]
es_cafe_kafka_27_AlexG_2013-04-14:4	Recomendable.	[('restaurant general', 'positive', 'NULL')]
es_cafe_kafka_28_SaraMolina_2013-04-01:0	Ha sido nuestra prinera visita al Kafka y seguro que repetiremis en nuestras próximas escapadas a Barcelona.	[('restaurant general', 'positive', 'Kafka')]
es_cafe_kafka_28_SaraMolina_2013-04-01:1	Agradable ambiente, muy buen servicio y exquisitos platos.	[('ambience general', 'positive', 'ambiente'), ('service general', 'positive', 'servicio'), ('food quality', 'positive', 'platos')]
es_cafe_kafka_28_SaraMolina_2013-04-01:2	Todo lo que probamos nos encantó.	[('food quality', 'positive', 'NULL')]
es_cafe_kafka_28_SaraMolina_2013-04-01:3	Las alcachofas fritas tienen buena fama merecida.	[('food quality', 'positive', 'alcachofas fritas')]
es_cafe_kafka_28_SaraMolina_2013-04-01:4	Muy recomendable.	[('restaurant general', 'positive', 'NULL')]
es_cafe_kafka_2_AnnaBalague_2015-05-07:0	Realmente 100% recomendable	[('restaurant general', 'positive', 'NULL')]
es_cafe_kafka_30_Eloy_2013-02-17:0	Interesante restaurante en el Born, gran calidad en el producto utilizado, tal vez el único pero sería que la sala es un poco ruidosa y las mesas están un poco próximas entre sí.	[('food quality', 'positive', 'producto'), ('ambience general', 'negative', 'sala'), ('ambience general', 'negative', 'mesas'), ('restaurant general', 'positive', 'restaurante')]
es_cafe_kafka_31_Yanuris_2013-02-09:0	No han cambiado nada, bueno si para mejor con los nuevos platos al estilo asiatico, despues de mucho tiempo sin volver,por motivos laborales, sigo pensando que es de lo mejor de barcelona, comida estupenda, servicio inmejorable, vamos que estuvimos 4 horas muy bien aprovechadas ,os lo recomiendo y espero volver pronto.	[('food quality', 'positive', 'comida'), ('service general', 'positive', 'servicio'), ('restaurant general', 'positive', 'NULL')]
es_cafe_kafka_33_AnaCarbonell_2013-01-24:0	Te lo recomendaria!	[('restaurant general', 'positive', 'NULL')]
es_cafe_kafka_33_AnaCarbonell_2013-01-24:1	Servicio atento y eficiente y una comida estupenda y con muy buena ralacion calidad precio.	[('service general', 'positive', 'Servicio'), ('food quality', 'positive', 'comida'), ('food prices', 'positive', 'comida')]
es_cafe_kafka_38_FranciscoMorenoFernandez_2012-05-20:0	Cumplió nuestras expectativas.	[('restaurant general', 'positive', 'NULL')]
es_cafe_kafka_38_FranciscoMorenoFernandez_2012-05-20:1	Quizá se podría mejorar la distribución de mesas, ya que algunas de ellas están demasiado juntas, y otras están muy cerca de la barra, y por lo tanto, está pasando gente contínuamente por al lado de los comensales.	[('ambience general', 'negative', 'distribución de mesas')]
es_cafe_kafka_39_VanessaAlcocer_2012-03-06:0	El restaurante es muy bonito, el ambiente es agradable y la decoración excepcional así somo el servicio que fue muy amable en todo momento.	[('ambience general', 'positive', 'restaurante'), ('ambience general', 'positive', 'ambiente'), ('ambience general', 'positive', 'decoración'), ('service general', 'positive', 'servicio')]
es_cafe_kafka_39_VanessaAlcocer_2012-03-06:1	Lamentablemente la relación calidad-precio me parece mala ya que la comida en mi opinión no está a la altura del precio.	[('food prices', 'negative', 'comida'), ('food quality', 'negative', 'comida')]
es_cafe_kafka_41_FernandoG:0	Lugar agradable, buen servicio y platos con nota media-alta y con una buena relación calidad-precio.	[('ambience general', 'positive', 'Lugar'), ('service general', 'positive', 'servicio'), ('food quality', 'positive', 'platos'), ('food prices', 'positive', 'platos')]
es_cafe_kafka_41_FernandoG:1	Recomendado.	[('restaurant general', 'positive', 'NULL')]
es_cafe_kafka_45_FranciscoVeigaRodriguez_2011-12-24:0	Servicio atento y eficiente, ambiente agradable.	[('service general', 'positive', 'Servicio'), ('ambience general', 'positive', 'ambiente')]
es_cafe_kafka_45_FranciscoVeigaRodriguez_2011-12-24:2	Precios: correctos, lo normal en estos tiempos.	[('restaurant prices', 'neutral', 'NULL')]
es_cafe_kafka_45_FranciscoVeigaRodriguez_2011-12-24:3	Plato degustación: un poco abundante de más, pero bien cocinado.	[('food quality', 'positive', 'Plato degustación'), ('food style_options', 'neutral', 'Plato degustación')]
es_cafe_kafka_45_FranciscoVeigaRodriguez_2011-12-24:4	Únicos comentarios crítico: luz escasa para un restaurante; aquí prima la decoración sobre la función.	[('ambience general', 'negative', 'luz')]
es_cafe_kafka_45_FranciscoVeigaRodriguez_2011-12-24:6	Por lo demás, muy recomendable.	[('restaurant general', 'positive', 'NULL')]
es_cafe_kafka_46_Josep_2011-12-23:0	Óptima relación calidad-precio en el menú de mediodía, en un local chic muy bien ambientado.	[('food quality', 'positive', 'menú de mediodía'), ('food prices', 'positive', 'menú de mediodía'), ('ambience general', 'positive', 'local')]
es_cafe_kafka_48_JesusMOrdonezOrzaiz_2011-12-06:1	El ambiente muy agradable, el servicio muy atento y la comida muy buena.	[('ambience general', 'positive', 'ambiente'), ('service general', 'positive', 'servicio'), ('food quality', 'positive', 'comida')]
es_cafe_kafka_48_JesusMOrdonezOrzaiz_2011-12-06:2	Absolutamente recomendable.	[('restaurant general', 'positive', 'NULL')]
es_cafe_kafka_49_PazCuestaAlbalad_2011-12-06:0	Muy recomendable, por ambiente y comida.	[('ambience general', 'positive', 'ambiente'), ('food quality', 'positive', 'comida')]
es_cafe_kafka_4_NuriaMestresValera_2015-02-24:0	Ambiente cálido y agradable.	[('ambience general', 'positive', 'Ambiente')]
es_cafe_kafka_4_NuriaMestresValera_2015-02-24:1	Servicio amable y cocina muy correcta.	[('service general', 'positive', 'Servicio'), ('food quality', 'positive', 'cocina')]
es_cafe_kafka_54_AnnaFors_2011-09-08:0	Restaurante muy agradable y buena comida.	[('ambience general', 'positive', 'Restaurante'), ('food quality', 'positive', 'comida')]
es_cafe_kafka_55_Hernandez_2011-08-26:0	Estuvimos cenando tres personas y nos gusto mucho.	[('restaurant general', 'positive', 'NULL')]
es_cafe_kafka_55_Hernandez_2011-08-26:1	Buen ambiente, muy buen servicio y muy buena comida.	[('ambience general', 'positive', 'ambiente'), ('service general', 'positive', 'servicio'), ('food quality', 'positive', 'comida')]
es_cafe_kafka_55_Hernandez_2011-08-26:2	Y el local esta muy bien decorado y es muy acogedor.	[('ambience general', 'positive', 'local')]
es_cafe_kafka_58_AlejandroGomez_2011-06-07:0	Un lugar que te hace sentir como en casa.	[('restaurant general', 'positive', 'lugar')]
es_cafe_kafka_58_AlejandroGomez_2011-06-07:1	Comida excelente, producto inmejorable y un servicio correcto.	[('food quality', 'positive', 'Comida'), ('food quality', 'positive', 'producto'), ('service general', 'positive', 'servicio')]
es_cafe_kafka_58_AlejandroGomez_2011-06-07:2	Si he de encontrar alguna pega las mesas estan demasiado juntas.	[('ambience general', 'negative', 'mesas')]
es_cafe_kafka_58_AlejandroGomez_2011-06-07:3	Agradable para tomar copas, cockteles y un vinito.	[('drinks quality', 'positive', 'copas'), ('drinks quality', 'positive', 'cockteles'), ('drinks quality', 'positive', 'vinito')]
es_cafe_kafka_58_AlejandroGomez_2011-06-07:4	Lo recomiendo, no les dejara indiferente.	[('restaurant general', 'positive', 'NULL')]
es_cafe_kafka_5_JoanaGonzalezFuentes_2015-02-02:0	Para empezar el plato y la servilleta tenían carbonilla negra.	[('service general', 'negative', 'plato'), ('service general', 'negative', 'servilleta')]
es_cafe_kafka_5_JoanaGonzalezFuentes_2015-02-02:2	El changet era salmuera.	[('food quality', 'negative', 'changet')]
es_cafe_kafka_5_JoanaGonzalezFuentes_2015-02-02:4	Las croquetas literalmente nos las tiró en la mesa sin decir ni mu la camarera, porque por la puerta estaba entrando un amigo suyo con el cual se sentó a conversar.	[('service general', 'negative', 'camarera')]
es_cafe_kafka_5_JoanaGonzalezFuentes_2015-02-02:5	Cuando llegó el arroz, le recordé la salsa y no se dignó contestarme.	[('service general', 'negative', 'NULL')]
es_cafe_kafka_5_JoanaGonzalezFuentes_2015-02-02:6	Empecé a comer, para que no se enfriase la ración más bien escasa y oh sorpresa  era también una  salmuera anegada en tinta.	[('food style_options', 'negative', 'ración'), ('food quality', 'negative', 'ración')]
es_cafe_kafka_5_JoanaGonzalezFuentes_2015-02-02:8	en ese momento se dio cuenta de su comportamiento negligente y ensayo una disculpa por su falta total de profesionalidad y de atención.	[('service general', 'negative', 'NULL')]
es_cafe_kafka_62_YanurisEscobar_2011-05-19:0	sorprendente, es como estar en new york y paris a la vez, decoracion espectacular, personal increible y su comida fresca de mercado me fascino, se los recomiendo chicos, suerte.	[('ambience general', 'positive', 'decoracion'), ('service general', 'positive', 'personal'), ('food quality', 'positive', 'comida'), ('restaurant general', 'positive', 'NULL')]
es_cafe_kafka_7_OlgaDominguez_2015-01-18:0	Estaba todo riquísimo y los camareros muy amables	[('food quality', 'positive', 'NULL'), ('service general', 'positive', 'camareros')]
es_casa-pelentos-sandinies-comer-en-formigal_comment-3519:0	Hola JOse nosotros hemos estado varías veces en Pelentos de Sandiniés, y opino como tú, que es un comedor muy recomendable.	[('restaurant general', 'positive', 'comedor')]
es_casa-pelentos-sandinies-comer-en-formigal_comment-3519:6	Por si quieres actualizar tú  información ahora tienen un Menu de Primavera por 19 euros y menú infantil por 15 euros que esta genial, te recomiendo volver, igual que hago yo y asi a lo mejor se juzga con más equidad (nosotros ya tenemos mesa reservada para el día 28 de Abril, celebramos mi cumple) 	[('restaurant general', 'positive', 'NULL'), ('food style_options', 'positive', 'Menu de Primavera'), ('food style_options', 'positive', 'menú infantil')]
es_casa-pelentos-sandinies-comer-en-formigal_comment-3814:0	Fuimos recomendados a cenar en Nochebuena y nos llevamos una gran decepción: no sólo las materias primas dejaban mucho que desear (revuelto de gambas y setas de bolsa precongelada) sino que las cantidades eran irrisorias para el precio.	[('food quality', 'negative', 'materias primas'), ('food style_options', 'negative', 'cantidades'), ('restaurant general', 'negative', 'NULL'), ('food prices', 'negative', 'NULL')]
es_casa-pelentos-sandinies-comer-en-formigal_comment-3814:1	El bacalao al horno (especialidad de la casa) resultó acorchado y duro, así como el plato de ciervo (26euros el plato) se presentó escaso y apenas sin guarnición.En definitiva, se le presume una calidad avalada por galardones varios y nos hemos encontrado una comida bastante mediocre. 	[('food quality', 'negative', 'bacalao al horno'), ('food style_options', 'negative', 'plato de ciervo'), ('food quality', 'negative', 'comida')]
es_casa-pelentos-sandinies-comer-en-formigal_comment-3818:0	Hola , quiero dejar mi opinión sobre este restaurante en la única visita que he hecho , coincido plenamente con el Sr. Aranda en que la cantidad es bastante escasa en algunos platos en relación con su precio .	[('food style_options', 'negative', 'platos'), ('food prices', 'negative', 'platos')]
es_casa-pelentos-sandinies-comer-en-formigal_comment-3818:1	Así mismo he de resaltar que los entrantes estaban en su mayoría fríos y unos pimientos no se podían comer porque simplemente los habían sacado del frigorífico a la mesa.	[('food style_options', 'negative', 'entrantes'), ('food style_options', 'negative', 'pimientos')]
es_casa-pelentos-sandinies-comer-en-formigal_comment-3818:2	La verdad que la calidad es alta, pero se podrían corregir esos errores para que la satisfacción fuera mayor así como dar una mayor cantidad de producto . 	[('food quality', 'positive', 'NULL'), ('food style_options', 'negative', 'NULL')]
es_casa-pelentos-sandinies-comer-en-formigal_comment-3915:1	Ciertamente fue desilusionante, debido, en especial, a la escasez en los segundos platos en relación con los precios.	[('food style_options', 'negative', 'egundos platos'), ('food prices', 'negative', 'segundos platos'), ('restaurant general', 'negative', 'NULL')]
es_casa-pelentos-sandinies-comer-en-formigal_comment-3915:2	La factura es elevada, lo cual ya esperábamos, aunque no tanto.	[('restaurant prices', 'negative', 'factura')]
es_casa-pelentos-sandinies-comer-en-formigal_comment-3915:4	No importaba mucho que fuera del grigo, dado que el agua de la zona es excelente; pero por ello se nos facturó 2,50 euros.	[('drinks prices', 'negative', 'NULL')]
es_casa-pelentos-sandinies-comer-en-formigal_comment-3915:5	Mi esposa, ciertamente, al revisar la factura y descubrir esto último, se llevó un buen disgusto, pues considerábamos a Casa Pelentós uno de nuestros pocos refugios pirenaicos para cuando saliéramos de casa, ya que vivimos muy cerca.	[('restaurant prices', 'negative', 'factura')]
es_casa-pelentos-sandinies-comer-en-formigal_comment-3915:6	Obviamente, por los 2,50 euros cobrados por el agua del grifo, han perdido a dos clientes. 	[('drinks prices', 'negative', 'agua del grifo')]
es_colette-zaragoza_comment-1142:1	¡Excelente cena!	[('food quality', 'positive', 'cena')]
es_colette-zaragoza_comment-1142:2	Hacía mucho tiempo que un restaurante en Zaragoza no me sorprendía de esta manera: Gran calidad del producto, numerosos detalles, puntos de cocción perfectos en casi todos los platos, raciones abundantes y un precio elevado pero ajustado a la calidad.El servicio fue atento y educado aunque tuvo algún pequeño fallo (como servir la segunda botella de vino en las copas en que aún quedaba algo de la anterior)De comienzo una buena variedad de panes (pizza, oliva verde, oliva negra, …) con un cuenquito de aceite de oliva con tomate mozzarella y albahaca.	[('food quality', 'positive', 'producto'), ('service general', 'positive', 'detalles'), ('food style_options', 'positive', 'raciones'), ('restaurant prices', 'neutral', 'NULL'), ('food quality', 'positive', 'NULL'), ('service general', 'neutral', 'servicio'), ('food quality', 'positive', 'puntos de cocción')]
es_colette-zaragoza_comment-1142:5	Como entrantes compartimos:- un carpaccio de buey de Kobe, excelente, sabrosísimo.- una tempura de comenillas rellenas de foie y alchofas- una cola entera de bogavante a la plancha con salsa de su coral (muy sabrosa, aunque un poco pasada de punto)Antes del segundo la casa nos ofreció un pinco de membrillo y queso en tempura presentado en un palo de canela encendido.	[('food quality', 'positive', 'carpaccio de buey de Kobe'), ('food quality', 'neutral', 'cola entera de bogavante a la plancha con salsa de su coral')]
es_colette-zaragoza_comment-1142:6	Muy original presentación y muy lograda la combinación.Los segundos fueron un poco más tradicionales:	[('food style_options', 'positive', 'presentación'), ('food style_options', 'positive', 'combinación')]
es_colette-zaragoza_comment-1142:9	Extraordinario sabor y textura.	[('food quality', 'positive', 'sabor'), ('food quality', 'positive', 'textura')]
es_colette-zaragoza_comment-1142:11	Gran taco de rape cocido en su punto y muy sabroso.	[('food quality', 'positive', 'taco de rape')]
es_colette-zaragoza_comment-1142:14	Tal vez pod´ria haber estado un poco menos hecho, pero muy sabroso y también acompañado por un excelente puré.	[('food quality', 'positive', 'puré'), ('food quality', 'neutral', 'NULL')]
es_colette-zaragoza_comment-1142:16	Espectacular y muy sabroso.	[('food quality', 'positive', 'NULL')]
es_colette-zaragoza_comment-1142:17	Sólo pedimos dos postres y la verdad es que fueron lo más flojo de la cena:	[('food quality', 'neutral', 'postres')]
es_colette-zaragoza_comment-1142:21	Un buen sitio, a seguir.	[('restaurant general', 'positive', 'sitio')]
es_colette-zaragoza_comment-1142:22	Si mantienen el nivel de innovación y calidad puede ser un soplo de aire fresco en Zaragoza.	[('restaurant general', 'positive', 'NULL')]
es_colette-zaragoza_comment-1145:1	La verdad es que es un local bastante pequeño.	[('ambience general', 'neutral', 'local')]
es_colette-zaragoza_comment-1145:2	Las mesas son grandes y el espacio entre ellas es bastante amplio.	[('ambience general', 'positive', 'mesas')]
es_colette-zaragoza_comment-1145:3	El restaurante estaba bastante lleno (aunque no completo) y sin embargo estuvimos muy tranquilos, con casi total intimidad.	[('ambience general', 'positive', 'NULL')]
es_colette-zaragoza_comment-1145:5	Creo que la ventilación era bastante buena, aunque  no sé lo que ocuriría si hubiera mayor número de fumadores o más compulsivos. 	[('ambience general', 'positive', 'ventilación')]
es_colette-zaragoza_comment-1146:1	Es una cocina bastante tradicional en los conceptos pero los aliña con procedimientos de cocina modernos y bien aplicados, junto con presentaciones creativas.	[('food style_options', 'positive', 'procedimientos de cocina'), ('food style_options', 'positive', 'presentaciones')]
es_colette-zaragoza_comment-1146:2	Lo más destacable para mí es el uso de la cocción a baja temperatura en muchos platos y presentaciones espetaculares y trabajadas. 	[('food style_options', 'positive', 'presentaciones'), ('food style_options', 'positive', 'cocción a baja temperatura')]
es_colette-zaragoza_comment-1150:0	Decepcionante experiencia.La carta de vinos que parece completa en la oferta, en el apartado internacional nada de nada no disponen de ninguna de las referencias.	[('restaurant general', 'negative', 'experiencia'), ('drinks style_options', 'negative', 'carta de vinos')]
es_colette-zaragoza_comment-1150:1	En el resto tres de los vinos que pedimos agotados, ya desesperados pedimos un rioja el que se pudiera, nos traen un Roda ll 2004, bien, el vino se presenta caliente, en fin bochornosa situación.	[('drinks style_options', 'negative', 'vinos'), ('drinks quality', 'negative', 'Roda ll 2004')]
es_colette-zaragoza_comment-1150:2	La carta es poco atractiva, los calamares a la andaluza imposibles, pimientos de cristal con anchoas, nadando en aceite de calidad mediocre, bacalao con crema de puerros, tapado por una exagerada llamémosla ensalada de rucula, el conjunto del plato mal, paletilla de cordero bien en su ejecución, los postres flojos muy flojos.	[('food style_options', 'negative', 'carta'), ('food quality', 'negative', 'calamares a la andaluza'), ('food quality', 'negative', 'pimientos de cristal con anchoas'), ('food quality', 'negative', 'bacalao con crema de puerros'), ('food quality', 'positive', 'paletilla de cordero'), ('food quality', 'negative', 'postres')]
es_colette-zaragoza_comment-1150:3	El local aco*edor y bien instalado.	[('ambience general', 'positive', 'local')]
es_colette-zaragoza_comment-1150:4	Entramos con gran expectación y salimos muy decepcionados. 	[('restaurant general', 'negative', 'NULL')]
es_colette-zaragoza_comment-1566:0	Buen restaurante, buen servicio y buena cocina.Pero… al ser tan pequeño, el humo del tabaco te arruina toda la cena.	[('restaurant general', 'positive', 'restaurante'), ('service general', 'positive', 'servicio'), ('food quality', 'positive', 'cocina'), ('ambience general', 'negative', 'humo del tabaco')]
es_colette-zaragoza_comment-1566:2	A ver si cambian pronto la ley y podemos degustar la buena cocina sin alteraciones apestosas como la del tabaco… 	[('food quality', 'positive', 'cocina'), ('ambience general', 'negative', 'tabaco')]
es_colette-zaragoza_comment-1742:0	En dos palabras?-una mierdaEn mas palabras?Caro, hortera, parece una cueva, raciones minimas y platos de lo mas normales.Lo unico de autor, es la foto que realmente es digna del premio a la vergüenza ajena, (…). 	[('restaurant general', 'negative', 'NULL'), ('restaurant prices', 'negative', 'NULL'), ('ambience general', 'negative', 'NULL'), ('food style_options', 'negative', 'raciones'), ('food style_options', 'neutral', 'platos'), ('restaurant miscellaneous', 'negative', 'foto')]
es_colette-zaragoza_comment-2526:0	Una vergüenza lo que nos han cobrado, han sugerido los entrantes y nos han cobrado 9 euros por cada plato de pan con tomate.Hemos ido 12 y hemos pagado caso 700 euros y hemos tenido que pedir que nos invitaran a un chupito.	[('restaurant prices', 'negative', 'NULL'), ('food prices', 'negative', 'plato de pan con tomate')]
es_colette-zaragoza_comment-2526:1	Un plato de jamon de entrante..25 euros??	[('food prices', 'negative', 'plato de jamon de entrante')]
es_colette-zaragoza_comment-2526:2	y el pan que no hemos pedido.. en fin os recomiendo a todos que no piseis este sitio porque os cobraran solo por entrar.	[('restaurant prices', 'negative', 'sitio')]
es_colette-zaragoza_comment-2526:3	Por este dinero como de verdad en un sitio en condiciones 	[('restaurant prices', 'negative', 'NULL')]
es_colette-zaragoza_comment-257:0	es un restaurate unico en zaragoza, es pequeño, comodo y muy privado, la decoracion es perfecta ya que lo hace muy acojedor, el servicio es normal, pero la comida es muy especial y de muy buena calidad.	[('restaurant general', 'positive', 'restaurate'), ('ambience general', 'positive', 'restaurate'), ('ambience general', 'positive', 'decoracion'), ('service general', 'neutral', 'servicio'), ('food quality', 'positive', 'comida')]
es_colette-zaragoza_comment-257:1	es un restaurate para repetir mi nota es de 9.	[('restaurant general', 'positive', 'restaurate')]
es_colette-zaragoza_comment-257:2	Respecto al precio , si lo  comparas con la calidad y el sevicio y la exclusividad esta perfecto , mas si lo comparas con otros restaurates de esta clase en el resto de españa.	[('restaurant prices', 'positive', 'NULL')]
es_colette-zaragoza_comment-261:0	solo dijo que es un sitio alucinate,comida sevicio y decoracion, lo que mas me gusto fue la comida ya que es de muy buena calidad, espero que en un futuro se igual y que no cambie.	[('restaurant general', 'positive', 'sitio'), ('food quality', 'positive', 'comida')]
es_colette-zaragoza_comment-261:1	un sitio para repetir y recomendar .	[('restaurant general', 'positive', 'sitio')]
es_colette-zaragoza_comment-261:2	del precio, si lo comparas con la calidad , la atenciones y el lugar ,esta a la altura 	[('restaurant prices', 'positive', 'NULL')]
es_colette-zaragoza_comment-3056:0	recomiendo este sitio.Fui a cenar con mi novio por mi cumple,y samilos encantados,repetiremos seguro.	[('restaurant general', 'positive', 'sitio')]
es_colette-zaragoza_comment-3056:1	Todo en pequeñas cantidades pero buenísimo,myuy bien cocinado,y el trato perfecto.	[('food quality', 'positive', 'NULL'), ('service general', 'positive', 'trato'), ('food style_options', 'positive', 'NULL')]
es_colette-zaragoza_comment-3056:2	No es para ir todas las semanas,pq es un poco más caro,q el tipico restaurante informal,pero merece la pena,para una celebración especial.	[('restaurant prices', 'neutral', 'NULL')]
es_colette-zaragoza_comment-3056:3	Gracias¡¡¡ 	[('restaurant general', 'positive', 'NULL')]
es_colette-zaragoza_comment-3062:0	DE VERGÜENZA!!!	[('restaurant general', 'negative', 'NULL')]
es_colette-zaragoza_comment-3062:3	38 euros con bodega incluida.Los platos no estuvieron mal: jamón ibérico con pan con tomate, calamares con pimientos de padrón, patatas confitadas con foie y arroz meloso (de setas).	[('food quality', 'neutral', 'platos')]
es_colette-zaragoza_comment-3062:4	De segundo a elegir varios platos entre los que se encontraban bacalao, rape, solomillo, cochillino, steak tartar,…Los primeros eran centros que para degustar estaban bien, pero vamos, escasos.	[('food quality', 'positive', 'primeros'), ('food style_options', 'negative', 'primeros')]
es_colette-zaragoza_comment-3062:5	Si de segundo hubiese habido un buen plato no digo ni ‘mu’, pero no.	[('food style_options', 'negative', 'segundo')]
es_colette-zaragoza_comment-3062:9	Pero de nuevo escasos (y nada nada especiales).	[('food style_options', 'negative', 'NULL'), ('food quality', 'negative', 'NULL')]
es_colette-zaragoza_comment-3062:10	Al final pagamos: 38 por persona, 10 euros por un plato de tomate de la huerta que cultiban ellos (ofrecido de repente teniendo el menú cerrado y sin avisar del precio), 2 euros por café, 5.5 por pacharán (de esto no digo nada, si lo pides lo pagas) y 13 euros por una botella de vino teniendo el menú cerrado.	[('food prices', 'negative', 'plato de tomate de la huerta'), ('drinks prices', 'negative', 'café'), ('drinks prices', 'negative', 'botella de vino')]
es_colette-zaragoza_comment-3062:14	Resumen: como decía el título: sinvergüenzas!!!	[('restaurant general', 'negative', 'NULL')]
es_colette-zaragoza_comment-3062:15	No se puede ir de sofisticado engañando e intentando sacar dinero de cualquier despiste de los comensales.	[('restaurant prices', 'negative', 'NULL')]
es_colette-zaragoza_comment-3062:16	Me parece vergonzoso que cobren una botella porque al ser 6 personas en el menú sólo corresponden 2.	[('drinks prices', 'negative', 'botella')]
es_colette-zaragoza_comment-3062:17	Sobre todo siendo el precio de 38 euros (más iva) y siendo la comida más bien escasa y sin aportar más calidad que la de muchos otros sitios a mejor precio.	[('food style_options', 'negative', 'comida'), ('food quality', 'neutral', 'comida'), ('restaurant prices', 'negative', 'NULL')]
es_colette-zaragoza_comment-3062:20	Eso sí, me río después de que ellos se han reído de mi bolsillo.	[('restaurant prices', 'negative', 'NULL')]
es_colette-zaragoza_comment-3062:21	EVITADLO SI PODÉIS!! 	[('restaurant general', 'negative', 'NULL')]
es_colette-zaragoza_comment-3257:0	Estuvimos cenando un grupo de amigos el sábado 19 de noviembre, y he de decir que el local levanta muchas espectativas, que luego se ven defraudadas por la comida, normalita, la cantidad no escasa, sino mínima, el servicio muy defieciente, y el precio astronómico.	[('ambience general', 'positive', 'local'), ('food quality', 'neutral', 'comida'), ('food style_options', 'negative', 'comida'), ('service general', 'negative', 'servicio'), ('restaurant prices', 'negative', 'NULL')]
es_colette-zaragoza_comment-3257:1	En definitiva, un restaurante con muchas ínfulas que se queda en nada.	[('restaurant general', 'negative', 'restaurante')]
es_colette-zaragoza_comment-3257:2	NO LO RECOMIENDO EN ABSOLUTO. 	[('restaurant general', 'negative', 'NULL')]
es_colette-zaragoza_comment-3357:1	y cenamos de maravilla, tanto en calidad como en cantidad.	[('food quality', 'positive', 'NULL'), ('food style_options', 'positive', 'NULL')]
es_colette-zaragoza_comment-3357:2	El servicio tambien estuvo a la altura.	[('service general', 'positive', 'servicio')]
es_colette-zaragoza_comment-3357:3	El lugar es precioso y acogedor; fue todo excelente, lo recomiendo a todas aquellas personas que con elegancia quieran disfrutar. 	[('ambience general', 'positive', 'lugar'), ('restaurant general', 'positive', 'NULL')]
es_colette-zaragoza_comment-3446:0	Estupenda cena el sábado por la noche con un bono de Groupalia.	[('restaurant general', 'positive', 'cena')]
es_colette-zaragoza_comment-3446:1	Excelente calidad y precio.	[('food quality', 'positive', 'NULL'), ('food prices', 'positive', 'NULL')]
es_colette-zaragoza_comment-3446:2	Hoy y mañana sigue estando la oferta, pero si alguno quiere comprarla.40 € por un menú degustación con buen producto, muy bien cocinado e incluido gin-tonic, creo que es imbatible.Eso sí, para mi gusto el gin tonic mejor sin violeta, aunque soy un amante de los caramelos de violeta, mejor cada cosa en su sitio. 	[('food quality', 'positive', 'menú degustación')]
es_colette-zaragoza_comment-4024:0	Sábado por la noche,  reservo para 4 personas en el colette, y al llegar no sólo no tenemos reserva sino que el colette, supuestamente de más calidad que el Quartz, ya no existe como tal,  nos  dicen que se han fusionado, son el mismo restaurante y nos buscan una mesa en este ultimo.	[('restaurant general', 'negative', 'NULL')]
es_colette-zaragoza_comment-4024:1	Sin  ofrecernos la carta de menús nos dan la carta de platos, supongo  a ver si cuela, hasta que preguntamos por los menús, que entonces nos explican las excelencias de sus menús, que no es de mala calidad aunque pedimos una botella de vino de la carta, ya que no se puede elegir color, pero el servicio no nos parece acorde con la supuesta calidad del restaurante.	[('service general', 'negative', 'servicio')]
es_colette-zaragoza_comment-4024:2	El local es estrecho y alargado por lo que al fondo es difícil comunicarse sin gritar sí está lleno , como es el caso.	[('ambience general', 'negative', 'local')]
es_colette-zaragoza_comment-574:0	Unico en Zaragoza, Ya era hora!!!.	[('restaurant general', 'positive', 'NULL')]
es_colette-zaragoza_comment-574:1	Excelentes istalaciones, muy buena atención e inmejorable cocina… digno de probar.	[('ambience general', 'positive', 'istalaciones'), ('service general', 'positive', 'atención'), ('food quality', 'positive', 'cocina')]
es_colette-zaragoza_comment-574:2	Lo recomiendo!!! 	[('restaurant general', 'positive', 'NULL')]
es_colette-zaragoza_comment-68:0	Un domingo a mediodía pague la novatada de comer alli, pero una y no más.	[('restaurant general', 'negative', 'NULL')]
es_colette-zaragoza_comment-68:1	Tiene 6 meses, estabamos en todo el restaurante unas 13 personas y tres camareras y el servicio FUE PENOSO mucho guante blanco puesto pero te dejan los mismos cubiertos de los entrantes hasta los postres, los platos se acumulan en el centro de la mesa y no te los quitan, necesita pan y tienes casi que rogarlo.	[('service general', 'negative', 'servicio')]
es_colette-zaragoza_comment-68:2	Las raciones escasas para lo que te cobran, por ejemplo una plato con tres colmenillas con foi y tres corazones de alcachofas rebozado en tempura te sablean 22 euros y el solomillo no llega escasamente a los 60 gramos.	[('food style_options', 'negative', 'raciones'), ('food prices', 'negative', 'NULL'), ('food prices', 'negative', 'plato con tres colmenillas con foi y tres corazones de alcachofas rebozado en tempura'), ('food style_options', 'negative', 'solomillo')]
es_colette-zaragoza_comment-68:3	Eso si mucha mariconada de caramelos con lagrimas de acite pero como se te caiga un cubierto o avisas a la camarera, si la pillas, o te lo limpias tu.	[('service general', 'negative', 'camarera')]
es_colette-zaragoza_comment-68:4	NO LO RECOMIENDO 	[('restaurant general', 'negative', 'NULL')]
es_comer-balneario-paracuellos-jiloca_comment-1265:0	He estado en diversas ocasiones realizando el circuito termal y luego hemos comido en el restaurante.La comida nos aparecido buena a las personas que hemos estado comiendo, eso si nunca hemos comido el menu, siempre que hemos comido nos hemos dejado aconsejar por la persona que nos a atendido en la mesa, normalmente hemos compartido unos entrantes y luego cada uno a elegido lo que deseaba.Lo cierto es que muy bien. 	[('food quality', 'positive', 'comida'), ('restaurant general', 'positive', 'NULL')]
es_comer-balneario-paracuellos-jiloca_comment-1424:0	Nosotros también pasamos un par de noches en el Balneario con circuito y pensión completa y desde luego los menús dejaron bastante que desear.	[('food style_options', 'negative', 'menús')]
es_comer-balneario-paracuellos-jiloca_comment-1424:2	Una pena para las instalaciones tan excelentes que hay. 	[('restaurant general', 'negative', 'NULL')]
es_comer-balneario-paracuellos-jiloca_comment-1489:0	Yo voy mucho al Balneario Paracuellos de Jiloca, y la comida que me dan siempre es ESTUPENDA, te ponen mucha cantidad y ademas con calidad.La relación calidad precio esta muy bien.	[('food quality', 'positive', 'comida'), ('food style_options', 'positive', 'comida'), ('food quality', 'positive', 'NULL'), ('food prices', 'positive', 'NULL')]
es_comer-balneario-paracuellos-jiloca_comment-1489:1	OS LO RECOMIENDO A TODOS.	[('restaurant general', 'positive', 'NULL')]
es_comer-balneario-paracuellos-jiloca_comment-1688:2	Comimos en el comedor del balneario que por cierto es de felicitar la comida, que bien comimos.	[('food quality', 'positive', 'comida')]
es_comer-balneario-paracuellos-jiloca_comment-2214:1	comimos tambien y la comida es ESTUPENDA, te dan a elejir además la comida esta buenisima.!!!	[('food quality', 'positive', 'comida')]
es_comer-balneario-paracuellos-jiloca_comment-2322:1	La atencion de todo el personal de recepción, del comedor, del balneario es buenisima te hacen sentir muy comoda y como en casa.	[('service general', 'positive', 'personal')]
es_comer-balneario-paracuellos-jiloca_comment-2322:2	La comida muy buena y abundante además el día de antes te dan a elegir que quieres comer el día siguiente.Nos gusto todo mucho y pronto volveremos!!! 	[('food quality', 'positive', 'comida'), ('food style_options', 'positive', 'comida'), ('restaurant general', 'positive', 'NULL')]
es_comer-balneario-paracuellos-jiloca_comment-3434:0	1/02/2012 No se como puede la gente quejarse de la comida en el restaurante del balneario,nosotros estuvimos 9 dias y la comida fue variada muy abundante y exquisita.	[('food quality', 'positive', 'comida'), ('food style_options', 'positive', 'comida')]
es_comer-balneario-paracuellos-jiloca_comment-3434:1	La atencion de las camareras excepcional,volveremos aunque solo sea por la atencion recibida gracias a todo el personal por vuestra atencion. 	[('service general', 'positive', 'camareras'), ('service general', 'positive', 'personal'), ('restaurant general', 'positive', 'NULL')]
es_comer-balneario-paracuellos-jiloca_comment-3797:0	Es una apreciación, pero el conejo al ajillo, precisamente se cocina así, con el aceitito de haberlo cocinado, que lleva todo el sabor.	[('food quality', 'positive', 'conejo al ajillo')]
es_comer-balneario-paracuellos-jiloca_comment-4516:0	ES el balneario donde peor hemos comido con diferencia de los demás que conozco,mala elaboración , poca variedad ni tan siquiera los desayunos son apetecibles 	[('food quality', 'negative', 'desayunos'), ('food style_options', 'negative', 'variedad'), ('food style_options', 'negative', 'elaboración')]
es_comer-balneario-paracuellos-jiloca_comment-4823:2	En cuanto a lo que es la comida, sinceramente no está mal.	[('food quality', 'neutral', 'comida')]
es_comer-balneario-paracuellos-jiloca_comment-4823:3	No son platos rimbombantes (ya varias personas me han dicho que es mejor la comida de Alhama de Aragón), pero se dejan comer y estaban bien.	[('food quality', 'neutral', 'platos')]
es_comer-balneario-paracuellos-jiloca_comment-4823:4	Yo recuerdo que pedí chipirones guisados y estaban muy buenos, como un puré de marisco que estaba riquísimo.	[('food quality', 'positive', 'chipirones guisados'), ('food quality', 'positive', 'puré de marisco')]
es_comer-balneario-paracuellos-jiloca_comment-4823:5	Aunque fuera más o menos normal el resto (los entremeses de balneario sí son los mismos que los que aparecen en la foto), se dejaba comer.	[('food quality', 'neutral', 'entremeses')]
es_comer-balneario-paracuellos-jiloca_comment-4823:6	No será para entrar en paladares selectos, pero no era malo.	[('food quality', 'neutral', 'NULL')]
es_comer-balneario-paracuellos-jiloca_comment-4823:7	Desde luego me lo esperaba peor por los comentarios, pero no es así, afortunadamente. 	[('restaurant general', 'positive', 'NULL')]
es_cullera_de_boix_100_BlancIBlau_2010-11-15:0	Servicio amable y correcto, algo lento la cocina, tal vez habia una gran ocupación.	[('service general', 'positive', 'Servicio'), ('service general', 'negative', 'cocina')]
es_cullera_de_boix_100_BlancIBlau_2010-11-15:1	Comida, entrantes correctos salvo los pinchos mal, el arroz caldoso de cigalas bien.	[('food quality', 'negative', 'pinchos'), ('food quality', 'positive', 'arroz caldoso de cigalas'), ('food quality', 'positive', 'entrantes')]
es_cullera_de_boix_101_XavierPlanasFont_2010-09-24:0	Es un restaurante muy profesional con una buena calidad de cocina y una mejor relacion calidad/precio.	[('restaurant general', 'positive', 'restaurante'), ('food quality', 'positive', 'cocina'), ('food prices', 'positive', 'NULL')]
es_cullera_de_boix_101_XavierPlanasFont_2010-09-24:1	El servicio esta por debajo de lo anterior, pero el conjunto es bueno y muy recomendable	[('service general', 'neutral', 'servicio'), ('restaurant general', 'positive', 'pero el conjunto es bueno y muy recomendable')]
es_cullera_de_boix_102_JordiMullor_2010-09-18:0	Un servicio y una comida más que correcto.	[('service general', 'positive', 'servicio'), ('food quality', 'positive', 'comida')]
es_cullera_de_boix_102_JordiMullor_2010-09-18:1	Repetiría de local a la hora de celebrar otra cena de grupo.	[('restaurant general', 'positive', 'local')]
es_cullera_de_boix_103_Jordi_2010-07-22:0	Buen menú desgustación.	[('food style_options', 'positive', 'menú desgustación')]
es_cullera_de_boix_103_Jordi_2010-07-22:1	La calidad de la comida es muy buena así como el servicio.	[('food quality', 'positive', 'comida'), ('service general', 'positive', 'servicio')]
es_cullera_de_boix_103_Jordi_2010-07-22:2	Repetiré.	[('restaurant general', 'positive', 'NULL')]
es_cullera_de_boix_108_MariaCervantes_2009-02-03:0	El pasado sábado cenamos con unas amigas, nos invitaron a una copa de capa y la comida fue excelente así como abundante, muy buena relación calidad precio y el comedor muy agradable asi como el servicio.	[('food quality', 'positive', 'comida'), ('food style_options', 'positive', 'comida'), ('food quality', 'positive', 'NULL'), ('food prices', 'positive', 'NULL'), ('service general', 'positive', 'servicio'), ('ambience general', 'positive', 'comedor')]
es_cullera_de_boix_109_Alex_2009-01-03:0	Muy Mal.	[('restaurant general', 'negative', 'NULL')]
es_cullera_de_boix_109_Alex_2009-01-03:1	Hicimos un menú de grupo y resultó superescaso con una ración de pescado que daba risa verla.	[('food style_options', 'negative', 'menú de grupo'), ('food style_options', 'negative', 'ración de pescado')]
es_cullera_de_boix_109_Alex_2009-01-03:3	El solomilloo debia ser de bisabuelo porque estaba malisimo.	[('food quality', 'negative', 'solomilloo')]
es_cullera_de_boix_10_EsteveVidalSelga_2015-01-05:0	La comida muy buena y muy buen trato.	[('food quality', 'positive', 'comida'), ('service general', 'positive', 'trato')]
es_cullera_de_boix_10_EsteveVidalSelga_2015-01-05:1	Aunque cuando llegué a casa me di cuenta que no me aplicaron el 10 % de descuento que decía la reserva.	[('restaurant prices', 'negative', 'NULL')]
es_cullera_de_boix_114_Meri_2008-03-16:0	Pésimo.	[('restaurant general', 'negative', 'NULL')]
es_cullera_de_boix_114_Meri_2008-03-16:1	El trato de los camareros hacia los clientes fue bastante malo: bordes, malas caras, etc... 	[('service general', 'negative', 'camareros')]
es_cullera_de_boix_114_Meri_2008-03-16:2	La comida fatal y para colmo el precio.	[('food quality', 'negative', 'comida'), ('food prices', 'neutral', 'comida')]
es_cullera_de_boix_114_Meri_2008-03-16:3	Es caro y se come mal	[('restaurant prices', 'negative', 'NULL'), ('food quality', 'negative', 'NULL')]
es_cullera_de_boix_121_Maria_2007-05-03:0	Estuve el pasado viernes por la noche, fue increible, el servicio de los camareros impecble y muy simpáticos, la comida muy lograda, muy recomedable a la vez que muy acogedor	[('service general', 'positive', 'servicio'), ('food quality', 'positive', 'comida'), ('ambience general', 'positive', 'NULL'), ('restaurant general', 'positive', 'NULL')]
es_cullera_de_boix_127_Santiago_2006-08-17:0	realmente ha sido todo un hallazgo, en pleno centro de barcelona, un local donde se coma buen menu tanto en dias laborables como en festivo.	[('location general', 'positive', 'NULL'), ('food style_options', 'positive', 'menu')]
es_cullera_de_boix_127_Santiago_2006-08-17:1	San Jordi ha sido la prueba con toda la familia, y salio redondo, un buen servicio con un buen precio y	[('service general', 'positive', 'servicio'), ('restaurant prices', 'positive', 'NULL')]
es_cullera_de_boix_12_JoanPascualMartori_2014-12-29:0	buen servicio menu excelente	[('service general', 'positive', 'servicio'), ('food style_options', 'positive', 'menu')]
es_cullera_de_boix_15_ToniLopezEspinar_2014-09-07:0	Cena para dos con una muy buena atencion del servicio, encontramos un restaurante tranquilo y acogedor.	[('service general', 'positive', 'servicio'), ('ambience general', 'positive', 'restaurante')]
es_cullera_de_boix_15_ToniLopezEspinar_2014-09-07:1	La comida, en nuestro caso una ensalada xato para compartir y un magret de pato, excelente!	[('food quality', 'positive', 'ensalada xato'), ('food quality', 'positive', 'magret de pato')]
es_cullera_de_boix_15_ToniLopezEspinar_2014-09-07:2	Lo recomiendo, volveremos.	[('restaurant general', 'positive', 'NULL')]
es_cullera_de_boix_16_J:0	Nos presentamos con la intención de elegir platos a la carta, pero nos presentaron un menú muy correcto y a precio ajustado, por lo que ésa fue nuestra selección.	[('food style_options', 'positive', 'menú'), ('food prices', 'positive', 'menú')]
es_cullera_de_boix_16_J:1	Los platos muy correctos en presentación cantidad y sabores.	[('food style_options', 'positive', 'platos'), ('food quality', 'positive', 'platos')]
es_cullera_de_boix_16_J:2	El servicio y atención muy bien.	[('service general', 'positive', 'servicio')]
es_cullera_de_boix_16_J:3	Volveremos	[('restaurant general', 'positive', 'NULL')]
es_cullera_de_boix_19_AlfredoOtalCebrian_2014-05-13:0	La atención no es mala, pero si se reserva, no se debe montar la mesa a parte si se ha dado cuenta que la sala comedor esta llena, si no para que reservar?	[('service general', 'neutral', 'NULL')]
es_cullera_de_boix_19_AlfredoOtalCebrian_2014-05-13:1	La ración un poco corta para lo que se cobra por plato, aunque bien confeccionada.	[('food style_options', 'negative', 'ración'), ('food quality', 'positive', 'ración'), ('food prices', 'negative', 'plato')]
es_cullera_de_boix_22_BeatrizDelRio_2014-03-30:0	Muy buen trato, muy buena comida, un sitio ideal para ir de menú comiendo calidad.	[('service general', 'positive', 'trato'), ('food quality', 'positive', 'comida'), ('food style_options', 'positive', 'menú'), ('food quality', 'positive', 'menú')]
es_cullera_de_boix_24_CarmeBayo_2014-02-02:0	Como siempre han estado a la altura, calidad precio perfecto y servicio inmejorable, extremadamente amables.	[('food quality', 'positive', 'NULL'), ('food prices', 'positive', 'NULL'), ('service general', 'positive', 'servicio')]
es_cullera_de_boix_24_CarmeBayo_2014-02-02:1	Muy cómoda la situación para trasladarse con transporte público, metro y bus al lado.	[('location general', 'positive', 'situación')]
es_cullera_de_boix_27_Sandra_2013-12-24:0	La atención al cliente no es la correcta y la comida no está a l´altura del precio.	[('service general', 'negative', 'atención'), ('food prices', 'negative', 'comida')]
es_cullera_de_boix_28_AlfredoPostigoRuiz_2013-11-24:0	La atención buena, pero el resto fatal; 	[('service general', 'positive', 'atención'), ('restaurant general', 'negative', 'NULL')]
es_cullera_de_boix_28_AlfredoPostigoRuiz_2013-11-24:1	Hay mucha suciedad, no es cómodo, los lavabos muy sucios, el ambiente esta super trasnochado, y la cocina fatal, comida sin textura, muy industrial, como un menú de diario, a 10,0 €.	[('ambience general', 'negative', 'NULL'), ('ambience general', 'negative', 'lavabos'), ('food quality', 'negative', 'comida'), ('ambience general', 'negative', 'ambiente')]
es_cullera_de_boix_2_Yolanda_2015-08-19:0	<->Pedimos a la carte (no menú del día) paella como plato principal- casi quemada, arroz pasado.	[('food quality', 'negative', 'paella')]
es_cullera_de_boix_2_Yolanda_2015-08-19:1	"<->Gambas resecas y no sabemos por que, pero lo llenaron con trozos de esa ""sucedanio en forma de palo- pero con sabor a gamba""  que era casi caucho-imposible de comer."	[('food quality', 'negative', 'Gambas'), ('food quality', 'neutral', 'sucedanio en forma de palo- pero con sabor a gamba')]
es_cullera_de_boix_2_Yolanda_2015-08-19:2	<->No pudimos comer ni la mitad de la paella	[('food quality', 'negative', 'paella')]
es_cullera_de_boix_2_Yolanda_2015-08-19:3	<+>personal amable.	[('service general', 'positive', 'personal')]
es_cullera_de_boix_2_Yolanda_2015-08-19:4	<+>entrantes pasables -normal de sabor	[('food quality', 'neutral', 'entrantes')]
es_cullera_de_boix_30_DamiaCasajuanaVilaseca_2013-11-02:0	Relacion calidad precii muy buena.	[('food quality', 'positive', 'NULL'), ('food prices', 'positive', 'NULL')]
es_cullera_de_boix_30_DamiaCasajuanaVilaseca_2013-11-02:1	La comida era toda fantastica.	[('food quality', 'positive', 'comida')]
es_cullera_de_boix_30_DamiaCasajuanaVilaseca_2013-11-02:2	Volveremos seguro.	[('restaurant general', 'positive', 'NULL')]
es_cullera_de_boix_32_LuisGuzmanRodriguez_2013-08-07:0	Bien en general, un poco lento el servicio	[('restaurant general', 'positive', 'NULL'), ('service general', 'negative', 'servicio')]
es_cullera_de_boix_33_JoaquinAdellCalduch_2013-07-29:0	Correcto.	[('restaurant general', 'positive', 'NULL')]
es_cullera_de_boix_33_JoaquinAdellCalduch_2013-07-29:1	Servicio diligente con voluntad de cumplir.	[('service general', 'positive', 'Servicio')]
es_cullera_de_boix_33_JoaquinAdellCalduch_2013-07-29:2	La cocina mejorable, al lado de platos excelentes por ejemplo el bacalao, otros no tanto como el atun, demasiado hecho.Aplicaron correctamente el descuento promocional.	[('food quality', 'neutral', 'cocina'), ('food quality', 'positive', 'bacalao'), ('food quality', 'negative', 'atun'), ('restaurant prices', 'positive', 'descuento promocional')]
es_cullera_de_boix_36_AngelsRodaFernandez_2013-07-13:0	Cocina excelente,todos los platos que pedimos estan exquisutos	[('food quality', 'positive', 'Cocina'), ('food quality', 'positive', 'platos')]
es_cullera_de_boix_38_Anonimo_2013-05-31:0	Bonito restaurante, buen ambiente y servicio.	[('restaurant general', 'positive', 'restaurante'), ('service general', 'positive', 'servicio'), ('ambience general', 'positive', 'NULL')]
es_cullera_de_boix_38_Anonimo_2013-05-31:1	Extremadamente juntas las mesas.los platos sin sabor alguno.	[('ambience general', 'negative', 'mesas'), ('food quality', 'negative', 'platos')]
es_cullera_de_boix_38_Anonimo_2013-05-31:2	El pan excelente.	[('food quality', 'positive', 'pan')]
es_cullera_de_boix_38_Anonimo_2013-05-31:3	Entrada algo desordenada, con papel en suelo.vibración del metro y ruido de sala molesto.	[('ambience general', 'negative', 'Entrada'), ('ambience general', 'negative', 'NULL')]
es_cullera_de_boix_38_Anonimo_2013-05-31:4	Si la comida tuviese sabor, lo demás da igual.	[('food quality', 'negative', 'comida')]
es_cullera_de_boix_38_Anonimo_2013-05-31:5	Excelente ubicación e iluminación.	[('location general', 'positive', 'ubicación'), ('ambience general', 'positive', 'iluminación')]
es_cullera_de_boix_39_JoseManuelGimenezPerez_2013-05-06:0	Perfecta relación calidad-precio, servicio muy atento y comida exquisita.	[('food quality', 'positive', 'NULL'), ('food prices', 'positive', 'NULL'), ('service general', 'positive', 'servicio'), ('food quality', 'positive', 'comida')]
es_cullera_de_boix_39_JoseManuelGimenezPerez_2013-05-06:1	Totalmente recomendable.	[('restaurant general', 'positive', 'NULL')]
es_cullera_de_boix_40_AudeBouchet_2013-04-30:0	Los camareros muy agradables y atentos, los entrantes son muy buenos.	[('service general', 'positive', 'camareros'), ('food quality', 'positive', 'entrantes')]
es_cullera_de_boix_40_AudeBouchet_2013-04-30:1	La paella bien por el precio.	[('food prices', 'positive', 'paella')]
es_cullera_de_boix_41_JuanRamonTejadaLuque_2013-04-24:0	Todo estuvo muy bien.	[('restaurant general', 'positive', 'NULL')]
es_cullera_de_boix_44_GuillemNavarroPuig_2013-04-22:0	excelente menú desgustacion que va de menos a mas con dos platós finales realmete buenos.	[('food style_options', 'positive', 'menú desgustacion'), ('food quality', 'positive', 'platós finales')]
es_cullera_de_boix_45_JordiSisoNolla_2013-03-03:0	"El restaurante ""La Cullera de Boix"" es excelente tanto por el ambiente como el servicio, no tuvimos ningún problema."	[('ambience general', 'positive', 'ambiente'), ('service general', 'positive', 'servicio')]
es_cullera_de_boix_46_JordiGavanachGinesta_2013-02-25:0	Los servicios en estado lamentable, y los manteles, copas etc.	[('ambience general', 'negative', 'servicios'), ('ambience general', 'negative', 'manteles'), ('ambience general', 'negative', 'copas')]
es_cullera_de_boix_46_JordiGavanachGinesta_2013-02-25:1	pueden mejorar la limpieza.	[('ambience general', 'negative', 'limpieza')]
es_cullera_de_boix_46_JordiGavanachGinesta_2013-02-25:2	En cuanto a la comida y servicio de personal se puede afirmar que estava muy correcta.	[('food quality', 'positive', 'comida'), ('service general', 'positive', 'servicio')]
es_cullera_de_boix_48_Anna_2013-02-12:0	Personal amable pero la comida muy floja.	[('service general', 'positive', 'Personal'), ('food quality', 'negative', 'comida')]
es_cullera_de_boix_48_Anna_2013-02-12:1	Sin ninguna gracia, arroz poco sabroso.	[('food quality', 'negative', 'arroz')]
es_cullera_de_boix_48_Anna_2013-02-12:2	No lo recomendaría!!!	[('restaurant general', 'negative', 'NULL')]
es_cullera_de_boix_49_Kathy_2013-01-21:0	En estos tiempos que corren vamos todos a por los descuentos sin renunciar a la calidad, este restaurante dio la talla en cuanto al menú degustación que escogimos, por cierto, todo buenísimo, las cantidades muy acertadas, el arroz caldoso nos gustó bastante.	[('food style_options', 'positive', 'menú degustación'), ('food quality', 'positive', 'arroz caldoso'), ('food quality', 'positive', 'NULL'), ('food style_options', 'positive', 'NULL')]
es_cullera_de_boix_49_Kathy_2013-01-21:1	La atención de todo el personal fue muy buena y el local acogedor.	[('service general', 'positive', 'personal'), ('ambience general', 'positive', 'local')]
es_cullera_de_boix_49_Kathy_2013-01-21:2	Volveremos.	[('restaurant general', 'positive', 'NULL')]
es_cullera_de_boix_4_SusanaCapa_2015-07-09:1	<+>La atencion	[('service general', 'positive', 'atencion')]
es_cullera_de_boix_51_FranciscoJavierSanchezToledano_2012-12-01:0	Estamos muy contentos.	[('restaurant general', 'positive', 'NULL')]
es_cullera_de_boix_53_CarmenTorcalCastro_2012-11-14:0	Fuimos 21 personas, trato excepcional, la cena estuvo bien.	[('service general', 'positive', 'trato'), ('food quality', 'positive', 'cena')]
es_cullera_de_boix_53_CarmenTorcalCastro_2012-11-14:1	El unico inconveniente el espacio, apenas nos podiamos mover.	[('ambience general', 'negative', 'espacio')]
es_cullera_de_boix_53_CarmenTorcalCastro_2012-11-14:2	Por lo demás muy bien.	[('restaurant general', 'positive', 'NULL')]
es_cullera_de_boix_56_JuanBelmonteSandoval_2012-08-30:0	Magnífica atención, buena carta de vinos, muy buen paella.	[('service general', 'positive', 'atención'), ('drinks style_options', 'positive', 'carta de vinos'), ('food quality', 'positive', 'paella')]
es_cullera_de_boix_56_JuanBelmonteSandoval_2012-08-30:1	Repetiremos.	[('restaurant general', 'positive', 'NULL')]
es_cullera_de_boix_57_Lucia_2012-08-10:0	La comida muy buena, elegimos el menú degustación y es muy completo.	[('food quality', 'positive', 'comida'), ('food style_options', 'positive', 'menú degustación')]
es_cullera_de_boix_57_Lucia_2012-08-10:1	Lo único que tardaron mucho en traer la comida, esperamos mas de media hora y el menú estaba cerrado de antemano.	[('service general', 'negative', 'NULL')]
es_cullera_de_boix_58_PedroGarciaCasas_2012-07-23:0	Realmente una gran decepción, pésimo servicio, además no sólo la bebida no está incluida sino que no te ponen ni pan ni siquiera agua.	[('service general', 'negative', 'servicio'), ('food style_options', 'negative', 'NULL'), ('restaurant general', 'negative', 'NULL'), ('drinks style_options', 'negative', 'bebida')]
es_cullera_de_boix_59_Antonio_2012-07-17:0	Estupendo el arroz caldoso con bogavante y muy buen trato.	[('food quality', 'positive', 'arroz caldoso con bogavante'), ('service general', 'positive', 'trato')]
es_cullera_de_boix_60_ElenaRenedoDomingo_2012-07-15:0	Es la seguna vez que vamos y la verdad es que la primera vez tuvimos una mala experiencia por un malentendido pero esta última vez todo fue bien.	[('restaurant general', 'negative', 'experiencia'), ('restaurant general', 'positive', 'NULL')]
es_cullera_de_boix_60_ElenaRenedoDomingo_2012-07-15:1	Nos atendieron de maravilla y después de las cenas nos regalaron una cuchara de madera a cada uno.	[('service general', 'positive', 'NULL')]
es_cullera_de_boix_63_MarisaPerezDavila_2012-06-05:0	Celebramos en este restaurante nuestras Bodas de Plata y tengo que decir que fue todo perfecto, el servicio muy atento y amable y la comida estupenda, yo destacaría las croquetas del aperitivo (deliciosas) y como no, la paella.	[('restaurant general', 'positive', 'NULL'), ('service general', 'positive', 'servicio'), ('food quality', 'positive', 'comida'), ('food quality', 'positive', 'croquetas'), ('food quality', 'positive', 'paella')]
es_cullera_de_boix_63_MarisaPerezDavila_2012-06-05:1	"Por poner algún pero, quizá el jamón no era todo lo ""ibérico"" que cabía esperar."	[('food quality', 'negative', 'jamón')]
es_cullera_de_boix_63_MarisaPerezDavila_2012-06-05:2	Es un Restaurante muy recomendable.	[('restaurant general', 'positive', 'Restaurante')]
es_cullera_de_boix_64_ElisendaBurgueraVidiella_2012-05-29:0	Sitio tranquilo, raciones correctas, lo mejor los arroces y el precio.	[('ambience general', 'positive', 'Sitio'), ('food style_options', 'positive', 'raciones'), ('food quality', 'positive', 'arroces'), ('restaurant prices', 'positive', 'NULL')]
es_cullera_de_boix_65_TeresaFlorezSaelices_2012-05-27:0	El local tiene un ambiente muy agradable, y la comida es exquisita.	[('ambience general', 'positive', 'ambiente'), ('food quality', 'positive', 'comida')]
es_cullera_de_boix_65_TeresaFlorezSaelices_2012-05-27:1	El trato del personal fue muy bueno.	[('service general', 'positive', 'personal')]
es_cullera_de_boix_66_FranciscoYNieves_2012-05-13:0	El menú  degustacion nos pareció bueno y variado con un servicio muy atento y un trato agradable y la comida estaba buena con una buena relación calidad precio.	[('food style_options', 'positive', 'menú  degustacion'), ('service general', 'positive', 'servicio'), ('food quality', 'positive', 'comida'), ('food prices', 'positive', 'comida')]
es_cullera_de_boix_68_Gaby_2012-03-29:0	Fue todo genial.	[('restaurant general', 'positive', 'NULL')]
es_cullera_de_boix_68_Gaby_2012-03-29:1	No podemos dar ni una sola queja porque del primer momento que entramos hasta nuestra salida todo fue estupendo.	[('restaurant general', 'positive', 'NULL')]
es_cullera_de_boix_68_Gaby_2012-03-29:2	La comida exquisita, abundante, el ambiente y servicio muy agradables.	[('food quality', 'positive', 'comida'), ('food style_options', 'positive', 'comida'), ('ambience general', 'positive', 'ambiente'), ('service general', 'positive', 'servicio')]
es_cullera_de_boix_70_JoanCompanyArpa_2012-03-23:0	Para un menu gastronomico, si la comida es solo buena, por no decir discreta (en lo que a paella como plato principal se refiere) el resultado fue algo decepcionante, aunque el precio podria considerarse excepcional.	[('restaurant prices', 'positive', 'NULL'), ('food quality', 'negative', 'paella')]
es_cullera_de_boix_70_JoanCompanyArpa_2012-03-23:1	Hubiera mejorado con un mejor trato, servicio mas predilecto, mesa mas confortable.	[('service general', 'negative', 'servicio'), ('ambience general', 'negative', 'mesa')]
es_cullera_de_boix_70_JoanCompanyArpa_2012-03-23:2	Por ejemplo: paella, antes de emplatar, tanto cuesta mostrarla?	[('service general', 'negative', 'NULL')]
es_cullera_de_boix_72_RicardGrane_2012-02-27:0	Esperaba un poco más del arroz, por lo demás, todo muy correcto.	[('food quality', 'neutral', 'arroz'), ('restaurant general', 'positive', 'NULL')]
es_cullera_de_boix_74_ElisabetBasPujol_2012-01-17:0	Un menú estupendo, muy completo.	[('food style_options', 'positive', 'menú')]
es_cullera_de_boix_74_ElisabetBasPujol_2012-01-17:1	El trato muy bueno, muy amables, el arroz exquisito y a mitad de precio, lo recomiendo.	[('service general', 'positive', 'trato'), ('food quality', 'positive', 'arroz'), ('food prices', 'positive', 'arroz')]
es_cullera_de_boix_75_MiguelForch_2012-01-09:0	Solo para emergencias, no recomendable.	[('restaurant general', 'negative', 'NULL')]
es_cullera_de_boix_76_AntonioDiezDeBlas_2011-12-28:0	Restaurante correcto sin más pretensiones, abundante la comida pero sin una calidad extraordinaria.	[('restaurant general', 'neutral', 'Restaurante'), ('food style_options', 'positive', 'comida'), ('food quality', 'neutral', 'comida')]
es_cullera_de_boix_76_AntonioDiezDeBlas_2011-12-28:1	El servicio pésimo, lento y no se enteraba de nada.	[('service general', 'negative', 'servicio')]
es_cullera_de_boix_76_AntonioDiezDeBlas_2011-12-28:2	El arroz tampoco me sorprendio.	[('food quality', 'neutral', 'arroz')]
es_cullera_de_boix_76_AntonioDiezDeBlas_2011-12-28:3	No creo que repita.	[('restaurant general', 'negative', 'NULL')]
es_cullera_de_boix_79_SantiagoSoley_2011-12-23:0	Asistimos al restaurante para una cena de Navidad de la empresa y la relación calidad - precio nos soprendió.	[('food quality', 'positive', 'NULL'), ('food prices', 'positive', 'NULL')]
es_cullera_de_boix_79_SantiagoSoley_2011-12-23:1	Muy buena carta y platos abudantes.	[('food style_options', 'positive', 'carta'), ('food style_options', 'positive', 'platos')]
es_cullera_de_boix_79_SantiagoSoley_2011-12-23:2	El servicio es muy amable y diligente y el entorno (estuvimos en la sala privado) agradable.	[('service general', 'positive', 'servicio'), ('ambience general', 'positive', 'entorno')]
es_cullera_de_boix_80_MontseBoschArgelich_2011-12-19:0	Hicimos la cena de trabajo y estuvimos muy bien atendidos, el servicio muy bueno y la comida de las mejores que hemos hecho un dia como este que los restaurantes se llenan de grupos.	[('service general', 'positive', 'servicio'), ('food quality', 'positive', 'comida')]
es_cullera_de_boix_80_MontseBoschArgelich_2011-12-19:1	No bajaron ni la calidad ni la presentacion.	[('food quality', 'positive', 'NULL'), ('food style_options', 'positive', 'NULL')]
es_cullera_de_boix_80_MontseBoschArgelich_2011-12-19:2	Aunque estabamos varios grupos no sufrimos por el ruido y nosotros pudimos hablar sin gritar.	[('ambience general', 'positive', 'NULL')]
es_cullera_de_boix_82_Oriol_2011-12-13:0	Arróz muy bueno y buena cantidad.	[('food quality', 'positive', 'Arróz'), ('food style_options', 'positive', 'Arróz')]
es_cullera_de_boix_86_MonicaDeOliveira_2011-11-24:0	Muy bueno restaurante.	[('restaurant general', 'positive', 'restaurante')]
es_cullera_de_boix_88_Sebastian_2011-04-25:1	Nada más entrar un olor impresionante a cocina poco limpia, luego unos entrantes 	[('ambience general', 'negative', 'olor')]
es_cullera_de_boix_88_Sebastian_2011-04-25:2	"de miedo, navajas con tierra, musclos con sabor a ""no se"", calamares que parecian tortillitas, vino blanco poco frio, jamon ""iberico"" calificacion 5 justito y por fin la paella muy buena la verdad, despues para rematar la faena los lavabos sucios, en la renfe creo que estan mas limpios, pues nada mas ""muy contentos"", no volveremos mas."	"[('food quality', 'negative', 'navajas'), ('food quality', 'negative', 'musclos'), ('food quality', 'negative', 'calamares'), ('drinks style_options', 'negative', 'vino blanco'), ('food quality', 'negative', 'jamon ""iberico""'), ('food quality', 'positive', 'paella'), ('ambience general', 'negative', 'lavabos'), ('restaurant general', 'negative', 'NULL')]"
es_cullera_de_boix_89_CaroleGouaillier_2011-03-27:0	Muy bien.	[('restaurant general', 'positive', 'NULL')]
es_cullera_de_boix_89_CaroleGouaillier_2011-03-27:1	Pica pica y vino muy buenos.	[('food quality', 'positive', 'Pica pica'), ('drinks quality', 'positive', 'vino')]
es_cullera_de_boix_89_CaroleGouaillier_2011-03-27:2	Servicio muy bueno y nos han tenido en cuenta.	[('service general', 'positive', 'Servicio')]
es_cullera_de_boix_89_CaroleGouaillier_2011-03-27:3	Mesa apartada por lo tanto, intimidad.	[('ambience general', 'positive', 'NULL')]
es_cullera_de_boix_91_NoemiFuentes_2011-03-21:0	Servicio y calidad correctos.	[('service general', 'positive', 'Servicio'), ('food quality', 'positive', 'NULL')]
es_cullera_de_boix_93_Paola_2011-03-06:0	Excelentes arroces.	[('food quality', 'positive', 'arroces')]
es_cullera_de_boix_93_Paola_2011-03-06:1	Todo muy bien	[('restaurant general', 'positive', 'NULL')]
es_cullera_de_boix_95_RamonaStefan_2011-02-07:0	Estuvimos en este restaurante en noche vieja y estuvo todo muy bien, la comida muy buena y el sitio agradable.	[('restaurant general', 'positive', 'NULL'), ('food quality', 'positive', 'comida'), ('ambience general', 'positive', 'sitio')]
es_cullera_de_boix_96_JoseAQuerol_2011-01-24:0	El servicio correcto, trato agradable, el precio también.	[('service general', 'positive', 'servicio'), ('restaurant prices', 'positive', 'NULL')]
es_cullera_de_boix_96_JoseAQuerol_2011-01-24:1	Los arroces espectaculares, muy bien.	[('food quality', 'positive', 'arroces')]
es_cullera_de_boix_98_AfricaIbanezDeOpacua_2010-12-27:1	El restaurante está muy bien, céntrico, buenos precios y la comida muy buena.	[('restaurant general', 'positive', 'restaurante'), ('location general', 'positive', 'restaurante'), ('restaurant general', 'positive', 'NULL'), ('food quality', 'positive', 'comida')]
es_cullera_de_boix_98_AfricaIbanezDeOpacua_2010-12-27:2	Éramos un grupo de 11 y nos prepararon una mesa un poco apartadita y el tarto fue muy bueno,lo recomiendo.	[('service general', 'positive', 'tarto'), ('restaurant general', 'positive', 'NULL')]
es_doble-uno-zaragoza_comment-4523:0	Merece la pena el menu degustación, por 32,50 euros tiene una calidad excelente.	[('food prices', 'positive', 'menu degustación'), ('food quality', 'positive', 'menu degustación')]
es_doble-uno-zaragoza_comment-4523:1	El tapeo en la barra es fantástico, variado y precio correcto.	[('food quality', 'positive', 'tapeo en la barra'), ('food style_options', 'positive', 'tapeo en la barra'), ('food prices', 'positive', 'tapeo en la barra')]
es_doble-uno-zaragoza_comment-4530:0	Me pase el viernes para conocerlo, me quede impresionado del diseño del local, y no digamos con la carta que tienen, probé entre otras cosas un huevo a 65 grados con una tierra y chistorra que era para caerse al suelo.	[('ambience general', 'positive', 'local'), ('food style_options', 'positive', 'carta'), ('food quality', 'positive', 'huevo a 65 grados con una tierra y chistorra')]
es_doble-uno-zaragoza_comment-4530:1	Los precios son increíblemente razonables.	[('restaurant prices', 'positive', 'NULL')]
es_doble-uno-zaragoza_comment-4530:2	Merece la pena desde luego. 	[('restaurant general', 'positive', 'NULL')]
es_doble-uno-zaragoza_comment-4558:0	Local decorado muy moderno y elegante.	[('ambience general', 'positive', 'Local')]
es_doble-uno-zaragoza_comment-4558:1	la terraza con sillas de director en la misma linea de elegancia.	[('ambience general', 'positive', 'terraza')]
es_doble-uno-zaragoza_comment-4558:2	La comida y el servicio muy bien y el precio mejor todavía.	[('food quality', 'positive', 'comida'), ('service general', 'positive', 'servicio'), ('restaurant prices', 'positive', 'NULL')]
es_doble-uno-zaragoza_comment-4558:3	Muy recomendable. 	[('restaurant general', 'positive', 'NULL')]
es_doble-uno-zaragoza_comment-4596:0	El sábado 01-11-14, estuvimos cenando mi pareja y yo, y otra pareja, y salimos todos encantados, yo este sitio solo lo había visitado para tomar una tapa, y como he visto que la gente hablaba bien de la carta, lo probamos y efectivamente fue un total acierto, hacia tiempo que no encontraba un sitio con tanta amabilidad desde el principio al final, por lo que yo puedo hablar, la comida estaba buenísima, elegimos el menú degustacion , y todo estaba riquísimo, el tiempo de los platos correcto, no tardaban nada, ademas dentro del menú entraba todo agua, vino, cafés e incluso chupitos, yo la verdad pienso volver, y pienso probar el resto de la carta, para saber si todo esta, tan rico como el menú que tomamos.	[('restaurant general', 'positive', 'NULL'), ('service general', 'positive', 'NULL'), ('food quality', 'positive', 'comida'), ('food style_options', 'positive', 'menú degustacion'), ('food style_options', 'positive', 'tiempo de los platos'), ('food style_options', 'positive', 'menú')]
es_doble-uno-zaragoza_comment-4596:1	Yo invito a la gente que lo prueben y opinen, ya que es un sitio también muy bonito y acogedor.	[('ambience general', 'positive', 'sitio')]
es_doble-uno-zaragoza_comment-4596:2	Si siguen así pienso que pueden tener un buen futuro. 	[('restaurant general', 'positive', 'NULL')]
es_doble-uno-zaragoza_comment-4609:0	El local me encanta, el servicio muy bueno, la comida genial, aunque yo destacaría el huevo a 65 grados y el sashimi de atun que es para flipar y una torrija que te dan ganar de repetir, estuve allí el miércoles pasado con unas amigas y tenemos claro que volveremos , ah!	[('ambience general', 'positive', 'local'), ('service general', 'positive', 'servicio'), ('food quality', 'positive', 'comida'), ('food quality', 'positive', 'huevo a 65 grados'), ('food quality', 'positive', 'sashimi de atun'), ('food quality', 'positive', 'torrija'), ('restaurant general', 'positive', 'NULL')]
es_doble-uno-zaragoza_comment-4609:1	por cierto los precios muy razonbles 	[('restaurant prices', 'positive', 'NULL')]
es_doble-uno-zaragoza_comment-4616:0	la comida muy buena y atención buenísima, el menú degustación se queda bastante corto de cantidad, necesitas pedir algún plato mas y eso te eleva el precio, ya que las raciones son muy justas 	[('food quality', 'positive', 'comida'), ('service general', 'positive', 'atención'), ('food style_options', 'negative', 'menú degustación'), ('food style_options', 'negative', 'raciones')]
es_doble-uno-zaragoza_comment-4633:0	Muy bien.	[('restaurant general', 'positive', 'NULL')]
es_doble-uno-zaragoza_comment-4633:1	Cena estupenda trato excelente. 	[('food quality', 'positive', 'Cena'), ('service general', 'positive', 'trato')]
es_doble-uno-zaragoza_comment-4729:0	La carta tiene platos muy apetecibles, es difícil decidirse y el trato es correcto.	[('food style_options', 'positive', 'carta'), ('service general', 'positive', 'trato')]
es_doble-uno-zaragoza_comment-4729:1	Sí es cierto que tardaron muchísimo en atendernos y que faltan pequeños detalles como una carta de vinos.	[('service general', 'negative', 'NULL'), ('drinks style_options', 'negative', 'carta de vinos')]
es_doble-uno-zaragoza_comment-4729:2	Algunos de los platos, no tenían la calidad que esperamos (como el pulpo braseado) y no pudimos probar el atún porque se les había terminado.. 	[('food quality', 'negative', 'pulpo braseado'), ('food quality', 'negative', 'platos')]
es_doble-uno-zaragoza_comment-4729:3	El precio puede ser algo elevado pero es un lugar agradable. 	[('restaurant prices', 'negative', 'NULL'), ('ambience general', 'positive', 'lugar')]
es_doble-uno-zaragoza_comment-4743:0	Nos gusto mucho el sitio, la comida y la atenciónTomamos el menu desgustacion y merece la pena, las raciones no son generosas pero no te vas con hambre, solo una pega: que la carne estaba templadaMuy recomendable para quien busca calidad y no cantidadAdemas no hay sorpresas de que si te cobro mas por pedir otra botella de vino o el pan……Ademas café y chupito incluido en los 34€/persona 	[('ambience general', 'positive', 'sitio'), ('food quality', 'positive', 'comida'), ('service general', 'positive', 'atención'), ('food style_options', 'positive', 'menu desgustacion'), ('food style_options', 'neutral', 'raciones'), ('food style_options', 'negative', 'carne'), ('food quality', 'positive', 'NULL'), ('restaurant prices', 'positive', 'NULL')]
es_doble-uno-zaragoza_comment-4747:0	Estuve cenando ayer por la noche, tenía ganas de probarlo, la verdad es que la comida estaba buena, de hecho felicitamos al cocinero (creo que se llamaba César).	[('food quality', 'positive', 'comida'), ('service general', 'positive', 'cocinero')]
es_doble-uno-zaragoza_comment-4747:1	El problema quizá pudo ser que en vez de pedir el menú degustación tiramos de carta, y sinceramente, me pareció un poco caro en relación con el tamaño de las raciones, a saber, un pulpo asado con langostinos, un atún rojo con teriyaki y algas, un steak tartare, un helado de ferrero rocher, la torrija con helado, dos aguas, una copa de vino y una cerveza 53 euros en total.	[('restaurant prices', 'negative', 'NULL')]
es_doble-uno-zaragoza_comment-4747:3	Y si bien repito que la comida estaba muy correcta, incluso por encima de la media de lo que se come en muchos sitios, lo cierto es que la cantidad de las raciones era justita.	[('food quality', 'positive', 'comida'), ('food style_options', 'negative', 'raciones')]
es_doble-uno-zaragoza_comment-4747:4	Habrá quien diga con razón que 53 euros por cinco platos no es caro si están buenos, pero es que hoy en día la restauración ha cambiado mucho, y se puede comer muy bien por precios más asequibles en otros restaurantes de la ciudad, entre ellos algunos de los que comenta el Sr. Aranda en este blog.	[('restaurant prices', 'negative', 'NULL')]
es_doble-uno-zaragoza_comment-4747:7	En cualquier caso un sitio interesante para cenar, en concreto el pulpo con langostinos, delicioso. 	[('ambience general', 'positive', 'sitio'), ('food quality', 'positive', 'pulpo con langostinos')]
es_doble-uno-zaragoza_comment-4794:0	Pedimos el menú degustación y la verdad estaba todo muy bueno.	[('food style_options', 'positive', 'menú degustación')]
es_doble-uno-zaragoza_comment-4794:1	Los canelones de gallina trufados, excelentes, así como el huevo y el postre.	[('food quality', 'positive', 'canelones de gallina trufados'), ('food quality', 'positive', 'huevo'), ('food quality', 'positive', 'postre')]
es_doble-uno-zaragoza_comment-4794:2	Volveremos sin dudarlo. 	[('restaurant general', 'positive', 'NULL')]
es_doble-uno-zaragoza_comment-4847:3	Buena calidad y precio razonable.	[('food quality', 'positive', 'NULL'), ('food prices', 'positive', 'NULL')]
es_doble-uno-zaragoza_comment-4847:4	Nos gusto tanto que al día siguiente fuimos a cenar.	[('restaurant general', 'positive', 'NULL')]
es_doble-uno-zaragoza_comment-4847:6	Increíble.	[('food quality', 'positive', 'NULL')]
es_doble-uno-zaragoza_comment-4847:7	No es común encontrar tanta calidad hoy en día y eso se agradece.	[('food quality', 'positive', 'NULL')]
es_doble-uno-zaragoza_comment-4847:8	El único “pero” es el tiempo de espera entre plato y plato, pero entiendo que no es excesivo si tenemos en cuenta que los platos son muy elaborados y se hacen en el momento. 	[('service general', 'neutral', 'tiempo de espera')]
es_frances-zaragoza_comment-1356:0	Pues discrepo del anterior comunicante Yo suelo comer mucho en el Frances y aunque es cierto que ha bajado algo la calidad se sigue comiendo bien, abundante y en un sitio acogedorLo recomiendo porque a pesar de todo se sigue comiendo bien es cierto que se echa en falta a jose el dueño, ahora estan los hijos y siempre pierde algo al pasar d euna generacion a otra  	[('food style_options', 'positive', 'NULL'), ('ambience general', 'positive', 'sitio'), ('food quality', 'positive', 'NULL'), ('service general', 'neutral', 'NULL')]
es_frances-zaragoza_comment-885:0	Menos mal que le puedo leer por una vez  una crítica acertada.felicidades sr. Aranda. 	[('service general', 'positive', 'sr. Aranda')]
es_gamberro-zaragoza_comment-4834:0	Restaurante diferente, creativo y agradable.	[('ambience general', 'positive', 'Restaurante')]
es_gamberro-zaragoza_comment-4834:1	La comida buenísima y sorprendente y el servicio impecable.	[('food quality', 'positive', 'comida'), ('service general', 'positive', 'servicio')]
es_gamberro-zaragoza_comment-4834:2	Volveremos. 	[('restaurant general', 'positive', 'NULL')]
es_gamberro-zaragoza_comment-4856:1	La comida estupenda y el trato magnífico. 	[('food quality', 'positive', 'comida'), ('service general', 'positive', 'trato')]
es_gamberro-zaragoza_comment-4866:0	Excelente trato y excelente comida, muy recomendable. 	[('service general', 'positive', 'trato'), ('food quality', 'positive', 'comida'), ('restaurant general', 'positive', 'NULL')]
es_gamberro-zaragoza_comment-4867:0	La comida excelente.	[('food quality', 'positive', 'comida')]
es_gamberro-zaragoza_comment-4867:1	el servicio un poco lento. 	[('service general', 'neutral', 'servicio')]
es_gamberro-zaragoza_comment-4868:0	Buena voluntad pero exceso d ingredientes a fusionar,nada sublime ni sorprendente,amabilidad mucho camino x delante,no para repetir,a destacar q como el vino elegido no nos gustó nos lo cambiaron sin coste 	[('food style_options', 'negative', 'ingredientes'), ('service general', 'negative', 'amabilidad'), ('restaurant general', 'negative', 'NULL')]
es_hosteria-botin-del-corregidor-zaragoza_comment-1117:3	Mi opinión es que entonces es una estafa.	[('restaurant general', 'negative', 'NULL')]
es_kupela-la-sidreria-zaragoza_comment-3018:0	lo mejor el jamon en lugar de sidreria pondria jamoneria, en mivida tome mejor jamonun saludo 	[('food quality', 'positive', 'jamon')]
es_kupela-la-sidreria-zaragoza_comment-4507:1	Destaca en todo lo que ofrece y lo hace de manera sobresaliente con la carne y los pescados.	[('food quality', 'positive', 'carne'), ('food quality', 'positive', 'pescados'), ('restaurant general', 'positive', 'NULL')]
es_kupela-la-sidreria-zaragoza_comment-4507:2	Absolutamente recomendable.	[('restaurant general', 'positive', 'NULL')]
es_kupela-la-sidreria-zaragoza_comment-4507:3	En mi opinión, es uno de los restaurantes mas profesionales de Zaragoza . 	[('restaurant miscellaneous', 'positive', 'restaurantes')]
es_kupela-la-sidreria-zaragoza_comment-4547:0	En mi opinión, uno de los mejores restaurantes de Zaragoza.	[('restaurant general', 'positive', 'restaurantes')]
es_kupela-la-sidreria-zaragoza_comment-4547:1	Lo he visitado en varias ocasiones y he de destacar la excelente calidad de la materia prima y el saber hacer en la cocina.	[('food quality', 'positive', 'materia prima')]
es_kupela-la-sidreria-zaragoza_comment-4547:2	Puedes encontrar desde un chuletón bien trabajado, pasando por unos pescados en su punto justo o irte a menús mas elaborados, llenos de sabor y contrastes sin adulteraciones en el sabor.	[('food quality', 'positive', 'chuletón'), ('food quality', 'positive', 'pescados'), ('food style_options', 'positive', 'menús')]
es_kupela-la-sidreria-zaragoza_comment-4547:3	Relación calidad-precio fantástica.	[('food quality', 'positive', 'NULL'), ('food prices', 'positive', 'NULL')]
es_kupela-la-sidreria-zaragoza_comment-4547:4	Absolutamente recomendable.	[('restaurant general', 'positive', 'NULL')]
es_l_olive_0_AntonioSerranoPueyo_2015-06-01:3	Todo óptimo.	[('restaurant general', 'positive', 'NULL')]
es_l_olive_0_AntonioSerranoPueyo_2015-06-01:7	"Rioja (divino y de una cosecha ""excelente"")."	[('drinks quality', 'positive', 'Rioja')]
es_l_olive_0_AntonioSerranoPueyo_2015-06-01:8	Este restaurante es uno de los valores más seguros de la cocina catalana en Barcelona.	[('restaurant general', 'positive', 'restaurante')]
es_l_olive_0_AntonioSerranoPueyo_2015-06-01:9	Siempre es excelso en su comida y perfecto en su servicio.	[('food quality', 'positive', 'comida'), ('service general', 'positive', 'servicio')]
es_l_olive_0_AntonioSerranoPueyo_2015-06-01:10	El ambiente también es de maravilla.	[('ambience general', 'positive', 'ambiente')]
es_l_olive_12_MaiteRafolsSole_2013-12-27:0	Hacia tiempo que no habia estado y la experiencia fue muy decepcionante.	[('restaurant general', 'negative', 'experiencia')]
es_l_olive_12_MaiteRafolsSole_2013-12-27:1	Extremadamente caro por el tipo de cocina.	[('food prices', 'negative', 'cocina')]
es_l_olive_12_MaiteRafolsSole_2013-12-27:2	Croquetas oleosas, salmón marinado insulso y escaso láminas transparentes, alcachofas con almejas duras  y sosas de vivero cuando el precio del plato fue de 28€, el carpaccio de rape  testimonial.	[('food quality', 'negative', 'Croquetas'), ('food quality', 'negative', 'salmón marinado'), ('food style_options', 'negative', 'salmón marinado'), ('food quality', 'negative', 'alcachofas con almejas'), ('food quality', 'negative', 'carpaccio de rape'), ('food prices', 'negative', 'alcachofas con almejas')]
es_l_olive_12_MaiteRafolsSole_2013-12-27:3	El trato del maitre que nos tomó nota fue de muy poca profesionalidad impresionante y rozando la mala educación.	[('service general', 'negative', 'maitre')]
es_l_olive_14_ClaraGarcia_2013-03-21:1	me encanta.	[('restaurant general', 'positive', 'NULL')]
es_l_olive_18_Igor_2012-10-08:0	Un restaurante muy recomendable.	[('restaurant general', 'positive', 'restaurante')]
es_l_olive_18_Igor_2012-10-08:1	La comida es deliciosa y las cantidades son más que aceptables.	[('food quality', 'positive', 'comida'), ('food style_options', 'positive', 'cantidades')]
es_l_olive_18_Igor_2012-10-08:2	Algo caro pero sin duda muy recomendable para comer bien en Barcelona.	[('restaurant prices', 'negative', 'NULL'), ('food quality', 'positive', 'NULL')]
es_l_olive_20_JosepLlopisGimeno_2012-03-20:0	Prefiero no opinar por el desengaño que tuve.	[('restaurant general', 'negative', 'NULL')]
es_l_olive_21_RosaRibasBalcells_2012-02-19:0	Empecé el día con buen pie y lo continué escogiendo el lugar idóneo para comer, charlar  con los amigos y estar muy bien atendida.	[('restaurant general', 'positive', 'lugar')]
es_l_olive_21_RosaRibasBalcells_2012-02-19:1	El local te ayuda a conseguir que puedas intercambiar ideas con  quienes compartes la mesa dado el bajo tono en que los comensales mantienen sus conversaciones.	[('ambience general', 'positive', 'local')]
es_l_olive_21_RosaRibasBalcells_2012-02-19:2	El servicio excelente.	[('service general', 'positive', 'servicio')]
es_l_olive_21_RosaRibasBalcells_2012-02-19:3	"Atentos, educados, discretos, todos cuantos nos atendieron y al despedirnos acudieron a darnos el último adios y el ""hasta la próxima.."" Prometimos volver pero esa vez con muchos más amigos a los que, previamente, habremos informado de ese almuerzo que nos redondeó un sábado inolvidable."	[('service general', 'positive', 'NULL'), ('restaurant general', 'positive', 'NULL')]
es_l_olive_21_RosaRibasBalcells_2012-02-19:4	Gracias.	[('restaurant general', 'positive', 'NULL')]
es_l_olive_22_IsabelSanchezSanchdez_2012-01-07:0	Es muy buen restaurante.	[('restaurant general', 'positive', 'restaurante')]
es_l_olive_22_IsabelSanchezSanchdez_2012-01-07:2	Este es mucho mas elegante, el trato muy correcto y la ambientacion te hace sentir muy a gusto.	[('service general', 'positive', 'trato'), ('ambience general', 'positive', 'NULL')]
es_l_olive_22_IsabelSanchezSanchdez_2012-01-07:3	La comida de calidad.	[('food quality', 'positive', 'comida')]
es_l_olive_22_IsabelSanchezSanchdez_2012-01-07:4	Recomiendo los calçots rebozados.	[('food quality', 'positive', 'calçots rebozados')]
es_l_olive_22_IsabelSanchezSanchdez_2012-01-07:5	Sin duda repetiremos.	[('restaurant general', 'positive', 'NULL')]
es_l_olive_23_Sandra_2011-11-23:0	el restaurante y la comida estupenda.	[('restaurant general', 'positive', 'restaurante'), ('food quality', 'positive', 'comida')]
es_l_olive_23_Sandra_2011-11-23:1	Pero la mujer que esta de cajera que fue quien nos recibio desde el primer momento nos hablo en catalan incluso dandose cuenta de que no lo entendiamos.	[('service general', 'negative', 'cajera')]
es_9reinas_73_Enrique_2011-01-23:0	Hemos comido bastante bien.	[('restaurant general', 'positive', 'NULL')]
es_9reinas_73_Enrique_2011-01-23:1	Los primeros bien, la carne excelente.	[('food quality', 'positive', 'primeros'), ('food quality', 'positive', 'carne')]
es_9reinas_73_Enrique_2011-01-23:3	El trato exquisito.	[('service general', 'positive', 'trato')]
es_9reinas_73_Enrique_2011-01-23:4	Se nota que llevan un mes y medio y les falta un poco de rodaje, pero se le ven ganas de agradar para ganarse la clientela.	[('restaurant general', 'neutral', 'NULL')]
es_9reinas_8_MaraKacic_2014-12-08:0	Deberían revisar las raciones que sirven: son realmente escasas!!	[('food style_options', 'negative', 'raciones')]
es_9reinas_8_MaraKacic_2014-12-08:1	"Comida y servicio excelentes, única pega la ya mencionada; raciones muy ""minimalistas""."	[('food quality', 'positive', 'Comida'), ('service general', 'positive', 'servicio'), ('food style_options', 'negative', 'raciones')]
es_9reinas_8_MaraKacic_2014-12-08:2	"Por esto mismo no doy un 10 en ""calidad-precio"", aunque la calidad sea excelente."	[('food quality', 'positive', 'NULL'), ('food prices', 'negative', 'NULL')]
es_aragonia-palafox-zaragoza_comment-4199:1	La reserva sin ningún problema, la atención inmejorable, preguntándonos si todo estaba en orden y el punto de la comida.	[('service general', 'positive', 'atención'), ('restaurant miscellaneous', 'positive', 'NULL')]
es_aragonia-palafox-zaragoza_comment-4199:2	Destacar la presentación, todos los platos, muy buena.	[('food style_options', 'positive', 'platos')]
es_aragonia-palafox-zaragoza_comment-4199:3	Y el lugar está muy bien decorado, sencillo, pero elegante.	[('ambience general', 'positive', 'lugar')]
es_aragonia-palafox-zaragoza_comment-4199:5	Mi acompañante una sopa de cebolla, que de textura y de sabor estaban muy buenas, pero parecía poca cosa, porque en pocas cucharadas se acaba de comer enseguida.	[('food quality', 'positive', 'sopa de cebolla'), ('food style_options', 'negative', 'sopa de cebolla')]
es_aragonia-palafox-zaragoza_comment-4199:6	Y de segundo merluza con almejas en salsa verde, que eran pocos trozos, pero de primera calidad y muy bueno.	[('food quality', 'positive', 'merluza con almejas en salsa verde'), ('food style_options', 'negative', 'merluza con almejas en salsa verde')]
es_aragonia-palafox-zaragoza_comment-4199:7	Si bien agradecía que no fueran unas cantidades muy grandes, no es lo que se suele comer en casa.	[('food style_options', 'neutral', 'NULL')]
es_aragonia-palafox-zaragoza_comment-4199:8	Yo pedí foie con tostadas, que la cantidad era más que correcta, si bien había pocas tostadas para la cantidad que era de foie.	[('food style_options', 'neutral', 'foie con tostadas')]
es_aragonia-palafox-zaragoza_comment-4199:9	Muy buen sabor, en cualquier caso.	[('food quality', 'positive', 'NULL')]
es_aragonia-palafox-zaragoza_comment-4199:10	Y el segundo, paletilla de ternasco, de tamaño un pelín escaso (era en forma de redondo) y muy rico.	[('food quality', 'positive', 'paletilla de ternasco'), ('food style_options', 'negative', 'paletilla de ternasco')]
es_aragonia-palafox-zaragoza_comment-4199:11	Sin embargo, yo que soy de comer bastante, me daba la sensación de comer poco.	[('food style_options', 'negative', 'NULL')]
es_aragonia-palafox-zaragoza_comment-4199:13	Muy bueno y con helado de limón.	[('food quality', 'positive', 'NULL')]
es_aragonia-palafox-zaragoza_comment-4199:14	Lo que sí me da la sensación es de haber comido poco.	[('food style_options', 'positive', 'NULL')]
es_aragonia-palafox-zaragoza_comment-4199:15	Cosa que no me quedé con hambre, pero las raciones eran pequeñas en comparación con el precio.	[('food style_options', 'negative', 'raciones')]
es_aragonia-palafox-zaragoza_comment-4199:17	Yo vi por ejemplo un plato de judías verdes que era una cantidad muy muy pequeña que eran los comensales vecinos que teníamos a nuestro lado.	[('food style_options', 'negative', 'judías verdes')]
es_aragonia-palafox-zaragoza_comment-4199:22	Está muy bien el lugar, estupendamente presentado, servicio inmejorable, buenos productos y de primera calidad, pero cantidades bajo mi punto de vista escasas, sobre todo si eres de comer mucho.	[('ambience general', 'positive', 'lugar'), ('food quality', 'positive', 'NULL'), ('service general', 'positive', 'servicio'), ('food quality', 'positive', 'productos'), ('food style_options', 'negative', 'cantidades')]
es_asador-la-junquera-zaragoza_comment-4309:0	Hemos cenado muy bien, el menú montecito,la atención estupenda,El ambiente muy acogedor, la botella de vino de 500cc, se queda escasa para la cena.	[('service general', 'positive', 'atención'), ('food quality', 'positive', 'NULL'), ('ambience general', 'positive', 'ambiente'), ('drinks style_options', 'negative', 'botella de vino de 500cc')]
es_asador-la-junquera-zaragoza_comment-4309:1	Es lo único reseñable, debería ser de 750cc,Bien calidad-precioLo recomiendo 	[('restaurant general', 'positive', 'NULL'), ('restaurant prices', 'positive', 'NULL')]
es_asador-la-junquera-zaragoza_comment-4461:0	Estuve este sabado pasado cenando y he de felicitar tanto al restaurante como al camarero que nos atendio y por supuesto la comida.	[('restaurant general', 'positive', 'restaurante'), ('service general', 'positive', 'camarero'), ('food quality', 'positive', 'comida')]
es_asador-la-junquera-zaragoza_comment-4461:1	Un sitio muy bonito, bien atendido, personal muy agradable, la comida bien servida y sin esperas y el sitio encantador.	[('ambience general', 'positive', 'sitio'), ('service general', 'positive', 'NULL'), ('service general', 'positive', 'personal'), ('food style_options', 'positive', 'comida'), ('ambience general', 'positive', 'sitio')]
es_asador-la-junquera-zaragoza_comment-4461:2	Volveremos.	[('restaurant general', 'positive', 'NULL')]
es_asador-la-junquera-zaragoza_comment-4461:3	(El entrecotte de vaca estaba delicioso) 	[('food quality', 'positive', 'entrecotte de vaca')]
es_asador-la-junquera-zaragoza_comment-4490:0	aceptable.	[('restaurant general', 'positive', 'NULL')]
es_asador-la-junquera-zaragoza_comment-4490:1	muy  bien cortado el jamon y de buena calidad.	[('food quality', 'positive', 'jamon'), ('food style_options', 'positive', 'jamon')]
es_asador-la-junquera-zaragoza_comment-4490:2	bastante bien el resto fe lis entrantes.	[('food quality', 'positive', 'entrantes')]
es_asador-la-junquera-zaragoza_comment-4490:3	mejorables las costillas,ya que se anuncia costillas y se incluyen chuletas.	[('food quality', 'neutral', 'costillas')]
es_asador-la-junquera-zaragoza_comment-4490:4	en conjunto bien. 	[('restaurant general', 'positive', 'NULL')]
es_asador-la-junquera-zaragoza_comment-4494:0	Servicio bienentorno muy agradable, realmente recomendable podremos repetir seguro.En cuanto a la comida relación precio calidad buena, los platos bien servidos y con cantidad suficiente, no nos quedamos con hambre, estuvimos tres personas.Unicamente comentar que seguramente por la hora que eran casi las 5 de la tarde, las brasas no debian de estar en su punto puesto que tanto el entrecot de vaca como el ternasco no tenian la presencia de es primer golpe de calor que los pone doraditos.	[('service general', 'positive', 'Servicio'), ('ambience general', 'positive', 'entorno'), ('restaurant general', 'positive', 'NULL'), ('food prices', 'positive', 'comida'), ('food style_options', 'positive', 'platos'), ('food quality', 'negative', 'brasas'), ('food quality', 'negative', 'entrecot de vaca'), ('food quality', 'negative', 'ternasco')]
es_asador-la-junquera-zaragoza_comment-4494:1	Estaban buenos pero he comido brasas mejores.	[('food quality', 'neutral', 'brasas')]
es_asador-la-junquera-zaragoza_comment-4494:2	Por lo demas todo perfecto, lo recomiendo y lo pongo entre mis favoritos.	[('restaurant general', 'positive', 'NULL')]
es_asador-la-junquera-zaragoza_comment-4761:0	Ayer Celebramos La Comunion De Nuestra Hija,Fue Un Dia De Lluvia,Pero No Importo Porque Nos Los Preparativos Estaban De Sobresaliente ,Tanto En El Local Como En Lo Demas,La Atencion De Los Camareros Fue Destacable La Comida Toda Fue Genial.El Ternasco Salio Bordado.Muchas Gracias Por Todo Sois Los Mejores. 	[('restaurant general', 'positive', 'NULL'), ('restaurant general', 'positive', 'Local'), ('service general', 'positive', 'Atencion'), ('food quality', 'positive', 'Comida'), ('food quality', 'positive', 'Ternasco'), ('restaurant general', 'positive', 'NULL')]
es_asador-la-junquera-zaragoza_comment-4765:1	Trato agradable, buen servicio, la comida llegaba en su punto….	[('service general', 'positive', 'Trato'), ('service general', 'positive', 'servicio'), ('food quality', 'positive', 'comida')]
es_asador-la-junquera-zaragoza_comment-4802:0	Hoy he ido a comer con mia padres y he salido muy defraudado.	[('restaurant general', 'negative', 'NULL')]
es_asador-la-junquera-zaragoza_comment-4802:1	La comida ha sido de lo más corriente comparada con el precio, 45€ por persona.	[('food prices', 'negative', 'comida')]
es_asador-la-junquera-zaragoza_comment-4802:2	Creo que en esos precios hay que ser más exigente tanto en la calidad del menú como sobre todo en la calidad del servicio.	[('food quality', 'negative', 'NULL'), ('service general', 'negative', 'servicio')]
es_asador-la-junquera-zaragoza_comment-4802:3	Camareros con poca experiencia y poco preparados para el precio pagado.	[('service general', 'negative', 'Camareros')]
es_asador-la-junquera-zaragoza_comment-4802:4	No volveré. 	[('restaurant general', 'negative', 'NULL')]
es_asador-la-junquera-zaragoza_comment-4851:0	El sitio es muy acojedor y relacion calidad precio miy bien.	[('restaurant prices', 'positive', 'NULL'), ('ambience general', 'positive', 'sitio')]
es_asador-la-junquera-zaragoza_comment-4851:1	Lo recomiendo muy contento. 	[('restaurant general', 'positive', 'NULL')]
es_bal-donsera-zaragoza_comment-1051:0	15.01.09 vieira con sopa, 21€ sin gusto.	[('food quality', 'negative', 'vieira con sopa')]
es_bal-donsera-zaragoza_comment-1051:1	presa iberica 30 € así no se presenta la presa ibérica, no me ha gustado, lo peor los postres, merengue, fresas…9€.	[('food style_options', 'negative', 'presa iberica'), ('restaurant general', 'negative', 'NULL'), ('food quality', 'negative', 'postres'), ('food quality', 'negative', 'merengue'), ('food quality', 'negative', 'fresas')]
es_bal-donsera-zaragoza_comment-1051:2	no me quejo del precio, sino de la cocina.	[('food quality', 'negative', 'cocina')]
es_bal-donsera-zaragoza_comment-1051:3	Lo mejor el aperitivo. 	[('food quality', 'positive', 'aperitivo')]
es_bal-donsera-zaragoza_comment-1054:1	el local gusta de entrada pero no llega a ser acogedor, pero eso no es lo que mas me importa, me fijo mas en el servicio de sala y cocina.el servicio de sala, correcto, (solo eso, falta una persona, por el precio que se paga).	[('ambience general', 'neutral', 'local'), ('service general', 'neutral', 'servicio')]
es_bal-donsera-zaragoza_comment-1054:2	el pan: escaso en sus variedades, y muy sencillo, sin ningun tipo de sabores, harinas o frutos.comenzamos: el agua, no pedimos ninguna rara, pues nadie nos dio la opcion, nos sacaron el agua embotellada en plastico (imcomprensible).	[('food quality', 'negative', 'pan'), ('drinks style_options', 'negative', 'agua')]
es_bal-donsera-zaragoza_comment-1054:3	comenzamos con un foie frio en crujientes de manzana, escaso , resultaria demasiado, (de verguenza) llevaria 30 grs de foie, lo demas correcto; huevo poche con bogavante y trigueros, correcto, cantidad suficiente, pero como toda la comida, plana,insulsa, sin sabores.presa iberica, racion justita, pero sabrosa, como he comentado antes todo soso (somos personas que nunca nos añadimos sal a las comidas en todos estos restaurante) merluza, una racion impresionante, tanto en tamaño como en punto de coccion, sosa tambien, pero recomendable.	[('food style_options', 'negative', 'foie frio en crujientes de manzana'), ('food quality', 'neutral', 'huevo poche con bogavante y trigueros'), ('food quality', 'positive', 'merluza'), ('food quality', 'neutral', 'presa iberica')]
es_bal-donsera-zaragoza_comment-1054:4	los postres, no aportan nada nuevo, simples, buenos pero nada mas.a los cafes, nada de pettite fours, (lamentable por 175 € de dos personas, sin cobrarnos los cafes). 	[('food quality', 'neutral', 'postres'), ('drinks style_options', 'negative', 'cafes'), ('restaurant prices', 'negative', 'NULL')]
es_bal-donsera-zaragoza_comment-1413:2	La primera sorpresa fue que no nos preguntaran si deseábamos tomar un aperitivo, pero lo que más nos sorprendió que al pedir agua con gas nos dijeran que no se les había acabado.	[('service general', 'negative', 'NULL'), ('drinks style_options', 'negative', 'agua con gas')]
es_bal-donsera-zaragoza_comment-1413:3	Me pareció imperdonable para un restaurante con aspiraciones.	[('drinks style_options', 'negative', 'NULL')]
es_bal-donsera-zaragoza_comment-1413:5	Muy mala organización.Para este momento ya estábamos logrando acomodarnos en las sillas, muy modernas pero difíciles.	[('service general', 'negative', 'NULL'), ('ambience general', 'neutral', 'sillas')]
es_bal-donsera-zaragoza_comment-1413:7	Lo más destacable para mí fueron las excelentes verduras que acompañaron todos los platos, con unos puntos de cocción breves y ajustados, muy en la línea de Martín Berasategui.	[('food quality', 'positive', 'verduras')]
es_bal-donsera-zaragoza_comment-1413:8	Extraordinario el trabajo en este aspecto.	[('food quality', 'positive', 'NULL')]
es_bal-donsera-zaragoza_comment-1413:9	El tomate en texturas estaba muy sabroso, aunque la espuma resultaba un tanto dura.	[('food quality', 'positive', 'tomate en texturas'), ('food quality', 'negative', 'espuma')]
es_bal-donsera-zaragoza_comment-1413:10	Los espárragos, las judías verdes, la crema de coliflor, el broccoli,  todos muy bien tratados.	[('food quality', 'positive', 'espárragos'), ('food quality', 'positive', 'judías verdes'), ('food quality', 'positive', 'crema de coliflor'), ('food quality', 'positive', 'broccoli')]
es_bal-donsera-zaragoza_comment-1413:11	Las combinaciones muy equilibradas,  tal vez la que menos decía era el tomate con el atún marinado, pero el bogavante y sobre todo el huevo poché, mucho mejor.	[('food quality', 'positive', 'combinaciones'), ('food quality', 'neutral', 'tomate con el atún marinado'), ('food quality', 'positive', 'bogavante'), ('food quality', 'positive', 'huevo poché')]
es_bal-donsera-zaragoza_comment-1413:12	Eso sí, un poco repetitivas las huevas, en los tres primeros platos.	[('food style_options', 'negative', 'huevas')]
es_bal-donsera-zaragoza_comment-1413:13	La merluza bien de punto, aunque un poco sosa, dio paso a lo que para mí fue la sorpresa del día, un trocito de chuletón exquisito de sabor y en su justo punto de cocción que me dejó con ganas de más.Los postres aprobado justito, el primero alrededor del vino tinto, con un sorbete para mí demasiado dominado por la canela y con una espuma de vino de nuevo demasiado consistente.	[('food quality', 'neutral', 'merluza'), ('food quality', 'positive', 'chuletón'), ('food quality', 'negative', 'postres'), ('food quality', 'negative', 'sorbete'), ('food quality', 'negative', 'espuma de vino')]
es_bal-donsera-zaragoza_comment-1413:15	Muy logrados los orejones y el sorbete.Otro punto negativo en el servicio fue que intente tomar un vino dulce y la respuesta fue decepcionante.	[('food quality', 'positive', 'orejones'), ('food quality', 'positive', 'sorbete'), ('service general', 'negative', 'servicio')]
es_bal-donsera-zaragoza_comment-1413:17	Al final pude tomar una copa de Pedro Ximénez.Con el café, que estaba muy bueno,  no hubo ningún acompañamiento, pobre, muy pobre para este nivel de restaurante.	[('drinks quality', 'positive', 'café'), ('drinks style_options', 'negative', 'NULL')]
es_bal-donsera-zaragoza_comment-1413:18	El vino con que acompañamos la comida fue un Atteca de Calatayud, recomendación de la casa, excelente.	[('drinks quality', 'positive', 'Atteca de Calatayud')]
es_bal-donsera-zaragoza_comment-1413:19	Como curiosidad,  ¡la botella etiquetada sólo en inglés y en francés!En resumen: muy buen nivel técnico, dominio de los puntos de cocción y gran profesionalidad en la cocina, combinaciones estéticamente modernas pero bastante conservadoras en lo que a sabores respecta - salvo en el trato a las verduras.	[('food quality', 'positive', 'NULL'), ('food quality', 'positive', 'NULL'), ('food quality', 'positive', 'cocina'), ('food quality', 'neutral', 'combinaciones'), ('food quality', 'positive', 'verduras')]
es_bal-donsera-zaragoza_comment-1413:20	De resaltar que todos los precios incluyen el IVA, un detalle que debería ser obligatorio.	[('restaurant prices', 'positive', 'NULL')]
es_bal-donsera-zaragoza_comment-1413:21	En cuanto a defectos: Las cantidades, demasiado escasas.	[('food style_options', 'negative', 'cantidades')]
es_bal-donsera-zaragoza_comment-1413:22	En los postres la ausencia del chocolate me parece personalmente imperdonable, pero eso ya es una cuestión personal.	[('food style_options', 'negative', 'postres')]
es_bal-donsera-zaragoza_comment-1413:23	Lo peor, para mí, el servicio.	[('service general', 'negative', 'servicio')]
es_bal-donsera-zaragoza_comment-1413:24	Muy justito, con algún fallo grave como el del agua o el del vino dulce, no estuvo a la altura de una estrella.	[('drinks style_options', 'negative', 'agua'), ('restaurant general', 'negative', 'NULL'), ('drinks style_options', 'negative', 'vino dulce')]
es_bal-donsera-zaragoza_comment-1753:0	Yo comí este martes, y de maravilla; como siempre.	[('restaurant general', 'positive', 'NULL')]
es_bal-donsera-zaragoza_comment-2212:7	A mí me decepcionó también el restaurante, y lo que es peor, nos sirvieron un mero casi crudo que no había sido congelado previamente, incumpliendo de forma consciente la norma vigente al respecto (el propietario y cocinero se mostró especialmente “orgulloso” de no congelar los pescados).	[('restaurant general', 'negative', 'restaurante'), ('food quality', 'negative', 'mero'), ('service general', 'negative', 'propietario'), ('service general', 'negative', 'cocinero')]
es_bal-donsera-zaragoza_comment-2212:8	Qué pena que no sepan diferenciar entre un pescado cocinado “en su punto” y un pescado directamente crudo, donde la carne no se desprende de la espina por falta de calor y cocción.	[('service general', 'negative', 'NULL')]
es_bal-donsera-zaragoza_comment-2212:9	Y que conste que me encantan los “sushi” y los “sashimi”, pero una cosa es una preparación específica cumpliendo los requisitos para prevenir la ingesta de anisakis vivos y otra tomar un pescado salvaje poco cocinado, con gran probabilidad de existencia de parasitos activos.	[('food quality', 'negative', 'pescado')]
es_bal-donsera-zaragoza_comment-2212:10	Qué pena que se confundan las cosas, no hay nada peor que un “enterado” mal informado, como es el caso de este cocinero. 	[('service general', 'negative', 'cocinero')]
es_bal-donsera-zaragoza_comment-2215:2	Por otro lado me alegro de coincidir con usted en los gustos, no tanto de que ambos saliéramos decepcionados de este restaurante, porque supongo que a usted, igual que a mi, nos hubiera gustado salir contentísimos del Bal d’Onsera, recomendarlo por doquier y no tener la sensación de haber perdido tiempo y dinero, al menos yo.	[('restaurant general', 'negative', 'restaurante')]
es_bal-donsera-zaragoza_comment-2240:0	Pocas veces coincide la opinión de uno mismo con la de otros “criticos gastronómicos”, pero pocas veces he podido estar más de acuerdo que con la de D. José Aranda:Mi mujer y yo fuimos el pasado 25 de mayo (martes)a celebrar algo especial a este restaurante y salimos decepcionados.	[('restaurant general', 'negative', 'restaurante')]
es_bal-donsera-zaragoza_comment-2240:1	Nos planteamos el porqué de su estrella y nos dolió el bolsillo.	[('restaurant general', 'negative', 'NULL'), ('restaurant prices', 'negative', 'NULL')]
es_bal-donsera-zaragoza_comment-2240:3	La verdad no me acuerdo de ningun plato del menú degustación que tomanos (sintomático).	[('food quality', 'negative', 'plato')]
es_bal-donsera-zaragoza_comment-2240:4	Tan solo recuerdo una sosísima y poco fresca merluza.Cuando vas a un lugar de estos esperas todo y tal vez te vuelvas menos permisivo que con otros, pero aun con esto no merece la pena el restaurante.	[('food quality', 'negative', 'merluza'), ('restaurant general', 'negative', 'restaurante')]
es_bal-donsera-zaragoza_comment-3237:4	A mí personalmente no me gusta ni la calle ni la zona de Zaragoza (debería estar más céntrico), pero dicho esto si que valoro y mucho la amplitud de las mesas redondas (que no me puedo explicar desde el punto de vista económico dado que si todas las mesas se ocupan sólo por dos comensales significa una menor facturación).	[('location general', 'negative', 'zona'), ('ambience general', 'positive', 'mesas')]
es_bal-donsera-zaragoza_comment-3237:5	Es un gozo y deleite tener una mesa con mantel tan grande para tí y tu acompañante.	[('ambience general', 'positive', 'mesa')]
es_bal-donsera-zaragoza_comment-3237:15	Para mí el SERVICIO de este restaurante lo valoro como de los mejores porque no molestan.	[('service general', 'positive', 'SERVICIO')]
es_bal-donsera-zaragoza_comment-3237:18	Ambas dos muy discretas como se requiere en este tipo de establecimeinto.	[('service general', 'positive', 'NULL')]
es_bal-donsera-zaragoza_comment-3237:19	-LA CARTA DE VINOS: Desgraciadamente no me considero un experto  pero dado las dimensiones tan reducidas del local, me parece una carta muy acertada.	[('drinks style_options', 'positive', 'CARTA DE VINOS')]
es_bal-donsera-zaragoza_comment-3237:20	Además me sorprende la promoción de los mejores vinos de nuestra región, cosa que no he visto apostar por ellos tanto como este restaurante.Los precios?	[('drinks quality', 'positive', 'vinos')]
es_bal-donsera-zaragoza_comment-3237:21	Permítame decirle que no puede valer el mismo vino en este establecimiento que en cualquier otro.	[('drinks prices', 'positive', 'NULL')]
es_bal-donsera-zaragoza_comment-3237:23	LA CARTA: En este punto coincido en su acierto de pedir el menú degustación.	[('food style_options', 'positive', 'menú degustación')]
es_bal-donsera-zaragoza_comment-3237:24	Aquí es donde el cocinero nos puede sorprender y deleitar con su saber hacer.Yo tengo que reconocer que la 1º vez me sorprendió gratamente.	[('service general', 'positive', 'NULL')]
es_bal-donsera-zaragoza_comment-3237:25	Experimenté sensaciones diferentes y fue un placer culinario que pocas veces había experimentado.	[('food quality', 'positive', 'NULL')]
es_bal-donsera-zaragoza_comment-3237:26	Entonces no tenía la Estrella Michelín pero ya se podía intuir que iba a caer.La cocina es imaginativa, moderna, sofisticada, etc¿Que se quedó con hambre?	[('food quality', 'positive', 'cocina')]
es_bal-donsera-zaragoza_comment-3237:27	Pues no me lo creo.	[('food style_options', 'positive', 'NULL')]
es_bal-donsera-zaragoza_comment-3237:32	Si no te gusta tienes los WOK que es un self-service hasta que no puedas más…  Por terminar, le diré que a este restaurante le faltan cosas.	[('restaurant general', 'negative', 'restaurante')]
es_bal-donsera-zaragoza_comment-3237:34	De lo que estoy de acuerdo totalmente con usted es del maridaje de los vinos.	[('service general', 'negative', 'NULL')]
es_bal-donsera-zaragoza_comment-3237:35	¿Cómo vamos a pedir un  vino si no somos adivinos de los platos que nos van a sacar?En este punto fallan.	[('service general', 'negative', 'NULL')]
es_bal-donsera-zaragoza_comment-3237:36	Y respecto al precio, pues es el que es.	[('restaurant prices', 'neutral', 'NULL')]
es_bal-donsera-zaragoza_comment-3237:38	Un último comentario a favor del cocinero es que el pasado año estuvo invitado en la pasada Expo en China (salió en prensa), y los platos que presentó en la semana española eran típicos aragoneses (borraja, ternasco… y todo con vinos aragoneses).Con esto lo único que quiero indicar es mi sorpresa por la propaganda de la comida aragonesa, cosa que me alegro que alguien la defienda ( y lo dice un aragonés español).	[('service general', 'positive', 'cocinero')]
es_bal-donsera-zaragoza_comment-3238:0	Para Gonzalo, le voy a contestar brevemente: No me gusta que me peloteen, al personal de sala tampoco le gusta hacerlo, pero a veces hay que reconocer que entra dentro de su “labor” porque hay a quién le gusta, pero es distinto pelotear que interesarse por el bienestar de los comensales, sobre todo cuando se llevan un plato enterito de nuevo a cocina, un “¿no les ha gustado?”, “¿está todo bien?”, a la hora de recoger los platos no molesta,no es peloteo, es educación.	[('service general', 'negative', 'NULL')]
es_bal-donsera-zaragoza_comment-3238:1	Dice que no me cree cuando comento que no entendía a la persona que me traía los platos cuando los presentaba, pues le puedo asegurar que la chica no hablaba castellano ni a medias, ¿qué quiere que le diga?, si quiere pregunte en el restaurante el personal que tenían para esas fechas, es algo tan sencillo de validar que no merece más palabras.	[('service general', 'negative', 'chica')]
es_bal-donsera-zaragoza_comment-3238:2	Tampoco se cree que me quedé con hambre, pues sí, me quedé con hambre, y a mi me gusta cuando voy a comer a un restaurante, independientemente del nivel y precio, salir comido, sino no lo llamaría ir a comer… podríamos decir ¿vamos a una exhibición de cocina al restaurante Bal d’ Onsera donde incluso, por 80 euros por persona, nos permiten probar un poquito de cada creación?, pero eso sí, luego a comer nos vamos a casa.	[('food prices', 'negative', 'creación'), ('food style_options', 'negative', 'NULL')]
es_bal-donsera-zaragoza_comment-3435:0	Buenos días,Soy una cliente habitual de este restaurante y una convencida de este tipo de cocina.	[('restaurant general', 'positive', 'Soy una cliente habitual de este restaurante y una convencida de este tipo de cocina')]
es_bal-donsera-zaragoza_comment-3493:1	(pense).El resultado no pudo ser mas decepcionante.	[('restaurant general', 'negative', 'NULL')]
es_bal-donsera-zaragoza_comment-3493:2	Para empezar la puerta parece la del almacen, llamas al portero automatico y te abren (aunque esto me direis que es secundario).	[('ambience general', 'negative', 'puerta')]
es_bal-donsera-zaragoza_comment-3493:3	Una vez dentro la decoracion es como le gustaria a mi mujer que fuera la de nuestra casa: minimalista.Del mobiliario solo decir un par de cosas: las sillas incomodas y las mesas del tamaño de “La Misericordia”, si no acercamos las sillas entre si parece que estoy comiendo enfadado con mi mujer.	[('ambience general', 'negative', 'mobiliario')]
es_bal-donsera-zaragoza_comment-3493:4	Para finalizar con los previos antes de entrar con la comida un comentario: un poquito de musica de ambiente daria intimidad, se oia todo lo que se decia en las otras 5 mesas que estaban ocupadas (todas ellas con parejas con cupones de descuento como nosotros).	[('ambience general', 'negative', 'NULL')]
es_bal-donsera-zaragoza_comment-3493:6	- Carpaccio de bonito: Seria bonito, no lo discuto, pero no me supo a nada, totalmente insipido, tambien tenia remolacha, igual de insipida, y un helado de, creo recordar que de mango, que si tenia algun sabor.	[('food quality', 'negative', 'Carpaccio de bonito'), ('food quality', 'negative', 'remolacha')]
es_bal-donsera-zaragoza_comment-3493:7	- Vieira y langostino al azafran con verduras de invierno: Si observais en el nombre del plato esta en singular la vieira y el langostino y el motivo no es otro que habia uno de cada, en este caso los sabores, imposible de eliminar, eran correctos, el azafran estar estaria, pero ni me supo ni lo vi.	[('food style_options', 'negative', 'Vieira y langostino al azafran con verduras de invierno')]
es_bal-donsera-zaragoza_comment-3493:8	-Bacalao al pil pil aireado: Ninguna objecion (es lo mejor que puedo decir).	[('food quality', 'neutral', 'Bacalao al pil pil aireado')]
es_bal-donsera-zaragoza_comment-3493:9	-Risotto de hongos trufa y foie: El foie tiene poco misterio una sarten y nada mas, es muy dificil estropearlo,ahora bien el risotto corrio peor suerte, era risotto, de eso estoy seguro, por que lo vi, granos de arroz y demas pero sabor, eso si muy intenso, a nata y solo a nata.	[('food quality', 'negative', 'Risotto de hongos trufa y foie')]
es_bal-donsera-zaragoza_comment-3493:10	- Carrillera de ternera glaseada: Blanda como la mantequilla pero no sabia a nada de nada, totalmente insulsa.	[('food quality', 'negative', 'Carrillera de ternera glaseada')]
es_bal-donsera-zaragoza_comment-3493:11	- Limon, mango y moscatel, fresas con vino: El postre estaba bueno (sin mas).Terminamos la comida con un Gin Tonic con preparacion gourmet (ponia en el cupon de descuento): El combinado salio prepado de la cocina.	[('food quality', 'positive', 'Limon, mango y moscatel, fresas con vino')]
es_bal-donsera-zaragoza_comment-3493:12	Lamento ser yo quien os diga que los combinados se preparan en la mesa, de la cocina sale el vaso (o lo que sea, en este caso copa) con el hielo y la rodajita de limon, lima o lo que sea y la ginebra se sirve delante del cliente al igual que la tonica, no es por suspicacia es por practica habitual (no se me pasa por la mente dudar de los ingredientes pero no queda bien).	[('drinks style_options', 'negative', 'NULL')]
es_bal-donsera-zaragoza_comment-3493:13	Ahora es el turno del servicio: correcto en el trato pero lento es poco, entre plato y plato unos tiempos de espera inaceptable.He dejado para el final un pequeño detalle, para algunos sin importancia, y es el tamaño de las raciones: Se puede poner menos en cada uno de los platos pero eso es muy muy dificil (menos mal que habiamos tomado el aperitivo en Palomeque donde las raciones si son generosas)Con todo esto mi opinion creo que queda clara y añadire solo una cosa mas: Sali sintiendome estafado 	[('service general', 'negative', 'servicio'), ('food style_options', 'negative', 'raciones'), ('restaurant general', 'negative', 'NULL')]
es_bal-donsera-zaragoza_comment-3636:21	Al sentarnos a la mesa, ya nos dicen que el solomillo de ternera se les había terminado (principio de semana, primeros en llegar a cenar, con un menú cerrado y avisando con dos semanas de tiempo….), que nos darían chuleta de ternera… primer chasco, creo que no es comparable (y desde luego, no lo fue, requería masticarlo muuucho tiempo).	[('food style_options', 'negative', 'solomillo de ternera')]
es_bal-donsera-zaragoza_comment-3636:22	Seguidamente de advertirnos el cambio, nos pregunta si un vino blanco nos parecía bien para empezar, por lo que, ante esa pregunta, le comenté si no iban a servir los tres vinos que aparecían en el cupón, a lo que nos respondió que una de las bodegas, no les suministraba hasta noviembre…algo que a mi personalmente, me parece estupendo… pero no nos lo iban a servir!!!, ya que habían considerado suficiente dos vinos, uno blanco y uno tinto..  Me parece que cuando has pagado por un menú cerrado, se deberían de ajustar a lo que has comprado, ya que si no, es una estafa, y si luego ven que no tienen margen suficiente, cuando saquen otro bono, que ajusten el menú a lo que les parezca, así el consumidor puede elegir antes de comprar.Pues no acaba todo ahí, le preguntamos por el cava y nos dice, que tampoco lo servían, que creían que el menú está bien así!!!	[('restaurant general', 'negative', 'NULL'), ('drinks style_options', 'negative', 'cava'), ('drinks style_options', 'negative', 'vino blanco')]
es_bal-donsera-zaragoza_comment-3636:25	Por supuesto, como era un momento especial, no quise montar ningún circo, ni pedir el libro de reclamaciones, pero la sensación con la que salí de ese restaurante no fue buena, me sentí estafada.En fin, que no lo aconsejo para nada, el sitio es bonito, la comida buena, pero excesivamente caro para lo que realmente es, y por supuesto, no animo a nadie a que compre cupones para comer allí, puesto que se arriesgan a que les sirvan lo que ellos consideren en ese momento, independientemente de lo que hayas pagado con anterioridad. 	[('restaurant general', 'negative', 'restaurante'), ('restaurant general', 'negative', 'NULL'), ('ambience general', 'positive', 'sitio'), ('food quality', 'positive', 'comida'), ('restaurant prices', 'negative', 'NULL'), ('restaurant general', 'negative', 'NULL')]
es_bal-donsera-zaragoza_comment-4320:0	Estube ayer dia 22 de febrero en el restaurante bal d’osera y mi sorpresa fue que primero se disculpan porque aun no tienen percheros, luego las mesas tambien te dicen que son provisonales (que no hubieran abierto aun, si no podian) porque el precio desde luego no lo han bajado.	[('ambience general', 'negative', 'percheros'), ('ambience general', 'negative', 'mesas')]
es_bal-donsera-zaragoza_comment-4320:1	Para mi con esta reforma a perdido encanto, pues estas cenando sin privacidad, viendo y oyendo a la gente que hay en la barra del bar.	[('ambience general', 'negative', 'NULL')]
es_bal-donsera-zaragoza_comment-4320:2	Con lo cual en el comedor tienes que levantar mas la voz para oirte y se forma un ambiente que no lo que se espera de una estrella michelin. 	[('ambience general', 'negative', 'ambiente')]
es_bal-donsera-zaragoza_comment-986:0	Yo estube el dia 6-12-08 y la verdad muy bien;el ambiente es un poco fasion las paredes toralmente blancas,las sillas muy modernas pero comodas y sin ningun cuadro.	[('ambience general', 'neutral', 'ambiente')]
es_bal-donsera-zaragoza_comment-986:1	Pedimos al a carta y de aperitivo nos sacaron una cucharita de brandada de bacalao con un chupito de caldo de ardo y espuma de almendras,la verdad estaba muy delicado.	[('food style_options', 'positive', 'aperitivo')]
es_bal-donsera-zaragoza_comment-986:2	de primero cogimos un risoto de hongos trufa y un super medallon de foie fresco pasado por la plancha y unas borrajas con centollo estaban las dos cosas muy buenas y cocidas al dente.de segundo la merluza a la plancha con juliana de sepia y un solomillo de ternasco al azafran,l amerluza estaba poco hecha por dentro pero caliente y el solomillo poco hecho tambien y con muy poca salsa;y d epostre una seleccion de chocolates en texturas con zumo de naranja reducido y un merenge con helado de chocolate blanco y fresas;muy bueno todo,dos cafes y una botella de agua por 123 euros. 	[('food quality', 'positive', 'risoto de hongos trufa'), ('food quality', 'positive', 'medallon de foie fresco pasado por la plancha y unas borrajas con centollo'), ('food quality', 'negative', 'merluza a la plancha con juliana de sepia'), ('food quality', 'negative', 'solomillo de ternasco al azafran'), ('food quality', 'negative', 'seleccion de chocolates en texturas con zumo de naranja reducido'), ('food quality', 'negative', 'merenge con helado de chocolate blanco y fresas')]
es_balmes_rossello_100_AnnaWeiner_2011-12-27:0	Esta reserva fue un acierto.	[('restaurant miscellaneous', 'positive', 'NULL')]
es_balmes_rossello_100_AnnaWeiner_2011-12-27:1	La relación calidad precio es muy buena.	[('food prices', 'positive', 'NULL')]
es_balmes_rossello_100_AnnaWeiner_2011-12-27:2	El servicio excelente.	[('service general', 'positive', 'servicio')]
es_balmes_rossello_100_AnnaWeiner_2011-12-27:3	Raciones grandes.	[('food style_options', 'positive', 'Raciones')]
es_balmes_rossello_11_JeniferEspinosa_2015-02-23:0	Los camareros son atentos y muy amables, el menú calçotada es interminable!	[('service general', 'positive', 'camareros'), ('food style_options', 'positive', 'calçotada')]
es_balmes_rossello_11_JeniferEspinosa_2015-02-23:1	Lo mejor, las alcachofas a la brasa (estaban de lujo) y los calçots con tejas, buenísimos!	[('food quality', 'positive', 'alcachofas a la brasa'), ('food quality', 'positive', 'calçots con tejas')]
es_balmes_rossello_11_JeniferEspinosa_2015-02-23:2	La salsa estaba muy buena también.	[('food quality', 'positive', 'salsa')]
es_balmes_rossello_11_JeniferEspinosa_2015-02-23:3	Tuvieron un detalle al cambiarme la parrillada de carne por una parrillada de verduras (opción vegetariana).	[('food style_options', 'positive', 'NULL')]
es_balmes_rossello_11_JeniferEspinosa_2015-02-23:4	¡Repetiré seguro!	[('restaurant general', 'positive', 'NULL')]
es_balmes_rossello_12_LauraRamosMartinez_2015-02-23:0	La comida bastante bien (calidad y cantidad), aunque tardó en ser servida (es cierto que estaba lleno, el local, pero... hay que preveerlo teniendo más personal o cogiendo menos servicios).	[('food quality', 'positive', 'comida'), ('food style_options', 'positive', 'comida'), ('service general', 'negative', 'NULL')]
es_balmes_rossello_12_LauraRamosMartinez_2015-02-23:1	El lugar, más agradable de lo que parecía, aunque con la música excesivamente alta (difícil conversar, por el volúmen de la música y la cantidad de comensales).	[('ambience general', 'positive', 'lugar'), ('ambience general', 'negative', 'NULL')]
es_balmes_rossello_12_LauraRamosMartinez_2015-02-23:2	Algo caro para el conjunto del restaurante.	[('restaurant prices', 'negative', 'restaurante')]
es_balmes_rossello_12_LauraRamosMartinez_2015-02-23:3	Pero correcto, digno, bien.	[('restaurant general', 'positive', 'NULL')]
es_balmes_rossello_13_DaraGonzalezBonilla_2015-02-22:0	Interior genial, comida de calidad.	[('ambience general', 'positive', 'Interior'), ('food quality', 'positive', 'comida')]
es_balmes_rossello_13_DaraGonzalezBonilla_2015-02-22:1	Servicio atento y rápido.	[('service general', 'positive', 'Servicio')]
es_balmes_rossello_13_DaraGonzalezBonilla_2015-02-22:2	MUY RECOMENDABLE	[('restaurant general', 'positive', 'NULL')]
es_balmes_rossello_14_FrancescCarneBarcelo_2015-02-19:0	La calçotada estuvo bien pero en cuanto a la carne estaba algo escasa o mejorable en calidad sin alterar el numero de piezas.	[('food quality', 'positive', 'calçotada'), ('food quality', 'negative', 'carne')]
es_balmes_rossello_15_InmaculadaOrtizPolo_2015-02-18:0	Genial, un sitio estupendo y magnífica atención	[('restaurant general', 'positive', 'sitio'), ('service general', 'positive', 'atención'), ('restaurant general', 'positive', 'NULL')]
es_balmes_rossello_15_InmaculadaOrtizPolo_2015-02-18:1	El menú calçotada magnífico	[('food style_options', 'positive', 'calçotada')]
es_balmes_rossello_16_AlbertAlonso_2015-02-17:0	Comida - 6.5 ( el plato principal, los calsots, costaban de pelar debido a que la raíz no estaba cortada y su calidad no era muy buena.	[('food quality', 'positive', 'Comida'), ('food quality', 'negative', 'calsots'), ('food style_options', 'negative', 'calsots')]
es_balmes_rossello_16_AlbertAlonso_2015-02-17:1	La salsa romesco estaba muy buena.	[('food quality', 'positive', 'salsa romesco')]
es_balmes_rossello_16_AlbertAlonso_2015-02-17:2	La carne y butifarra también estaba muy bien.	[('food quality', 'positive', 'carne'), ('food quality', 'positive', 'butifarra')]
es_balmes_rossello_16_AlbertAlonso_2015-02-17:3	El postre también nos gustó).	[('food quality', 'positive', 'postre')]
es_balmes_rossello_16_AlbertAlonso_2015-02-17:4	Servicio - 4 (Nos sentimos un poco invisibles por el personal, simplemente se dedicaron a servir la comida.	[('service general', 'negative', 'Servicio')]
es_balmes_rossello_16_AlbertAlonso_2015-02-17:7	son típicas preguntas que encontré a faltar para una atención.	[('service general', 'negative', 'atención')]
es_balmes_rossello_16_AlbertAlonso_2015-02-17:8	Nos dieron la opción de repetir calsots, siempre es un detalle que se agradece pero no suficiente para aprobar el servicio. )	[('food style_options', 'positive', 'calsots')]
es_balmes_rossello_16_AlbertAlonso_2015-02-17:9	Ambiente - 9 ( bueno para comer una calsotada en pareja y tranquilo, que fue el caso)	[('ambience general', 'positive', 'Ambiente')]
es_balmes_rossello_16_AlbertAlonso_2015-02-17:10	calidad-precio - 7 ( el producto calsot se puede mejorar, la carne muy correcta y el postre también ) .	[('food quality', 'neutral', 'NULL'), ('food quality', 'negative', 'calsot'), ('food quality', 'positive', 'carne'), ('food quality', 'positive', 'postre')]
es_balmes_rossello_16_AlbertAlonso_2015-02-17:11	Apruebo el restaurante pero si mejoran la calidad del calsot es recomendable 100% para hacer una calsotada en pleno centro de Barcelona.	[('restaurant general', 'positive', 'restaurante'), ('food quality', 'negative', 'calsot'), ('restaurant general', 'positive', 'NULL')]
es_balmes_rossello_17_EloinaMartinezSoriano_2015-02-17:0	Cenamos muy bien...calidad precio razonable.	[('restaurant general', 'positive', 'NULL'), ('food prices', 'positive', 'NULL')]
es_balmes_rossello_17_EloinaMartinezSoriano_2015-02-17:1	El servicio excelente...aunque no nos gustó como el jefe de sala le presionaba a los camareros..no se merecen ese trato ..y menos delante de los clientes.	[('service general', 'positive', 'servicio'), ('service general', 'negative', 'jefe de sala')]
es_balmes_rossello_17_EloinaMartinezSoriano_2015-02-17:2	En general salimos satisfechos..sin duda ..volveremos	[('restaurant general', 'positive', 'NULL')]
es_balmes_rossello_18_CarlotaSacristanCarvajal_2015-02-16:0	Al principio nos parecieron un poco bruscos y habiendo reservado nos iban a dar la peor mesa del restaurante.	[('service general', 'negative', 'NULL')]
es_balmes_rossello_18_CarlotaSacristanCarvajal_2015-02-16:1	Pero pedimos que nos cambiasen y a partir de ahí todo fenomenal.	[('restaurant general', 'positive', 'NULL')]
es_balmes_rossello_1_Quim_2015-07-21:0	Buena atención y ambiente.	[('service general', 'positive', 'atención'), ('ambience general', 'positive', 'ambiente')]
es_balmes_rossello_20_RoserFabre_2015-02-01:0	Comida excelente aunque tuvimos que pedir varias veces lo mismo por falta de coordinación en el servicio.	[('food quality', 'positive', 'Comida'), ('service general', 'negative', 'servicio')]
es_balmes_rossello_21_CarlaRoset_2015-01-25:0	Muy bien en general.	[('restaurant general', 'positive', 'NULL')]
es_balmes_rossello_21_CarlaRoset_2015-01-25:1	Ambiente muy bueno, el local muy agradable y bonito.	[('ambience general', 'positive', 'Ambiente'), ('ambience general', 'positive', 'local')]
es_balmes_rossello_21_CarlaRoset_2015-01-25:2	Los calçots buenisimos	[('food quality', 'positive', 'calçots')]
es_balmes_rossello_24_ElisabetSaezRodriguez_2014-12-29:0	Excelente.	[('restaurant general', 'positive', 'NULL')]
es_balmes_rossello_24_ElisabetSaezRodriguez_2014-12-29:1	Precio y calidad adecuados.	[('restaurant prices', 'positive', 'NULL'), ('food quality', 'positive', 'NULL')]
es_balmes_rossello_24_ElisabetSaezRodriguez_2014-12-29:2	Servicio rápido y eficiente.	[('service general', 'positive', 'Servicio')]
es_balmes_rossello_24_ElisabetSaezRodriguez_2014-12-29:3	El ambiente muy acogedor.	[('service general', 'positive', 'ambiente')]
es_balmes_rossello_24_ElisabetSaezRodriguez_2014-12-29:4	Nos gustó mucho, porque aunque estuviera lleno la atención fué inmejorable y rápida.	[('service general', 'positive', 'atención'), ('restaurant general', 'positive', 'NULL')]
es_balmes_rossello_24_ElisabetSaezRodriguez_2014-12-29:5	También valoro su localización, para los que no tenemos coche se llega muy facilmente ya que es muy céntrico.	[('location general', 'positive', 'localización')]
es_balmes_rossello_24_ElisabetSaezRodriguez_2014-12-29:6	¡¡Felicidades!!	[('restaurant general', 'positive', 'NULL')]
es_balmes_rossello_26_FranciscoValeroBarranco_2014-12-27:0	Un restaurante de ambiente moderno donde la comida está en su ounto y el trato es muy amable.	[('ambience general', 'positive', 'ambiente'), ('food quality', 'positive', 'comida'), ('service general', 'positive', 'trato')]
es_balmes_rossello_2_BarbaraUntiedt_2015-04-07:0	Lo mejor decision, comer por alli!	[('restaurant general', 'positive', 'NULL')]
es_balmes_rossello_30_ToniEspinosoPineiro_2014-11-10:0	correcto	[('restaurant general', 'positive', 'NULL')]
es_balmes_rossello_31_AlejandroCalatayudSamper_2014-09-21:0	Comimos muy bien toda la familia, el entrecot espectacular.	[('food quality', 'positive', 'entrecot'), ('restaurant general', 'positive', 'NULL')]
es_balmes_rossello_31_AlejandroCalatayudSamper_2014-09-21:1	La presentación de todos los platos muy buena.	[('food style_options', 'positive', 'NULL')]
es_balmes_rossello_33_PabloAguayoLizzardi_2014-05-12:0	Una experiencia muy satisfactoria.	[('restaurant general', 'positive', 'NULL')]
es_balmes_rossello_33_PabloAguayoLizzardi_2014-05-12:1	El personal y sevicio es intachable.	[('service general', 'positive', 'personal'), ('service general', 'positive', 'sevicio')]
es_balmes_rossello_34_AinaVela_2014-05-02:0	Servicio correcto, buena relación calidad-precio	[('service general', 'positive', 'Servicio'), ('food prices', 'positive', 'NULL')]
es_balmes_rossello_35_AnaMariaGonzalez_2014-04-28:0	Muy buena comida y relación calidad-precio.	[('food quality', 'positive', 'comida'), ('food prices', 'positive', 'calidad-precio')]
es_balmes_rossello_35_AnaMariaGonzalez_2014-04-28:1	Servicio amable	[('service general', 'positive', 'Servicio')]
es_balmes_rossello_36_AnaMariaGonzalez_2014-04-28:0	Muy buena comida y relación calidad-precio.	[('food quality', 'positive', 'comida'), ('food prices', 'positive', 'NULL')]
es_balmes_rossello_36_AnaMariaGonzalez_2014-04-28:1	Servicio amable	[('service general', 'positive', 'Servicio')]
es_balmes_rossello_38_JordiDiez_2014-03-30:0	Muy buena brasa	[('food quality', 'positive', 'brasa')]
es_balmes_rossello_39_CarmenGutierrez_2014-03-23:0	Estaría bien mejorar la calidad del vino.	[('drinks quality', 'negative', 'vino')]
es_balmes_rossello_3_JuanVillafruela_2015-03-25:0	Servicio excelente y al detalle junto a un buen equilibrio entre calidad-precio.	[('service general', 'positive', 'Servicio'), ('food prices', 'positive', 'NULL')]
es_balmes_rossello_3_JuanVillafruela_2015-03-25:1	El menú carçot fue un acierto.	[('food quality', 'positive', 'carçot')]
es_balmes_rossello_40_LuciaRodriguezGarcia_2014-03-17:0	Muy correcta la atención, muy rápido el servicio.	[('service general', 'positive', 'atención'), ('service general', 'positive', 'servicio')]
es_balmes_rossello_40_LuciaRodriguezGarcia_2014-03-17:1	Local de ambiente agradable.	[('ambience general', 'positive', 'ambiente')]
es_balmes_rossello_40_LuciaRodriguezGarcia_2014-03-17:3	Repetiría.	[('restaurant general', 'positive', 'NULL')]
es_balmes_rossello_41_JuanAyoraRedondo_2014-03-17:0	bueno, calidad precio	[('restaurant general', 'positive', 'NULL'), ('restaurant prices', 'positive', 'NULL')]
es_balmes_rossello_42_CarlotaAmargos_2014-03-16:0	Comimos calçots con mis amigos extranjeros, por la noche y en Barcelona... no parecia la mejor manera de introducir este evento tipico catalan a mis amigos, pero en Balmes/Rossello comimos una calçotada digna de la mejor masia.	[('food quality', 'positive', 'calçotada')]
es_balmes_rossello_42_CarlotaAmargos_2014-03-16:1	servicio estupendo, brasas de verdad, con alcachofas y parriladas.	[('service general', 'positive', 'servicio'), ('food quality', 'positive', 'brasas'), ('food quality', 'positive', 'alcachofas'), ('food quality', 'positive', 'parriladas')]
es_balmes_rossello_42_CarlotaAmargos_2014-03-16:2	La salsa romesco estaba increible y no con demasiado ajo que te repite toda la noche como en algunos sitios!	[('food quality', 'positive', 'salsa romesco')]
es_balmes_rossello_42_CarlotaAmargos_2014-03-16:3	Super recomendable!!	[('restaurant general', 'positive', 'NULL')]
es_balmes_rossello_43_CarlesMartinezValles_2014-03-10:0	Comida abundante, buena relación calidad-precio si pides entrante+segundo se puede cenar por unos 12 euros	[('food style_options', 'positive', 'Comida'), ('food prices', 'positive', 'NULL')]
es_balmes_rossello_44_CarlosRodriguez_2014-03-06:0	Fuimos 3 amigos a comer una calçotada y todos nos decian que las calçotadas en la ciudad no estaban buenas, que habia que ir a las afueras, sin embargo nos encanto, todo muy bueno, el trato estupendo, nos enseñaron a comer los calçots, y muy bien de precio, lo recomiendo sin duda.	[('restaurant general', 'positive', 'NULL'), ('restaurant general', 'positive', 'nos encanto'), ('food quality', 'positive', 'NULL'), ('service general', 'positive', 'trato'), ('restaurant prices', 'positive', 'NULL')]
es_balmes_rossello_46_AdrianaOrmaetxeaArregi_2014-02-26:0	La comida fue decente, las bravas nada picantes y el servicio pobre en atencion.	[('food quality', 'positive', 'comida'), ('service general', 'negative', 'servicio'), ('food quality', 'negative', 'bravas')]
es_balmes_rossello_47_GemaCardaIsach_2014-02-16:0	El Rte Balmes- Rosello nos encanto por si servicio, localizacion, aseo y confort.	[('service general', 'positive', 'servicio'), ('location general', 'positive', 'localizacion'), ('ambience general', 'positive', 'NULL')]
es_balmes_rossello_47_GemaCardaIsach_2014-02-16:1	Todo exterior y luminoso con accesos faciles.	[('restaurant miscellaneous', 'positive', 'NULL')]
es_balmes_rossello_47_GemaCardaIsach_2014-02-16:2	Felicitar desde aqii a la direccion.	[('restaurant general', 'positive', 'NULL')]
es_balmes_rossello_47_GemaCardaIsach_2014-02-16:3	Precio- calidad: excelente.	[('restaurant prices', 'positive', 'NULL')]
es_balmes_rossello_47_GemaCardaIsach_2014-02-16:4	Repetiremis	[('restaurant general', 'positive', 'NULL')]
es_balmes_rossello_4_MariaRosaRicartPellicer_2015-03-23:0	Todo muy correcto: relación calidad-precio, la facilidad para combinar menú calçotada con carta, servicio amable y la cocina muy bien.	[('restaurant prices', 'positive', 'NULL'), ('food style_options', 'positive', 'calçotada'), ('service general', 'positive', 'servicio'), ('food quality', 'positive', 'cocina'), ('restaurant general', 'positive', 'NULL')]
es_balmes_rossello_4_MariaRosaRicartPellicer_2015-03-23:1	El comensal más joven de la mesa (20 años) aseguró que volvería por su cuenta.	[('restaurant general', 'positive', 'NULL')]
es_balmes_rossello_50_AndreaVaquerizoGracia_2014-02-10:0	Menú calçotada recomendable por su relación calidad-precio.	[('food quality', 'positive', 'calçotada'), ('food prices', 'positive', 'calçotada')]
es_balmes_rossello_50_AndreaVaquerizoGracia_2014-02-10:1	Si lo mantienen, el próximo año repetiremos!	[('restaurant general', 'positive', 'NULL')]
es_balmes_rossello_54_DanielLlorensCiutat_2014-02-02:0	Fui con unos amigos mejicanos y tengo que decir que es raro hacer una calçotada en el centro de Barcelona, pero la experiencia fue excelente, nos ofrecieron más una vez terminados.	[('restaurant general', 'positive', 'NULL'), ('food style_options', 'positive', 'NULL')]
es_balmes_rossello_54_DanielLlorensCiutat_2014-02-02:1	Realmente la comida exquisita y todo muy bien.	[('food quality', 'positive', 'comida')]
es_balmes_rossello_54_DanielLlorensCiutat_2014-02-02:2	Muy recomendable.	[('restaurant general', 'positive', 'NULL')]
es_balmes_rossello_55_DiegoPostigo_2014-01-28:0	Fuimos a comer una calçotada y no hubo queja.	[('food quality', 'positive', 'calçotada')]
es_balmes_rossello_55_DiegoPostigo_2014-01-28:1	Muy buena la comida, un local muy bien decorado y un excelente servicio.	[('food quality', 'positive', 'comida'), ('ambience general', 'positive', 'local'), ('service general', 'positive', 'servicio')]
es_balmes_rossello_55_DiegoPostigo_2014-01-28:2	Lo recomiendo.	[('restaurant general', 'positive', 'NULL')]
es_balmes_rossello_56_TeresaFelix_2014-01-27:0	El trato fue genial por parte de todo el equipo pero en general tuvimos la suerte de que el Sr. Jose pusiera parte de su colaboracion en el menu eligido.	[('service general', 'positive', 'trato')]
es_balmes_rossello_56_TeresaFelix_2014-01-27:1	Volveremos seguro	[('restaurant general', 'positive', 'NULL')]
es_balmes_rossello_57_Anonimo_2014-01-26:0	Supero nuestras expectativas y el precio estuvo bien	[('restaurant general', 'positive', 'NULL'), ('restaurant prices', 'positive', 'NULL')]
es_balmes_rossello_59_Francisco_2014-01-26:0	Muy buena comida y servicio rapido	[('food quality', 'positive', 'comida'), ('service general', 'positive', 'servicio')]
es_balmes_rossello_60_Lu_2014-01-20:0	Comimos dos menus calçotades muy buenos!	[('food quality', 'positive', 'calçotades')]
es_balmes_rossello_60_Lu_2014-01-20:1	Los camareros muy majos y constantemente pendientes que no nos faltara de nada!	[('service general', 'positive', 'camareros')]
es_balmes_rossello_60_Lu_2014-01-20:2	Lo unico que me parecio raro es que de postre no tenian la crema catalana!	[('food style_options', 'negative', 'postre')]
es_balmes_rossello_60_Lu_2014-01-20:3	:( pero por lo demas lo recomiendo totalmente!	[('restaurant general', 'positive', 'NULL')]
es_balmes_rossello_61_EnriqueClaros_2014-01-12:1	Fui con mi mujer y mis suegros y todos quedaron encantados: servicio, velocidad, puntos de cocción, raciones, calidad/precio,  Solo dos peros: el vino de la casa tenía un punto de rancidumbre y que nos podrían haber puesto en un punto más céntrico del salón.	[('restaurant general', 'positive', 'NULL'), ('service general', 'positive', 'servicio'), ('service general', 'positive', 'velocidad'), ('food quality', 'positive', 'puntos de cocción'), ('food style_options', 'positive', 'raciones'), ('restaurant prices', 'positive', 'NULL'), ('drinks quality', 'negative', 'vino'), ('restaurant miscellaneous', 'negative', 'NULL')]
es_balmes_rossello_61_EnriqueClaros_2014-01-12:2	Totalmente recomendable para una comida distendida, con aroma a brasa.	[('restaurant general', 'positive', 'NULL')]
es_balmes_rossello_63_Susana_2013-11-30:0	Una amplia carta, comida rica y con buena calidad precio, servicio correcto y atento y ambiente muy animado, lo recomiendo para culquier ocasión...	[('restaurant general', 'positive', 'NULL'), ('ambience general', 'positive', 'ambiente'), ('service general', 'positive', 'servicio'), ('food prices', 'positive', 'NULL'), ('food quality', 'positive', 'comida'), ('food style_options', 'positive', 'carta')]
es_balmes_rossello_64_David_2013-09-29:0	Realmente me sorprendio porque no habia ido nunca, eramos un grupo de 20 personas y fue genial, sitio muy acogedor, decoracion moderna, comida de calidad buena... Y un precio economico para ser Barcelona.	[('restaurant general', 'positive', 'NULL'), ('ambience general', 'positive', 'sitio'), ('ambience general', 'positive', 'decoracion'), ('food quality', 'positive', 'comida'), ('restaurant prices', 'positive', 'NULL')]
es_balmes_rossello_64_David_2013-09-29:1	Totalmente recomendable.	[('restaurant general', 'positive', 'NULL')]
es_balmes_rossello_64_David_2013-09-29:2	El servicio muy bueno tambien!	[('service general', 'positive', 'servicio')]
es_balmes_rossello_64_David_2013-09-29:3	Muy atentos.	[('service general', 'positive', 'NULL')]
es_balmes_rossello_66_JoseMartinezTorres_2013-08-23:0	Buen servicio	[('service general', 'positive', 'servicio')]
es_balmes_rossello_71_ElisabethSolfMoran_2013-04-10:0	Camareros atentos, comida abundante y buenisima.	[('service general', 'positive', 'Camareros'), ('food style_options', 'positive', 'comida'), ('food quality', 'positive', 'comida')]
es_balmes_rossello_71_ElisabethSolfMoran_2013-04-10:1	Ambiente genial!	[('ambience general', 'positive', 'Ambiente')]
es_balmes_rossello_73_MarissaMinichello_2013-03-13:0	Buenisimo!!	[('food quality', 'positive', 'NULL')]
es_balmes_rossello_73_MarissaMinichello_2013-03-13:1	Mucha comida!	[('food style_options', 'positive', 'comida')]
es_balmes_rossello_75_ErnestRosello_2013-02-28:0	Excelente relacion calidad/precio, raciones muy completas y ambiente muy agradable.	[('restaurant prices', 'positive', 'NULL'), ('food style_options', 'positive', 'raciones'), ('ambience general', 'positive', 'ambiente')]
es_balmes_rossello_75_ErnestRosello_2013-02-28:1	El servicio perfecto.	[('service general', 'positive', 'servicio')]
es_balmes_rossello_77_ElsaPachecoGonzalez_2013-02-18:0	Perfecto calidad-precio.	[('restaurant prices', 'positive', 'NULL')]
es_balmes_rossello_78_TeresaLabradorMenendez_2013-02-18:0	Todo muy correcto.	[('restaurant general', 'positive', 'NULL')]
es_balmes_rossello_7_Victor_2015-03-16:0	Pedimos el menú calçotada, y los calçots dejaron muchísimo que desear.	[('food quality', 'negative', 'calçots')]
es_balmes_rossello_7_Victor_2015-03-16:1	Eran muy pequeños en tamaño y algunos vacíos... 	[('food style_options', 'negative', 'NULL'), ('food quality', 'negative', 'NULL')]
es_balmes_rossello_7_Victor_2015-03-16:3	No volveré por eso.	[('restaurant general', 'negative', 'NULL')]
es_balmes_rossello_7_Victor_2015-03-16:4	La parrillada algo escasa...	[('food style_options', 'negative', 'parrillada')]
es_balmes_rossello_80_FranGarciaCastro_2013-02-05:0	Fuimos 2 personas a tomar el menú de calçotada y la verdad es que el servicio fue bueno y la comida también.	[('service general', 'positive', 'servicio'), ('food quality', 'positive', 'comida')]
es_balmes_rossello_82_CarlosBardajil_2013-02-03:0	Nos gusto.	[('restaurant general', 'positive', 'NULL')]
es_balmes_rossello_82_CarlosBardajil_2013-02-03:1	Comimos muy bien.	[('restaurant general', 'positive', 'NULL')]
es_balmes_rossello_82_CarlosBardajil_2013-02-03:2	Calidad y cantidad.	[('food quality', 'positive', 'NULL'), ('food style_options', 'positive', 'NULL')]
es_balmes_rossello_82_CarlosBardajil_2013-02-03:5	Al llegar nos cambiaron a una mesa mejor que la que habían reservado inicialmente para que estuviéramos más tranquilos.	[('service general', 'positive', 'NULL')]
es_balmes_rossello_82_CarlosBardajil_2013-02-03:6	Muy buen trato y nos pusieron extra de calçots sin cobrarlo.	[('service general', 'positive', 'trato'), ('service general', 'positive', 'NULL')]
es_balmes_rossello_82_CarlosBardajil_2013-02-03:7	Muy buen recuerdo.	[('restaurant general', 'positive', 'NULL')]
es_balmes_rossello_83_CarlosLopezRodriguez_2012-12-23:0	Perfecto.	[('restaurant general', 'positive', 'NULL')]
es_balmes_rossello_84_JuanEnriqueSoleTeixidor_2012-11-12:1	Atendiendo a la promoción, a mi juicio, ligeramente engañosa, en cuanto al precio de la carta ya que supera la media de 20-30 euros como se anuncia, sin realizar ningún exceso.	[('restaurant miscellaneous', 'negative', 'NULL'), ('restaurant prices', 'negative', 'NULL')]
es_balmes_rossello_85_AlbertRiusPrieto_2012-09-09:0	Nos gustó mucho el lugar, muy biuen ambiente, tranquilo, muy buen servicio.	[('restaurant general', 'positive', 'lugar'), ('ambience general', 'positive', 'ambiente'), ('service general', 'positive', 'servicio')]
es_balmes_rossello_85_AlbertRiusPrieto_2012-09-09:1	Volveremos seguro!	[('restaurant general', 'positive', 'NULL')]
es_balmes_rossello_86_GregorioJohansson_2012-07-16:0	Muy agradable, buena relación calidad precio y buena cocina.	[('ambience general', 'positive', 'NULL'), ('restaurant prices', 'positive', 'NULL'), ('food quality', 'positive', 'cocina')]
es_balmes_rossello_86_GregorioJohansson_2012-07-16:1	Repetiremos seguro.	[('restaurant general', 'positive', 'NULL')]
es_balmes_rossello_91_JuanCarlosGallegoMartinez_2012-03-25:0	Buen ambiente, buena comida, un sitio recomendable.	[('ambience general', 'positive', 'ambiente'), ('food quality', 'positive', 'comida'), ('restaurant general', 'positive', 'sitio')]
es_balmes_rossello_93_AnnaCincaSanchez_2012-03-18:0	La verdad es que todo estuvo muy bien, servicio atento y todo según lo esperado.	[('restaurant general', 'positive', 'NULL'), ('service general', 'positive', 'servicio'), ('restaurant general', 'positive', 'NULL')]
es_balmes_rossello_93_AnnaCincaSanchez_2012-03-18:1	Por poner alguna pega, la salsa de los calçots no era puramente romesco, pero estaba bien.	[('food quality', 'neutral', 'salsa de los calçots')]
es_balmes_rossello_93_AnnaCincaSanchez_2012-03-18:2	Seguramente repetiremos.	[('restaurant general', 'positive', 'NULL')]
es_balmes_rossello_94_LluisNavarro_2012-03-14:0	Comida buena, servicio muy bueno, atención al cliente excelente.	[('food quality', 'positive', 'Comida'), ('service general', 'positive', 'servicio'), ('service general', 'positive', 'atención')]
es_balmes_rossello_95_JuanRuizAlonso_2012-02-23:0	Fuimos por la calçota y todo genial pero la salsa nos defraudó bastante sabia mucho a tomate.	[('food quality', 'negative', 'salsa'), ('restaurant general', 'positive', 'NULL')]
es_balmes_rossello_95_JuanRuizAlonso_2012-02-23:1	El Pan con tomate te lo sirven ya untado y tampoco nos convencio, algunos tenían demasiado tomate y personalmente me gusta hacermelo con un poco de ajo untado.	[('food quality', 'negative', 'Pan con tomate')]
es_balmes_rossello_95_JuanRuizAlonso_2012-02-23:2	Lo temas todo muy bien, el precio muy correcto.	[('restaurant general', 'positive', 'NULL'), ('restaurant prices', 'positive', 'NULL')]
es_balmes_rossello_96_Marivi_2012-02-10:0	Servicio muy bueno, quedamos contentos de la calçotada.	[('service general', 'positive', 'Servicio'), ('food quality', 'positive', 'calçotada')]
es_balmes_rossello_97_JoseLuisLorenzo_2012-01-11:0	Personal de sala muy atento y alimentos de calidad y bien cocinados.	[('service general', 'positive', 'Personal'), ('food quality', 'positive', 'alimentos')]
es_balmes_rossello_9_MariJesus_2015-03-08:0	"Sitio agradable aunque le falta un ""algo"""	[('restaurant general', 'neutral', 'Sitio')]
es_mar-de-cadiz-zaragoza_comment-4629:1	Al servicio le falta bastante educacion.	[('service general', 'negative', 'servicio')]
es_mar-de-cadiz-zaragoza_comment-4629:2	Hemos pedido una ración de mejillones al vapor que estaban sin limpiar y una ración de gambas en la que ni siquiera nos han puesto cubiertos.	[('food style_options', 'negative', 'mejillones al vapor'), ('food style_options', 'negative', 'ración de gambas')]
es_mar-de-cadiz-zaragoza_comment-4629:3	Las gambas estaban buenas pero caras.	[('food prices', 'negative', 'gambas')]
es_mar-de-cadiz-zaragoza_comment-4629:4	No volveremos, nos quedamos con “La Casa de Mar”. 	[('restaurant general', 'negative', 'No volveremos')]
es_mas-torres-zaragoza_comment-3944:0	He estado varias veces,el trato profesional y muy amable, en cuanto al producto, muy bien en calidad y cantidad, sin sorpresas 	[('service general', 'positive', 'trato'), ('food quality', 'positive', 'producto')]
es_mas-torres-zaragoza_comment-3973:0	Es un sitio correcto, sin mas.	[('restaurant general', 'neutral', 'sitio')]
es_mas-torres-zaragoza_comment-3973:1	para donde esta el precio es estable y no te das un susto.. 	[('restaurant prices', 'neutral', 'precio')]
es_mas-torres-zaragoza_comment-4007:1	Trato correcto,la comida lamentablemente mal desde un balalao gratinado crudo hasta una carrillera de vacuno recalentada en microondas y que se paso de calentamiento hasta quedar seca en las partes mas delgadas.	[('service general', 'neutral', 'Trato'), ('food quality', 'negative', 'comida'), ('food quality', 'negative', 'balalao'), ('food style_options', 'negative', 'carrillera')]
es_mas-torres-zaragoza_comment-4007:2	Hasta nunca amigos,que tengan suerte la necesitaran. 	[('restaurant general', 'negative', 'NULL')]
es_mas-torres-zaragoza_comment-4299:1	Primer plato simplon estilo cuartelero.	[('food quality', 'negative', 'Primer plato')]
es_mas-torres-zaragoza_comment-4299:2	El segundo besugo salsa que solo contenia la cabeza.	[('food style_options', 'negative', 'besugo salsa')]
es_mas-torres-zaragoza_comment-4299:3	Devolucion a cocina,amabilidad de camarera,requerimiento de cuenta y adios.	[('service general', 'positive', 'camarera')]
es_mas-torres-zaragoza_comment-4299:5	Mal sabor de boca tras haber leido las criticas sobre todo por salir sin comer.	[('food style_options', 'negative', 'Mal sabor de boca tras haber leido las criticas sobre todo por salir sin comer')]
es_mas-torres-zaragoza_comment-4299:7	Desde luego un desastre.	[('restaurant general', 'negative', 'NULL')]
es_mas-torres-zaragoza_comment-4299:8	para no volver 	[('restaurant general', 'negative', 'NULL')]
es_mas-torres-zaragoza_comment-4464:0	No pude comentar, pero la verdad muy buen sitio, con platos contundentes.	[('restaurant general', 'positive', 'sitio'), ('food quality', 'positive', 'platos')]
es_mas-torres-zaragoza_comment-4464:2	De primero teníamos una ensalada rosa, que estaba muy bien para compartir, para comer luego una guindillas (algunas picaban) y posteriormente huevos con foie.	[('food quality', 'positive', 'ensalada rosa')]
es_mas-torres-zaragoza_comment-4464:5	Para volver, sin duda. 	[('restaurant general', 'positive', 'NULL')]
es_matilde-la-zaragoza_comment-1564:2	El sitio no es de los que deslumbra con su decoración de lujo  pero tiene esa sobriedad de los sitios que saben que no les hace falta.	[('restaurant miscellaneous', 'neutral', 'sitio')]
es_matilde-la-zaragoza_comment-1564:4	Esta fue nuestra opción.Aparte de la comida pedida la casa invita a tres pequeños aperitivos en los cuales me gusto sobre manera el paté de anchoas.Los primeros elección del chef fueron un carpa-chio de pulpo, un bizcocho de setas pecs, unos langostinos y un canelos de perdiz escabechada.	[('food quality', 'positive', 'paté de anchoas')]
es_matilde-la-zaragoza_comment-1564:5	En general a un gran nivel todos los platos que fueron individuales así que da igual el numero de personas de la mesa los entrantes serán los mismos.	[('food quality', 'positive', 'platos')]
es_matilde-la-zaragoza_comment-1564:7	Tanto el solomillos ( mas que generoso el trozo ) como la presa, que son los dos únicos que probé tenían un toque perfecto de cocina ( según se pidió ) y por el resto de los comensales los demás platos tenían un gran nivel, siendo posible que el canelon de ternasco no fuera tan generosa la ración como en el resto de platos.	[('food quality', 'positive', 'solomillos'), ('food style_options', 'neutral', 'canelon de ternasco')]
es_matilde-la-zaragoza_comment-1564:8	Los postres volvieron a ser una degustacion de diferentes tipos de postres que también tenían el nivel muy alto, acorde con el resto de la cena.	[('food quality', 'positive', 'postres')]
es_matilde-la-zaragoza_comment-1564:9	Pero donde si que destaca este restaurante es sin duda en su EXTENSISIMA bodega con unos abanicos de precios mas que accesible para cualquier bolsillo ya que hay innumerables vinos que no pasan de los 20 euros aunque desde luego si buscamos algo mas de nivel desde luego el sitio y sobre todo su sumiller responden con gran eficacia y nivel.	[('drinks prices', 'positive', 'bodega')]
es_matilde-la-zaragoza_comment-1564:10	Y no solo es la gran variedad de vinos de mesa ( tinto, blanco o cava ) si no que tiene una aun mas amplia variedad de vinos de otros tipos  ( olorosos , amontillados, PX , oportos, …) sin olvidar los coñac y otros licores incluyendo su carta de puros.	[('drinks style_options', 'positive', 'vinos')]
es_matilde-la-zaragoza_comment-4235:0	La cena estaba buenisima, es un menú muy, muy recomendable,  en el que destacaria el bacalao realmente gustoso y en su punto,y el postre.	[('food quality', 'positive', 'cena'), ('food quality', 'positive', 'bacalao'), ('food quality', 'positive', 'postre')]
es_matilde-la-zaragoza_comment-4235:1	Nos atendieron fenomenal a pesar de nuestra pequeña “faena” al restaurantem ya que de diez personas que ibamos a ser, tuvimos por motivos de salúd 4 bajas y solo fuimos 6.	[('service general', 'positive', 'NULL')]
es_matilde-la-zaragoza_comment-4235:2	PAra recomendar y repetir 	[('restaurant general', 'positive', 'NULL')]
es_matilde-la-zaragoza_comment-4296:0	Estuvimos cenando un sábado en enero y nos decepcionó bastante.	[('restaurant general', 'negative', 'NULL')]
es_matilde-la-zaragoza_comment-4296:4	El resto de platos no nos parecieron dignos de un restaurante de nivel.	[('food quality', 'negative', 'platos')]
es_matilde-la-zaragoza_comment-4296:6	Me refiero a la pincelada de mostaza q acompañaba a la carrillera, que lejos de ser una pincelada, era mucha cantidad y cuando se juntaba con la carrillera y la patata mataba el sabor de estos ingredientes, q eran los protagonistas del plato.	[('food style_options', 'negative', 'sabor')]
es_matilde-la-zaragoza_comment-4296:8	Y poner “piedras” de esas q venden en tiendas turísticas como acompañamiento al café… ¡¡no tiene nombre!! 	[('food style_options', 'negative', '…')]
es_matilde-la-zaragoza_comment-4338:0	Genial!!	[('restaurant general', 'positive', 'NULL')]
es_matilde-la-zaragoza_comment-4338:1	Todo estuvo muy bien 	[('restaurant general', 'positive', 'NULL')]
es_matilde-la-zaragoza_comment-4371:0	Bien, todo correcto. 	[('restaurant general', 'neutral', 'NULL')]
es_matilde-la-zaragoza_comment-4447:0	Ambiente agradable,servicio bueno y la relacion calidad precio buena.Buena elwccion. 	[('ambience general', 'positive', 'Ambiente'), ('service general', 'positive', 'servicio'), ('food prices', 'positive', 'relacion calidad precio')]
es_matilde-la-zaragoza_comment-4450:0	Una muy buena atención y una estupenda selección y preparación en los platos.	[('service general', 'positive', 'atención'), ('food quality', 'positive', 'platos')]
es_matilde-la-zaragoza_comment-4450:1	Excelente.	[('restaurant general', 'positive', 'NULL')]
es_matilde-la-zaragoza_comment-4450:2	Para repetir en otra buena ocasión que lo merezca. 	[('restaurant general', 'positive', 'NULL')]
es_matilde-la-zaragoza_comment-4495:2	Elegimos la opcion del menu cerrado más economico para 4 personas y decir que la calidad-precio de lo que obtuvimos fue deficiente.El menu consistió en un aperitivo de crema de anochas que estaba realmente conseguido.	[('food prices', 'negative', 'calidad-precio')]
es_matilde-la-zaragoza_comment-4495:3	Seguimos con un entrante de melon con jamon realmente diferente con helado que fue el mejor plato de la cena.	[('food quality', 'positive', 'melon con jamon')]
es_matilde-la-zaragoza_comment-4495:4	A continuación pasamos a una dorada que estaba buena pero que era realmente escasa en cantidades.	[('food style_options', 'neutral', 'dorada')]
es_matilde-la-zaragoza_comment-4495:6	Despues nos pusieron 3 albondigas de pollo de corral que fue sin duda el peor plato.	[('food quality', 'negative', 'albondigas de pollo')]
es_matilde-la-zaragoza_comment-4495:7	La salsa era un chilindron con cierto sabor a agarrado y las albondigas no dejaban de ser eso…albondigas.	[('food quality', 'negative', 'salsa'), ('food quality', 'negative', 'albondigas')]
es_matilde-la-zaragoza_comment-4495:8	Un plato asi como principal en un menu de 25 euros no parece normal.	[('food prices', 'negative', 'plato')]
es_matilde-la-zaragoza_comment-4495:10	Por último el postre fue un chocolate blanco a la canela con helado de platano casero y mousse de galleta que era simplemente correcto.	[('food quality', 'neutral', 'postre')]
es_matilde-la-zaragoza_comment-4495:11	En resumen, calidad-precio para un menu de 25e deficiente y dudo mucho que volvamos a probar menus más caros. 	[('food prices', 'negative', 'calidad-precio'), ('restaurant general', 'negative', 'NULL')]
es_matilde-la-zaragoza_comment-4509:0	Uno de los mejores de Zaragoza.	[('restaurant general', 'positive', 'NULL')]
es_matilde-la-zaragoza_comment-4509:1	Tanto por su historia, como por su cocina y su bodega.	[('food quality', 'positive', 'cocina'), ('drinks quality', 'positive', 'bodega')]
es_matilde-la-zaragoza_comment-4509:2	Servicio profesional y cercano.	[('service general', 'positive', 'Servicio')]
es_matilde-la-zaragoza_comment-4639:0	Excelente atención y calidad 	[('service general', 'positive', 'atención'), ('food quality', 'positive', 'calidad')]
es_maur_muntaner_10_EmiClarensLena_2014-02-18:0	Todo muy correcto	[('restaurant general', 'positive', 'NULL')]
es_maur_muntaner_11_JuanAntonioFloresMartos_2014-01-07:0	Muy rica la comida, servicio rapidísimo y atento.	[('food quality', 'positive', 'comida'), ('service general', 'positive', 'servicio')]
es_maur_muntaner_11_JuanAntonioFloresMartos_2014-01-07:1	Mis hijos quedaron encantados, y un precio razonable para esta parte del Ensanche.	[('restaurant general', 'positive', 'NULL'), ('restaurant prices', 'positive', 'NULL')]
es_maur_muntaner_12_Javi_2014-01-02:0	Óptimo restaurante tanto en calidad como en servicio.	[('restaurant general', 'positive', 'restaurante')]
es_maur_muntaner_14_Macca_2013-12-10:0	Fue genial, nos atendieron muy bien y relacion calidad precio buenisima.	[('service general', 'positive', 'NULL'), ('restaurant prices', 'positive', 'NULL')]
es_maur_muntaner_14_Macca_2013-12-10:1	El sitio muy bonito y como para un pequeño grupo como el que fuimos.	[('ambience general', 'positive', 'sitio')]
es_maur_muntaner_16_PedroParedesNasarre_2013-08-16:0	Los camareros muy atentos, y la comida excelente, lo recomendaré	[('service general', 'positive', 'camareros'), ('food quality', 'positive', 'comida'), ('restaurant general', 'positive', 'NULL')]
es_maur_muntaner_18_GeraldPalomarGracia_2013-05-08:0	Buen restaurante para ir en grupo con los amigos o compañeros de trabajo !	[('restaurant miscellaneous', 'positive', 'restaurante')]
es_maur_muntaner_18_GeraldPalomarGracia_2013-05-08:1	buen ambiente , comida , atención y precio !!	[('ambience general', 'positive', 'ambiente'), ('food quality', 'positive', 'comida'), ('service general', 'positive', 'atención'), ('restaurant prices', 'positive', 'precio')]
es_maur_muntaner_18_GeraldPalomarGracia_2013-05-08:2	El único inconveniente el ruido ... pero vaya ... todo estupendo !!	[('ambience general', 'negative', 'ruido'), ('restaurant general', 'positive', 'NULL')]
es_maur_muntaner_1_MarisolMosqueraMosquera_2015-03-23:0	Deliciosa comida, buen ambiente, precio correcto!	[('food quality', 'positive', 'comida'), ('ambience general', 'positive', 'ambiente'), ('restaurant prices', 'positive', 'precio')]
es_maur_muntaner_20_FranciscoCarlosAgathonBonilla_2013-03-30:0	Calçots abundantes pero demasiado gruesos.	[('food style_options', 'neutral', 'Calçots')]
es_maur_muntaner_20_FranciscoCarlosAgathonBonilla_2013-03-30:1	Alcachofas brasa solo una mitad por persona.	[('food style_options', 'negative', 'Alcachofas brasa')]
es_maur_muntaner_20_FranciscoCarlosAgathonBonilla_2013-03-30:2	Cordero muy escaso.	[('food style_options', 'negative', 'Cordero')]
es_maur_muntaner_21_MarcMarmol_2013-03-28:0	El servicio muy atento y agradable, la comida en gran cantidad y de buena calidad.	[('service general', 'positive', 'servicio'), ('food style_options', 'positive', 'comida')]
es_maur_muntaner_21_MarcMarmol_2013-03-28:1	Muy bien adaptados los menús para parejas.	[('food style_options', 'positive', 'menús')]
es_maur_muntaner_21_MarcMarmol_2013-03-28:2	"Por poner algún ""pero"" diré que es una buena opción para grupos grandes antes que en pareja por el ruido ambiental."	[('ambience general', 'negative', 'NULL')]
es_maur_muntaner_21_MarcMarmol_2013-03-28:3	Por el resto todo fantástico.	[('restaurant general', 'positive', 'NULL')]
es_maur_muntaner_22_Xxxx_2013-03-11:1	Calidad-precio muy bien.	[('food prices', 'positive', 'Calidad-precio')]
es_maur_muntaner_22_Xxxx_2013-03-11:2	Servico muy amable.	[('service general', 'positive', 'Servico')]
es_maur_muntaner_22_Xxxx_2013-03-11:3	Repetiremos.	[('restaurant general', 'positive', 'NULL')]
es_maur_muntaner_23_JacintoGinestaVentura_2013-02-24:0	Es un Restaurante muy recomendable.	[('restaurant general', 'positive', 'Restaurante')]
es_maur_muntaner_23_JacintoGinestaVentura_2013-02-24:1	Las carnes a la brasa son superiores.	[('food quality', 'positive', 'carnes a la brasa')]
es_maur_muntaner_23_JacintoGinestaVentura_2013-02-24:2	El menú calçotada es muy completo.	[('food style_options', 'positive', 'menú calçotada')]
es_maur_muntaner_23_JacintoGinestaVentura_2013-02-24:4	Cuando está lleno, la configuración del local amplifica el ruido.	[('ambience general', 'negative', 'Cuando está lleno, la configuración del local amplifica el ruido')]
es_maur_muntaner_25_GenovevaQuerejeta_2013-02-12:0	Buen ambiente, la comida genial, bien situado.	[('ambience general', 'positive', 'ambiente'), ('food quality', 'positive', 'comida'), ('location general', 'positive', 'bien situado')]
es_maur_muntaner_25_GenovevaQuerejeta_2013-02-12:1	Altamente recomendable.	[('restaurant general', 'positive', 'NULL')]
es_maur_muntaner_28_SalvadorMartinezSanin_2012-08-20:0	Es un lugar ideal para ir con un grupo de amigos.	[('ambience general', 'positive', 'lugar')]
es_maur_muntaner_28_SalvadorMartinezSanin_2012-08-20:1	Seguro que volveremos.	[('restaurant general', 'positive', 'NULL')]
es_maur_muntaner_2_MiriamMiguelezDominguez_2015-03-22:0	Hemos comido muy a gusto, la comida excelente y el sitio muy acogedor.	[('food quality', 'positive', 'comida'), ('ambience general', 'positive', 'sitio')]
es_maur_muntaner_2_MiriamMiguelezDominguez_2015-03-22:1	El unico pero por decir algo, que el primer plato nos lo querian recoger casi sin haber terminado, pero luego todo estupendo.	[('restaurant general', 'positive', 'NULL')]
es_maur_muntaner_2_MiriamMiguelezDominguez_2015-03-22:3	Muy recomendable	[('restaurant general', 'positive', 'NULL')]
es_maur_muntaner_30_MJesusRicoCuadrillero_2012-04-25:0	todo muy correcto, pero en principio no les constaba la reserva previamente hecha.	[('restaurant general', 'neutral', 'NULL')]
es_maur_muntaner_31_MaurUrgell_2012-04-22:0	Fuimos a cenar la semana pasada y fue todo un descubrimiento, aunque nadie pidió pizza tienen una pinta estupenda y su horno es de leña, seguro volveremos para probarlas...	[('food style_options', 'positive', 'pizza'), ('restaurant general', 'positive', 'NULL')]
es_maur_muntaner_32_Nando_2012-03-10:0	El sitio no está mal, pero lo clasifican como comida típica catalana y dieta mediterránea y en realidad es una pizzería-grill en la que además sirven calçots, escalibada y embutidos de la tierra.	[('restaurant general', 'neutral', 'sitio')]
es_maur_muntaner_32_Nando_2012-03-10:1	La comida está buena y no es caro, pero el local es un poco lúgubre y falto de luminosidad.	[('food quality', 'positive', 'comida'), ('restaurant prices', 'positive', 'NULL'), ('ambience general', 'negative', 'local')]
es_maur_muntaner_32_Nando_2012-03-10:2	Servicio amable.	[('service general', 'positive', 'Servicio')]
es_maur_muntaner_34_Gemma_2012-02-13:1	Al final pedimos un entrecot y estaba seco y era pequeño y una brocheta de ternera (en la que había solo 4 taquitos de ternera) y también estaba seca.	[('food quality', 'negative', 'entrecot'), ('food quality', 'negative', 'brocheta de ternera')]
es_maur_muntaner_34_Gemma_2012-02-13:2	No volveremos.	[('restaurant general', 'negative', 'NULL')]
es_maur_muntaner_36_FcoJavierPerezMalvarez_2012-01-02:0	Todo fue perfecto, tanto la atención del personal como sus productos.	[('restaurant general', 'positive', 'NULL'), ('service general', 'positive', 'atención'), ('food quality', 'positive', 'productos')]
es_maur_muntaner_36_FcoJavierPerezMalvarez_2012-01-02:1	Lo recomiendo.	[('restaurant general', 'positive', 'NULL')]
es_maur_muntaner_37_Anna_2011-11-29:0	No puedo disfrutar más en Maur!La calidad de sus carnes y verduras a la brasa es impresionante!	[('food quality', 'positive', 'carnes'), ('food quality', 'positive', 'verduras a la brasa')]
es_maur_muntaner_37_Anna_2011-11-29:1	Tampoco he probado nunca unas pizzas al horno de leña tan buenas.	[('food quality', 'positive', 'pizzas')]
es_maur_muntaner_37_Anna_2011-11-29:2	Un 10 en comida mediterranea!	[('food quality', 'positive', 'comida mediterranea')]
es_maur_muntaner_3_CarlosReinleinFarre_2015-03-16:3	Pues tengo que decir que fue un exito.	[('restaurant general', 'positive', 'NULL')]
es_maur_muntaner_3_CarlosReinleinFarre_2015-03-16:4	Les encanto a todos, muy buenos, bien hechos, y las carnes, patatas al caliu, alcachofas y escalibadas, realmente buenas.	[('food quality', 'positive', 'carnes'), ('food quality', 'positive', 'patatas al caliu'), ('food quality', 'positive', 'alcachofas'), ('food quality', 'positive', 'escalibadas')]
es_maur_muntaner_3_CarlosReinleinFarre_2015-03-16:7	Muy recomendable, tanto la calidad como el servicio.	[('food quality', 'positive', 'calidad'), ('service general', 'positive', 'servicio')]
es_maur_muntaner_4_LauraArnedo_2015-03-16:0	Realmente calidad muy buena y buena atención.	[('food quality', 'positive', 'calidad'), ('service general', 'positive', 'atención')]
es_maur_muntaner_4_LauraArnedo_2015-03-16:1	Las verduras a la brasa y los calçots estaban muy bien hechos y sabrosos.	[('food quality', 'positive', 'verduras a la brasa'), ('food quality', 'positive', 'calçots')]
es_maur_muntaner_4_LauraArnedo_2015-03-16:2	Repetiré!	[('restaurant general', 'positive', 'NULL')]
es_maur_muntaner_5_RafaRiveroDiaz_2015-02-23:0	CalÇots...y Alcachofas...sublimes ..creo que los mejores en Barcelona ciudad...	[('food quality', 'positive', 'CalÇots'), ('food quality', 'positive', 'Alcachofas')]
es_maur_muntaner_5_RafaRiveroDiaz_2015-02-23:1	Servicio un poco lento...pero entiendo que era viernes por la noche y Vamos que se ha convertido en uno de nuestros restaurante preferidos....(la proxima unas pizzas...que viendo la de nuestros vecinos de mesa....)	[('service general', 'negative', 'Servicio'), ('restaurant general', 'positive', 'restaurante')]
es_maur_muntaner_7_Ana_2015-02-08:0	Comimos un menú calçots que no estaba mal pero tampoco era una maravilla.	[('food quality', 'neutral', 'menú calçots')]
es_maur_muntaner_7_Ana_2015-02-08:1	Generoso en cantidad, pero la calidad de la carne dejaba un poco que desear.	[('food quality', 'negative', 'carne')]
es_maur_muntaner_7_Ana_2015-02-08:2	"Así como el romesco, que era un poco ""de bote""."	[('food quality', 'negative', 'romesco')]
es_maur_muntaner_7_Ana_2015-02-08:3	Lo mejor, el sabor a brasa y la abundante cantidad de calçots.	[('food style_options', 'positive', 'calçots')]
es_maur_muntaner_7_Ana_2015-02-08:4	También la rapidez en el servicio.	[('service general', 'positive', 'servicio')]
es_maur_muntaner_8_DavidSanchez_2014-12-08:0	Variedad, cantidad, i excelente relación calidad-precio, a mejorar: el pan.	[('food quality', 'negative', 'pan'), ('food quality', 'positive', 'NULL')]
es_maur_muntaner_9_OctavioRosesBruix_2014-03-16:0	Tengo cariño fundado por este restaurante.	[('restaurant general', 'positive', 'restaurante')]
es_maur_muntaner_9_OctavioRosesBruix_2014-03-16:1	Toda la brasa es excelente y te la sirven calentita.	[('food quality', 'positive', 'brasa')]
es_maur_muntaner_9_OctavioRosesBruix_2014-03-16:2	Para niños croquetas buenísimas y hamburguesas de buena calidad.	[('food quality', 'positive', 'croquetas'), ('food quality', 'positive', 'hamburguesas')]
es_neguri-zaragoza_comment-3584:1	hace unos dias cenamos cuatro personas todas coincidimos en lo mismo, el poco dinamismo y simpatia del servicio, después la cena; el arroz caldoso, los chipirones no podían saber mas a amoniaco, la ensalada normal,vamos lo mejor el sorbete de mandarina y 30euros para esa calidad es desproporcionado totalmente.	[('service general', 'negative', 'servicio'), ('food quality', 'negative', 'chipirones'), ('food quality', 'neutral', 'ensalada'), ('food quality', 'positive', 'sorbete de mandarina'), ('food prices', 'negative', 'calidad')]
es_neguri-zaragoza_comment-3584:2	no volvere. 	[('restaurant general', 'negative', 'no volvere')]
es_neguri-zaragoza_comment-716:1	Y me gustó mucho.	[('restaurant general', 'positive', 'NULL')]
es_neguri-zaragoza_comment-716:2	Las carnes muy bien preparadas.	[('food quality', 'positive', 'carnes')]
es_neguri-zaragoza_comment-716:3	De postre me zampé una sopa de chocolate blanco que recomiento.	[('food quality', 'positive', 'sopa de chocolate blanco')]
es_neguri-zaragoza_comment-716:4	El servicio atento y cordial.Volveré a ir. 	[('service general', 'positive', 'servicio'), ('restaurant general', 'positive', 'NULL')]
es_puerto-de-santa-maria-zaragoza_comment-100:1	Grata sorpresa.	[('restaurant general', 'positive', 'NULL')]
es_puerto-de-santa-maria-zaragoza_comment-100:3	Un genero sorprendente, fresco y sabroso como solo puedes encontrarlo en Cádiz y en el Puerto.	[('food quality', 'positive', 'genero')]
es_puerto-de-santa-maria-zaragoza_comment-100:4	Probamos el jamón, los langostinos y el rodaballo, y aún se me hace la boca agua la recordarlo.	[('food quality', 'positive', 'jamón'), ('food quality', 'positive', 'langostinos'), ('food quality', 'positive', 'rodaballo')]
es_puerto-de-santa-maria-zaragoza_comment-100:5	Un imprescindible de Zaragoza. 	[('restaurant general', 'positive', 'Un imprescindible de Zaragoza')]
es_puerto-de-santa-maria-zaragoza_comment-1292:0	servicio fatal…las camareras son poco profesionales y unas maleducadas.	[('service general', 'negative', 'servicio'), ('service general', 'negative', 'camareras')]
es_puerto-de-santa-maria-zaragoza_comment-1292:1	han subido bastante los precios.	[('restaurant prices', 'negative', 'han subido bastante los precios')]
es_puerto-de-santa-maria-zaragoza_comment-1292:2	la terraza es agradable pero faltan detalles 	[('ambience general', 'negative', 'terraza')]
es_puerto-de-santa-maria-zaragoza_comment-1492:0	Buenas, estuviemos anoche 1/08/09 cenando, reservamos para 4 dos parejas, ibamos a pedir unas raciones y un pescado de segundo, pero al final nos decidimos a compartir raciones, el tomate a la andaluza nos lo sacaron de aperitivo mientras esperabamos (un detalle) la verdad que pedimos casi de todo y todo era de buena calidad, acompañado de un Blanc Pescador, la verdad que nos quedamos muy bien, el servicio bien y el precio pensamos que nos iba a salir mas caro por comer asi de raciones, pero fue bastantes ajustado, asi que lo recomiendo, las ortiguillas de mar que no lo habia probado nunca me gustaron mucho. 	[('food quality', 'positive', 'NULL'), ('service general', 'positive', 'servicio'), ('food quality', 'positive', 'ortiguillas de mar'), ('restaurant prices', 'positive', 'NULL')]
es_puerto-de-santa-maria-zaragoza_comment-1562:0	Ambiente tranquilo.	[('ambience general', 'positive', 'Ambiente')]
es_puerto-de-santa-maria-zaragoza_comment-1562:1	Cocina muy bien presentada y con rapidez, todo en su punto y bien terminado.	[('food style_options', 'positive', 'Cocina'), ('food quality', 'positive', 'NULL')]
es_puerto-de-santa-maria-zaragoza_comment-1562:2	La dorada al estilo “el puerto” muy agradable con una salsa muy bien terminada aunque la presentaron sin descamar y eso fue algo incordiante a la hora de disfrutar de ella.	[('food quality', 'positive', 'dorada al estilo “el puerto”'), ('food quality', 'positive', 'salsa'), ('food style_options', 'negative', 'NULL')]
es_puerto-de-santa-maria-zaragoza_comment-1562:3	Raciones amplias y muy abundantes.	[('food style_options', 'positive', 'Raciones')]
es_puerto-de-santa-maria-zaragoza_comment-1562:4	El tomate, como entrante,  es algo especial a destacar.	[('food quality', 'positive', 'tomate')]
es_puerto-de-santa-maria-zaragoza_comment-1562:5	El vino muy bueno y el postre de puding es algo delicioso aunque le sobraba casi toda la nata (de bote) que llevaba de acompañamiento; mereceria plantearse otra presentacion.	[('drinks quality', 'positive', 'vino'), ('food quality', 'positive', 'postre de puding'), ('food style_options', 'negative', 'NULL')]
es_puerto-de-santa-maria-zaragoza_comment-1562:6	El precio no es barato pero comparado con sitios donde te van empujando de mala manera,  merece la pena.	[('restaurant prices', 'neutral', 'NULL')]
es_puerto-de-santa-maria-zaragoza_comment-1562:7	El servicio tranquilo y dejandote a tu manera aunque no quitan ojo a tus deseos.	[('service general', 'positive', 'servicio')]
es_puerto-de-santa-maria-zaragoza_comment-1604:0	Para dos personas, recomiendo un menu especial el puerto y un segundo plato.	[('food quality', 'positive', 'menu especial el puerto y un segundo plato')]
es_puerto-de-santa-maria-zaragoza_comment-1604:2	Me pareció un poco caro , será que no estoy acostumbrado a ir a este tipo de restaurantes.	[('restaurant prices', 'negative', 'NULL')]
es_puerto-de-santa-maria-zaragoza_comment-1604:3	La calidad de la comida fue excepcional , asi como el trato personal.	[('food quality', 'positive', 'calidad'), ('service general', 'positive', 'trato personal')]
es_puerto-de-santa-maria-zaragoza_comment-3144:0	He ido un par de veces a cenar y no ha estado del todo mal.	[('restaurant general', 'neutral', 'NULL')]
es_puerto-de-santa-maria-zaragoza_comment-3144:1	Degusté el tomate a la andaluza, unas ortigillas de mar fritas, un besugo a la espalda y un postre se supone casero (pero no), típica tarta prefabricada y descongelada.	[('food quality', 'negative', 'postre')]
es_puerto-de-santa-maria-zaragoza_comment-3144:2	Decir que tanto el tomate (buenísimo) como el besugo estaba en su punto, pero hubo varias cosas que no cuadraban.	[('food quality', 'positive', 'tomate'), ('food quality', 'positive', 'besugo'), ('food quality', 'negative', 'NULL')]
es_puerto-de-santa-maria-zaragoza_comment-3144:3	Las ortiguillas no se parecían en nada al recuerdo que yo tenía de las de Cádiz, había un par de personas fumando en zona de no fumadores, pero lo peor de todo fue la manera de atendernos de la “maitre”, era seria, seca, arisca y parecía estar dos o tres escalones por debajo del lugar en el que trabajaba, estaba poco dispuesta a nuestra atención ya que se le veía todo el rato en la cocina hablando con otra de sus compañeras. 	[('food quality', 'negative', 'ortiguillas'), ('ambience general', 'negative', 'había un par de personas fumando en zona de no fumadores'), ('service general', 'negative', 'maitre')]
es_puerto-de-santa-maria-zaragoza_comment-36:0	07.02.08″   La comida de hoy,   “”Un lujo”.Todo a tiempo,,,, hemos comido unas tortillitas de camarones, unas gambas de huelva  para compartir y luego entrecot a la parrilla y la otra persona solomillo al jerez , todo ello regado con Enate -cabernet suavignon-, una maravilla de comida.El local acogedor , quizas un poco bullicioso para las pocas mesas que tiene -15-, el trato amable.	[('food quality', 'positive', 'comida'), ('food quality', 'positive', 'tortillitas de camarones'), ('food quality', 'positive', 'gambas de huelva'), ('food quality', 'positive', 'entrecot a la parrilla'), ('food quality', 'positive', 'solomillo al jerez'), ('drinks quality', 'positive', 'Enate -cabernet suavignon'), ('food quality', 'positive', 'comida.El'), ('ambience general', 'neutral', 'local'), ('service general', 'neutral', 'trato')]
es_puerto-de-santa-maria-zaragoza_comment-36:1	Todo muy bien,,,, lo malo el precio, quizás algo caro , lo que os cuento  113,00 euros,,,, un poco caro pero por lo demás muy bien. 	[('restaurant prices', 'negative', 'NULL')]
es_puerto-de-santa-maria-zaragoza_comment-4300:1	El 21/01/2014Fuimos Mi Pareja Y Yo A CenarEl Trato Muy CorrectoLas Tortillitas ,El Tomate Y Choco ExcelentesDe Segundo Un Rodaballo Y Una Presa Con Jamón 5 J Muy Bueno Y En Su PuntoA Mi Pareja Le Limpiaron El Rodaballo Y Se Notaba Que Estaba Acostumbrado A Hacerlo Pues Fue Rápida Y Muy Profesional La Camarera Que Nos Lo LimpioA Nosotros No Nos Cobraron El Pan Tal Vez Por Que Estabamos En La Zona Del Bar Y Eso Que Con El Primer Plato De Tomate Ya Nos Habiamos Comido Una Cesta Entera UntandoDe Postre Un Tocino De Cielo Que Estaba Francamente Bueno Y Después De Probar Muchos Estoy Casi Convencido De Que Era CaseroUn Detalle Con El Café Nos Pusieron Una Degustación De Chupitos GratisEl Chupito De Pedro Ximenez BuenísimoEl Precio 48,00€ Los Dos No Esta Mal Para Lo Que ComimosYa Que Probamos Cosas Que Si No Vas A Andalucía Es Difícil Que Las ComasEn Conclusión Volveré 	[('service general', 'positive', 'Trato'), ('food quality', 'positive', 'Tortillitas'), ('food quality', 'positive', 'Tomate'), ('food quality', 'positive', 'Choco'), ('food quality', 'positive', 'Jamón'), ('service general', 'positive', 'Camarera'), ('food quality', 'positive', 'Tocino De Cielo'), ('drinks quality', 'positive', 'El Chupito De Pedro Ximenez'), ('restaurant prices', 'positive', 'El Precio 48,00€ Los Dos No Esta Mal Para Lo Que Comimos')]
es_puerto-de-santa-maria-zaragoza_comment-4350:0	El 15/03/14 fui a cenar con la familia a lo que creia seguia siendo un buen restaurante.	[('restaurant general', 'negative', 'restaurante')]
es_puerto-de-santa-maria-zaragoza_comment-4350:1	Qué decepción.	[('restaurant general', 'negative', 'NULL')]
es_puerto-de-santa-maria-zaragoza_comment-4350:2	Lo único que valió la pena fue una ración de jamón y CUATRO banderillas.	[('food quality', 'positive', 'ración de jamón'), ('food quality', 'positive', 'CUATRO banderillas')]
es_puerto-de-santa-maria-zaragoza_comment-4350:3	El cazón (bienmesabe) ni cazón ni bienmesabe era TIBURÓN MULTIVITAMÍNICO (eso me dijeron).	[('food quality', 'negative', 'cazón')]
es_puerto-de-santa-maria-zaragoza_comment-4350:4	Los chanquetes, refritos.	[('food quality', 'negative', 'chanquetes')]
es_puerto-de-santa-maria-zaragoza_comment-4350:5	El bacalao dorado, era un revuelto típico de bacalao.	[('food quality', 'negative', 'bacalao dorado')]
es_puerto-de-santa-maria-zaragoza_comment-4350:7	En fin, yo no volveré. 	[('restaurant general', 'negative', 'En fin, yo no volveré')]
es_puerto-de-santa-maria-zaragoza_comment-985:0	Ole ese peazo Pto.Sta.María bueno.To de lujo. 	[('restaurant general', 'positive', 'NULL')]
es_q-art-zaragoza_comment-107:0	[…] sábado estuve cenando en el nuevo restaurante Q-Art (hacer click para ver la crítica), desastroso, no volveré.	[('restaurant general', 'negative', 'restaurante Q-Art')]
es_q-art-zaragoza_comment-759:0	Yo he estado varias veces y siempre hemos salido yo y mis invitados muy satisfechos.	[('restaurant general', 'positive', 'NULL')]
es_q-art-zaragoza_comment-759:1	Sobre el tema del humo no puedo opinar ya que nunca he estado con el restaurante lleno, siempre que he ido estaba semilleno y no había ningún problema de humo.	[('ambience general', 'neutral', 'humo')]
es_q-art-zaragoza_comment-759:3	Sobre la comida, qué quieres que te diga, tú mismo dices que la calidad es muy buena, con mucha variedad, y el servicio y trato bastante bueno, con muchos detalles de la casa.	[('food quality', 'positive', 'comida'), ('service general', 'positive', 'servicio y trato')]
es_q-art-zaragoza_comment-759:4	El precio para mí es muy ajustado, especialmente comparando con otros restaurantes similares, unos de los de mejor relación calidad/precio de Zaragoza sin ser una cocina especialmente innovadora ni que aspire a la máxima calidad.	[('restaurant prices', 'positive', 'precio'), ('food quality', 'neutral', 'cocina')]
es_q-art-zaragoza_comment-759:5	Respecto a lo del cava aragonés, ¡por favor no!	[('drinks style_options', 'negative', 'cava aragonés')]
es_ratatouille-zaragoza_comment-4799:0	Ayer cenamos en este restaurante y realmente estaba todo exquisito.	[('food quality', 'positive', 'NULL')]
es_ratatouille-zaragoza_comment-4799:1	Las sardinas a la brasa espectaculares.	[('food quality', 'positive', 'sardinas')]
es_ratatouille-zaragoza_comment-4799:2	El Minicuit igual.	[('food quality', 'positive', 'Minicuit')]
es_ratatouille-zaragoza_comment-4799:3	La Tarta de manzana, hummmm.	[('food quality', 'positive', 'Tarta de manzana')]
es_ratatouille-zaragoza_comment-4799:4	Realmente nos encanto el restaurante y el trato.	[('restaurant general', 'positive', 'restaurante'), ('service general', 'positive', 'trato')]
es_ratatouille-zaragoza_comment-4799:5	Totalmente aconsejable.	[('restaurant general', 'positive', 'NULL')]
es_ratatouille-zaragoza_comment-4799:6	Enhorabuena. 	[('restaurant general', 'positive', 'NULL')]
es_ratatouille-zaragoza_comment-4805:0	Comedor pequeño y acogedor .Cenamos muy a gusto mi pareja y yo.	[('ambience general', 'positive', 'Comedor')]
es_ratatouille-zaragoza_comment-4805:1	Solo puedo decir que hay calidad, el trato y la atención de los responsables del restauante inmejorable.	[('food quality', 'positive', 'NULL'), ('service general', 'positive', 'trato'), ('service general', 'positive', 'atención')]
es_ratatouille-zaragoza_comment-4805:2	La dorada a la plancha y las verduras con huevo muy bien cocinadas.	[('food quality', 'positive', 'dorada a la plancha'), ('food quality', 'positive', 'verduras con huevo')]
es_ratatouille-zaragoza_comment-4805:3	En general buen precio, buena cocina, buen servicio.	[('food quality', 'positive', 'cocina'), ('service general', 'positive', 'servicio'), ('restaurant prices', 'positive', 'precio')]
es_ratatouille-zaragoza_comment-4805:4	Un acierto de elección. 	[('restaurant general', 'positive', 'NULL')]
es_real-el-zaragoza_comment-4330:0	Era la primera vez que reservaba en El Real, y la experiencia ha sido muy buena, tanto el trato amable de la señorita que sirvió nuestra mesa, como la comida que resultó estarr excelente.	[('service general', 'positive', 'señorita'), ('food quality', 'positive', 'comida'), ('restaurant general', 'positive', 'experiencia')]
es_real-el-zaragoza_comment-4330:1	elegimos menu degustación, con aperitivo, entrante, un pescado, una carne y dos postres, y todos ellos muy bien presentados y realmente estaba todo buenísimo, incluso el solomillo con miel estaba en su punto.	[('food quality', 'positive', 'menu'), ('food quality', 'positive', 'solomillo'), ('food quality', 'positive', 'aperitivo'), ('food quality', 'positive', 'entrante'), ('food quality', 'positive', 'pescado'), ('food quality', 'positive', 'carne'), ('food quality', 'positive', 'postres')]
es_real-el-zaragoza_comment-4330:2	Fué una agradable experiencia.	[('food quality', 'positive', 'experiencia')]
es_real-el-zaragoza_comment-4330:3	Recomendable totalmente. 	[('restaurant general', 'positive', 'Recomendable totalmente.')]
es_real-el-zaragoza_comment-4409:0	Comimos el menu y estaba exquisito y muy bien de precio.	[('food quality', 'positive', 'menu')]
es_real-el-zaragoza_comment-4409:1	El local y el personal estupendos.	[('ambience general', 'positive', 'local'), ('service general', 'positive', 'personal')]
es_real-el-zaragoza_comment-4409:2	Un acierto. 	[('restaurant general', 'positive', 'NULL')]
es_real-el-zaragoza_comment-4580:4	Francamente, no me gustó el trato.	[('service general', 'negative', 'trato')]
es_real-el-zaragoza_comment-4580:5	Pero además, los dos platos que yo comí estaban francamente malos, no estaban bien elaborados (tostada de escalibada con codorniz y merluza braseada).	[('food quality', 'negative', 'platos')]
es_real-el-zaragoza_comment-4580:6	Y para finalizar, cuando pedimos el café, se nos advirtió que fuéramos rápidos.En fin, muy mal servicio y mala comida.	[('service general', 'negative', 'servicio'), ('food quality', 'negative', 'comida')]
es_real-el-zaragoza_comment-4580:7	NO VOLVERÉ. 	[('restaurant general', 'negative', 'NULL')]
es_real-el-zaragoza_comment-4658:0	Muy muy bien, lo recomiendo….. 	[('restaurant general', 'positive', 'NULL')]
es_salamanca_10_Sebastia_2015-01-24:0	Para guiris.	[('restaurant general', 'negative', 'NULL')]
es_salamanca_10_Sebastia_2015-01-24:1	Igual fué pero ya no es.	[('restaurant general', 'negative', 'NULL')]
es_salamanca_10_Sebastia_2015-01-24:2	Picapica especialidad de la casa y paella parellada para dos.	[('food style_options', 'neutral', 'NULL')]
es_salamanca_10_Sebastia_2015-01-24:3	El pica pica de calamares congelados aceitosos.	[('food quality', 'negative', 'pica pica')]
es_salamanca_10_Sebastia_2015-01-24:4	Paella coloreada bañada de aceite, gamba immunda.	[('food quality', 'negative', 'Paella'), ('food quality', 'negative', 'gamba')]
es_salamanca_10_Sebastia_2015-01-24:5	Festival de congelado aceitoso y arroz pasado.	[('food quality', 'negative', 'congelado'), ('food quality', 'negative', 'arroz')]
es_salamanca_10_Sebastia_2015-01-24:6	Con cAfe y vino 70€.	[('restaurant prices', 'neutral', 'NULL')]
es_salamanca_10_Sebastia_2015-01-24:7	Camareros veteranos y amables.	[('service general', 'positive', 'Camareros')]
es_salamanca_10_Sebastia_2015-01-24:8	Para olvidar	[('restaurant general', 'negative', 'NULL')]
es_salamanca_11_RobertCebrianPain_2015-01-11:0	Hola estuvo sensacional el servicio la comida los pequeños detalles la verdad a una altura muy alta.	[('service general', 'positive', 'servicio'), ('food quality', 'positive', 'comida'), ('ambience general', 'positive', 'pequeños detalles')]
es_salamanca_13_CarmenCapdevila_2015-01-02:2	La excusa del restaurante ha sido que el dia 1 de enero siempre hay mucho trabajo.	[('restaurant miscellaneous', 'negative', 'restaurante')]
es_salamanca_14_EntonAndoni_2015-01-01:0	comi muy bien i fui muy bien atendindo el camarero que me a servito era muy atento a todo	[('service general', 'positive', 'camarero'), ('restaurant general', 'positive', 'NULL')]
es_salamanca_15_MontseOlive_2014-12-31:0	Todo excelente excepto el lugar donde nos pusieron la mesa el día de Navidad: en la carpa!	[('ambience general', 'negative', 'lugar')]
es_salamanca_15_MontseOlive_2014-12-31:1	Teniendo en cuenta que iba con 2 personas muy mayores no era el sitio idóneo donde acomodarnos.	[('ambience general', 'negative', 'sitio')]
es_salamanca_18_BegHispaniaLuisClaver_2014-12-15:0	Nos pusieron en la terraza, sin avisar previamente.	[('ambience general', 'negative', 'terraza')]
es_salamanca_18_BegHispaniaLuisClaver_2014-12-15:1	En la mesa faltaban 3 cubiertos, habiendo confirmado previamente el número de comensales el mismo día.	[('service general', 'negative', 'NULL')]
es_salamanca_18_BegHispaniaLuisClaver_2014-12-15:2	Había un nivel de ruido excesivamente alto, muy molesto y del menú que contratamos casi no vimos ni un plato, prácticamente, nos trajeron prácticamente lo que quisieron.	[('ambience general', 'negative', 'ruido'), ('food style_options', 'negative', 'menú')]
es_salamanca_19_LuisSoleSole_2014-10-31:0	Buen sitio atención buenísima y mis invitados quedaron impresionados.	[('service general', 'positive', 'atención'), ('restaurant general', 'positive', 'sitio')]
es_salamanca_20_EliasMansilla_2014-10-18:0	Todo estuvo muy bien	[('restaurant general', 'positive', 'NULL')]
es_salamanca_22_JaraAlmirall_2014-08-21:0	De las mejores paellas que he probado, y el servicio impecable.	[('food quality', 'positive', 'paellas'), ('service general', 'positive', 'servicio')]
es_salamanca_28_JuanCarlosEnguixPeiro_2014-05-10:1	El servicio de los camareros, excelente, muy profesionales.	[('service general', 'positive', 'servicio')]
es_salamanca_28_JuanCarlosEnguixPeiro_2014-05-10:2	La paella es de las buenas, aunque no la mejor de Barcelona, exceso de tomate y por tanto ácida, pero rica.	[('food quality', 'neutral', 'paella')]
es_salamanca_28_JuanCarlosEnguixPeiro_2014-05-10:3	Pescados mariscos y carnes excelentes pero, claro, de precios elevados.	[('food quality', 'positive', 'Pescados'), ('food quality', 'positive', 'mariscos'), ('food quality', 'positive', 'carnes')]
es_salamanca_29_FrancescVila_2014-04-28:0	Sevicio demasiado rapido, demasiada gente.	[('service general', 'negative', 'Sevicio'), ('ambience general', 'negative', 'gente')]
es_salamanca_29_FrancescVila_2014-04-28:1	Da la sensación que te quieran echar!!!	[('service general', 'negative', 'NULL')]
es_salamanca_29_FrancescVila_2014-04-28:2	Caótico!!	[('restaurant general', 'negative', 'Caótico')]
es_salamanca_30_FlorianFernandez_2014-04-21:0	Todo perfecto.	[('restaurant general', 'positive', 'NULL')]
es_salamanca_30_FlorianFernandez_2014-04-21:1	Buen servicio y buena comida.	[('service general', 'positive', 'servicio'), ('food quality', 'positive', 'comida')]
es_salamanca_30_FlorianFernandez_2014-04-21:2	Muy recomendable.	[('restaurant general', 'positive', 'NULL')]
es_salamanca_34_Antonia_2013-11-19:0	Que buen recuerdo que tengo de este local!	[('restaurant general', 'positive', 'local')]
es_salamanca_34_Antonia_2013-11-19:1	no está mal como comienzo.	[('restaurant general', 'neutral', 'NULL')]
es_salamanca_34_Antonia_2013-11-19:3	Primer comida de “negocio”  y mi memoria gustativa recuerda a la perfección el sabor de los pescaditos fritos, paella.. El trato del personal es notable, siempre están vigilando que no falte nada en la mesa.	[('food quality', 'positive', 'comida'), ('food quality', 'positive', 'pescaditos fritos'), ('food quality', 'positive', 'paella'), ('service general', 'positive', 'trato del personal')]
es_salamanca_36_Jenny_2013-02-28:0	Muy extrañada con los comentarios abajo, este restaurante es uno de mis favoritos, siempre que vienen amigos los llevamos allí, el trato es inmejorable y el dueño es muy querido, amable se integra con la gente.	[('restaurant general', 'positive', 'restaurante'), ('service general', 'positive', 'trato')]
es_salamanca_36_Jenny_2013-02-28:1	La comida siempre ha sido muy buena, creo que estas personas han tenido mala suerte porque en realidad voy dos o 3 veces al año y siempre slago contenta.	[('food quality', 'positive', 'comida')]
es_salamanca_38_Iria_2012-08-29:0	Paella muy rica y camareros muy atentos.	[('food quality', 'positive', 'Paella'), ('service general', 'positive', 'camareros')]
es_salamanca_38_Iria_2012-08-29:1	Nos fuimos muy contentos.	[('restaurant general', 'positive', 'NULL')]
es_salamanca_39_Oriol_2011-04-03:0	Nos trataron muy bien, trato humano, nos regalaron doble ronda de copas.	[('service general', 'positive', 'trato')]
es_salamanca_39_Oriol_2011-04-03:1	comimos unos generosos platos de arroz y unos entrantes a base de berberechos al vapor, gamba de Huelva y variado de friduria andaluza bastante buenos.	[('food quality', 'positive', 'platos de arroz'), ('food quality', 'positive', 'entrantes')]
es_salamanca_39_Oriol_2011-04-03:2	pero insisto, el trato fue lo mejor..	[('service general', 'positive', 'trato')]
es_salamanca_8_BenitoHidalgoDiaz_2015-03-08:0	Buen comer y muy buen servicio.	[('food quality', 'positive', 'comer'), ('service general', 'positive', 'servicio')]
es_salamanca_8_BenitoHidalgoDiaz_2015-03-08:1	Lo recomiendo.	[('restaurant general', 'positive', 'NULL')]
es_salamanca_8_BenitoHidalgoDiaz_2015-03-08:2	Calidad precio muy bien	[('restaurant prices', 'positive', 'precio')]
es_salamanca_9_Sebastia_2015-01-25:0	Pedimos el pica pica especialidad de la casa: lo sirveiron frio, calamares aceitosos y mal rebozados, sardinitas refritas...immundo.	[('food quality', 'negative', 'pica pica')]
es_salamanca_9_Sebastia_2015-01-25:1	Fué aún peor porque luego vino la paella parellada bañada en aceite, pasada de tiempo...creo que era un artoz hervido en aceite.	[('food quality', 'negative', 'paella')]
es_salamanca_9_Sebastia_2015-01-25:2	Para olvidar.	[('restaurant general', 'negative', 'NULL')]
es_wok-aragonia-dinasty-zaragoza_comment-2372:5	Por lo que cuesta el menu, la comida no esta nada mal.	[('food quality', 'positive', 'comida')]
es_wok-aragonia-dinasty-zaragoza_comment-2372:6	Si quieres “ponerte las botas” este restaurante esta bien.	[('restaurant general', 'positive', 'restaurante')]
es_wok-aragonia-dinasty-zaragoza_comment-2372:8	Pero al margen de todo esto la relación calidad precio es muy buena.	[('food prices', 'positive', 'relación calidad precio')]
es_wok-aragonia-dinasty-zaragoza_comment-2372:10	Quería hablar de la iluminación del local.	[('ambience general', 'neutral', 'iluminación')]
es_wok-aragonia-dinasty-zaragoza_comment-2372:11	La luz es blanca tipo fluorescente y da la sensación de estar comiendo en una cantina de empresa.	[('ambience general', 'negative', 'luz')]
es_wok-aragonia-dinasty-zaragoza_comment-2372:12	No es acogedor, muy frio emocionalmente y nada intimo.	[('ambience general', 'negative', 'NULL')]
es_wok-aragonia-dinasty-zaragoza_comment-2372:13	Creo que si espaciaran un poco las mesas y cambiaran la iluminación por algo mas calido el local ganaría mucho, pero tal vez este restaurante no este dirigido al publico que se fije en los detalles y quiera estar a gusto cuando come. 	[('ambience general', 'negative', 'restaurante')]
es_wok-aragonia-dinasty-zaragoza_comment-4800:0	Pues francamente, es un sitio que no vale la pena.	[('restaurant general', 'negative', 'sitio')]
es_wok-aragonia-dinasty-zaragoza_comment-4800:1	Mucho cartel, muy moderno, mucho espacio, para meter tropecientas personas, pero luego lo demás deja bastante que desear.	[('restaurant general', 'negative', 'NULL')]
es_wok-aragonia-dinasty-zaragoza_comment-4800:2	Recomiendo encarecidamente optar por el Wok de Via Universitas sin ninguna duda, esta cerca de ahi.	[('restaurant general', 'positive', 'Wok')]
es_wok-aragonia-dinasty-zaragoza_comment-4800:3	Bastante mejor en todo, y si no recuerdo mal incluso mas barato. 	[('restaurant general', 'positive', 'NULL')]
