id	text	labels
1000:0	Manzara sahane evet ama servis rezalet.	[('service general', 'negative', 'servis'), ('ambience general', 'positive', 'Manzara')]
1000:1	Soguk su isteyince, soguk yok, butun sulari disari cikardik diyen garson, siparisten tam 2 saat sonra gelen yemekler, yemegin yaninda soylenen roka ve pureden eser olmamasi, istedigimiz 2 mezenin de kalmamis olmasi.	[('food style_options', 'negative', 'mezenin'), ('service general', 'negative', 'garson')]
1000:2	Yemekler iyi hos, lezzetler iyi ama heyecan verici bi taraflari yok, iyi bir baligi iyi bir sekilde izgara yapmak artik atla deve bi olay degil.	[('food quality', 'positive', 'lezzetler'), ('food quality', 'positive', 'Yemekler'), ('food quality', 'neutral', 'NULL')]
1000:3	bu servise bu fiyatlar ise cok faZla.	[('restaurant prices', 'negative', 'fiyatlar')]
1000:4	Lacivert beni kalitesinin dusukluguyle cok sasirtti	[('restaurant general', 'negative', 'kalitesinin')]
1001:1	Buraya bu kadar iyi yorum yapanlar her halde daha önce hiç balik yemediler.	[('food quality', 'negative', 'balik')]
1001:2	Kalamardan ve koladan önce balik geldi ve apar topar önümüze atildi.	[('service general', 'negative', 'balik geldi')]
1001:3	ayrica gelen kalamar soguk ve sünger gibiydi.	[('food quality', 'negative', 'kalamar')]
1001:4	uzun lafin kisasi kesinlikle ve asla bir daha gitmem ve tavsiyede etmem.	[('restaurant general', 'negative', 'NULL')]
1001:5	Daha önce de söyledigim gibi büyüdükçe kalitesi düsen yerlerden	[('restaurant general', 'negative', 'kalitesi')]
1002:0	Kesinlikle ev yemegi degil - Bu kadar basarisiz ev yemekleri olmasina ragmen ögle saatlerinde ki yogunlugu çözebilmis degilim.	[('food quality', 'negative', 'ev yemegi')]
1002:1	Ya insanlar gerçekten ev yemeginin nasil oldugunu bilmiyorlar.	[('food quality', 'negative', 'ev yemeginin')]
1002:2	Ya da herkes benim gibi 1 kere deniyor ve bir daha gitmiyor.	[('restaurant general', 'negative', 'NULL')]
1002:3	1 kere denedigim fiyatlarinin yüksek yemeklerinin lezzetsiz oldugu bir mekan önermiyorum.	[('restaurant prices', 'negative', 'fiyatlarinin'), ('food quality', 'negative', 'yemeklerinin')]
1003:0	mekanın girişinde kasap reyonu ışıltılı,sıcak bir ortam yaratılmaya çalışılmış manzara olmadığı için bulunduğu konumda pek samimi bulmadım.	[('ambience general', 'negative', 'kasap reyonu')]
1003:1	garsonumuz ilgisizdi biz söyledikce yaptı buda benim restauranttan beklentimi zayıflatıyor.	[('service general', 'negative', 'garsonumuz')]
1003:2	lokumun daha iyisini yedim küşleme güzeldi.	[('food quality', 'positive', 'küşleme'), ('food quality', 'neutral', 'lokumun')]
1003:4	bilemedim mekana daha sonra belki bir şans daha verebilirim.	[('restaurant general', 'neutral', 'mekana')]
1004:0	2 sene önce hızlı bir kahvaltı yapmak için geldiğimiz mekana dair hatırımda kalan 6 tl lik çayı oldu:	[('drinks prices', 'negative', 'çayı')]
1004:1	) menüde dikkat etmemiştik ama hesap gelince ufak bir şok yaşamıştık😩 güzel olabilir ama kahvaltıdan fazla ödediğimiz çay yüzünden bir daha uğramadık.	[('drinks prices', 'negative', 'çay'), ('restaurant general', 'positive', 'NULL')]
1005:0	Şatobiryanı öneririm.	[('food quality', 'positive', 'Şatobiryanı')]
1005:1	Sosu tereyagli ve yumusak .	[('food quality', 'positive', 'Sosu')]
1005:2	Sert et sevmeyenler icin cok lezzetliydi.	[('food quality', 'positive', 'et')]
1005:3	Guvecte yogurt ve salatayla iyi bir uclu oldu.	[('food quality', 'positive', 'Guvecte yogurt ve salatayla')]
1005:4	Servisi hizli valesi var.	[('service general', 'positive', 'Servisi')]
1005:5	Acik mekanda ise gardenya bolumu guzel.	[('ambience general', 'positive', 'gardenya bolumu')]
1005:6	Kalabalik icin ideal.	[('restaurant general', 'positive', 'NULL')]
1006:1	Bugun çalışan arkadasin yonlendirmesiyle siyah caylardan bourbon vanilla ictik.	[('food quality', 'neutral', 'bourbon vanilla')]
1006:2	Vanilya tadi gerçekten baya hissediliyodu ama ben beyaz caylarini daha cok begenmistim.	[('drinks quality', 'positive', 'beyaz caylarini')]
1006:3	Ortam güzel,özellikle rahat oturma köşeleri👌 Esas kahve sever biri oldugum icin cok tercih ettigim mekan değil ama yine de arada degisiklik icin guzel olabilir.	[('ambience general', 'positive', 'Ortam'), ('ambience general', 'positive', 'oturma köşeleri')]
1007:0	Yoğun olduğu günlerde(cumartes-pazar) gitmenizi tavsiye etmem.	[('restaurant general', 'negative', 'gitmenizi')]
1007:2	Şubelerden en iyisi Pendik merkez ana şubesi iyidir.	[('restaurant general', 'positive', 'Pendik merkez ana şubesi')]
1008:0	Bugüne kadar dışarıda yediğim en lezzetli kurufasülyeci.	[('food quality', 'positive', 'kurufasülyeci')]
1008:2	Fasulyesi ağızda dağılıyor adeta, lokum gibi.	[('food quality', 'positive', 'Fasulyesi')]
1008:3	Duyduğum kadarıyla suda değil sütte bekletiyorlarmış.	[('food style_options', 'neutral', 'bekletiyorlarmış')]
1008:4	Yanında turşu, cacık veya yoğurtla harika oluyor.	[('food style_options', 'positive', 'turşu, cacık veya yoğurtla')]
1008:5	Pilavı da çok lezzetli, mis gibi tereyağ kokuyor.	[('food quality', 'positive', 'Pilavı'), ('food quality', 'positive', 'kokuyor')]
1008:6	Finali sütlaçla yapmanızı tavsiye ediyorum.	[('food quality', 'positive', 'sütlaçla')]
1008:7	Sütlacı da enfes.	[('food quality', 'positive', 'Sütlacı')]
1009:0	Hard Rock Cafe'de hiç sıra beklemeden oturmaya alışık değiliz ki biz, Avrupa veya Amerika'dakilerle aynı duyguyu vermiyor bu sebeple ama lezzet tabii yine aynı.	[('food quality', 'positive', 'lezzet'), ('service general', 'neutral', 'sıra')]
1009:1	Atıştırmalık Jumbo Combo pek yummy!	[('food quality', 'positive', 'Atıştırmalık Jumbo Combo')]
1010:0	Deniz ürünleri çok başarılı.	[('food quality', 'positive', 'Deniz ürünleri')]
1010:1	Manzarası zaten mükemmel.	[('ambience general', 'positive', 'Manzarası')]
1010:2	Bütün istanbul'un güzelliğini, yoğunluğunu hissediyorsun.	[('ambience general', 'positive', 'hissediyorsun')]
1010:3	Onun dışında pek öğrenci mekanı değil.	[('ambience general', 'neutral', 'öğrenci mekanı')]
1010:4	Özel günlerde gidilecek, küçük kutlamalar yapılacak bir yer	[('ambience general', 'neutral', 'yer')]
1011:0	Rahatça sohbet edebilmek istiyorsanız, orta mükemmel.	[('ambience general', 'positive', 'sohbet edebilmek')]
1011:1	Çalan müzik tam kıvamında, rahatsız etmiyor.	[('ambience general', 'positive', 'Çalan müzik')]
1011:2	Yemekleri çok lezzetli, manzara mükemmel.	[('ambience general', 'positive', 'manzara'), ('food quality', 'positive', 'Yemekleri')]
1011:3	ancak hesap biraz abartılı geliyor, balık yemeden kişi başı 100 liradan fazla ödedik, itiraz etmek gerekir.	[('food prices', 'negative', 'hesap')]
1012:0	Kalabalik zamanlarda servis fazlasiyla aksiyor.	[('service general', 'negative', 'servis')]
1012:1	Bosken soylemis oldugum makarna ne kadar hizli geldiyse, mekanin dolmasiyla arkadasimin soylemis oldugu siparis unutuldu, defalarca hatirlatma yapmamiz gerekti.	[('service general', 'negative', 'siparis')]
1012:2	Ayrica masalarin fazla ic ice olmasi zaman zaman rahatsiz olmaniza neden olabiliyor	[('ambience general', 'negative', 'masalarin')]
1013:0	Kış aylarında içerideki sıcak ve loş ışıklı ortamında güzel yemekler yiyebilir, yazın da dışarıda o harika çilekli magnoliasından tadabilirsiniz.	[('ambience general', 'positive', 'ortamında'), ('food quality', 'positive', 'yemekler'), ('food quality', 'positive', 'çilekli magnoliasından')]
1013:1	İçinizi serinletecek enfes bir tat.	[('food quality', 'positive', 'tat')]
1014:0	Garsonlar suratsiz.	[('service general', 'negative', 'Garsonlar')]
1014:1	Bu kadar methedilmeyi hakketmiyor.	[('restaurant general', 'negative', 'NULL')]
1014:2	Kasarli köftenin içinde kasar olmayan ve köfte ustasi geçinen bir yer!	[('food style_options', 'negative', 'Kasarli köftenin'), ('restaurant general', 'negative', 'yer')]
1014:5	Isletme sahibi kaba.	[('service general', 'negative', 'Isletme sahibi')]
1014:6	Bizim kasarli köfte tanimimiz böyle diyor sadece!	[('food style_options', 'negative', 'kasarli köfte')]
1014:7	Müsteri memnuniyeti sifir!	[('restaurant general', 'negative', 'Müsteri memnuniyeti')]
1015:0	Yılların Sampi'si, canım pide istediğimde eve sipariş için tercih ettiğim yerlerdendir.	[('food quality', 'positive', 'pide')]
1015:1	O zaman keşke başlangıçlarda menüde yer almasa!	[('food style_options', 'negative', 'menüde')]
1015:2	Beşiktaş'ta tam otobüs duraklarının arkasında olmasından dolayı ulaşımı çok kolay ve fiyatları elbette çok makul.	[('restaurant general', 'positive', 'fiyatları'), ('location general', 'positive', 'ulaşımı')]
1015:4	Ben çıtır pide sevenlerdenim, dolayısıyla siparişi verirken özellikle rica ettim ve gerçekten de çitir çitir pide geldi.	[('food style_options', 'positive', 'pide')]
1015:5	Ancak maalesef birlikte gittiğim arkadaşlarım hiç sevmezmiş çıtır pideyi ve tabii ki onların ki de çıtır geldi.	[('food style_options', 'negative', 'pideyi')]
1015:8	Neyse tadı paket servisten elbette çok daha iyidi neticede beklemeden yeme imkanınız var.	[('food quality', 'positive', 'tadı')]
1015:9	Malzemesi bol, porsiyonu tam kıvamındaydı.	[('food style_options', 'positive', 'Malzemesi'), ('food style_options', 'positive', 'porsiyonu')]
1016:0	Beşiktaş'ın göbeğinde.	"[('location general', 'positive', ""Beşiktaş'ın göbeğinde"")]"
1016:2	Ve deneyim maalesef çok da olumlu olmadı.	[('restaurant general', 'negative', 'deneyim')]
1016:3	Pide lezzeti lafım yok, ama sipariş verirken bir arkadaşımızın kenarlarını çıtır çıtır istemesini yanlış anlamış olacak ki, tüm siparişleri çıtır çıtır getirdi.	[('food quality', 'positive', 'Pide lezzeti'), ('service general', 'negative', 'siparişleri')]
1016:4	Sevmediğimden yiyemedim kenarlarını, ama ortası pek lezizdi.	[('food quality', 'positive', 'ortası'), ('food style_options', 'negative', 'kenarlarını')]
1016:5	Başlangıç için menüde başlangıçlarda yer alan lahmacunun, ana yiyecek pideden daha geç gelecek olması ise ayrı bi durumdu tabii.	[('service general', 'negative', 'gelecek')]
1016:6	Yemek yemek için çok fazla vaktiniz yoksa, bütçeyi çok sarsmayalım, çok keyifli yemek yemesek de olur yeter ki karnımız doysun diye düşünenler için Çarşı'nın göbeğinde Sampi gayet ideal.	[('food quality', 'negative', 'Yemek'), ('restaurant prices', 'positive', 'bütçeyi')]
1017:4	4 sicak iceceklerde servis agir, kahvalti icin tercih edilwbilir olsa da lezzete gore fiyat yuksek kaliyor.	[('food quality', 'positive', 'kahvalti'), ('food prices', 'negative', 'fiyat'), ('service general', 'negative', 'servis')]
1018:0	Mutlaka bir hafta önceden rezarvasyon yaptırın iyi bir rum meyhanesi yemekleri başarılı olduğu gibi şahane bir manzarası var bu mekanın en büyük olayı sürekli ikram yapmalarıdır pahalı olmasına rağmen hak ediyor.	[('food quality', 'positive', 'yemekleri'), ('food style_options', 'positive', 'ikram'), ('ambience general', 'positive', 'manzarası')]
1018:1	Mutlaka ızgara mantar ve istakoz kavurma deneyin gittiğim ve hiçbir zaman pişman olmadığım ender yerlerden biridir	[('restaurant general', 'positive', 'yerlerden'), ('food quality', 'positive', 'istakoz kavurma'), ('food quality', 'positive', 'ızgara mantar')]
1019:0	Baliklarin yanina Rum ve ermeni mutfagindan mezelerde pek bir yakisiyor.	[('food quality', 'positive', 'mezelerde')]
1019:1	kuskonmaz somon sarma,kagitta balik pastirma kesinlikle denenmeli.	[('food quality', 'positive', 'kagitta balik pastirma'), ('food quality', 'positive', 'kuskonmaz somon sarma')]
1020:0	Burada caylar harika!	[('drinks quality', 'positive', 'caylar')]
1020:2	Vanilla ve portakal aromasina doyamayacaginiz harika bir lezzet olmus.	[('food quality', 'positive', 'lezzet')]
1020:3	Ortam muhabbet edebilmek icin gayet guzel fakat manzara beklentiniz var ise baska yeri tercih etmelisiniz.	[('ambience general', 'negative', 'manzara'), ('ambience general', 'positive', 'Ortam')]
1020:4	Tam tamina 60 farkli cesit cay bulabileceginiz bu mekani ziyaret etmelisiniz!	[('drinks style_options', 'positive', 'cay')]
1021:0	Hoş bi mekan, severek giderim ve ayrılırken de memnuniyetle ayrılırım her zaman.	[('restaurant general', 'positive', 'mekan')]
1021:1	Özellikle akşamları gidilmesini tavsiye ederim, köprünün ve hisarın ışıkları yandığında ayrı bi zevki var.	[('ambience general', 'positive', 'köprünün ve hisarın ışıkları')]
1021:2	Hemde canlı müzikle :	[('ambience general', 'positive', 'canlı müzikle')]
1022:0	Daha iyisi var.	[('restaurant general', 'negative', 'NULL')]
1022:1	Buranin doneri dedikleri kadar efsane degil.	[('food quality', 'negative', 'doneri')]
1022:2	Eti yagli , kokuyor, ince dilinmis ve en kotusu aradan 3 saat gecmesine ragmen migdem bulaniyor.	[('food quality', 'negative', 'Eti'), ('food style_options', 'negative', 'Eti')]
1022:3	Ortami da begenmedim kalabalik 3. Sinif bir yer.	[('ambience general', 'negative', 'Ortami')]
1022:4	Bir daha gitmem	[('restaurant general', 'negative', 'NULL')]
1023:0	Eti lezzetli, mekan gösterişli.	[('ambience general', 'positive', 'mekan'), ('food quality', 'positive', 'Eti')]
1023:1	Ama sunum resmen sıfır.	[('service general', 'negative', 'sunum')]
1023:2	30 tl aldığınız hamburger için düz beyaz tabağa koymaktan öteye gidebilirsiniz bence?	[('food style_options', 'negative', 'tabağa')]
1023:3	Havuç dilimi ise aşırı yağlı ve şerbetli.	[('food quality', 'negative', 'Havuç dilimi')]
1023:4	Pek yaratıcı özel bir yanı yok.	[('restaurant general', 'negative', 'NULL')]
1024:0	Pazar günü 14.30'a kadar kahvaltı dışı servis yapmayan Big Chefs!	[('service general', 'negative', 'servis')]
1024:1	Kahvaltı sonrası kahve içmeye gittik, kapıdan döndük ve saat 13.30'du, şaka sandım bir an...	[('service general', 'negative', 'NULL')]
1024:2	Olmadı Big Chefs, zincirsin sen...	[('restaurant general', 'negative', 'Big Chefs')]
1025:2	Menude yazilmis olmasina ragmen tavuk WRAPimiz patates ile gelmedi nedenini sordugumuz da patatesi kaldirdiklarini menulerini henuz degistirmediklerini soylediler.	[('food style_options', 'negative', 'tavuk WRAPimiz')]
1025:3	Gelen tavuk Wrapten 5 dakika sonra biz kofte durum istememize ragmen tavuk sis dürümu geldi durumu soyledik ve degistirdiler.	[('service general', 'negative', 'kofte durum')]
1025:4	Tavuklar kupkuruydu, kofte durum ise siradandi.	[('food quality', 'neutral', 'kofte durum'), ('food quality', 'negative', 'Tavuklar')]
1025:5	Ikisininde yanindaki yesillikler sus icin konulmus olup yemeye kalktigimizda aci bi tatla karsilastik.	[('food quality', 'negative', 'tatla')]
1025:6	Zeytinyagli tabagi soyledik icinde fasulye, barbunya, biber dolmasi, sarma ve saksuka vardi.	[('food style_options', 'neutral', 'Zeytinyagli tabagi')]
1025:7	Tadlari yerindeydi fakat az koymak icin bayagi bi zorlamislar kendilerini.	[('food style_options', 'negative', 'koymak'), ('food quality', 'positive', 'Tadlari')]
1025:8	Fiyatlar normal, servis cok yavaş, tuvaletler ise pis.	[('service general', 'negative', 'servis'), ('restaurant prices', 'neutral', 'Fiyatlar'), ('ambience general', 'negative', 'tuvaletler')]
1026:0	güzel olan tek sey manzaraydi, evet çocuk oyun alani var bakimsiz servis elemanlari suratsiz, hele omlet yapan bir bayan var ki benim oturdugum masa dibindeydi gelen herkese bir surat bir tavir ben böyle birsey görmedim .	[('service general', 'negative', 'servis elemanlari'), ('service general', 'negative', 'bayan'), ('ambience general', 'positive', 'manzaraydi')]
1026:1	açik büfe kahvaltisi evet çesit çoktu ancak sunum beni tatmin etmedi, temizlik hijyen hissi uyandirmadi.	[('food style_options', 'positive', 'çesit'), ('food style_options', 'negative', 'sunum')]
1027:0	Hos mekan - Mekan yaklasik 3-4 aydir var Tuzla'da.	[('restaurant general', 'positive', 'mekan')]
1027:1	Gidilebilecek iyi yerlerden birisi.	[('restaurant general', 'positive', 'yerlerden')]
1027:2	Ilk açildigi ay gittigimizde çok memnun kalmistik ama daha sonraki gidislerimizde servisin çok fazla aksadigina ve garsonlarin yogunluk nedeni ile herkes ile ilgilenememesini gözlemledik.	[('service general', 'negative', 'garsonlarin'), ('service general', 'negative', 'servisin')]
1027:3	Çok az sayida garson çalisiyor ve bazen mekan dolu olunca yetemiyorlar.	[('service general', 'negative', 'garson')]
1027:5	Klasik dondurma spesiyalleri ve tatlililari var.	[('food style_options', 'neutral', 'dondurma spesiyalleri ve tatlililari')]
1028:0	Internetten arastirip gittigim bir yerdi, ancak maalesef beklentilerimi çok karsilamadi.	[('restaurant general', 'negative', 'yerdi')]
1028:1	Garsonlar istediginiz seyi en az iki kere istemeden maalesef getirmiyorlar.	[('service general', 'negative', 'Garsonlar')]
1028:2	Internetteki resimlerinden göründügü kadar güzel degildi.	[('ambience general', 'negative', 'göründügü')]
1029:1	Su böregi oldukça lezzetli idi.	[('food quality', 'positive', 'Su böregi')]
1029:2	Çay kötü müydü?	[('drinks quality', 'neutral', 'Çay')]
1029:3	Hayir, çok taze ve lezzetliydi.	[('food quality', 'positive', 'NULL')]
1029:4	Beklentimin üstündeydi.	[('restaurant general', 'positive', 'NULL')]
1030:0	Her yönüyle ideal - Bizim okula çok yakin oldugu için çok sik gittigimiz bir yerdir ve muhtesemdir zaten manzarasi.	[('restaurant general', 'positive', 'NULL'), ('ambience general', 'positive', 'manzarasi')]
1030:3	Yazin daha zevkli oluyor manzaraya karsi oturmasi.	[('ambience general', 'positive', 'manzaraya')]
1030:4	Marmara ögrencilerine de indirimli fiyat uygulamasi var.	[('restaurant prices', 'positive', 'fiyat')]
1030:5	O yüzden de bizim için avantajli oluyor.	[('restaurant prices', 'positive', 'NULL')]
1030:6	Gözleme yapan teyzeler de var bu yil, kumpir servisine de basladilar.	[('food style_options', 'positive', 'Gözleme')]
1030:7	Kuaförü de çok ucuz ve iyi ayrica.	[('restaurant miscellaneous', 'positive', 'Kuaförü')]
1030:8	Daha ne olsun =)	[('restaurant general', 'positive', 'NULL')]
1031:0	Güzel manzara ancak fiyat performans olarak mutfak yeterli değil.	[('ambience general', 'positive', 'manzara'), ('food quality', 'negative', 'mutfak')]
1031:1	Bu kadar ünlü olmasını reklama bağlıyorum çünkü çok daha iyi deniz ürünlerini daha uygun fiyatlarla yiyebileceğiniz bir sürü yer var İstanbul'da.	[('food prices', 'negative', 'fiyatlarla'), ('food quality', 'negative', 'deniz ürünlerini')]
1031:2	Paranız çoksa deneyin ama şart da değil:	[('restaurant general', 'neutral', 'NULL')]
1032:0	Döner güzel ok ama giderek daha kalabalik hale hatta sisen restoranda omuz omuza kolunuzu kipirdatamadan feci bir gürültü içinde yemek yemek zorunda kaliyorsunuz.	[('ambience general', 'negative', 'restoranda'), ('food quality', 'positive', 'Döner')]
1033:0	Sicak bir ortam - Yeri iyi olmasa da, zevkli dösenmis, yemekleri sunum ve tat açisindan tatmin edici, renkli bir mekan.	[('location general', 'negative', 'Yeri'), ('food style_options', 'positive', 'yemekleri'), ('food quality', 'positive', 'yemekleri'), ('ambience general', 'positive', 'dösenmis'), ('ambience general', 'positive', 'ortam')]
1033:1	Sira bekleme olayi ise çok kötü...	[('service general', 'negative', 'Sira')]
1034:0	Aci sevmeyenlere uygun bir mekan degil.	[('restaurant general', 'neutral', 'mekan')]
1034:1	Manzara muhtesem,ortam güzel ama bir karisik köfte tabagi acili köfteyle geliyorsa,fajita da aciysa bana uygun degil.	[('ambience general', 'positive', 'ortam'), ('food quality', 'negative', 'fajita'), ('food quality', 'negative', 'karisik köfte tabagi'), ('ambience general', 'positive', 'Manzara')]
1035:0	Sadece meze yiyin.	[('food quality', 'negative', 'yiyin'), ('food quality', 'positive', 'meze')]
1035:1	Her hafta gelmeye çalışıyoruz.	[('restaurant general', 'positive', 'NULL')]
1035:2	Bütün balıkları değişik soslarla pişirip getiriyorlar, siz dur diyene kadar da mezeler gelmeye devam ediyor.	[('food style_options', 'positive', 'soslarla')]
1035:4	Balığın fast food gibi yenildiği yer.	[('food style_options', 'neutral', 'Balığın')]
1035:5	Yavaş yavaş balık keyfi yapmak isterseniz önermem.	[('food style_options', 'negative', 'balık')]
1035:6	Servisi çok hızlı.	[('service general', 'positive', 'hızlı')]
1035:7	Mısır ekmeği de sıcacık bayılıyorum.	[('food quality', 'positive', 'Mısır ekmeği')]
1036:0	60 çeşit çay, ruh dinlendirici müzikler, keyifli ortam, hayal kırıklığı yaratan Mizuno Pudding ve farklı da olsa alt tarafı çay içmiştim, bu hesap da ne şimdi dedirten bir hesap :	[('ambience general', 'positive', 'müzikler'), ('ambience general', 'positive', 'ortam'), ('food quality', 'negative', 'Mizuno Pudding'), ('drinks style_options', 'positive', 'çeşit'), ('drinks prices', 'negative', 'hesap')]
1036:2	Hem çok keyif almıştım, hem de yok yok bir çay için bu kadar paraya değmez demiştim ve öve öve bitirilmeyen Mizuno Pudding'i beğenmemiştim.	"[('restaurant general', 'positive', 'NULL'), ('drinks prices', 'negative', 'paraya'), ('food quality', 'negative', ""Mizuno Pudding'i"")]"
1037:1	Neden şimdiye kadar gelmemişim dedim.	[('restaurant general', 'positive', 'NULL')]
1037:2	Servisten de oldukça memnun kaldık.	[('service general', 'positive', 'Servisten')]
1037:3	Biz erken saatte gittik ama akşamları romantik bir yemek için oldukça ideal bir mekan...	[('ambience general', 'positive', 'mekan')]
1038:0	Hangi gün hangi saat gidilse kalabalıktan kurtulmak mümkün değil.	[('ambience general', 'negative', 'kalabalıktan')]
1038:1	Çoluğu çocuğu toplayan ev hanımları grupları mekana olan ilgiyi azaltıyor.	[('ambience general', 'negative', 'ev hanımları')]
1038:2	Garsonlar iyi.	[('service general', 'positive', 'Garsonlar')]
1039:0	Ansiklopedi kalinliginda menuyu getirip siparisinizi vermek istediginizde o yok, bu uok,su kalmadi seklinde ifadelerle birturlu istediginiz tatliyi yiyemediginiz mekan isletmecisine konuyu ilettiginizde yapacak birseyleri olmadigini buyuk rahatlikla dile getiren , garsonlarinin sattiklari urunden haberdar olmayip isteklerinizi yerine gec veya yanlis getirmeleride cabasi.	[('service general', 'negative', 'getirmeleride'), ('service general', 'negative', 'garsonlarinin'), ('food style_options', 'negative', 'NULL')]
1039:1	Kesinlikle tavsiye etmiyorum.	[('restaurant general', 'negative', 'NULL')]
1040:0	Diğer şubesinin efsaneleşen hikayelerinin ardından defalarca hep belirli sebeplerle geldiğimiz Eleos bence cidden abartılıyor.	[('restaurant general', 'negative', 'Eleos')]
1040:1	Yeşilköy şubesini bilemem ama burası standart üzerinde yine de o fiyatlar bence çok saçma.	[('restaurant prices', 'negative', 'fiyatlar')]
1040:2	Ayrıca fix menü zorlaması gibi en sinir bozucu uygulamayı burada normalleştirmiş durumdalar.	[('food style_options', 'negative', 'fix menü')]
1040:3	Mezeler de vasatın üzerinde.	[('food quality', 'neutral', 'Mezeler')]
1040:4	Balkon/teras bölümü de cidden çok küçük.	[('ambience general', 'negative', 'Balkon/teras bölümü')]
1041:0	Her zaman gittigim ve servisi her zaman igrenc olan bu mekan artiik iyice rezalet sinirlarini zorlamis.	[('service general', 'negative', 'servisi'), ('restaurant general', 'negative', 'mekan')]
1041:1	Mekanin isletmecisi beyin tavri tarzi konusmasi uslubu ve terbiyesi yerlerde.	[('service general', 'negative', 'Mekanin isletmecisi beyin'), ('service general', 'negative', 'tavri tarzi konusmasi uslubu')]
1041:2	Mekanin populerligi yuzunden rahatlar sanirim ama bu rahatlikla populerligi kisa surede kaybederler.	[('restaurant general', 'negative', 'Mekanin')]
1041:3	Istanbulda tek manzara goren yer olmamakla beraber yemekleride son derece lezzetsiz.	[('ambience general', 'neutral', 'manzara'), ('food quality', 'negative', 'yemekleride')]
1041:4	Zaten bu saatten sonra sultan sofrasida kursa o isletmeciyle bu mekana bir daha adimimi atmam.	[('service general', 'negative', 'isletmeciyle')]
1042:0	Yemekler super lezzetli, ogle yemeginde cok kalabalik ama saat 2 sonrasinda rahat.	[('food quality', 'positive', 'Yemekler'), ('ambience general', 'negative', 'ogle yemeginde')]
1042:1	Bir tabaga 5 farkli cesit isteyebilirsiniz, ozellikle bugday salatasi ve havuc salatasi muhtesem mutlaka deneyin	[('food quality', 'positive', 'havuc salatasi'), ('food quality', 'positive', 'bugday salatasi')]
1043:0	Istanbulda baklavanın adresi.	[('food quality', 'positive', 'baklavanın')]
1043:1	Karaköyden, Eminönünden geçerken uğramalısınız.	[('restaurant general', 'positive', 'NULL')]
1043:2	Sadece baklava değil karışık tabak yaptırın.	[('food quality', 'positive', 'karışık tabak')]
1043:3	Çikolatalı baklavayıda özellikle bayanlara tavsiye ederim	[('food quality', 'positive', 'Çikolatalı baklavayıda')]
1044:0	yurtdisindan gelen misafirlerimi memnun etmesiyle,manzarasiyla ve tabii ki meze ve yemekleriyle begenimi kazanmis oldu gelinir tadilir calan muzikler guzel ayari sohbetle hos bir fon oluyor.	[('ambience general', 'positive', 'manzarasiyla'), ('food quality', 'positive', 'meze ve yemekleriyle'), ('ambience general', 'positive', 'muzikler')]
1045:0	Burayi seviyorum gerçekten.	[('restaurant general', 'positive', 'Burayi')]
1045:2	Hersey lezzetli statüsüne çok yakin.	[('food quality', 'positive', 'Hersey')]
1045:3	Keyifli vakit geçirirsiniz emin olun.	[('restaurant general', 'positive', 'vakit geçirirsiniz')]
1046:0	Bira dışında başka bir şey içmenizi istemeyen mekan, bira 7,8 lira iken votka 25, şarap 17.5...	[('drinks prices', 'negative', 'votka'), ('drinks prices', 'negative', 'şarap')]
1046:1	Onun dışında, belirli bir saatten sonra müzik sağır edici seviyeye ulaşmakta.	[('ambience general', 'negative', 'müzik')]
1047:0	Balıklarından daha çok kendine has mezeleriyle ön plana çıkmış Alkolsüz bir Balıkçı .	[('food style_options', 'positive', 'mezeleriyle')]
1047:1	mezeleri gerçekten standartların üzerinde mekan neredeyse her gün akşam saatlerinde yoğun oluyor .	[('food quality', 'positive', 'mezeleri')]
1047:2	bunun haricinde çalışanların ilgiside gayet iyi	[('service general', 'positive', 'çalışanların ilgiside')]
1048:0	Tam bir hayal kırıklığı.	[('restaurant general', 'negative', 'NULL')]
1048:1	Combo tabağı hayalleriyle gittik ve şaka gibi içinde iki üç parça olan çok lezzetsiz bir tabak geldi.	[('food quality', 'negative', 'tabak')]
1048:2	Hamburgerleri vasat.	[('food quality', 'neutral', 'Hamburgerleri')]
1048:3	Çok çok kötü	[('restaurant general', 'negative', 'NULL')]
1049:0	Sütiştir dedik kahvaltı yapalım dedik pişman olduk valla.	[('restaurant general', 'negative', 'kahvaltı')]
1049:1	Porsiyonları çok küçük fiyatlar çok Pahalı.	[('food style_options', 'negative', 'Porsiyonları'), ('ambience general', 'negative', 'fiyatlar')]
1049:2	Garsonlar ilgisiz çayları kötü.	[('service general', 'negative', 'Garsonlar'), ('drinks quality', 'negative', 'çayları')]
1049:3	Arada bir belki tatlı yemeye gidilebilir.	[('food quality', 'positive', 'tatlı')]
1049:4	O da manzarası için.	[('ambience general', 'positive', 'manzarası')]
1050:0	Egzotik çayları seviyorsanız mutlaka uğramanız gereken bir mekan.	[('drinks style_options', 'positive', 'çayları')]
1050:1	Bourbon vanilla ve Irish Malt tavsiye ettiğim çaylar arasında.	[('drinks quality', 'positive', 'Bourbon vanilla'), ('drinks quality', 'positive', 'Irish Malt')]
1050:2	Servis kaliteli, çalışanları ise inanılmaz ilgili.	[('service general', 'positive', 'çalışanları'), ('service general', 'positive', 'Servis')]
1050:3	Sevdiğiniz çayların bazılarını paket olarak satın alabiliyorsunuz da.	[('drinks style_options', 'positive', 'çayların')]
1050:4	Mekandaki müzik seçimleri de harika.	[('ambience general', 'positive', 'müzik seçimleri')]
1050:5	Bazen inanılmaz kalabalık olabiliyor haliyle öyle günlerde serviste aksaklıklar yaşanabiliyor.	[('service general', 'negative', 'serviste')]
1051:0	Mekan güzel ferah.	[('ambience general', 'positive', 'Mekan')]
1051:1	Servis çok hızlı.	[('service general', 'positive', 'Servis')]
1051:2	Çok fazla çeşit var.	[('food style_options', 'positive', 'çeşit')]
1051:3	Bazı çeşitler kebapla çok alakasız olabiliyor.	[('food style_options', 'negative', 'çeşitler')]
1051:4	Fiyatları makul.	[('restaurant prices', 'positive', 'Fiyatları')]
1051:5	Yemekler lezzetli	[('food quality', 'positive', 'Yemekler')]
1052:0	Manzara güzel,yemekler güzel ama servis berbat.	[('service general', 'negative', 'servis'), ('food quality', 'positive', 'yemekler'), ('ambience general', 'positive', 'Manzara')]
1052:1	Bir defa demlik çay içmek istedik musluk suyu ile yapmışlar küf kokuyordu.	[('drinks quality', 'negative', 'demlik çay')]
1052:3	Kısacası berbat.	[('restaurant general', 'negative', 'NULL')]
1053:2	Mekani çok güzel, çesitler inanilmaz derecede bol ve lezzetli.	[('food quality', 'positive', 'NULL'), ('ambience general', 'positive', 'Mekani'), ('food style_options', 'positive', 'çesitler')]
1053:3	servisi gayet iyi.	[('service general', 'positive', 'servisi')]
1053:4	Tesis, Fethi Pasa korulugunun içinde yer aliyor.	[('location general', 'neutral', 'Tesis')]
1054:0	Etler kalitesi ortalama.	[('food quality', 'neutral', 'Etler')]
1054:1	Lezzet ortalama.	[('food quality', 'neutral', 'Lezzet')]
1054:2	Neyle kıyaslanarak çok beğenildiğini merak ediyorum açıkçası.	[('restaurant general', 'negative', 'NULL')]
1054:3	Mekan güzel.	[('restaurant general', 'positive', 'Mekan')]
1054:4	Bu et bu parayı asla hak etmiyor.	[('food quality', 'negative', 'et'), ('food prices', 'negative', 'et')]
1055:0	Kuru fasulye için gidilir.	[('food quality', 'positive', 'Kuru fasulye')]
1055:1	Güzel yapıyorlar.	[('food quality', 'positive', 'NULL')]
1055:2	Pilav, ayran eşliğinde iyi bir menü.	[('food quality', 'positive', 'menü')]
1055:3	Ama servis konusunda personelinden memnun değilim, bu konuda kendilerini inş.	[('service general', 'negative', 'personelinden')]
1056:0	Mart ayinin son gunu bugun berbatti burasi.	[('restaurant general', 'negative', 'burasi')]
1056:1	Kahvaltiliklar geldi cay yok gelen menemen bozuk domatesten,kokusu tadi yenecek gibi degil, yan masada surekli onu istemistik biz gelmedi diyip durdu bizim gibi.	[('food quality', 'negative', 'kokusu tadi'), ('food quality', 'negative', 'menemen'), ('food style_options', 'negative', 'Kahvaltiliklar')]
1056:2	Normalde sevdigim bir kahvalticiydi bgn ne yedigimi anladim ne bisi!	[('food quality', 'negative', 'yedigimi')]
1057:0	Nereye gitsek kararsızlığına düşmek üzereyken kurtarıcı olan mekandır Kütük Ev.	[('restaurant general', 'positive', 'mekandır')]
1057:1	İçeriden ve dışarıdan tamamen bir dağ evini andırmasıyla egzotik bir havaya sahip olan mekanda servis nispeten hızlı, fiyatlar pahalı değil, bahçesi güzel.	[('ambience general', 'positive', 'bahçesi'), ('ambience general', 'positive', 'mekanda'), ('restaurant prices', 'positive', 'fiyatlar'), ('service general', 'positive', 'servis')]
1057:2	Kışın daha çok tercih edilebilecek bir yer ama yazın da gidilir gidilmesine.	[('restaurant general', 'positive', 'NULL')]
1058:0	Sunduklari lezzetleri ve gösterdikleri ilgi ile Küçük Ev sayesinde güzel bir aksam geçirdik.	[('food quality', 'positive', 'lezzetleri'), ('restaurant general', 'positive', 'Küçük Ev'), ('service general', 'positive', 'ilgi')]
1058:1	Ardindan en çok begendigim ise döner oldu.	[('food quality', 'positive', 'döner')]
1058:2	Gayet lezzetliydi.	[('food quality', 'positive', 'NULL')]
1058:3	Bence buraya yolunuz düserse dönerini ve kavurmali pidesini kesinlik denemenizi öneririm.	[('food quality', 'positive', 'dönerini ve kavurmali pidesini')]
1058:4	Diger yediklerimizide begendim hepsi güzellerdi.	[('food quality', 'positive', 'yediklerimizide')]
1058:5	Kendi üretimleri manda yogurtlarinida denemenizde fayda var.	[('food quality', 'positive', 'manda yogurtlarinida')]
1058:6	Tatlilardan ise en çok kazandibini ve kaymakli ayva tatlisini begendim.	[('food quality', 'positive', 'kaymakli ayva tatlisini'), ('food quality', 'positive', 'kazandibini')]
1058:7	Fiyatlar ise sunulan hizmet, kalite ve merkezi konumundan dolayi uygun sayilir.	[('restaurant prices', 'positive', 'Fiyatlar'), ('location general', 'positive', 'konumundan'), ('service general', 'positive', 'hizmet')]
1058:9	Öncelikle ortamini çok begendim.	[('ambience general', 'positive', 'ortamini')]
1058:10	Güzel, sik ve ferah bir ortami var.	[('ambience general', 'positive', 'ortami')]
1058:11	Özellikle restorantin tam ortasindaki agaç çok hosuma gitti.	[('ambience general', 'positive', 'agaç')]
1058:13	O agaci korumak için gösterdiginiz çaba kesinlikle isletmenizin sayginligini fazlasiyla arttiracaktir.	[('ambience general', 'positive', 'çaba')]
1058:14	Hazir ürünlerden çok yöresel ve kendi üretimleri ürünleri kullaniyor oluslari çok hosuma gitti.	[('food style_options', 'positive', 'ürünleri')]
1058:15	Trabzon ve Rizeden gelen kavurmalar ile yapilan kasarli ve kavurmali pide beni benden aldi.	[('food quality', 'positive', 'kasarli ve kavurmali pide')]
1058:16	Harikaydi...	[('restaurant general', 'positive', 'NULL')]
1059:0	Umdugumu degil buldugumu yedim - Arkadaslarim çok övdü, geldim yedim bitiremedim.	[('food quality', 'negative', 'NULL')]
1059:1	Yani güzel degildi.	[('food quality', 'negative', 'NULL')]
1059:2	Damak tadima hitap edemedi açikçasi.	[('food quality', 'negative', 'NULL')]
1059:3	Biberler kizartilmadan atilmis içine.	[('food quality', 'negative', 'Biberler')]
1059:4	Bol yumurtali ve birkaç parça domates atilmis içine.	[('food quality', 'negative', 'domates')]
1059:5	Adeta menemen degil biberli omlet olmus gibi.	[('food quality', 'negative', 'menemen')]
1059:6	Açik ayrani fena degildi.	[('drinks quality', 'neutral', 'Açik ayrani')]
1059:7	Begendim diyebilirim.	[('restaurant general', 'positive', 'NULL')]
1060:0	Manzara disinda deneyimlenecek bir yemegi yok gereksiz pahali ve verdiginiz paraya asla degmeyen menusu var aslinda yok cunku cesit yok.	[('ambience general', 'positive', 'Manzara'), ('food style_options', 'negative', 'cesit'), ('restaurant prices', 'negative', 'NULL'), ('food quality', 'negative', 'yemegi')]
1060:1	hamburgerini deneyelim dedik kendisi 35tl sunum berbat hamburgeri lezzetli degil saoganlar karamelize degil sadece patates kizartmasi guzel onu da mc donaldsta yeyin.	[('food quality', 'positive', 'patates kizartmasi'), ('service general', 'negative', 'sunum'), ('food quality', 'negative', 'hamburgeri')]
1061:0	dün gidip yeniden kahvalti etme firsati buldugum yer.	[('restaurant general', 'positive', 'yer')]
1061:2	ben arkadasim ve 2.5 yasindaki oglum rahatlikla doyduk.	[('food style_options', 'positive', 'doyduk')]
1061:3	bir kahvalti tabagi ile gelen çay ücretsizdi.	[('drinks style_options', 'positive', 'çay')]
1061:4	yukaridaki masaya ek olarak 3 bardak çay ve su dahil 42 tl ücret ödedik.	[('restaurant prices', 'neutral', 'ücret')]
1061:5	kahvalti tabagi 17.90 tl menemen 10 tl patates 8 tl.	[('food prices', 'neutral', 'patates'), ('food prices', 'neutral', 'menemen'), ('food prices', 'neutral', 'kahvalti tabagi')]
1062:0	Sani Istanbul'un dört bir kösesine yayilmis durumda.	[('restaurant general', 'positive', 'Sani')]
1062:1	Fakat benim çok yakinimda olmasina ragmen çok sik gitmeyi tercih etmiyorum.	[('restaurant general', 'neutral', 'NULL')]
1062:2	Etine eyvallah fakat fiyat konusunda çok uçuklar.	[('restaurant prices', 'negative', 'fiyat'), ('food quality', 'positive', 'Etine')]
1062:3	Biraz daha ortamini sik hale dönüstürürlerse daha fazla müsteri çekeceklerine eminim.	[('ambience general', 'negative', 'ortamini')]
1063:0	Bu kadar çok ve lezzetli çay çeşidini bir arada bulmak çok güzel.	[('food quality', 'positive', 'çay'), ('food style_options', 'positive', 'çay')]
1063:1	Karaköyün dar sokak aralarında, sokağa koyduğu masalarıyla insanı farklı bir atmosfere sürüklüyor.	[('ambience general', 'positive', 'atmosfere'), ('location general', 'positive', 'sokak aralarında')]
1063:2	Servis çok özenli ve güzel.	[('service general', 'positive', 'Servis')]
1063:3	Müşterisi genç bir kitle.	[('restaurant general', 'neutral', 'Müşterisi')]
1063:4	Kül tablalarının dolu ve pis durması bana Starbucks'ı hatırlattı.	[('service general', 'negative', 'Kül tablalarının')]
1064:0	Manzara'ya tabikide yıldızlı 5 !	"[('ambience general', 'positive', ""Manzara'ya"")]"
1064:1	Dekorasyon da bir o kadar güzel.	[('ambience general', 'positive', 'Dekorasyon')]
1064:2	Eğer sabırlıysanız ve denize biraz daha yakın olayım diyorsanız iyi şanslar ne kadar bekleyeceğiniz bir muamma.	[('restaurant general', 'neutral', 'NULL')]
1064:3	Tek kötü yanı bu olabilir burasının benim açımdan.	[('restaurant general', 'negative', 'NULL')]
1064:4	Fiyatlar gerçekten bir tık üstte ama manzara gözümü her defasında kör ediyor ve görmezden gelebiliyorum.	[('ambience general', 'positive', 'manzara'), ('restaurant prices', 'negative', 'Fiyatlar')]
1064:5	Aşk-ı Memnu'yu tatmayan kalmasın!	"[('food quality', 'positive', ""Aşk-ı Memnu'yu"")]"
1064:6	Burdaysanız mutlaka deneyin Kuş Yuvası yenmesi biraz zor bir tatlı ama o da güzel bir alternatif.	[('food quality', 'positive', 'Kuş Yuvası')]
1065:0	yazın dısarıda yer bulması epey zor.	[('ambience general', 'neutral', 'yer')]
1065:1	fakat kızartma combosu bir harika.	[('food quality', 'positive', 'kızartma combosu')]
1065:2	sürekli kalabalik nedeniyle servis oldukca yavas.	[('service general', 'negative', 'servis')]
1065:3	bazen bir hesabın gelmesi bile yarım saat sürebiliyor.	[('service general', 'negative', 'hesabın gelmesi')]
1066:0	Sadece ün yapmak işte hepsi bundan ibaret.	[('restaurant general', 'negative', 'NULL')]
1066:1	Parasıyla almıyormuş gibi davran panpa konsept esinmesi bülent ersoyun fevkinde	[('ambience general', 'negative', 'konsept')]
1067:0	3 arkadaş yaz başı gittik,döner kısma oturduk 7-8 dakika sipariş almaya gelen olmadı.	[('service general', 'negative', 'sipariş')]
1067:2	Bi dakka bekleyin işim var görüyorsunuz tarzı bir fırça.	[('service general', 'negative', 'NULL')]
1068:0	Evet yemekler lezzetli ortam guzel fakat hafta sonu gittigimiz icin midir bilmemm cok kalabalikti.	[('ambience general', 'positive', 'ortam'), ('food quality', 'positive', 'yemekler')]
1068:1	Calisanlar pek ilgili degildi hesabi tam 17482 garsona soylememize ragmen yarim saat sonra geldi abartisiz.	[('service general', 'negative', 'hesabi'), ('service general', 'negative', 'Calisanlar')]
1069:0	içecek çeşitliliği konusunda biraz yetersiz ancak fiyat olarak tartışmasız çevresine göre çok çok ucuz.	[('restaurant prices', 'positive', 'fiyat'), ('drinks style_options', 'negative', 'içecek çeşitliliği')]
1069:1	civarda sıcaktan bunalıp serinlemek istiyorsanız boğazın kenarındaki masalardan birine oturup canlı müzik eşliğinde soğuk birşeyler içebilirsiniz.	[('restaurant general', 'positive', 'NULL')]
1069:2	Türk kahvesi de fena değil.	[('drinks quality', 'positive', 'Türk kahvesi')]
1070:0	Manzarasi ve dizayni guzel fakat garsonlar ilgisiz, porsiyonlar cok kucuk ve pahali.	[('ambience general', 'positive', 'Manzarasi ve dizayni'), ('food style_options', 'negative', 'porsiyonlar'), ('service general', 'negative', 'garsonlar'), ('restaurant prices', 'negative', 'NULL')]
1070:2	Lezzet eh iste.	[('food quality', 'neutral', 'Lezzet')]
1070:3	Ozetle manzara disinda bisey yok.	[('ambience general', 'positive', 'manzara'), ('restaurant general', 'negative', 'NULL')]
1071:0	Happy hour icin vazgecilmez nokta.	[('restaurant general', 'positive', 'Happy hour')]
1071:1	Bence burgerleri ve pizzasi Kanyon'da yenebilecek acik ara en iyi.	[('food quality', 'positive', 'burgerleri ve pizzasi')]
1071:2	Zincirler icinde tek tercih edilebilir yer.	[('restaurant general', 'positive', 'yer')]
1072:0	Adi her ne kadar pizzaci olsa da ne yazik ki pizzalar ortalama.	[('food quality', 'neutral', 'pizzalar')]
1072:1	Neden bu kadar popüler oldugunu anlamiyorum.	[('restaurant general', 'negative', 'NULL')]
1073:0	Num Num gerçegi - Yediginiz herseyin hakkini verdikleri bir gerçek.	[('food quality', 'positive', 'Yediginiz herseyin')]
1073:1	Yemeklerin doyuruculugu ve lezzeti tartisilmaz ancak ögle saatlerinde yer bulmakta oldukça sikintili.	[('food quality', 'positive', 'Yemeklerin doyuruculugu ve lezzeti'), ('ambience general', 'negative', 'yer bulmakta')]
1074:0	Manzaraya da sufleye de bayildik.	[('ambience general', 'positive', 'Manzaraya'), ('food quality', 'positive', 'sufleye')]
1074:1	Karsida isiklariyla Rumeli Hisari ve köprü manzarasi esliginde bir aksamüstü Big Chefs'te oturmak çok keyifliydi.	"[('ambience general', 'positive', ""Big Chefs'te oturmak""), ('ambience general', 'positive', 'köprü manzarasi')]"
1074:2	Sufle 13,5 lira, çay 4,5 lira.	[('drinks prices', 'neutral', '4,5 lira'), ('food prices', 'neutral', '13,5 lira')]
1075:2	Burada sulu yemek yok.	[('food style_options', 'neutral', 'sulu yemek')]
1075:3	Gençler ve ögrenciler için fiyatlari daha uygun tutmuslar.	[('restaurant prices', 'positive', 'fiyatlari')]
1075:4	Lahmacun döner burger pide ve köfte çesitleri mevcut.	[('food style_options', 'positive', 'çesitleri')]
1076:0	Iftar menüsü 80 TL.	[('food prices', 'neutral', 'Iftar menüsü')]
1076:1	Ezogelin çorba çok tuzluydu.	[('food quality', 'negative', 'Ezogelin çorba')]
1076:2	Ve erken servis edildigi için iftara kadar sogudu.	[('service general', 'negative', 'servis edildigi')]
1076:3	Içli köfte ve pirzola güzeldi.	[('food quality', 'positive', 'Içli köfte ve pirzola')]
1076:4	Servis elemanlari yetersiz oldugu için yavasti.	[('service general', 'negative', 'Servis')]
1076:5	Her seyden öte böyle bir mekana bu tuvaletler hiç yakismiyor	[('ambience general', 'negative', 'tuvaletler')]
1077:0	Bir yer düşünün ki içecekler bardakla geliyor, garsonlar suratsız ve Islak mendil bulunmuyor sebepsiz yere -_- buraya ne olmuş böyle !	[('drinks style_options', 'negative', 'içecekler'), ('service general', 'negative', 'garsonlar')]
1077:1	Hayal kırıklığı	[('restaurant general', 'negative', 'NULL')]
1078:1	Civardaki restorantlardan pek bir farkı yok, servisi yavaş.	[('service general', 'negative', 'servisi')]
1079:0	Her deniz ürününü karıştırıp önünüze getiriyorlar.	[('food style_options', 'neutral', 'deniz ürününü')]
1079:1	Açıkçası hicbirinin tadını tam alamiyorsunuz.	[('food style_options', 'negative', 'NULL')]
1079:2	Balik ve deniz ürünlerini çok sevmeyenler Balik KFCsi kıvamında olduğu ve Kızartma bol olduğu için sevebilirler.	[('food style_options', 'positive', 'Kızartma')]
1079:3	Sadece soya soslu somon başarılıydı.	[('food quality', 'positive', 'soya soslu somon'), ('food quality', 'negative', 'başarılıydı')]
1080:0	Kisin iç kismi dag evini animsatan, yazin bahçesi yesillikler icersinde ve ferah olan, açik büfe kahvaltisi zengin çesitleriyle bir hayli rabet gören, bunun haricinde genellikle nargile severlerin ugrak mekani olan tatli bir cafe.	[('restaurant general', 'positive', 'cafe'), ('ambience general', 'positive', 'bahçesi'), ('food style_options', 'positive', 'açik büfe kahvaltisi')]
1081:0	Utanmadan bozuk içli köfte, acilasmis tereyagi servis edebilen bir mekan...	[('food quality', 'negative', 'içli köfte'), ('food quality', 'negative', 'tereyagi')]
1081:1	Garsonu bu kadar uyardigimizda ise sadece iletirim dedi.	[('service general', 'negative', 'Garsonu')]
1081:2	Özür bile dilemediler.	[('service general', 'negative', 'NULL')]
1082:0	Machiato dediğim halde yerine espresso servis eden işletme.	[('service general', 'negative', 'servis eden')]
1082:1	Boş bardak, fincan, tabak masada bekliyor, toplayan yok.	[('service general', 'negative', 'toplayan')]
1082:2	Menüdeki çeşitleri sorunca, o yok, bu yok, onun yerine şunu verelim, bunu verelim.	[('food style_options', 'negative', 'NULL')]
1082:3	Kirli, iyi yıkanmamış bardakla çay servisi.	[('service general', 'negative', 'çay servisi')]
1082:4	Mado'nun genel hastalıklarının bir araya gelmiş hali gibi.	[('restaurant general', 'negative', 'NULL')]
1082:5	Manzara satıyor burada da.	[('restaurant general', 'negative', 'satıyor'), ('ambience general', 'positive', 'Manzara')]
1082:6	Yoksa Mado'ların kötü bir örneği.	[('restaurant general', 'negative', 'örneği')]
1083:0	Ev yemekleri hergün farkli - Tipki anne eli degmis gibi lezzetli ev yemekleri...	[('food quality', 'positive', 'ev yemekleri'), ('food style_options', 'positive', 'Ev yemekleri')]
1083:1	Mekan çok küçük hemen doluyor.	[('ambience general', 'negative', 'Mekan')]
1083:2	Öglenleri yer bulamadigimiz çok oluyor.	[('service general', 'negative', 'yer bulamadigimiz')]
1083:3	Genelde ürünler lezzetli ve fiyat da uygun .	[('food quality', 'positive', 'ürünler'), ('food prices', 'positive', 'fiyat')]
1083:4	Öglen için tercih edilebilir ama 12yi çok geçirmemek gerekiyor...	[('service general', 'negative', 'NULL'), ('restaurant general', 'positive', 'NULL')]
1084:0	Cok guzel sirin bir mekan yemekler kokteyliler super manzara cok iyi, tabiki bu guzel seyler icin sira bekleyebilirsiniz.	[('ambience general', 'positive', 'manzara'), ('food quality', 'positive', 'yemekler'), ('drinks quality', 'positive', 'kokteyliler'), ('ambience general', 'positive', 'mekan')]
1085:1	Malzemeler güzel ama hamuru çok sevemedim.	[('food style_options', 'positive', 'Malzemeler'), ('food style_options', 'negative', 'hamuru')]
1085:3	Genel olarak mekan şirin.	[('ambience general', 'positive', 'mekan')]
1085:6	Alkol olsa daha tutulabilirler.	[('drinks style_options', 'negative', 'Alkol')]
1086:0	Hayatımın en pahalı yemeğini yediğim restoran.	[('food prices', 'negative', 'yemeğini')]
1086:1	Yemekler lezzetli olmasına rağmen FSM köprüsünün başınızın üstünde zebellah gibi durması manzaranın keyfini kaçırmakta.	[('ambience general', 'negative', 'manzaranın'), ('food quality', 'positive', 'Yemekler')]
1086:2	Yemek porsiyonları çok küçük.	[('food style_options', 'negative', 'Yemek porsiyonları')]
1086:3	Vale hizmeti var.	[('service general', 'neutral', 'Vale hizmeti')]
1087:0	Rock'n Roll burger yedim.	"[('food quality', 'neutral', ""Rock'n Roll burger"")]"
1087:1	Burger ekmegi yumusamis dagiliyordu.	[('food quality', 'negative', 'Burger ekmegi')]
1087:2	Icinde ki sos da pek bi istah acici degildi.	[('food quality', 'negative', 'sos')]
1087:3	Ortami guzel gidilecekse onun icin gidelebilir.	[('ambience general', 'positive', 'Ortami')]
1088:0	Mekan enteresan bir havaya sahip , haftaici aksamlari abiler ellerinde nargilelerle çayla muhabbetin dibine vururken.	[('ambience general', 'neutral', 'Mekan')]
1088:1	Hafta sonu sabahlari ozellikle evli ve cocuklu ciftlerin kahvalti merkezi oluyor.	[('restaurant general', 'neutral', 'kahvalti merkezi')]
1088:2	Yemeklerini ve caylarini begendigim.	[('food quality', 'positive', 'Yemeklerini'), ('drinks quality', 'positive', 'caylarini')]
1088:3	Fiyat olarak gayet mantikli bir isletme.	[('restaurant prices', 'positive', 'Fiyat')]
1088:4	Tavsiyemdir	[('restaurant general', 'positive', 'NULL')]
1089:0	Kendilerine özel biraları mevcut olsaydı belki daha güzel olurdu ama standart biralardan içmek durumunda kaldık.	[('drinks style_options', 'negative', 'biraları')]
1089:1	Bunun haricinde servis iyi garsonlar güleryüzlü ve rahat bir mekan.	[('service general', 'positive', 'garsonlar'), ('service general', 'positive', 'servis'), ('ambience general', 'positive', 'mekan')]
1089:2	Yemekler de farklı tadlar var.	[('food style_options', 'positive', 'Yemekler')]
1089:3	Cuma iş çıkışı arkadaşlarla takılmalık bir mekan.	[('ambience general', 'positive', 'mekan')]
1090:0	Çok fazla lezzetli alternatifi bulunan menüsünü seviyorum.	[('food style_options', 'positive', 'menüsünü'), ('food quality', 'positive', 'menüsünü')]
1090:1	Citys'in alt katındayken tanıdık sevdik.	[('restaurant general', 'positive', 'NULL')]
1090:2	Magnolia'sı ayrı, limonatası ayrı güzel.	"[('food quality', 'positive', ""Magnolia'sı""), ('drinks quality', 'positive', 'limonatası')]"
1090:3	Bir peynirli tostu bile çok özenle sunuyorlar.	[('service general', 'positive', 'sunuyorlar')]
1091:0	Somon ızgarasına 4 puan.	[('food quality', 'neutral', 'Somon ızgarasına')]
1091:1	Hem sağlıklı hem de doyurucu.	[('food quality', 'positive', 'NULL')]
1091:2	Güzel bir öğle yemeği molası.	[('food quality', 'positive', 'öğle yemeği')]
1091:3	Bahçesi de güzel.	[('ambience general', 'positive', 'Bahçesi')]
1091:4	Salıncağı bile var.	[('ambience general', 'positive', 'Salıncağı')]
1091:5	Yemek üzerine de soğuk kahve iyi gidiyor.	[('drinks quality', 'positive', 'soğuk kahve')]
1092:0	Boğazın en güzel yerlerinden birinde, sıcak, sempatik ve zevkli dekorasyonu ve şahane manzarası, genç müşteri kitlesi, güzel müzikleri yetmezmiş gibi güler yüzlü arkadaşca servisi de mükemmel.	[('ambience general', 'positive', 'manzarası'), ('service general', 'positive', 'servisi'), ('location general', 'positive', 'yerlerinden'), ('ambience general', 'positive', 'müzikleri'), ('ambience general', 'positive', 'dekorasyonu')]
1092:1	Kahvaltı seçenekleri çok iyi.	[('food style_options', 'positive', 'Kahvaltı seçenekleri')]
1092:2	Yemekleri de fena değil.	[('food quality', 'neutral', 'Yemekleri')]
1092:3	Tüm bu özelikleri göz önüne alınca fiyatlar çok makul geliyor.	[('restaurant prices', 'positive', 'fiyatlar')]
1092:4	Gece, gündüz, her zaman için öneririm.	[('restaurant general', 'positive', 'NULL')]
1093:0	Besiktaki en hakiki pideci diyebilirim.	[('food quality', 'positive', 'pideci')]
1093:1	ben bu yuzden tatli yemegi tercih etmedim.	[('food quality', 'negative', 'NULL')]
1093:2	fiyatlari 13-17 tl arasi porsiyonlari 1.5 olarak buyutmek de mumkun.	[('food prices', 'neutral', 'fiyatlari'), ('food style_options', 'neutral', 'porsiyonlari')]
1093:3	puanimdan sirf yavas yuzunden kisiyorum!	[('service general', 'negative', 'NULL'), ('restaurant general', 'positive', 'kisiyorum')]
1093:4	otobus duraginin hemen karsisinda yeri cok kolay.	[('location general', 'positive', 'yeri')]
1093:6	porsiyonu tam malzemesi bol hamuru citir citir fakat servis icin ayni hosnutluktan bahsedemicem.	[('food style_options', 'positive', 'malzemesi'), ('food style_options', 'positive', 'porsiyonu'), ('food style_options', 'positive', 'hamuru'), ('service general', 'negative', 'servis')]
1093:7	servis oldukca yavas.	[('service general', 'negative', 'servis')]
1093:8	yavas demek bile az kalir.	[('service general', 'negative', 'NULL')]
1093:9	az vaktiniz varsa kesinlikle ogle saatlerinde ugramayiniz.	[('service general', 'negative', 'NULL')]
1093:10	besiktas da yiyebilceniz en iyi pide ama odun atesinde pisenin yerini tutmuyor tabiki.	[('food style_options', 'negative', 'NULL'), ('food quality', 'positive', 'pide')]
1093:11	tatli secenekleri de mevcur sufle ve kunefe var menu de var da pide o kadar gec gelince insani tatli siparisi dusunduruyor.	[('service general', 'negative', 'gelince'), ('food style_options', 'positive', 'tatli')]
1094:0	Eski kalitesinde olmasada hala iyi diyelim talep çok olunca ister istemez kalite ve servis vasata düşüyor etleri kenfi çiftliklerinden otopark sorun fiatlar normal	[('service general', 'neutral', 'servis'), ('service general', 'negative', 'otopark'), ('restaurant prices', 'neutral', 'fiatlar'), ('restaurant general', 'neutral', 'kalite')]
1095:0	Manzarasi icin gidilesi cafe , cok fazla yazacak bisey yok.	[('ambience general', 'positive', 'Manzarasi')]
1095:1	fiyatlar standart seviyede.	[('restaurant prices', 'neutral', 'fiyatlar')]
1095:2	otopark sorunu yok.	[('location general', 'positive', 'otopark')]
1095:3	sessiz sakin ve huzurlu bir mekan.	[('ambience general', 'positive', 'mekan')]
1096:0	Kuru fasulyesi lezzetli.	[('food quality', 'positive', 'Kuru fasulyesi')]
1096:1	Sutlaci tavsiye edilir.	[('food quality', 'positive', 'Sutlaci')]
1096:2	Köftesi de kaliteli.	[('food quality', 'positive', 'Köftesi')]
1096:3	Sade güzel bir yer.	[('ambience general', 'positive', 'yer')]
1096:4	Çalışanlar ilgili kibar.	[('service general', 'positive', 'Çalışanlar')]
1096:5	Ortaköye yolu düşen ugramali.	[('restaurant general', 'positive', 'NULL')]
1097:0	Park sorunu ciddi.	[('location general', 'negative', 'Park')]
1097:1	Valesi var gerçi.	[('service general', 'neutral', 'Valesi')]
1097:2	Pazar sabahları brunch dışında seçeneğiniz yok.	[('food style_options', 'negative', 'seçeneğiniz')]
1097:3	Brunch çeşitleri ehh.	[('food style_options', 'neutral', 'Brunch')]
1097:4	Masaya istenen sucuklu yumurtanın sucuğuna extra ücret istenmesi ayıp.	[('food prices', 'negative', 'ücret')]
1097:5	Mekanın lokasyonu on numara ama rezervasyonsuz deniz kenarı masa bulmanız imkansız.	[('location general', 'positive', 'Mekanın lokasyonu')]
1097:6	Böyle bir brunch için 59TL, 4 ince dilim sucuk için 5TL extra ücret mânâsız.	[('food prices', 'negative', 'ücret'), ('food prices', 'negative', 'brunch')]
1098:1	En son kabalık bir grup halinde gittiğimizde siparişlerde karışıklık olmuştu malesef.	[('service general', 'negative', 'siparişlerde')]
1099:0	Tek kelimeyle muhtesem bir lezzet, doner kesimi tam olarak usta isi.	[('food style_options', 'positive', 'doner kesimi'), ('food quality', 'positive', 'lezzet')]
1099:1	Yagsiz ve cok lezzetli.	[('food quality', 'positive', 'NULL')]
1099:2	Yaninda getirdikleri tandir lavasi ise bugune kadar yedigim en lezzetli lavas.	[('food quality', 'positive', 'tandir lavasi')]
1099:3	Oturdugunuz gibi siparisiniz aliniyor ve hemen servis yapilmaya baslaniyor.	[('service general', 'positive', 'siparisiniz')]
1099:4	Ortaya ise salata ve patates kizartmasi getiriyolar.	[('food style_options', 'neutral', 'salata ve patates kizartmasi')]
1099:5	Acik ara en iyi donerci.	[('restaurant general', 'positive', 'donerci')]
1100:0	Big chefs her daim şişirilmiş bir kafedir.	[('restaurant general', 'negative', 'kafedir')]
1100:1	Çünkü size oluru olmayan fiyatlar sunar.	[('restaurant prices', 'negative', 'fiyatlar')]
1100:3	İsim yapmıştır çünkü pahalı olduğu için kaliteli algısı yaratır .	[('restaurant prices', 'negative', 'NULL')]
1100:4	Bir ayvalık tostuna 20 tl , bir kavanoz tatlıya 20 tl vs. Yazan bu mekana kesinlikle gitmem .	[('food prices', 'negative', 'kavanoz tatlıya'), ('food prices', 'negative', 'ayvalık tostuna'), ('restaurant general', 'negative', 'mekana')]
1100:5	Çünkü bu israftan başka bir şey değil benim nazarımda .	[('restaurant general', 'negative', 'NULL')]
1100:6	Böyle mekanları biraz boş bırakmak lazım ki Fiyat skalasını biraz düşük aralığa taşısınlar !	[('restaurant prices', 'negative', 'Fiyat skalasını')]
1101:0	Tatlilar - Tatlilari çok güzel, tiramisu özellikle yenilmeli ama ana ögün kadar büyük geliyor dikkat!	[('food quality', 'positive', 'tiramisu'), ('food quality', 'positive', 'Tatlilari')]
1101:1	Unsuz çikolatali pastasi biraz agir, diyet yapanlar bulasmasin!	[('food quality', 'negative', 'Unsuz çikolatali pastasi')]
1102:0	Yemeklerin tadi tuzu yok.	[('food quality', 'negative', 'Yemeklerin')]
1102:1	Ortam gürültüden ibaret.	[('ambience general', 'negative', 'Ortam')]
1102:2	Garsonlar TV izlemekten size bakmiyor.	[('service general', 'negative', 'Garsonlar')]
1102:3	Geçin allahaskina baska bir sürü yer var yenebilecek	[('restaurant general', 'negative', 'NULL')]
1103:0	Güzel - Konum olarak çok keyifli bir yer degil ancak çalisirken ögle yemekleri için bazen gidiyoruz.	[('location general', 'negative', 'Konum'), ('food quality', 'positive', 'ögle yemekleri')]
1103:1	Yemeklerin lezzetine inanamayacaksiniz, pastirma ile yapilan Topkapi kebabi çok iyidir.	[('food quality', 'positive', 'Yemeklerin lezzetine'), ('food quality', 'positive', 'Topkapi kebabi')]
1104:0	Koftenin hicbir ozelligi yok.	[('food quality', 'negative', 'Koftenin')]
1104:1	Hizmet yok guleryuz yok.	[('service general', 'negative', 'guleryuz'), ('service general', 'negative', 'Hizmet')]
1104:2	Manzaranin ekmegini yiyorlar.	[('restaurant general', 'negative', 'NULL'), ('ambience general', 'positive', 'Manzaranin')]
1104:3	Masalar dipdibe marketten dondurulmus kofte alin evinizde yiyebilirsiniz.	[('ambience general', 'negative', 'Masalar')]
1105:0	Siradan - Siradan kebaplari olan mekan...	[('food quality', 'negative', 'kebaplari')]
1105:1	Kebap için kesinlikle gidilmeli denemez ama tatlilari inanilmaz güzel.	[('food quality', 'positive', 'tatlilari'), ('food quality', 'neutral', 'Kebap')]
1106:0	Hizmetten cok memnun kaldik.	[('service general', 'positive', 'Hizmetten')]
1106:1	Herkes cok ilgili ve guler yuzluydu.	[('service general', 'positive', 'Herkes')]
1106:3	D Somon izgara ve etli quesadilla sipariz ettik.	[('food quality', 'neutral', 'D Somon izgara'), ('food quality', 'neutral', 'etli quesadilla')]
1106:4	Somon izgaranin altinda olan kuskonmazli ispanakli sote mukemmeldi, yemek ise genel olarak guzeldi.	[('food quality', 'positive', 'kuskonmazli ispanakli sote'), ('food quality', 'positive', 'yemek')]
1106:5	Etli quesadillanin ise ozellikle eti cok guzeldi.	[('food quality', 'positive', 'Etli quesadillanin')]
1106:6	Mutlaka bir daha gelicez :	[('restaurant general', 'positive', 'NULL')]
1107:0	Sevdiğim bir mekan.	[('restaurant general', 'positive', 'mekan')]
1107:1	Müzikler, bahçesi, menüsü güzel.	[('food style_options', 'positive', 'menüsü'), ('ambience general', 'positive', 'bahçesi'), ('ambience general', 'positive', 'Müzikler')]
1107:2	Ferah bir ortamı var ve kalabalık buluşmalar için de uygun bir yer.	[('ambience general', 'positive', 'yer'), ('ambience general', 'positive', 'ortamı')]
1107:3	Çalışanları da güler yüzlü.	[('service general', 'positive', 'Çalışanları')]
1107:4	Girerken böyle bir yerle karşılaşacağınızı tahmin etmiyorsunuz konumu nedeniyle.	[('location general', 'negative', 'konumu')]
1108:0	Sütiş'in Emirgan şubesi gibi bu şubesinin manzarası da çok güzel deniz hemen yanınızda köprü hemen sağ çaprazda :	[('ambience general', 'positive', 'manzarası')]
1108:1	) yemekler güzel fiyatlar da mekana göre gayet uygun.	[('restaurant prices', 'positive', 'fiyatlar'), ('food quality', 'positive', 'yemekler')]
1108:2	Tavukgöğsü başarılı :	[('food quality', 'positive', 'Tavukgöğsü')]
1109:0	Berbat biyer rezervasyon yaptirdigim halde misafirlerime rezil oldum rezalet biyer calisanlarin tavirlari olsun ilgileri herseyi rezalet otesi	[('restaurant general', 'negative', 'biyer'), ('service general', 'negative', 'calisanlarin tavirlari')]
1110:1	Çömlekte ev yapimi yogurtlarini mutlaka deneyin.	[('food quality', 'positive', 'Çömlekte ev yapimi yogurtlarini')]
1110:2	Eski zamanlar biraktigimiz gerçek yogurdun tadini yakalayacaksiniz.	[('food quality', 'positive', 'yogurdun')]
1110:3	Fiyati da saka gibi.	[('food prices', 'neutral', 'Fiyati')]
1110:5	Mükellef bir yemek sonrasi ortalama 15-25 TL'ye mekandan çikabilirsiniz.	"[('food prices', 'positive', ""15-25 TL'ye"")]"
1110:6	Dekorasyon zevkli olmus, özellikle mekanin ortasina konuslanmis bonsai agaç beni benden aldi.	[('ambience general', 'positive', 'Dekorasyon'), ('ambience general', 'positive', 'bonsai agaç')]
1110:8	Çok iyi karsilandik ve sonuna kadar el üstünde tutulduk.	[('service general', 'positive', 'karsilandik')]
1110:9	Harikasiniz arkadaslar.	[('restaurant general', 'positive', 'NULL')]
1110:11	) Her seyden ufak ufak tattik.	[('food quality', 'neutral', 'Her seyden')]
1110:12	Yemeklerde favorilerim döner ve kavurmali pide oldu.	[('food quality', 'positive', 'döner ve kavurmali pide')]
1110:13	Kavurmali pide için tekrar ugrayacagim.	[('food quality', 'positive', 'Kavurmali pide')]
1110:14	Tatlilarda tavuk gögsü gerçekten lezizdi.	[('food quality', 'positive', 'tavuk gögsü')]
1110:15	Irmik helvasinin da tavuk gögsünden eksigi yoktu, sekeri kivamindaydi ve hafifti.	[('food quality', 'positive', 'Irmik helvasinin'), ('food quality', 'positive', 'tavuk gögsünden')]
1111:0	Buraya sık geliyorum, leventte çalışanların da çok tercih ettiği bir yer.	[('restaurant general', 'positive', 'yer')]
1111:1	Yemekleri eskiden daha güzeldi özellikle mantısı çok başarılıydı.	[('food quality', 'neutral', 'mantısı'), ('food quality', 'neutral', 'Yemekleri')]
1111:2	Ancak her gün çeşit çeşit ev yemeğinin çıkıyor olması çok cazip, ister zeytinyağlılar ister sıcak yemekler insanı her gün fast food yemekten alıkoyuyor.	[('food style_options', 'positive', 'ev yemeğinin')]
1111:3	Zeytinyağlı tabağı başarılı, salatalarının da porsiyonu çok büyük tavsiye ederim.	[('food quality', 'positive', 'Zeytinyağlı tabağı'), ('food style_options', 'positive', 'porsiyonu')]
1112:1	ve oradakı koku olayına bır hal care bulamadıkları ıcın yazık olan mekandır.	[('ambience general', 'negative', 'mekandır')]
1113:0	Taksim'de kendi tarzına göre keyifle gidilecek mekanlardan biri.	[('restaurant general', 'positive', 'mekanlardan')]
1113:4	) Hamburgeri hoşuma gidiyor ve NY steak de tavsiye edebilirim.	[('food quality', 'positive', 'NY steak'), ('food quality', 'positive', 'Hamburgeri')]
1113:5	İçecek olarak genelde bira sevdiğim için kokteylleri için bir şey söyleyemeyeceğim.	[('drinks quality', 'neutral', 'kokteylleri')]
1113:6	Afiyetle!	[('food quality', 'positive', 'NULL')]
1114:0	Ben artık happy moons u beğenmiyorum.	[('restaurant general', 'negative', 'happy moons')]
1114:1	Servisi iyiydi çalışanları güleryüzlü fakat yemeklerinden eskiden aldığım tadı almıyorum.	[('service general', 'positive', 'çalışanları'), ('service general', 'positive', 'Servisi'), ('food quality', 'negative', 'yemeklerinden')]
1114:2	Ben bi tek çilekli limonatasını beğendim, çok tavsiye etmem	[('restaurant general', 'negative', 'NULL'), ('drinks quality', 'positive', 'çilekli limonatasını')]
1115:0	Öyle bir manzara ve konum için olabilecek son mekan filizler olmalıydı.	[('restaurant general', 'negative', 'mekan'), ('ambience general', 'positive', 'manzara ve konum')]
1115:1	Zaman kaybı!	[('restaurant general', 'negative', 'NULL')]
1116:0	Yemekleri fena degil.	[('food quality', 'neutral', 'Yemekleri')]
1116:1	Ozellikle zeytinyaglilari guzel.	[('food quality', 'positive', 'zeytinyaglilari')]
1116:2	Galata cevresinde zeytinyagli veya ev yemegivari yiyebilecegimiz nadir yerlerden oldugu icin tercih ediyorduk.	[('food quality', 'positive', 'zeytinyagli veya ev yemegivari')]
1116:3	Ama dunyanin en yavas evlere servis hizmetini sunuyorlar.	[('service general', 'negative', 'evlere servis hizmetini')]
1116:4	Hele de ogle saatinde 50 ile 70 dakika beklemeye hazir olun.	[('service general', 'negative', 'beklemeye')]
1116:5	Ogle saatleri degilse de 25-30 dk beklemeyi goze almak gerekiyor.	[('service general', 'negative', 'beklemeyi')]
1116:6	En son soyledigimiz firinda makarnasi da kuru geldikten sonra bir daha siparis vermemeye karar verdik.	[('food quality', 'negative', 'firinda makarnasi')]
1117:0	Manzarasi çok güzel , dekorasyonda çok başarılıydı , kahvaltı için gittik kahvaltı güzeldi ama omleti beğenmedim çok tatsızdı.	[('food quality', 'negative', 'omleti'), ('food quality', 'positive', 'kahvaltı'), ('ambience general', 'positive', 'dekorasyonda'), ('ambience general', 'positive', 'Manzarasi')]
1117:1	Geri kalan hersey tazeydi kayısı ve cevizle süslemeleri çok hoşuma gitti kahvaltıya fresh bir hava katmışlar.	[('service general', 'positive', 'süslemeleri'), ('service general', 'positive', 'kahvaltıya')]
1117:2	Kahvaltısı için gidebilir ama garsonlar servis ederken gördüğüm kadarıyla yemek porsiyonları küçüktü ve sunum hoşuma gitmedi .	[('food style_options', 'negative', 'yemek porsiyonları'), ('food style_options', 'negative', 'sunum'), ('food quality', 'positive', 'Kahvaltısı')]
1117:3	Kısacası manzarası için gidilebilinir bir yer sadece .	[('restaurant general', 'negative', 'yer'), ('ambience general', 'positive', 'manzarası')]
1118:0	İlk Evlilik yıldönümü yemeğimizi burada yemiştik, karşılama gayet güzel kibar çalışanlar.	[('service general', 'positive', 'karşılama'), ('service general', 'positive', 'çalışanlar')]
1118:1	Sunumu beğendik.	[('service general', 'positive', 'Sunumu')]
1118:2	Sakin mutlu bir yemekti.	[('ambience general', 'positive', 'yemekti')]
1118:3	Tekrar gitmeyi düşünürüm.	[('restaurant general', 'positive', 'NULL')]
1119:0	Klasik rakı-balık-fasıl üçlemesinden sıkılan, ve mezelere odaklanmak isteyenler için en iyi alternatif.	[('food quality', 'positive', 'mezelere')]
1119:1	Manzara olarak en iyi seçeneği sunmasa da lakerdası başta olmak üzere bütün mezeleri denemeye değer.	[('ambience general', 'neutral', 'Manzara'), ('food quality', 'positive', 'lakerdası'), ('food quality', 'positive', 'mezeleri')]
1119:2	Fıstıklı peynirli meze, buraya özel bir lezzet.	[('food quality', 'positive', 'Fıstıklı peynirli meze')]
1119:3	Kişi başı 60 liraya rakınız ve mezelerinizle güzel bir akşam geçirmeniz garanti.	[('restaurant prices', 'positive', 'Kişi başı'), ('food quality', 'positive', 'mezelerinizle')]
1120:0	Konum itibariyle cok guzel yerde, manzarasi enfes.	[('ambience general', 'positive', 'manzarasi'), ('location general', 'positive', 'Konum')]
1120:1	"Limonatasi kocaman ve lezzetliydi, ""ayvalik tostu""nu yeniden yorumlayarak tamamen farkli bir hale getirmisler, fena degildi."	[('drinks style_options', 'positive', 'Limonatasi'), ('drinks quality', 'positive', 'Limonatasi'), ('food quality', 'neutral', 'ayvalik tostu')]
1120:2	Ancak mekanin en buyuk sıkıntısı hizmet kalitesi, cok cok yavaslar!	[('service general', 'negative', 'hizmet kalitesi')]
1120:3	"Ki bana gore bir mekanda olmasi gereken en onemli ozellik ""hizmet kalitesi"" En buyuk kurtaricisi lokasyon ve muhtesem bogaz manzarasi!"	[('ambience general', 'positive', 'bogaz manzarasi'), ('service general', 'negative', 'hizmet kalitesi'), ('location general', 'positive', 'lokasyon')]
1121:0	Sinirsz kahvalti keyfi için harika bir yer.	[('food quality', 'positive', 'kahvalti')]
1121:1	Manzarasi cok güzel.	[('ambience general', 'positive', 'Manzarasi')]
1121:2	Garsonlar biraz daha güler yüxlü olabilir.	[('service general', 'negative', 'Garsonlar')]
1121:3	40 tl kisi basi.	[('restaurant prices', 'neutral', 'kisi basi')]
1121:4	Zengin bir acik büfe menüsü var.	[('food style_options', 'positive', 'acik büfe menüsü')]
1121:5	Keyifli bir yer.	[('restaurant general', 'positive', 'yer')]
1122:0	Son zamanların benim için en büyük hayal kırıklığı.	[('restaurant general', 'negative', 'NULL')]
1122:1	Bu kadar büyük merakla gelip de yediklerimden bu kadar az haz ettiğim başka bir yer olmadı.	[('food quality', 'negative', 'yediklerimden')]
1122:2	Garson arkadaşlar, mekanın manzarası, hizmet şahane ama lezzet adına söyleyebileceğim çok şey yok.	[('ambience general', 'positive', 'mekanın manzarası'), ('food quality', 'negative', 'lezzet'), ('service general', 'positive', 'Garson arkadaşlar'), ('service general', 'positive', 'hizmet')]
1122:3	Köprü altı yerleri gibi kalamar koydular önümüze.	[('food quality', 'negative', 'kalamar')]
1122:5	Yeşilköy efsanesi burada sürmemiş	[('restaurant general', 'negative', 'burada')]
1123:0	Yıllar önce keyifli mekan sayısı azken sıklıkla tercih ettiğimiz, mekan sayısı arttıkça da geri plana ittiğimiz mekanlardan.	[('restaurant general', 'neutral', 'mekanlardan')]
1123:1	Bahçesi insana huzur veriyordu...	[('ambience general', 'positive', 'Bahçesi')]
1124:0	Manzara guzel servis rezalet , 3 kere soylemeden getirmiyorlar , iki kere degil 5 kere dusunun gelirken	[('ambience general', 'positive', 'Manzara'), ('service general', 'negative', 'servis')]
1125:0	Bir yanı benzinlik bir yanı mezarlık manzaralı ama çokta tutan bir cafe.	[('ambience general', 'negative', 'manzaralı'), ('restaurant general', 'positive', 'cafe')]
1125:1	E5 üstünde olduğu için çabuk direksiyon kırılıp az vakitte çok oturmalık kolaylığı için tercih ettik.	[('location general', 'positive', 'E5 üstünde')]
1125:2	Bahçesi keyifli yemekte çok kötü değildi.	[('ambience general', 'positive', 'Bahçesi'), ('food quality', 'neutral', 'yemekte')]
1125:3	Arkasından içtiğimiz kahve için çok beklesekte fazla beklentisiz bir cafe olduğundan notu 3.5 olarak verdim	[('service general', 'negative', 'beklesekte'), ('restaurant general', 'neutral', 'cafe')]
1126:1	besiktas barbarosta bulunan sampi sabaha kadar acik,gece cani cekenler icin ideal ve paket servisi de var,kapali kasarlisi da cok lezzetli oluyor	[('food quality', 'positive', 'kapali kasarlisi')]
1127:0	Pizzalarini fena bulmadim.	[('food quality', 'neutral', 'Pizzalarini')]
1127:1	Acikcasi cok ayilip bayilani var ama ben daha kalin hamurlu pizzalari seviyorum.	[('food style_options', 'negative', 'pizzalari')]
1127:2	Ama Pizzeria Trio' nun pizzalari da guzel.	[('food quality', 'positive', 'pizzalari')]
1127:4	Eti kotuydu net ama geri kalan urunleri fena sayilmazdi.	[('food quality', 'neutral', 'urunleri'), ('food quality', 'negative', 'Eti')]
1127:5	İnanilmaz bir manzaraya sahip bu arada mekan.	[('ambience general', 'positive', 'manzaraya')]
1127:6	Pizza, sarap, manzara kombini icin gidilebilir.	[('drinks quality', 'positive', 'sarap'), ('ambience general', 'positive', 'manzara'), ('food quality', 'positive', 'Pizza')]
1128:0	Özellikle bahçesini tercih edin giderseniz.	[('ambience general', 'positive', 'bahçesini')]
1128:1	açık alan gayet rahat.	[('ambience general', 'positive', 'açık alan')]
1128:3	içecekler güzel, ama fastfood tarzı atıştırmalık tercih edecekseniz pek tavsiye etmem.	[('drinks quality', 'positive', 'içecekler'), ('food quality', 'negative', 'fastfood tarzı atıştırmalık')]
1128:4	Yemekler fena değil fakat porsiyonlar çok ufak.	[('food quality', 'neutral', 'Yemekler'), ('food style_options', 'negative', 'porsiyonlar')]
1128:6	Fiyat biraz fazla gibi.	[('restaurant prices', 'negative', 'Fiyat')]
1129:0	Burasi eskiden favori yerlerimdendi menüsü degisti ve artik eski menudeki yemeklerin bile tadi ayni degil lezzet olarak cok kötü.	[('food quality', 'negative', 'lezzet')]
1129:1	Lezzet disinda degerlendirirsek hem dis alani bahcesiyle hemde ic alani rahat buyuk koltuklariyla cok keyifli bir mekan	[('ambience general', 'positive', 'ic alani'), ('ambience general', 'positive', 'dis alani bahcesiyle'), ('ambience general', 'positive', 'mekan')]
1130:1	Tadı bir başka aşşkın kuruçeşmenin en iyi mekanı diyebiliriz arkadaşlarla kahve içip sohbet etmek burda bir başka	[('restaurant general', 'positive', 'mekanı')]
1131:0	Kadıköy'ün bira cennetlerinden biri.	[('drinks style_options', 'positive', 'bira')]
1131:1	Eski çalışanları daha iyi ve samimiydi diye düşünüyorum.	[('service general', 'negative', 'çalışanları')]
1131:2	Mevcut çalışanlarının marjinal görünümlerini yadırgamamakla birlikte , bu marjinal görüntü hafiften cool davranışlara kaçıyor, bu da hizmete olumsuz yansıyor.	[('service general', 'negative', 'çalışanlarının')]
1131:3	Daha gülümseyen bir çalışan profili olmalı.	[('service general', 'negative', 'çalışan profili')]
1131:4	Hizmeti ortalama, yemekler ortalama.	[('food quality', 'neutral', 'yemekler'), ('service general', 'neutral', 'Hizmeti')]
1131:5	Yine de bol çeşit bira denemek ve müzik dinlemek için gidilmeli.	[('ambience general', 'positive', 'müzik'), ('drinks style_options', 'positive', 'bira')]
1132:0	Yemekler çok vasat.	[('food quality', 'negative', 'Yemekler')]
1132:1	her zaman çok yoğun.	[('service general', 'negative', 'NULL')]
1132:2	içerde müzikten birbirini duyamıyorsun.	[('ambience general', 'negative', 'müzikten')]
1132:3	servis elemanları kaba.	[('service general', 'negative', 'servis elemanları')]
1132:4	sadece fiyatlar makul.	[('restaurant prices', 'positive', 'fiyatlar')]
1132:5	menü kısıtlı	[('food style_options', 'negative', 'menü')]
1133:0	Cizbiz koftesi , sutis moccachinosu , dtox corbasi ve haftasonu hahvalti zenginligiyle tavsiye edebilecegim bir Mekan manzarasi , ulasim rahatligi konforuyle denemenizi tavsiye Ederim	[('location general', 'positive', 'ulasim'), ('food style_options', 'positive', 'haftasonu hahvalti'), ('food quality', 'positive', 'dtox corbasi'), ('food quality', 'positive', 'Cizbiz koftesi'), ('ambience general', 'positive', 'manzarasi'), ('drinks quality', 'positive', 'sutis moccachinosu')]
1134:0	Sosyal medyada ünlü olduktan sonra kaliteyi düşürmüş mekanlardan bir tanesi.	[('restaurant general', 'negative', 'kaliteyi')]
1134:2	Arkadaşım aşkı memnu söyledi,ben de cheescake söyledim.	[('food quality', 'neutral', 'cheescake'), ('food quality', 'neutral', 'aşkı memnu')]
1134:3	İkisi de durmuş ve kötü kalite malzeme kullanılmıştı.	[('food quality', 'negative', 'malzeme')]
1134:4	En azından adlarıyla özdeşleşmiş tatlılarına özen göstermelerini beklerdim.	[('food quality', 'negative', 'tatlılarına')]
1134:5	Bu manzarada ne versek yerler mantığında bir işletmenin Kuruçeşme'de olmasına çok üzüldüm.	[('restaurant general', 'negative', 'işletmenin')]
1134:6	Önermiyorum, eminim aynı güzellikte manzaraya sahip ama yemekleri müşteriye saygı gereği taze ve iyi malzemeyle yapılmış bir yer bulabilirsiniz civarda.	[('ambience general', 'positive', 'manzaraya'), ('food quality', 'negative', 'yemekleri')]
1135:0	anzarasi harika...	[('ambience general', 'positive', 'anzarasi')]
1135:1	- Burasi haftada bir ugramaya çalistigim ve manzarasina bayildigim bir mekan.	[('ambience general', 'positive', 'manzarasina')]
1135:2	Ancak bir seyler yemek için çok iyi denemez.	[('food quality', 'negative', 'yemek')]
1135:3	Pastalari 3. sinif pastane mamulleri gibi...	[('food quality', 'negative', 'Pastalari')]
1135:4	Ayrica genelde çok kalabalik olmasi nedeniyle yer kapmak için bayagi bir ugrasmak gerekiyor.	[('service general', 'negative', 'yer kapmak')]
1136:0	Servis vasat.	[('service general', 'negative', 'Servis')]
1136:1	Çatal, bıçak pis ve cevizli baklavası şerbetinden insanın midesini bulandiriyor.	[('service general', 'negative', 'Çatal, bıçak'), ('food quality', 'negative', 'cevizli baklavası')]
1136:2	Ayrıca baklava yanmış gibi.	[('food quality', 'negative', 'baklava')]
1136:3	Fıstıklı tatlılar idare eder.	[('food quality', 'neutral', 'Fıstıklı tatlılar')]
1137:0	Karakoyde yer alan sirin bir cafe.	[('restaurant general', 'positive', 'cafe')]
1137:2	Sık sık gelip butun caylardan denemek lazim.	[('drinks quality', 'positive', 'caylardan')]
1137:3	Fiyatlar yuksek ama verdiginiz paraya degiyo	[('restaurant general', 'positive', 'NULL'), ('restaurant prices', 'negative', 'Fiyatlar')]
1137:4	Dekorasyonu cok hos.	[('ambience general', 'positive', 'Dekorasyonu')]
1137:5	Cok rahat koltuklari var.	[('ambience general', 'positive', 'koltuklari')]
1137:6	Oturup saatlerce kaliteli cay esliginde muhabbet edebilirsiniz.	[('drinks quality', 'positive', 'cay'), ('ambience general', 'positive', 'NULL')]
1137:8	Buzlu cay hayatimda ictigim en iyi buzlu caydi.	[('drinks quality', 'positive', 'Buzlu cay')]
1137:9	Seker orani yerindeydi ve cok ferahlatiyordu.	[('drinks quality', 'positive', 'Seker orani')]
1137:10	Cin cayi nin tadi da cok guzeldi.	[('drinks quality', 'positive', 'Cin cayi')]
1137:11	Kavun aromasinin kivami yerindeydi ama ic ic bitmedi bir turlu.	[('drinks quality', 'positive', 'Kavun aromasinin')]
1138:0	Fiyat/Performans olarak gidilebilecek mekanlardan birisi Uzunlar Kebap.	[('restaurant general', 'positive', 'Uzunlar Kebap'), ('restaurant prices', 'positive', 'Fiyat')]
1138:1	Piyasada bulunan kebapçılara göre 1 tık daha iyidir.	[('restaurant general', 'positive', 'NULL')]
1138:2	Haftasonu gezmeleri için de gidilebilir, aç kaldığınızda yemeğimi yiyip hemen kalkayım mantığında da gidebilirsiniz.	[('restaurant general', 'positive', 'gidilebilir')]
1139:0	Berbat bir yer,insanlarin sefil oldugu,göcmen burosuna sıra bekleyen biri gibi hissettim,rezalet...	[('restaurant general', 'negative', 'yer'), ('service general', 'negative', 'sıra')]
1139:1	asla gitmeyin.	[('restaurant general', 'negative', 'NULL')]
1139:2	paranızla rezil olmak isterseniz buyrun derim.	[('restaurant general', 'negative', 'NULL')]
1140:1	Menusundeki hemen hemen hersey oldukca lezzetli.	[('food quality', 'positive', 'hersey')]
1140:2	Ozellikle acik bufe sabah kahvaltisi evinizde yapiyormus gibi keyifli.	[('food quality', 'positive', 'acik bufe sabah kahvaltisi')]
1141:0	Standart bir kahvalti fakat ortam,servis,mekanin konumu çitayi yükseltiyor.	[('ambience general', 'positive', 'konumu'), ('service general', 'positive', 'servis'), ('food quality', 'neutral', 'kahvalti'), ('ambience general', 'positive', 'ortam')]
1141:1	Özellikle servis elemani Sezgin bey 'in isini bu kadar iyi yapmasi ve herkesle esit ayni güler yüzle ilgilenmesi , masalar arasi slalom yaparken hiç bir istegi ikiletmemesi hepimizin sempatisini ve takdirini kazandi.	[('service general', 'positive', 'servis elemani'), ('service general', 'positive', 'ilgilenmesi')]
1141:2	Göksu'da gidilebilecek en hos cafelerden biri bence.	[('restaurant general', 'positive', 'cafelerden')]
1142:0	Geniş bahçesi ve terası ile bu lokasyona yakın arkadaşların yaz akşamlaında açık haavada nargile keyfi yapabilecekleri bir mekan.	[('ambience general', 'positive', 'Geniş bahçesi ve terası'), ('ambience general', 'positive', 'mekan')]
1143:0	Ulasim oldukca kolay.	[('location general', 'positive', 'Ulasim')]
1143:1	Otoparki vale sistemiyle calisiyor.	[('location general', 'neutral', 'Otoparki')]
1143:2	Cevre duzenlemesi okadar guzel yapilmiski daha yemekleri tatmadan iyi geldim diyorsunuz.	[('ambience general', 'positive', 'Cevre duzenlemesi')]
1143:3	Etler , meze, salata ve patates kizartmasi da size kesinlikle aksini dusundurmuyor.	[('food quality', 'positive', 'Etler , meze, salata'), ('food quality', 'positive', 'patates kizartmasi')]
1143:4	Hepsi ayri lezzetli.	[('food quality', 'positive', 'NULL')]
1144:0	Acildigindan beri ara sira gidiyordum.	[('restaurant general', 'neutral', 'NULL')]
1144:2	icin) artik gitmiyorum.	[('restaurant general', 'negative', 'NULL')]
1144:3	Yasaklatanlara hayirli olsun!	[('restaurant general', 'negative', 'NULL')]
1145:0	Vasat - Istanbul'daki kebapçilarla kiyaslayacak olursak gerçekten vasat.	[('food quality', 'neutral', 'NULL')]
1145:1	Ama benim derdim kebap degil yeni bir yer görmek diyorsaniz kesinlikle tavsiye edilir.	[('ambience general', 'positive', 'yer'), ('food quality', 'neutral', 'kebap')]
1145:2	Ancak çok büyük beklentiyle gidilmemeli ki sonra çok üzülmemeli:	[('restaurant general', 'neutral', 'NULL')]
1146:0	Ozel gun yemeklerinizi yiyebileceginiz luks bir restorant.	[('restaurant general', 'positive', 'Ozel gun yemeklerinizi')]
1146:1	Kulbasti ve ozellikle ev yapimi sufleyi tavsiye ediyorum.	[('food quality', 'positive', 'ev yapimi sufleyi'), ('food quality', 'positive', 'Kulbasti')]
1146:2	Rezervasyon sirasinda ozel gununuzu soylediginiz takdirde sampanya ikramlari oluyor bu guzel bir jest	[('service general', 'positive', 'jest'), ('drinks style_options', 'positive', 'sampanya ikramlari')]
1147:0	Yemek servisi ve lezzeti iyi bir restaurant.	[('service general', 'positive', 'Yemek servisi'), ('food quality', 'positive', 'lezzeti')]
1147:1	Servis Süreleri biraz uzun birde bulunduğu mekana ve mekanın fiziksel kalitesine göre fiyatlar pahalı.	[('service general', 'negative', 'Servis Süreleri'), ('restaurant prices', 'negative', 'fiyatlar')]
1147:2	Daha mütevazı menu fiyatları olsa daha sık ziyaret edilebilir	[('restaurant prices', 'negative', 'menu fiyatları')]
1148:0	Çikolatalı baklavasına bayılıyorum kesinlikle en favori tatlım.	[('food quality', 'positive', 'Çikolatalı baklavasına')]
1148:1	Diğer bütün tatlılarının kalitesi ve lezzeti üst seviyede.	[('food quality', 'positive', 'tatlılarının kalitesi ve lezzeti')]
1148:2	Güllüoğlu bu konuda uzman.	[('restaurant general', 'positive', 'Güllüoğlu')]
1149:0	Nusret etin prensi diyorsak bildiğimiz var ki diyoruz.	[('food quality', 'positive', 'etin')]
1149:1	😎 Etleri muhteşem lezzetliydi.	[('food quality', 'positive', 'Etleri')]
1149:2	Evde de aynısını bir aşçı adayı olarak yapsam bile Nusret'inki farklı.	"[('food quality', 'positive', ""Nusret'inki"")]"
1149:3	Kaliteli yemek sevenler mutlaka gitsin denesin.	[('food quality', 'positive', 'yemek')]
1150:0	Jumbo combo ve kola istedim ama börek ve tavuk parçaları dışındaki tatlar bana göre değildi.	[('food quality', 'positive', 'börek ve tavuk parçaları'), ('food quality', 'neutral', 'Jumbo combo ve kola')]
1150:1	Sosları sevmedim ve soğan halkalarının tadı tatlı geldi.	[('food quality', 'negative', 'Sosları'), ('food quality', 'positive', 'soğan halkalarının tadı')]
1150:2	Nachos istemediğime pişman oldum.	[('food quality', 'positive', 'Nachos')]
1150:3	Cumartesi olmasına rağmen sakindi.	[('ambience general', 'positive', 'NULL')]
1150:4	Telefonun şebekesi çekmediği için wifi ye bağlanmak istedim ama oturduğum müddetçe başarılı olmadım.	[('service general', 'negative', 'wifi')]
1150:5	Servis hızlı ve çalışanları pozitifti.	[('service general', 'positive', 'Servis'), ('service general', 'positive', 'çalışanları')]
1150:6	Güzel bir cafe ama maalesef hard rock değil.	[('ambience general', 'negative', 'hard rock'), ('restaurant general', 'positive', 'cafe')]
1151:0	açıkçası çokta tavsiye edilecek bir yer değil bence , press ile yanyana olunca bir orayada bakayim dedim fakat oturmamla kalkmam bir oldu .	[('restaurant general', 'negative', 'yer')]
1151:1	Sadece Türk kahvesi var ve bir sürü çay çeşidi tadlari belki güzeldir ama hem pahali hem gereksiz bir yer bence	[('restaurant general', 'negative', 'yer'), ('restaurant prices', 'negative', 'yer')]
1152:0	Birde burdaki yerini deniyeyim dedim geçenlerde ama tam bir hayal kirikligi garsonlar asiri ilgisiz kebaplar diger subelerine göre basarisiz cok sarimsakli ve rahatsiz edici manzara gibi bir olayi yok bridge 'in tam tersi tarafinda kaldigi icin evlere bakiyor bos bos gitmeye degecek bir yer degil lezzette kötü zaten ilk ve son gidisim olacak fakat servis için göztepe subesi gerçekten güzel salatalari bile paket sekilde gonderiyor .	[('ambience general', 'negative', 'manzara'), ('food quality', 'negative', 'kebaplar'), ('food quality', 'negative', 'lezzette'), ('restaurant general', 'negative', 'NULL'), ('service general', 'negative', 'garsonlar'), ('service general', 'positive', 'göztepe subesi')]
1153:0	Dostlarinizla birlikte gürültüden uzak, bir seyler içme düsüncesindeyseniz birbirinizin sesini rahatlikla duyabileceginiz mükemmel bir yer Limonlu Bahçe.	[('ambience general', 'positive', 'yer')]
1153:1	Bahçesindeki kedilerinin birbirini kovalamasi ise mutluluktan midenizde kelebekler uçurtuyor!	[('ambience general', 'positive', 'Bahçesindeki kedilerinin')]
1153:2	Tek sorun siparisin çok geç gelmesi ve yemeklerin performans-fiyat birlikteliginin tutarli olmamasi	[('food prices', 'negative', 'fiyat'), ('service general', 'negative', 'siparisin')]
1154:0	Popülerliğin etkisiyle kaliteyi düşüren, malzemeyi azaltan bir yer oldu.	[('restaurant general', 'negative', 'NULL'), ('food style_options', 'negative', 'malzemeyi')]
1154:1	Baklavada fıstığı ara ki bulasın.	[('food style_options', 'negative', 'fıstığı')]
1154:2	Paket alınan baklavaların bayat olma ihtimali yüksek, dikkatli olun.	[('food quality', 'negative', 'baklavaların')]
1154:3	Su böreği de kötü.	[('food quality', 'negative', 'Su böreği')]
1154:4	Zaten o kalabalıkta oturmaya o gürültüyü çekmeye bile değmez.	[('ambience general', 'negative', 'NULL')]
1155:0	Normal mekan normal tatlar.	[('food quality', 'neutral', 'tatlar'), ('ambience general', 'neutral', 'mekan')]
1155:1	Övgü üzerine gitmiştik ama fazla beklentiye girince bazen normal bulacağınız şeyi de bepenmeyebiliyorsunuz.	[('restaurant general', 'negative', 'NULL')]
1155:2	Bence istanbulda iyi denilen mekanlarda bile meze probleni var.	[('food quality', 'negative', 'meze')]
1155:3	Sıradan lezzetler.	[('food quality', 'neutral', 'lezzetler')]
1155:4	Burda da aynı durum geçerli işte	[('restaurant general', 'neutral', 'Burda')]
1156:0	Her zaman keyifli - Her zaman keyifle gittigim mekanlardan biri olmustur.	[('restaurant general', 'positive', 'mekanlardan')]
1156:1	Bahçesi çok güzel.	[('ambience general', 'positive', 'Bahçesi')]
1156:2	Misafirlerini çok güzel host ediyorlar.	[('service general', 'positive', 'host ediyorlar')]
1156:3	Canyon Road ve Big Burger her zaman favorimdir.	[('food quality', 'positive', 'Canyon Road'), ('food quality', 'positive', 'Big Burger')]
1157:3	cok yuksek sesle gulup egleniyorlar.	[('ambience general', 'negative', 'NULL')]
1158:0	Ugramadan geçmeyin - Konum olarak güzel bir yere kurulan ve disaridan geçerken görsel olarak içeri çagiran ayrica içeri girildiginde de pisman etmeyen bir mekan.	[('ambience general', 'positive', 'mekan'), ('location general', 'positive', 'Konum')]
1158:1	Burasi oldukça lezzetli yemekler yapiyor ve sunum, hijyen, herkes çok sicak kesinlikle gidilmeli.	[('food quality', 'positive', 'yemekler'), ('service general', 'positive', 'sunum')]
1159:0	Güzel manzara, yetersiz menü - Otagtepe'nin manzarasi çok güzel ancak ne yazik ki bu manzaraya uyacak bir menü zenginligi, yemek kalitesi yok.	"[('ambience general', 'positive', 'manzara'), ('ambience general', 'positive', ""Otagtepe'nin manzarasi""), ('food quality', 'negative', 'yemek'), ('food style_options', 'negative', 'menü')]"
1159:1	Hizmet kalitesi de iyi degil.	[('service general', 'negative', 'Hizmet kalitesi')]
1160:0	Deniz mahsullü pizzası güzel değil.	[('food quality', 'negative', 'Deniz mahsullü pizzası')]
1160:1	Riske girmeden hamburger, wrap, sandviç tarzı bir şey söylemek en mantıklısı.	[('ambience general', 'neutral', 'hamburger, wrap, sandviç')]
1160:2	Ayrıca rezervasyon alıyorlar ki Numnum'sınız siz havanız kime diyesi geliyor insanın.	[('service general', 'negative', 'rezervasyon')]
1161:1	Fırında makarnasını denedim ama çok beğendiğimi söyleyemeyeceğim.	[('food quality', 'negative', 'Fırında makarnasını')]
1162:0	3 aydir haftasonlari ugrak noktamizdi, Kahvehane gibi maç ücreti 10 tl diye yazdilar yaa o gun bizim gozumuzde bitti.	[('restaurant prices', 'negative', 'maç ücreti')]
1162:1	Gidicekler simdiden dikkatli olsun.	[('restaurant general', 'negative', 'NULL')]
1163:0	Mudavimi oldugum diger mekanim, ascisi super yemekler cikariyor isletmecisini cok seviyoruz , balli tavuk salata , yesil mercimek corbasi, kestanesi suflesi ve birbirinden saglikli fresh meyve sulari deneyin derim ,bogazin gobeginde yemeginizi yemenin keyfine varin	[('restaurant general', 'positive', 'mekanim'), ('food quality', 'positive', 'yesil mercimek corbasi'), ('food quality', 'positive', 'kestanesi suflesi'), ('food quality', 'positive', 'balli tavuk salata'), ('drinks quality', 'positive', 'fresh meyve sulari'), ('ambience general', 'positive', 'bogazin gobeginde'), ('service general', 'positive', 'isletmecisini')]
1164:0	Fethipaşa korusunun içinde bulunan manzarasına göre uygun fiyata sahip salaş şık aileye uygun bir mekan.	[('restaurant prices', 'positive', 'fiyata'), ('location general', 'neutral', 'bulunan'), ('ambience general', 'positive', 'manzarasına')]
1164:1	özellikle yaz akşamları terasında semaver çayını denemelisiniz	[('drinks quality', 'positive', 'semaver çayını')]
1165:0	yaz ayları için bahçesi beşiktaş'taki en ferah yer olabilir.	[('ambience general', 'positive', 'bahçesi')]
1165:1	yemekleri lezzetli, servis hızlı ve çalışanlar güler yüzlü.	[('food quality', 'positive', 'yemekleri'), ('service general', 'positive', 'çalışanlar'), ('service general', 'positive', 'servis')]
1165:2	iç dekorasyonu da gayet hoş.	[('ambience general', 'positive', 'iç dekorasyonu')]
1165:3	müzikler de ortam ile uyumlu.	[('ambience general', 'positive', 'müzikler')]
1166:0	Malesef ki sadece pazar günü brunch veren bir yer.	[('food style_options', 'negative', 'brunch')]
1166:1	Kahvaltısını denemediyseniz denemelisiniz çok fazla çeşit var hatta hangisini yesek diye şaşırıyorsunuz.	[('food style_options', 'positive', 'Kahvaltısını')]
1166:2	Saatlerce pazar keyfi yapabilceğimiz bir yer.	[('restaurant general', 'positive', 'yer')]
1166:3	Manzarasına zaten diyecek tek bir kelime yok.	[('ambience general', 'positive', 'Manzarasına')]
1166:4	Böyle bir yerin tabi ki fiyatları Pahalı.	[('restaurant prices', 'negative', 'fiyatları')]
1166:5	Garsonlar ilgili, yemekler güzel	[('food quality', 'positive', 'yemekler'), ('service general', 'positive', 'Garsonlar')]
1167:0	Tuzlanın meşhur balıkçısı.	[('restaurant general', 'positive', 'balıkçısı')]
1167:1	Eskiye nazaran kalitesi oldukça düşük.	[('restaurant general', 'negative', 'kalitesi')]
1167:2	Eskiden mekan daha ufak sınırlı sayıda müşteriye hizmet eden ama kalitesini bozmayan bir yerdi.	[('restaurant general', 'negative', 'yerdi')]
1167:3	Maalesef son 1 senede kalitesinde ve serviste epey sıkıntılı.	[('service general', 'negative', 'serviste'), ('restaurant general', 'negative', 'kalitesinde')]
1168:0	Tatlilari da denenmeli bence.	[('food quality', 'positive', 'Tatlilari')]
1168:1	Manzarasi da ayrica güzeldir.	[('ambience general', 'positive', 'Manzarasi')]
1169:0	Plaza insanı için öğle yemeklerinde bir alternatif kanımca.	[('restaurant general', 'positive', 'alternatif')]
1169:2	Ev yemeklerini hakettiğinden pahalıya sattıklarını düşünüyorum.	[('food prices', 'negative', 'Ev yemeklerini')]
1170:0	Göksunun kenarında çok şirin bir yer.	[('ambience general', 'positive', 'yer')]
1170:1	Yemekleri de gayet lezzetliydi.	[('food quality', 'positive', 'Yemekleri')]
1170:2	Görselliğe pek önem vermedikleri aşikar yine de.	[('ambience general', 'negative', 'Görselliğe')]
1170:3	Ama hizmet konusunda on puan veriyorum	[('service general', 'positive', 'hizmet')]
1171:0	Uzun zamandan sonra yediğim en güzel kofte idi.	[('food quality', 'positive', 'kofte')]
1171:1	hamburgerde çok güzeldi.	[('food quality', 'positive', 'hamburgerde')]
1171:2	roka salatası Güveçte mantarda başarılı idi.	[('food quality', 'positive', 'roka salatası'), ('food quality', 'positive', 'Güveçte mantarda')]
1171:3	biz kahvaltısında denemek üzere tekrar geliriz	[('restaurant general', 'positive', 'NULL')]
1172:0	İstanbul'da daha fazla olması istenen mekanlardan.	[('restaurant general', 'positive', 'mekanlardan')]
1172:1	Dizaynı güzel.	[('ambience general', 'positive', 'Dizaynı')]
1172:2	Kalabalık olduğunda bile çevrenizdeki masalarla iç içe hissettirmeyecek kadar ferah.	[('ambience general', 'positive', 'NULL')]
1172:3	Özellikle Boğaziçi Üniversitesi öğrencilerinin sıkça uğraması gereken bir mekan.	[('restaurant general', 'positive', 'mekan')]
1172:4	Yemek menüsü geliştirilebilir.	[('food style_options', 'negative', 'Yemek menüsü')]
1172:5	Fiyatlar gayet uygun.	[('restaurant prices', 'positive', 'Fiyatlar')]
1173:0	Quattro Stagioni ve Orto'yu denedik ancak beklentilerimizin altında kaldı.	"[('food quality', 'negative', ""Quattro Stagioni ve Orto'yu"")]"
1173:1	Pizzalarından ziyade tiramusu çok daha başarılı.	[('food quality', 'negative', 'Pizzalarından'), ('food quality', 'positive', 'tiramusu')]
1173:2	Bir de dükkanın minyatür haldeki maketi çok tatlı.	[('ambience general', 'positive', 'maketi')]
1174:0	Cok fazla kisiye servis yapildigi icin cok basarili bulmuyorum mezeler dunden kalma gibi etler cok guzel degil yanliz adana kebabi fena degil ama daha iyileri oldugu icin baska yerde denemede fayda var	[('ambience general', 'negative', 'etler'), ('food quality', 'neutral', 'adana kebabi'), ('food quality', 'negative', 'mezeler'), ('service general', 'negative', 'servis')]
1175:0	Orta...	[('restaurant general', 'neutral', 'NULL')]
1175:1	- Ambiansi hos.	[('ambience general', 'positive', 'Ambiansi')]
1175:2	Yemekleri basarili bulmuyorum, burgerler lezzetsiz, fajita için kullandiklari et uygun degil.	[('food quality', 'negative', 'fajita'), ('food quality', 'negative', 'Yemekleri'), ('food quality', 'negative', 'burgerler')]
1175:3	Genelde çok kalabalik oldugu için de servis kosturmaca içinde yapiliyor.	[('service general', 'negative', 'servis')]
1176:0	Kadıköy'de yemek yenecek en iyi yerlerden birisi Happy Moon's.	[('food quality', 'positive', 'yemek')]
1176:1	Günün her saatinde gelinebilir.	[('restaurant general', 'positive', 'NULL')]
1176:2	Servis hızlı sayılır mekan dekorasyonu gerçekten güzel.	[('service general', 'positive', 'Servis'), ('ambience general', 'positive', 'mekan dekorasyonu')]
1177:0	Manzara muhtesem ama servis icin ayni seyi soyleyemeyecegim.	[('service general', 'negative', 'servis'), ('ambience general', 'positive', 'Manzara')]
1177:1	Peynirli omlet ve menemen lezzetliydi ama patates kizartmasi fazla yag cekmisti.	[('food quality', 'positive', 'Peynirli omlet ve menemen'), ('food quality', 'negative', 'patates kizartmasi')]
1177:2	Gelen kahveler de maalesef sogumustu.	[('drinks quality', 'negative', 'kahveler')]
1178:0	Abartildigini düsünüyorum.	[('restaurant general', 'negative', 'NULL')]
1178:1	Getirilen patates kizartmasi için kullanilan yag kaçinci kere kullanilmissa üzerinde siyahlasmis yag kalintilari vardi ve patatesler birakin çitir olmayi hamur gibiydi.	[('food quality', 'negative', 'patates kizartmasi'), ('food style_options', 'negative', 'patatesler')]
1178:2	Domates/salatalik sögüs beklemekten pörsümüstü.	[('food quality', 'negative', 'Domates/salatalik sögüs')]
1178:3	Etrafta kaotik bir hareketlilik yasanmasi yediginizden keyif almanizi zorlastiriyor.	[('ambience general', 'negative', 'Etrafta')]
1178:4	Üzerine ortalama bir döner olunca ben tekrar gidecegimi sanmam.	[('food quality', 'neutral', 'döner'), ('restaurant general', 'negative', 'NULL')]
1179:0	Bayıldığım bir yer mekan çok hoş her mezeyi tatmak gerekli evet keşke fiyatlar daha insani boyutta olsa muhteşem olurdu ama ne yapayım o kadar keyif alıyorum ki verdiğimiz para can acıtmıyor sadece daha seyrek gitmemize sebep oluyor ortam yemekler ve müzik herşey harika	[('ambience general', 'positive', 'müzik'), ('food quality', 'positive', 'mezeyi'), ('food quality', 'positive', 'yemekler'), ('restaurant general', 'positive', 'mekan'), ('restaurant prices', 'negative', 'fiyatlar'), ('ambience general', 'positive', 'ortam')]
1180:0	nadir güllüoglunun yeri güzel bakimli ve taze lezzet sunuyor sadece bana çok sekerli geliyor damak tadimdan kaynaklanabilir hepsini genelde denedim fistikli baklava güzel	[('food quality', 'neutral', 'NULL'), ('location general', 'positive', 'nadir güllüoglunun yeri'), ('food quality', 'positive', 'lezzet'), ('food quality', 'positive', 'fistikli baklava')]
1181:1	Mekanın içine cidden emek harcandığı her halinden belli.	[('ambience general', 'positive', 'Mekanın içine')]
1181:2	Ne kadar yoğun olursa olsun, servis hızlı yenilen her şey çok lezzetli.	[('food quality', 'positive', 'yenilen her şey'), ('service general', 'positive', 'servis')]
1181:3	Pastırmalı yumurta konusunda hala gönlümün tek sultanıdır Sütiş.	[('food quality', 'positive', 'Pastırmalı yumurta')]
1182:0	Hasan Kolcuoğlu çok pahalı diyemem ama hesap yüksek sayılır; ayrıca sözde açık ama aslında kapalı alanında sigara içiliyor.	[('ambience general', 'negative', 'kapalı alanında'), ('restaurant prices', 'negative', 'hesap')]
1182:1	Mezeler çok çeşitli ve lezzetli, metrelik kebabı da güzel, o da gayet lezzetli fakat mecburen fix menü alınıyor.	[('ambience general', 'negative', 'fix menü'), ('food quality', 'positive', 'Mezeler'), ('food style_options', 'positive', 'Mezeler'), ('food quality', 'positive', 'metrelik kebabı')]
1182:2	Para ödeyip istediğini yiyememek biraz gereksiz israfa sebep oluyor, bence değişmeli	[('food style_options', 'negative', 'istediğini')]
1183:0	mantısı ficcini zeytinyağlı mezgiti ile cok guzel yer.	[('food quality', 'positive', 'mantısı ficcini zeytinyağlı mezgiti')]
1183:1	ama meyhane kismina bir kere oturdugumuzda arkadaslarimizi bekliyorduk zorla 10 tane meze getirdiler eger meze istemiyorsak oturamayacagimizi soylediler.	[('service general', 'negative', 'NULL')]
1183:2	terbiyesiz birkac garsonu dışında guzel bir yerdi	[('service general', 'negative', 'garsonu'), ('restaurant general', 'positive', 'yerdi')]
1184:0	Anadolu Yakasi'nda kebap yenebilecek en iyi ve en nezih yerlerden birisi.	[('food quality', 'positive', 'kebap'), ('ambience general', 'positive', 'yerlerden')]
1184:1	Yemekleri ve ozellikle ara sicaklari cok lezzetli.	[('food quality', 'positive', 'ara sicaklari'), ('food quality', 'positive', 'Yemekleri')]
1184:2	Servis cok hizli.	[('service general', 'positive', 'Servis')]
1184:3	Calisanlar guleryuzlu.	[('service general', 'positive', 'Calisanlar')]
1185:0	Cerkez yemekleri sevenler icin guzel bir tercih .	[('food quality', 'positive', 'Cerkez yemekleri')]
1185:1	Ozellikle mantisini cok begenmistim, mezeleri vs lezzetliydi .	[('food quality', 'positive', 'mantisini'), ('food quality', 'positive', 'mezeleri')]
1185:2	Sadece son gittigimde calisanlarin muamelesinden hic hosnut kalmadim, bu konuda daha dikkatli olmalilar.	[('service general', 'negative', 'calisanlarin muamelesinden')]
1186:0	Mekan dekorasyonu çok başarılı.	[('ambience general', 'positive', 'Mekan dekorasyonu')]
1186:1	Mezeler oldukça güzel ve çeşitli.	[('food quality', 'positive', 'Mezeler'), ('food style_options', 'positive', 'Mezeler')]
1186:2	Ancak balıklara gelince bir durdum.	[('food quality', 'negative', 'balıklara')]
1186:3	Bildiğin çiftlik balığı geldi.	[('food quality', 'negative', 'çiftlik balığı')]
1186:4	Daha lezzetli bir ana yemek bekliyordum açıkçası.	[('food quality', 'negative', 'ana yemek')]
1186:5	Fiyatlar ortalama meyhane fiyatlarının üzerinde.	[('restaurant prices', 'neutral', 'Fiyatlar')]
1187:0	Etler güzel, eti az ama öz pişiren nadir yerlerden:	[('food quality', 'positive', 'Etler')]
1188:0	Penne siciliano yedim yerken guzeldi ama sonra yagindan butun gun midem yandi.	[('food quality', 'positive', 'Penne siciliano'), ('food quality', 'negative', 'yagindan')]
1188:1	Arkadasim begendili tavuk yedi o da ayni seyi yasadi.	[('food quality', 'negative', 'begendili tavuk')]
1188:2	Servis, ilgi mukemmel yemekler midede rahatsizlik yaratabiliyor.	[('food quality', 'negative', 'yemekler'), ('service general', 'positive', 'Servis, ilgi')]
1189:0	Yediğim en iyi sahanda yumurta.	[('food quality', 'positive', 'sahanda yumurta')]
1189:1	Yumurtanın neyi güzel demeyin.	[('food quality', 'positive', 'Yumurtanın')]
1189:3	Kavurmalı efsane, saçma demeyin yanında bakır kapta ayranı da için.	[('drinks quality', 'positive', 'ayranı'), ('food quality', 'positive', 'Kavurmalı')]
1190:0	Yemekleri standart , mudur tarzinda kapida bekleyen kisi soguk ve ters birisi...	[('food quality', 'neutral', 'Yemekleri'), ('service general', 'negative', 'kapida bekleyen kisi')]
1190:1	Bize bakan garson yuksek ses ile siparis almasi ayri bir entresan...	[('service general', 'negative', 'garson')]
1191:0	eskiden daha iyiydi.	[('restaurant general', 'negative', 'NULL')]
1191:4	fiyatlar asiri uçmus.	[('restaurant prices', 'negative', 'fiyatlar')]
1191:5	artik lezzete degil popülerligine gidiliyor.	[('food quality', 'negative', 'lezzete')]
1192:0	Konum olaral harika , lezzet olarak iyi ancak gerçekten servis her gidişimde aynı kötülükte hiç ödün vermiyorlar bu konuda.	[('food quality', 'positive', 'lezzet'), ('location general', 'positive', 'Konum'), ('service general', 'negative', 'servis')]
1192:1	Birinin bu sorunu çözmesi gerekir	[('restaurant general', 'negative', 'NULL')]
1193:0	Sıcak, samimi ve içten kütük ev cafe ...	[('ambience general', 'positive', 'ev cafe')]
1193:1	Serpme kahvaltıların vazgeçilmezi oldu bizim için haftasonu buraya gelip keyifli vakit geçirebilirsiniz.	[('food quality', 'positive', 'Serpme kahvaltıların')]
1194:0	Paket olarak dönerlerini aldım, özenle paketlenmişti, uzun bir yolculuk yapmış olmama rağmen açtığımda hala sıcaklığını koruyordu.	[('service general', 'positive', 'paketlenmişti')]
1194:1	Malzemeden kısılmaması ve etinin lezzeti beni çok memnun etti.	[('food style_options', 'positive', 'Malzemeden'), ('food quality', 'positive', 'etinin lezzeti')]
1195:0	"Bir gun once ayni saatte oglen menusu getiren garson, bir gun sonra kustahca ""dun insiyatif alip getirdim ama bundan sonra vermem olur biter"" diyerek getirmedi."	[('service general', 'negative', 'garson')]
1195:1	Kesinlikle gitmeyin, muamele cok kotu.	[('service general', 'negative', 'muamele')]
1196:0	Iftardan sonra çay veya kahve keyfi yapmak için ideal bir yer.	[('drinks quality', 'positive', 'çay veya kahve'), ('ambience general', 'positive', 'yer')]
1196:1	Hem bogazin huzuruyla kendinizi dinlendirebilir, arkadaslarla koyu bir sohbetle uzun saatlerce oturabilir ve canli müzik esliginde keyfinize keyif katabilirsiniz.	[('ambience general', 'positive', 'bogazin'), ('ambience general', 'positive', 'canli müzik')]
1197:0	Fiyatlari gercekten pahali fakat kaliteli ve hos bir mekan ariyorsaniz kesinlikle tercih edilebilir.	[('restaurant prices', 'negative', 'Fiyatlari'), ('restaurant general', 'positive', 'mekan')]
1197:1	Ozellikle begendilerine kattiklari damla sakizi o kadar hos bir aroma veriyor ki anlatamam.	[('food quality', 'positive', 'damla sakizi')]
1197:2	Baslangiclarinin bir cogunu denedik hepside enfes.	[('food quality', 'positive', 'Baslangiclarinin')]
1197:3	Tatli olarak sufleyi tercih ettik ve ona da bayildik.	[('food quality', 'positive', 'sufleyi')]
1197:4	Mukemmel.	[('restaurant general', 'positive', 'NULL')]
1197:5	Tek eksik olarak etin orta pisimisini istememize ragmen cok pismis bir et ile karsilastik.	[('food style_options', 'negative', 'et')]
1198:0	Yıllardır dizaynini aynen koruyan uskudardaki muhteşem yemekleri olan esnaf lokantasi.	[('food quality', 'positive', 'yemekleri')]
1198:1	Esnaf lokantasi na göre fiyatları pahali ve kredi kartı geçmiyor.	[('restaurant prices', 'negative', 'fiyatları'), ('service general', 'negative', 'kredi kartı')]
1198:2	Ancak yemekleri gerçekten çok lezzetli.	[('food quality', 'positive', 'yemekleri')]
1198:3	tatlilardan da irmik helvası ve fırında sutlaci öneririm.	[('food quality', 'positive', 'fırında sutlaci'), ('food quality', 'positive', 'irmik helvası')]
1199:0	Yıllardır İstanbul'daki favori pizzacım.	[('restaurant general', 'positive', 'pizzacım')]
1199:1	Ben gittiğimde bir pizzayı hiç bir zaman kendim bitiremiyorum.	[('food style_options', 'positive', 'pizzayı')]
1199:3	Birden çok pizza denemek adına pizzanın iki yarısını farklı yaptırın derim.	[('food style_options', 'positive', 'pizzanın iki yarısını')]
1200:0	Servis porsiyonlar çok çok kötü.	[('service general', 'negative', 'Servis'), ('food style_options', 'negative', 'porsiyonlar')]
1200:1	Nerde Bebek şubesi nerde burası tek güzel yanı caddenin bir arka sokağında yeşilliklerin içinde bahçesinin olması	[('ambience general', 'positive', 'bahçesinin')]
1201:0	Turk kahvesının ıcınden kocaman böcek çıktı.	[('drinks quality', 'negative', 'Turk kahvesının')]
1201:1	Kahveyı bıtırdığınızde dıbındekı bocekle karsilasiyorsunuz!	[('drinks quality', 'negative', 'Kahveyı')]
1201:2	Yemekleri hesap edin artık!	[('food quality', 'negative', 'Yemekleri')]
1201:3	Bir daha asla!	[('restaurant general', 'negative', 'NULL')]
1202:0	Nedendir bilmiyorum ama burayı çok seviyorum.	[('restaurant general', 'positive', 'burayı')]
1202:1	Lynchburgleri çok güzel.	[('drinks quality', 'positive', 'Lynchburgleri')]
1202:2	Cin li kokteylleri de denemeye değer ama arkadaş bi jager mojito yapamıyorsunuz.	[('drinks quality', 'positive', 'Cin li kokteylleri'), ('drinks quality', 'negative', 'jager mojito')]
1202:3	Otur , 0 !	[('restaurant general', 'negative', 'NULL')]
1203:0	Alkollü içki almadiginiz bir restda adam basi 80/90 tl hesap cookk fazla ,üstelik gayet az yedik .	[('restaurant prices', 'negative', '80/90 tl hesap')]
1203:1	Lezzet iyi ama fiyatla orantili degil ,Porsiyonlar az,personel iyi .	[('service general', 'positive', 'personel'), ('food style_options', 'negative', 'Porsiyonlar'), ('food prices', 'negative', 'fiyatla'), ('food quality', 'positive', 'Lezzet')]
1204:0	Manzara güzel.	[('ambience general', 'positive', 'Manzara')]
1204:1	Kurucesmede olmasına rağmen pek bir derme catma mekan.	[('ambience general', 'negative', 'mekan')]
1204:2	Sıkış Sıkış yerlestirilmis masalardan dolayi ortam çok ugultulu maalesef.	[('ambience general', 'negative', 'ortam')]
1204:3	Çok daha keyifli bir yer olabilirdi.	[('ambience general', 'negative', 'yer')]
1204:4	O gürültü ortamdan sonra tekrar gidecegimi sanmıyorum.	[('ambience general', 'negative', 'ortamdan')]
1204:5	İthal peynir tabağındaki peynirler çok yetersiz, çoğu ithal bile değil.	[('food quality', 'negative', 'İthal peynir tabağındaki peynirler')]
1204:6	Böylesi bir mekan için fiyat ortalamanın üstünde kalmış.	[('restaurant prices', 'negative', 'fiyat')]
1205:0	Açık ortamda yemek isteyenler için güzel bir ortam.	[('ambience general', 'positive', 'ortam')]
1205:1	Bahçesinde sakince yemeğinizi yiyebilirsiniz.	[('ambience general', 'positive', 'Bahçesinde')]
1205:2	Kuzu sisleri ve lahmacunlari guzeldi...	[('food quality', 'positive', 'Kuzu sisleri ve lahmacunlari')]
1205:3	Serviste aksamalar var.	[('service general', 'negative', 'Serviste')]
1205:4	garsonlar sürekli bir şey düşürüyor...	[('service general', 'negative', 'garsonlar')]
1206:0	Kahvaltisi bol cesitli doyurucu hatta genelde biteremiyosunuz fiyati biraz daha uygun olabilirdi calisanlar guler yuzlu ama bulundugu alan ve masalar daha genis olsa daha rahat oturup keyifle kahvaltimizi edebiliriz	[('ambience general', 'negative', 'masalar'), ('service general', 'positive', 'calisanlar'), ('food style_options', 'positive', 'Kahvaltisi'), ('food prices', 'negative', 'fiyati')]
1207:0	Merkezi konumu ve geniş menüsü nedeniyle Kadıköy'de çok tercih edilen, çoğu zaman dışarıda yer bile bulamayacağınız mekan.	[('location general', 'positive', 'konumu'), ('food style_options', 'positive', 'menüsü')]
1207:2	Fakat son iki gidişimde çok pahalanmış buldum.	[('restaurant prices', 'negative', 'pahalanmış')]
1207:3	Yemeklerde bugüne dek bir sıkıntıya rastlamadım, ama çok lezzetli yapıyorlar diyebileceğim bir tek cajun tavuk var.	[('food quality', 'positive', 'cajun tavuk'), ('food quality', 'neutral', 'Yemeklerde')]
1207:4	Şimdilerde gözümde ancak ortalama bir mekan yani.	[('restaurant general', 'neutral', 'mekan')]
1208:0	Tuzla balıkçısının köklü müşterisiyimdir.	[('restaurant general', 'positive', 'Tuzla balıkçısının')]
1208:1	İlk açıldığı günden bu gününe gelir giderim.	[('restaurant general', 'positive', 'NULL')]
1208:2	Fiyatları gayet uygun olan yer bulmanın bir o kadar zor olduğu şirin bir dükkandan buralara kadar kısa bir sürede gelmiş bir mekanımızdır.	[('ambience general', 'positive', 'dükkandan'), ('restaurant prices', 'positive', 'Fiyatları')]
1208:3	Ama maalesef eski lezzet mi?	[('food quality', 'negative', 'lezzet')]
1208:5	Mekan ne kadar çok büyüdüyse kalite o kadar düştü.	[('restaurant general', 'negative', 'kalite')]
1208:6	Ah be Sezgin Abi eski lezzetine hasretiz	[('food quality', 'negative', 'lezzetine')]
1209:0	beşiktaşa otobüsle zincirlikuyudan geldiğinizde gözünüze direk çarpan bir mekan.	[('location general', 'positive', 'mekan')]
1209:1	pideleri iyi hizmetide bence üst kat terası çok daha iyi bütük kalabalık gözünüzün önünden akıyor resmen hemen yanındaki ağaç ilede farklı bir hava katıyor	[('service general', 'positive', 'hizmetide'), ('food quality', 'positive', 'pideleri'), ('ambience general', 'positive', 'üst kat terası')]
1210:0	Bahariyede gezerken yemek yemek icin buraya gelebilirsiniz mekan guzel sik menu de cesitli gayet.	[('ambience general', 'positive', 'mekan'), ('food style_options', 'positive', 'menu')]
1210:1	Fiyatlar da cok pahali degil ortalama duruyordu	[('restaurant prices', 'neutral', 'Fiyatlar')]
1211:0	Cookshop diyince aklima ilk gelen Magnolia oluyor.	[('food quality', 'positive', 'Magnolia')]
1211:1	Buraya gelipte bu tatliyi denemeden gitmeyin.	[('food quality', 'positive', 'tatliyi')]
1211:2	Makarnalardan patlicanli,zeytinli penne guzel.	[('food quality', 'positive', 'patlicanli,zeytinli penne')]
1211:3	Arkadasim lasagne yedi ama pek begenmedi.	[('food quality', 'negative', 'lasagne')]
1211:4	Servisin gelistirilmesi gerek siparis almaya gec geliyorlar.	[('service general', 'negative', 'Servisin'), ('service general', 'negative', 'siparis almaya gec geliyorlar')]
1212:0	Sadece adi num num - Hem Gmall hem Kanyon denedim ama olmadi.	[('restaurant general', 'negative', 'num num')]
1212:1	Yemekler basarisiz, menü zengin, servis de basarili ama ilk açildigindaki lezzet kalitesini bozdu.	[('food quality', 'negative', 'Yemekler'), ('food style_options', 'positive', 'menü'), ('service general', 'positive', 'servis')]
1213:0	Kurufasulye ve Sütlaç - Sürekli gittigim yerlerden biri.	[('food quality', 'positive', 'Kurufasulye ve Sütlaç')]
1213:2	Tereyagini da manzarayla karistirinca, yeme de yaninda yat...	[('food quality', 'positive', 'Tereyagini'), ('ambience general', 'positive', 'manzarayla')]
1213:3	Bir de üzerine bolca findik dökülmüs firin sütlaci yedin mi daha ne olsun.	[('food quality', 'positive', 'firin sütlaci')]
1214:0	Ideal...	[('restaurant general', 'positive', 'NULL')]
1214:1	- Tuzla sahilinde kafede oturup bir seyler içmek için ideal bir yer.	[('location general', 'positive', 'yer')]
1214:2	Künefesi düsündügümden güzelmis.	[('food quality', 'positive', 'Künefesi')]
1214:3	Bir Hatay künefesiyle kiyaslamasam tabi ki ama lezzetliydi.	[('food quality', 'positive', 'künefesiyle')]
1214:4	Çayi, sahlepi, künefesi ve dondurmasi önerilebilir.	[('drinks quality', 'positive', 'sahlepi'), ('drinks quality', 'positive', 'Çayi'), ('food quality', 'positive', 'künefesi ve dondurmasi')]
1214:5	Limonatasi ev yapimi deniyor hatta içinde nane yapragi vs. düz limonata gelince sorduk nane yapragini su anda yok dediler.	[('drinks style_options', 'negative', 'nane yapragi')]
1214:6	Biz sormadan getirdigimizde bilgilendirmesi lazimdi.	[('service general', 'negative', 'bilgilendirmesi')]
1214:8	Yine de Tuzla'da ugrak olunabilecek bir mekan.	[('restaurant general', 'positive', 'mekan')]
1215:0	Mis gibi Uskudar ;) - Dilruba'ya çikis yolu zorlu, yorucu olsa da nargilesi için gidilmeye deger.	[('drinks quality', 'positive', 'nargilesi'), ('location general', 'negative', 'çikis yolu')]
1215:1	Hele kebaplari enfes.	[('food quality', 'positive', 'kebaplari')]
1215:2	Sabahlari ise 100 çesit kahvaltisiyla essiz manzara birlesince insani rahatlatmaya yetiyor.	[('ambience general', 'positive', 'manzara'), ('food style_options', 'positive', 'kahvaltisiyla')]
1215:3	Görülmesi gereken, kaliteli bir yer;)	[('restaurant general', 'positive', 'yer')]
1216:0	Dün ailece essiz lezzetleri tatdigimiz Mabeyn deydik.	[('food quality', 'positive', 'lezzetleri')]
1216:1	Tatlilar muhtesemdi.	[('food quality', 'positive', 'Tatlilar')]
1216:2	Hesap gelene kadar tadimizda çok iyiydi.	[('restaurant prices', 'negative', 'Hesap')]
1216:3	342 TL çok fazla.	[('restaurant prices', 'negative', '342 TL')]
1216:4	Içki servisi kaldirilmis olmasi garibime gitti açikcasi.	[('drinks style_options', 'negative', 'Içki servisi')]
1217:0	Degisik pide türleri caniniz çekiyorsa denenebilir.	[('food style_options', 'positive', 'pide türleri')]
1217:2	eh iste.	[('restaurant general', 'neutral', 'NULL')]
1217:3	ama çok pide yemeyenler için güzel diyebilirim.	[('food quality', 'positive', 'pide')]
1217:4	çorbasi soguk geldi.	[('food quality', 'negative', 'çorbasi')]
1217:5	Tadi pek yoktu.	[('food quality', 'negative', 'Tadi')]
1217:6	suflesi normal.	[('food quality', 'neutral', 'suflesi')]
1217:7	Besiktas ta merkezi yerde.	[('location general', 'positive', 'yerde')]
1218:1	Fakat yemekleri baya standart hatta bazıları bi hayli kotu...	[('food quality', 'negative', 'yemekleri')]
1218:2	Tavsiye edebileceğim tek şeyi dondurması olur sanırım.	[('food quality', 'positive', 'dondurması')]
1219:0	Geniş çay menüsü ve bence alelade demlenen çaylar.	[('drinks style_options', 'negative', 'demlenen'), ('drinks style_options', 'positive', 'çay menüsü')]
1219:1	Kaliteli olabilirler ama ne gramına ne demleme süresine ne de sıcaklığa dikkat edildiğini sanmıyorum.	[('drinks quality', 'positive', 'NULL'), ('drinks style_options', 'negative', 'demleme süresine')]
1219:2	Bir paket çay alabildiğim ücrete daha iyi bir şey beklerdim.	[('drinks prices', 'negative', 'ücrete'), ('drinks quality', 'negative', 'NULL')]
1219:3	Tatlıları için gelinebilir.	[('food quality', 'positive', 'Tatlıları')]
1220:0	"Miss Pizza ""çok iyi"" olmasa da İstanbul'da en iyiler arasında sayılabilir."	[('food quality', 'positive', 'Miss Pizza')]
1220:1	Dışarıda yer vermiyorlar, içerisi boşken yerimiz yok diyorlar, Öğlen 12'den biraz önce gidince daha açılmadık diyorlar vb...	[('service general', 'negative', 'diyorlar')]
1220:2	Yemeği fena olmasa servisi nedeniyle hayatta uğramayacağım yer.	[('food quality', 'neutral', 'Yemeği'), ('restaurant general', 'negative', 'yer'), ('service general', 'negative', 'servisi')]
1220:3	İyi bir kaliteye böyle bir hizmet hiç yakışmıyor.	[('food quality', 'positive', 'kaliteye'), ('service general', 'negative', 'hizmet')]
1220:4	Kullanılan malzemeler çok iyi değil ancak ortalamanın üstü ve hamuru gayet iyi yapıyorlar.	[('food quality', 'positive', 'hamuru'), ('food quality', 'neutral', 'malzemeler')]
1220:5	Pizzaları gayet doyurucu ve çeşitli.	[('food style_options', 'positive', 'Pizzaları')]
1220:6	Değişik tatları tatmak isteyenler için iyi bir alternatif.	[('food style_options', 'positive', 'tatları')]
1220:7	Özellikle kabaklı pizzası gayet başarılı.	[('food quality', 'positive', 'kabaklı pizzası')]
1220:8	Servis konusunda ise ciddi sıkıntıları olduğunu düşündüğüm bir yer.	[('service general', 'negative', 'Servis')]
1220:9	Her seferinde mutlaka bir problemle karşılaşıyoruz.	[('restaurant general', 'negative', 'NULL')]
1220:10	Çalışanlar gerçekten burnundan kıl aldırmıyor.	[('service general', 'negative', 'Çalışanlar')]
1220:11	Çok defa geri dönmüşlüğüm de vardır.	[('restaurant general', 'negative', 'NULL')]
1221:0	Manzara konum çok çok güzel.	[('location general', 'positive', 'konum'), ('ambience general', 'positive', 'Manzara')]
1221:1	Boğazda balık için İstanbul'daki belli başlı yerlerden olmasına rağmen böyle bir manzara için lezzet biraz daha arttiralabilinir diye düşünüyorum.	[('ambience general', 'positive', 'manzara'), ('food quality', 'negative', 'lezzet')]
1221:2	Fiyatlar yüksek ama gerçek boğazda balığın bedeli var, ambians ve konum dolayısı ile fiyatlara laf söylemek doğru değil.	[('location general', 'positive', 'konum'), ('ambience general', 'positive', 'ambians'), ('restaurant prices', 'neutral', 'Fiyatlar')]
1221:3	Boğazda balıklı romantik akşam yemeği için ...	[('ambience general', 'positive', 'romantik akşam yemeği')]
1222:1	Once kirk saat istegimiz soslari bekledik cunku tum soslar baskalari tarafindan kullaniliyordu.	[('service general', 'negative', 'soslari')]
1222:2	Sorum su ki alti ustu bir mayonez ne kadar bulunmasi zor olabilir ya da maliyeti nedir ki bu kadar az alinir?	[('food style_options', 'negative', 'mayonez')]
1222:3	Yemege gelince ise tatsiz tutsuz bir yemekti begenmedik.	[('food quality', 'negative', 'Yemege')]
1222:4	Yemek bitince hadi kalkin tavirlarina girildi.	[('service general', 'negative', 'tavirlarina')]
1222:7	Ozetle uzatmadan musteriye yoluncak kaz gozuyle bakilmaktadir.	[('service general', 'negative', 'musteriye')]
1223:0	Bendemi var bir hoşnutsuzluk anlamadım.	[('restaurant general', 'negative', 'NULL')]
1223:1	Bereketli bir mekan hafta içi,cumartesi kuyruk kapıda.	[('restaurant general', 'positive', 'mekan')]
1223:2	Lakin bir kez soğuk gelen çorbayı garsona söylediğimde hiç oralı olmadı.	[('service general', 'negative', 'garsona')]
1223:3	anlaşılan müessesede bir doymuşluk var.	[('restaurant general', 'neutral', 'müessesede')]
1223:5	Bence orada en leziz olan lavaş.	[('food quality', 'positive', 'lavaş')]
1223:6	lavaş yediriyor gibi.	[('food quality', 'negative', 'yediriyor'), ('food quality', 'positive', 'lavaş')]
1223:7	Döneri çok beni sarmadı.	[('food quality', 'negative', 'Döneri')]
1224:0	En önemli özelliği olan döneri hariç geri kalan her şey iyiydi.	[('food quality', 'negative', 'döneri'), ('restaurant general', 'positive', 'her şey')]
1224:1	Yemek öncesi ikramlar, garsonların ilgisi ve servis hızı güzeldi.	[('service general', 'positive', 'garsonların ilgisi'), ('service general', 'positive', 'ikramlar'), ('service general', 'positive', 'servis hızı')]
1224:2	Ama döneri methedildiği kadar değilmiş.	[('food quality', 'negative', 'döneri')]
1225:0	Manzarası süper, zaten süper olan başka birşeyde yok.	[('restaurant general', 'negative', 'NULL'), ('ambience general', 'positive', 'Manzarası')]
1225:1	Diğer lezzetlerin tamamı standart.	[('food quality', 'neutral', 'lezzetlerin')]
1225:2	Bu lezzetlere göre uygılanan fiyatlarda pahalı bence.	[('food prices', 'negative', 'fiyatlarda')]
1225:3	Manzara parası eklenmiş yiyeceklerin üzerine	[('food prices', 'negative', 'Manzara parası')]
1226:0	Tünel'de ev yemeği yemek için güzel bir alternatif ve lezzetli olsa da rahatlık açısından bana iyi bir hissiyat vermemişti, hemen yemek yiyip kalkmalık mekanlardan çünkü masa sayısı çok az ve masanı yüksek ihtimalle başkalarıyla paylaşıyorsun.	[('ambience general', 'negative', 'rahatlık'), ('food quality', 'positive', 'ev yemeği')]
1226:1	Yine de ayda yılda bir gidilebilir.	[('restaurant general', 'neutral', 'NULL')]
1227:0	Zeytinyagli yemekleri cok basarili ve her yerde olan klasik yemekler yerine farkli tatlar var.	[('food style_options', 'positive', 'tatlar'), ('food quality', 'positive', 'Zeytinyagli yemekleri')]
1227:1	Oldukca da bol kepceden hizmet veriyorlar ve 5cesit zeytinyagli icin 13-14tl oduyorsunuz.	[('food prices', 'positive', '13-14tl'), ('food style_options', 'positive', 'NULL')]
1227:2	ogle yemeklerinde hele de yazin favori yerlerimden,ama maalesef ufak bir mekan oldugu icin yer bulmak zor olabiliyor ama birazcik beklerseniz imkansiz degil	[('food quality', 'positive', 'ogle yemeklerinde'), ('service general', 'negative', 'yer bulmak')]
1228:0	Manzarası süper.	[('ambience general', 'positive', 'Manzarası')]
1228:1	Gerçekten çok güzel bir konumda yer alıyor.	[('location general', 'positive', 'konumda')]
1228:2	Servisi hızlı.	[('service general', 'positive', 'Servisi')]
1228:3	Ne zaman gitsek güler yüzle ayrılıyoruz.	[('restaurant general', 'positive', 'NULL')]
1228:4	Köfteleri de lezzetli.	[('food quality', 'positive', 'Köfteleri')]
1229:0	Taksimin kalabalik dar sokaklarindan kucucuk bir kapidan girip ulastiginiz yemyesil bir bahce adeta kucuk bir supriz :	[('ambience general', 'positive', 'bahce')]
1229:1	) biz burayi cok sevdik cok romantik cok tatli.	[('ambience general', 'positive', 'NULL'), ('restaurant general', 'positive', 'burayi')]
1229:2	Tek kusuru masalar biraz yakin birbirine.	[('ambience general', 'negative', 'masalar')]
1229:3	Kirmizi limonata ve limon vitamin tercih ettik ve ikisine de bayildik.	[('drinks quality', 'positive', 'Kirmizi limonata'), ('drinks quality', 'positive', 'limon vitamin')]
1229:4	Mutlaka gelin gorun.	[('restaurant general', 'positive', 'NULL')]
1230:0	Manzarasi mukkemmel denize sifir olmasi sebebiyle.	[('ambience general', 'positive', 'Manzarasi')]
1230:1	Bahcesi huzurlu.	[('ambience general', 'positive', 'Bahcesi')]
1230:2	İcerisi icin ayni seyi soyleyemiycm temiz bulmuyorum.	[('ambience general', 'negative', 'İcerisi')]
1230:3	Self servis olayi sıkıcı.	[('service general', 'negative', 'Self servis')]
1230:4	Bir yandan iyi pesinizde dolanan garsonlar yok.	[('service general', 'positive', 'garsonlar')]
1230:5	Girip hava almak icin oturabilceginiz br yer.	[('ambience general', 'positive', 'yer')]
1231:0	Çok kalabalık olduğundan pek sohbete uygun değil, ancak mekan gayet güzel, iç kısım çok güzel kokuyor.	[('ambience general', 'positive', 'kokuyor'), ('ambience general', 'positive', 'mekan')]
1231:1	Ama kalabalık ve gürültüden dolayı çok fazla duramadık.	[('ambience general', 'negative', 'NULL')]
1232:0	Eski performansini ariyoruz - Baslarda müptelasi oldugum ama son zamanlarda kalitesi oldukça düsen bir mekan.	[('restaurant general', 'negative', 'mekan')]
1232:1	Ilk kez yiyen için mükemmel ama ilk açildigindaki lezzeti kaybetti.	[('food quality', 'positive', 'NULL'), ('food quality', 'negative', 'lezzeti')]
1233:0	En iyi konumlu ögretmenevi!	[('location general', 'positive', 'konumlu')]
1233:1	- Anadolu Hisari'nin hemen yanindaki Sabanci Ögretmenevi, herkesin kullanimina açik olan bir tesis.	[('restaurant general', 'neutral', 'tesis')]
1233:2	Toplamda 4 salon ve bir kafeteryadan olusan tesiste uygun fiyat hizmet almak ve 4 ayri salonda dügün, nisan, okul yemegi, toplanti gibi organizasyonlar gerçeklestirmek mümkün.	[('restaurant prices', 'positive', 'fiyat')]
1233:3	Kafeteryasinin self servis olmasi bir eksi gibi görünse de Bogaz'daki çay keyfi tartisilmaz!	[('ambience general', 'positive', 'NULL'), ('service general', 'negative', 'self servis')]
1234:0	Tamam yemekler guzel de, pilav da kurufasulye de soguk!	[('food style_options', 'negative', 'pilav da kurufasulye de'), ('food quality', 'positive', 'yemekler')]
1234:1	Cok kalabalik oldugu icin servis de aksiyor tabii, calisanlar bikkin.	[('service general', 'negative', 'servis')]
1234:2	Bir kere gittim, bir daha gitmem.	[('restaurant general', 'negative', 'NULL')]
1235:0	Hani sizi keyifli sohbet ortamlari ile bütünlestiren ve ardindan damakta biraktigi Lezzet ile müdavimi yapan yerler vardir!	[('ambience general', 'positive', 'sohbet ortamlari'), ('food quality', 'positive', 'Lezzet')]
1235:2	Pazar kahvaltilari benim Için mabeyin'dir.	[('food quality', 'positive', 'Pazar kahvaltilari')]
1236:0	Namini duyup gittigim yerlerden ama mezeler gelince ortada nam falan kalmadi malesef.	[('food quality', 'negative', 'mezeler')]
1236:1	Ayrica sacma sapan hesapta gelip sonrasinda bahsisle calisan valenin para diye tutturmasida cabasi.	[('service general', 'negative', 'valenin'), ('restaurant prices', 'negative', 'hesapta')]
1236:2	Begenmedim malesef.	[('restaurant general', 'negative', 'NULL')]
1237:0	Bize mi denk geldi bilmiyorum ama, uzun zamandır yediğim en kötü yemeği burada yedim, üstüne servis de çok çok kötüydü.	[('food quality', 'negative', 'yemeği'), ('service general', 'negative', 'servis')]
1237:1	Menünün hiç bir özelliği yok.	[('food style_options', 'negative', 'Menünün')]
1237:2	Birbirinin kopyası olan, standart kafe yemekleriyle müşteri kazıklamaya çalışan tipik yerlerden biri.	[('restaurant prices', 'negative', 'müşteri'), ('restaurant general', 'negative', 'yerlerden'), ('food style_options', 'negative', 'kafe yemekleriyle')]
1238:0	Hisarüstüne çok yakışan bir bar olmuş iç dizaynını çok güzel yapmışlar ama kış aylarında biraz soğuk olma problemi var :	[('ambience general', 'positive', 'iç dizaynını'), ('ambience general', 'negative', 'kış aylarında')]
1238:1	( 4 tarafı cam olduğu için yeterince ısıtamıyorlar.	[('ambience general', 'negative', 'NULL')]
1238:2	Yılbaşı için 100 liraya sınırsız yabancı alkollü bir etkinlikleri olması da çok güzel :	[('drinks style_options', 'positive', 'yabancı alkollü')]
1239:0	Hamburgerini pek beğenmedim ama diğer yemekleri lezzetli olabilir belki.	[('food quality', 'positive', 'yemekleri'), ('food quality', 'negative', 'Hamburgerini')]
1239:1	Sürekli kalabalık olan bir mekan.	[('ambience general', 'negative', 'mekan')]
1239:3	Kadıköydeki gözde mekanlardan biri	[('restaurant general', 'positive', 'mekanlardan')]
1240:0	Çay denilince akla ilk gelen yer:	[('restaurant general', 'positive', 'yer')]
1240:1	)) 60'a yakın çeşitte çaydan birini mutlaka seviceksiniz:	[('drinks style_options', 'positive', 'çaydan')]
1240:2	) ben karamel aramalı çayı çok sevdim adını hatırlamasamda siz içinde karamel var dediğinizde tek gelicek o olucaktır:	[('drinks quality', 'positive', 'karamel aramalı çayı')]
1240:3	)) mekan inanılmaz keyifli içerdeki koltuklardan kalkmak istemiyor insan:	[('ambience general', 'positive', 'mekan')]
1241:0	Kesinlikle verdiğim puanı hakeden bir mekan.	[('restaurant general', 'positive', 'mekan')]
1241:1	Küçük şirin bir konsepte sahip.	[('ambience general', 'positive', 'konsepte')]
1241:2	Pizza Fagotto favori lezzetim ve daha iyisini yiyene kadar benim için en iyi pizza bu.	[('food quality', 'positive', 'Pizza Fagotto')]
1242:0	Düsen kalite - Eskiden ne çok severdim patlicanli güveç kebabini...	[('restaurant general', 'negative', 'kalite')]
1242:1	Yakinlarda gittim servis berbat.	[('service general', 'negative', 'servis')]
1242:2	Fiyat yüksek, kart geçmiyor...	[('restaurant prices', 'negative', 'Fiyat')]
1242:3	Yine de sorbe dondurmasi güzeldir.	[('food quality', 'positive', 'sorbe dondurmasi')]
1243:0	Kısıklı'ya yakın olan mekanın Şatobiryan isimli etini deneyin.	[('food quality', 'positive', 'Şatobiryan isimli etini')]
1243:2	Özel bir sunumla masanıza geliyor.	[('food style_options', 'positive', 'sunumla')]
1243:3	Bir de mantar çanakları denenebilir.	[('food quality', 'positive', 'mantar çanakları')]
1244:0	Harika manzara, güzel lezzetler - Manzarasi ve yiyecekleri son derece güzel, her çesit yiyecek mevcut ve son derece lezzetli fiyatlari ise çok çok uygun.	[('food style_options', 'positive', 'yiyecekleri'), ('food quality', 'positive', 'lezzetler'), ('ambience general', 'positive', 'manzara'), ('food prices', 'positive', 'fiyatlari')]
1244:1	Halka açik olmasi ise son derece güzel.	[('restaurant general', 'positive', 'Halka açik olmasi')]
1244:2	Çok kalabalik olusu ve yer bulamamak sikinti olsa da gidilmesi gereken yerlerden biri.	[('restaurant general', 'positive', 'yerlerden'), ('ambience general', 'negative', 'yer bulamamak')]
1245:0	Hisarustu'ndeki en genis mekan olmasina ragmen ferah bir yer degil.	[('ambience general', 'negative', 'yer')]
1245:1	Kalabalik gruplar icin uygun, bu acidan buyuk avantaj sagliyor.	[('ambience general', 'positive', 'NULL')]
1245:2	Belli bir saate kadar bistro seklinde olusu da guzel.	[('restaurant general', 'positive', 'bistro seklinde olusu')]
1245:3	Yazin camekan olmasi hos ancak kisin donmustuk.	[('ambience general', 'positive', 'camekan olmasi'), ('ambience general', 'negative', 'NULL')]
1245:4	Ilk kez kıs gecirmesinden midir bilmem ama su da akiyordu tepemizden.	[('ambience general', 'negative', 'NULL')]
1246:0	Kendi biralarindan denenmeli, guzel biralar vardi.	[('drinks quality', 'positive', 'biralar')]
1246:1	Isterseniz denemek icin farkli biralardan kucuk bardaklarda alabiliyorsunuz.	[('drinks style_options', 'positive', 'biralardan')]
1246:2	Keyifli bir ortam ve cok da kalabalik degildi, tavsiye edilir	[('ambience general', 'positive', 'ortam')]
1247:1	Alkol çeşitliliği, yemekleri, dekorasyonu, barmeni, müşteri profili olarak benim için Kadıköy'dekl en iyi mekandır.	[('drinks style_options', 'positive', 'Alkol'), ('service general', 'positive', 'barmeni'), ('ambience general', 'positive', 'müşteri profili'), ('ambience general', 'positive', 'dekorasyonu'), ('food quality', 'positive', 'yemekleri')]
1247:2	Çalışanların, işletmecinin hatta sahibinin misafirperverliği ve samimiyetini başka bir mekanda bulabileceğinizi sanmıyorum.	[('service general', 'positive', 'Çalışanların'), ('service general', 'positive', 'sahibinin'), ('service general', 'positive', 'işletmecinin')]
1247:3	Her daim gidilebilecek bir mekan.	[('restaurant general', 'positive', 'mekan')]
1248:0	Kadıköy'ün kemik mekanı.	[('restaurant general', 'positive', 'mekanı')]
1248:1	Hep klasik kaliteyi bulabilmeniz mümkün.	[('restaurant general', 'positive', 'kaliteyi')]
1248:2	Hafta sonu kahvaltısı için de gönül rahatlığıyla tercih edebileceğiniz bir mekan	[('food quality', 'positive', 'Hafta sonu kahvaltısı')]
1249:0	Ramazan ayında gitme fırsatı buldum yeşillik içinde hoş ve düzgün bir mekan.	[('ambience general', 'positive', 'mekan')]
1249:1	İftar öncesi ve sonrasında güzel müzik ziyafeti sundular.	[('ambience general', 'positive', 'müzik')]
1249:2	Esas konumuz olan yemeklere gelince çok pozitif olamaycağım.	[('food quality', 'negative', 'yemeklere')]
1249:3	ben aynı fiyatlara çok daha lezzetli yemekler yiyorum bu şehirde.	[('food quality', 'negative', 'yemekler')]
1250:0	Mekanı bilmeyeniniz yoktur.	[('restaurant general', 'neutral', 'Mekanı')]
1250:1	Kız kulesi karşısında eşşsiz bir manzara , meşhur olduktan sonra tabiki her yer gibi lezzet kalitesi düşüyor.	[('food quality', 'negative', 'lezzet kalitesi'), ('ambience general', 'positive', 'manzara')]
1251:0	"Telefonla aradığımda rezervasyon alamıyoruz deyip, oraya gittiğimde istediğim masaya ""orası rezerve beyefendi"" diyerek oturtmayan, insanları görünüşüne göre açıkça tersleyen ukala ve sevimsiz garsonlara sahip."	[('service general', 'negative', 'garsonlara')]
1251:1	Big Chefs isminin verdiği güven ve muhitinde rakibi olmaması yüzünden sürekli dolu olabilir ama böyle giderlerse çok müşteri kaybederler.	[('service general', 'negative', 'müşteri')]
1252:0	Hamburgerlerini seviyordum ama son deneyimim beni mutlu etmedi.	[('food quality', 'positive', 'Hamburgerlerini'), ('restaurant general', 'negative', 'NULL')]
1252:1	Bir kez daha sans vereceğim.	[('restaurant general', 'neutral', 'NULL')]
1252:2	Servisi bazen iyi, bazen kötü.	[('service general', 'neutral', 'Servisi')]
1252:3	Mekan tasarımı iyi.	[('ambience general', 'positive', 'Mekan tasarımı')]
1253:1	Ikisi de birbirinden lezzetli.	[('food quality', 'positive', 'Ikisi de')]
1253:2	Hatta sanirim hayatimda yedigim en lezzetli Tavuk Gögsü'nü yedim.	"[('food quality', 'positive', ""Tavuk Gögsü'nü"")]"
1253:4	) Bu arada hizli servis için tesekkür ediyoruz.	[('service general', 'positive', 'servis')]
1253:5	Tatli krizi ancak böyle sahane bastirilabilirdi.	[('food quality', 'positive', 'Tatli')]
1254:0	mekan emniyet mah cafe ve restorant olmak sartiyla iki bölümden olusuyor her ikisinide denedim gayet genel itibari ile güzel bir mekan kuzu bonfilesi güzeldi ilgi normaldi çok kalabalik bir mekan içecekler genel olarak güzeldi giriste mini sarküteride alisverise isik tutuyor güzeldi fiyatlar birazcik fazla	[('service general', 'neutral', 'ilgi'), ('restaurant prices', 'negative', 'fiyatlar'), ('restaurant general', 'positive', 'NULL'), ('restaurant general', 'positive', 'mekan'), ('drinks quality', 'positive', 'içecekler'), ('food quality', 'positive', 'kuzu bonfilesi')]
1255:0	gerçekten bir özelligi olmayan çesidi bol konumu itibari ile talep gören çok sikisik havasiz normal bir mekan fiyatlar hayli yüksek süper bir özelligi olan bir yemegi varsa söyleyin arkadaslar	[('location general', 'positive', 'konumu'), ('restaurant prices', 'negative', 'fiyatlar'), ('ambience general', 'negative', 'mekan')]
1256:0	Servisi ve yemekleri bu kadar kötü restorant bulmak istanbulda zor olsa gerek.	[('service general', 'negative', 'Servisi'), ('food quality', 'negative', 'yemekleri')]
1256:1	Yenmeyecek kadar kötü kebaplari, ukala garsonu ve en lüks restoranda ödeyecegini alkollü yemek fiyatiyla karsilasirsiniz.	[('food quality', 'negative', 'kebaplari'), ('service general', 'negative', 'garsonu'), ('restaurant prices', 'negative', 'fiyatiyla')]
1256:2	Belediye bu isletmenin ruhsatini acil olarak iptal etmelidir.	[('restaurant general', 'negative', 'isletmenin')]
1257:0	Herseyi birakin manzarasi yeter zaten.	[('ambience general', 'positive', 'manzarasi')]
1257:1	Denize sifir hatta oyle ki gecen gemilerden dolayi olusan dalgalar sizi islatir mi acaba diye bir korkuya kapiliyorsunuz ;) kahve ic manzarayi yani bogazi seyret yetti de artti bile.	[('ambience general', 'positive', 'manzarayi')]
1258:0	Sadece manzarası başka bence artı değeri yok.	[('ambience general', 'positive', 'manzarası'), ('restaurant general', 'negative', 'NULL')]
1258:1	O da eğer yer bulabilirseniz.	[('service general', 'negative', 'yer')]
1258:2	Çalışanları çok kaba.	[('service general', 'negative', 'Çalışanları')]
1258:3	Sizi saatlerce sırada bekletip önünüze başkalarını alabiliyor.	[('service general', 'negative', 'sırada')]
1258:4	Passion fruit'lu dondurması ve içeceğini beğendim.	"[('drinks quality', 'positive', 'içeceğini'), ('food quality', 'positive', ""Passion fruit'lu dondurması"")]"
1258:5	Aşşk-ı Memnu vasat bir tada sahip bence.	[('food quality', 'neutral', 'Aşşk-ı Memnu')]
1258:6	Bir daha gider miyim?	[('restaurant general', 'neutral', 'NULL')]
1259:0	Fena değil ama menemen için fiyat yüksek.	[('food quality', 'neutral', 'menemen'), ('food prices', 'negative', 'fiyat')]
1259:1	Bu arada porsiyon da oldukça büyük, iki kişiye rahatlıkla yeter.	[('food style_options', 'positive', 'porsiyon')]
1259:2	Çok sulu olduğu için zaten bol ekmekle yeniyor.	[('food style_options', 'neutral', 'NULL')]
1260:0	Tam anlamiyla harika bir mekan ic mekan konseptiyle tam kis mevsimine uygun ozellikle kisin kahvalti icin guzel bir mekan ariyorsaniz buraya bi ugrayin derim	[('ambience general', 'positive', 'mekan'), ('ambience general', 'positive', 'ic mekan konseptiyle')]
1261:1	Özellikle güzel bir havada gidiyorsanız deniz kıyısındaki masalarında oturmak için epey bi sıra bekleyebilirsiniz.	[('service general', 'negative', 'sıra')]
1261:2	Mekan küçük ama şirin, aşk-ı memnu'yu daha önce hiç bitiremedim ama gerçekten çok güzel bir tadı var.	"[('food quality', 'positive', ""aşk-ı memnu'yu""), ('ambience general', 'positive', 'Mekan')]"
1261:3	Servis sıkıntılıydı, sevemedim.	[('service general', 'negative', 'Servis')]
1261:4	Ayrıca bahsettiğim meşhur tatlı 21 tl	[('food prices', 'neutral', 'tatlı')]
1262:0	Aslında doymuştuk ama gözümüzün açlığından patatesli mantısını da denedik gayet iyiydi ama ekstra bir özelliği yoktu.	[('food quality', 'neutral', 'patatesli mantısını')]
1262:1	İçerisi biraz yemek kokuyordu ve çalışanlarında gereksiz bir negatif enerji vardı.	[('service general', 'negative', 'çalışanlarında'), ('ambience general', 'negative', 'kokuyordu')]
1262:2	İnşallah sadece o güne özgü bir negatifliktir çünkü Fıccın'ın tadı damağımda yine gitmek gerek.	"[('restaurant general', 'negative', 'NULL'), ('restaurant general', 'positive', ""Fıccın'ın"")]"
1262:3	Fiyatlar gayet uygun.	[('restaurant prices', 'positive', 'Fiyatlar')]
1263:0	Bu civarda güzel kahvaltı edilecek yerlerden diye girdik ama durum pek öyle olmadı.	[('restaurant general', 'negative', 'yerlerden')]
1263:1	Menemeni güzel denebilir.	[('food quality', 'positive', 'Menemeni')]
1263:2	Ama kahvaltı seçenekleri zayıf zira fotoğraftaki sözde zengin kahvaltı tabağı karar sizin.	[('food style_options', 'negative', 'kahvaltı')]
1263:3	Zengini buysa normali nasıl olur.	[('food style_options', 'negative', 'NULL')]
1264:0	Çok övülüp merak ettiğimiz ama yine pişman olduğumuz bir yer.	[('restaurant general', 'negative', 'yer')]
1264:1	Bu kadar popülersin o kötü durumdaki mekanı tadilattan geçirmek çok mu zor.	[('ambience general', 'negative', 'mekanı')]
1264:2	Adıyla meşhur menemen yiyeyim dedim domates kabuğu ayıklamaktan hiçbir şey anlamadım.	[('food quality', 'negative', 'menemen')]
1264:3	O kabukları soymak ne kadar zor ki?	[('food style_options', 'negative', 'kabukları')]
1264:5	Sucuklu yumurtasında da sucuklar fazla pişmişti.	[('food quality', 'negative', 'Sucuklu yumurtasında')]
1265:0	Herşeyine kefil Olduğum bir mekan.	[('restaurant general', 'positive', 'mekan')]
1265:1	Garsonlarından aşçılarına kadar çok iyiler burada yediğiniz yemekler ve tabakların taklidi bulabilirsiniz ama bu tadı başka yerde bulamazsınız kardeşler keep calm and eat from Happy Moons	[('food quality', 'positive', 'tadı'), ('service general', 'positive', 'Garsonlarından')]
1266:0	"Adı üzerinde ""menemeni"" ile ünlü, sıcak, samimi, esnaf restoranı."	[('ambience general', 'positive', 'esnaf restoranı')]
1266:1	Menemeni leziz, balı enfes ama çayı için olumlu bir yorum yapamayacağım.	[('food quality', 'positive', 'balı'), ('drinks quality', 'negative', 'çayı'), ('food quality', 'positive', 'Menemeni')]
1266:2	Karşısında da lokantası bulunuyor ama ben size derim ki gidin menemen ve bal kaymakla güzel bir kahvaltı yapın.	[('food quality', 'positive', 'kahvaltı')]
1266:3	Fiyatlar da gayet uygun, ortalamanın altında.	[('restaurant prices', 'positive', 'Fiyatlar')]
1267:0	Sampi, avarajda olsa da, otobüs yolculuğu yapanların mutlaka uğradığı yerdir.	[('restaurant general', 'neutral', 'Sampi')]
1267:1	Pideleri çeşitli, daha çok Karadeniz pidesi türünde.	[('food style_options', 'positive', 'Pideleri')]
1267:2	Özellikle gitmekten öte, denk gelince gidileceklerden bence.	[('restaurant general', 'neutral', 'NULL')]
1268:0	Happy moon's ların yüz karası.	"[('restaurant general', 'negative', ""Happy moon's"")]"
1268:1	Çalışanlar çok kötü.	[('service general', 'negative', 'Çalışanlar')]
1268:2	Lezzet sıfır.	[('food quality', 'negative', 'Lezzet')]
1268:3	Menüde alkol bulundurmayan tek gereksiz happy moon's.	[('drinks style_options', 'negative', 'alkol')]
1268:4	Olduğu sokaktaki siz masada yemek yerken ki yanınıza yapışanlarla da mücedele edemesi cabası.	[('location general', 'negative', 'sokaktaki')]
1269:0	Kis aylarinda tercih sebebi - Özellikle kisin bu kütük evde sahlep içmek oldukça güzeldir.	[('ambience general', 'positive', 'sahlep'), ('ambience general', 'positive', 'kütük evde')]
1269:1	Aparatifleri de açliginizi yaristirmak için birebirdir.	[('food quality', 'positive', 'Aparatifleri')]
1269:2	Nargilesi de mevcut olan mekan genelde hep doludur.	[('drinks style_options', 'positive', 'Nargilesi')]
1270:0	Kuru fasülye için tercih etmek gerek diye düsünülsede tereyagli pilavi çok daha dogal.	[('food quality', 'positive', 'tereyagli pilavi')]
1270:1	Kuru hakikaten lezzetli ama içindeki yagin margarin oldugunu hissediyorum.	[('food quality', 'positive', 'Kuru'), ('food quality', 'negative', 'içindeki yagin')]
1270:2	Bu lezzetlerin yaninda verilen küçük aci biberler bence sofranin favorisi.	[('food style_options', 'positive', 'küçük aci biberler')]
1271:0	((( hayal kirikligi - Uzunlar'a ilk gittigimdeki tadi ikinci gidisimde bulamadim...	[('food quality', 'negative', 'tadi')]
1271:1	Ilk gittigimde çok lezzetli gelen dürüm 2. gidisimde tam bir fiyaskoydu çok yagli oldugundan yiyemedik arkadaslarla aç kaldik resmen :	[('food quality', 'positive', 'dürüm'), ('food quality', 'negative', 'dürüm')]
1271:2	((( Mekanin kalabalik olmasindan mi kaynakliydi bu dikkatsizlik anlam veremedim, bu kadar övgü almasina ragmen böyle olumsuz bir durum ilginç geldi.	[('restaurant general', 'negative', 'durum')]
1272:0	Seyir terasi - Istanbul'u seyretmenin en çok keyif verdigi yerlerden biridir.	[('ambience general', 'positive', 'Seyir terasi'), ('ambience general', 'positive', 'yerlerden')]
1272:1	Manzarasi sakinlestirir ve huzur verir.	[('ambience general', 'positive', 'Manzarasi')]
1272:2	Personel ilgilidir.	[('service general', 'positive', 'Personel')]
1272:3	Burada kendinizi kötü hissetmezsiniz ve mutlu ayrilirsiniz.	[('restaurant general', 'positive', 'Burada')]
1273:0	Lezzetli yemekler, rahat ortam ve uygun fiyatlar.	[('restaurant prices', 'positive', 'fiyatlar'), ('food quality', 'positive', 'yemekler'), ('ambience general', 'positive', 'ortam')]
1273:1	Tek sorunu ulaşımı birazcık sıkıntılı.	[('location general', 'negative', 'ulaşımı')]
1273:2	Özel aracımızla nereden gireceğimizi pek kestiremedik ancak 10 dakikalık bir çaba sonununda mekana ulaştık.	[('location general', 'negative', 'gireceğimizi')]
1273:3	Yemeğin ardından cafe ortamına devam edebilirsiniz.	[('ambience general', 'positive', 'cafe ortamına')]
1273:4	Aynı zamanda Tavla, okey gibi oyunları da oynayabileceğiniz bölümleri var.	[('restaurant general', 'positive', 'Tavla, okey gibi oyunları')]
1273:5	Gayet kullanışlı ve uygun.	[('restaurant general', 'positive', 'NULL')]
1274:0	Yazın daha da güzel olan mekan.	[('restaurant general', 'positive', 'mekan')]
1274:1	en sevdıgım big chef şubesi arkadaşlarınızla keyifli zaman geçireceğiniz bu mekan göksunun incisi tekrar gidiceğinizden emin olabilirsiniz	[('restaurant general', 'positive', 'mekan')]
1275:0	Manzaradan kurtaran bir mekan.	[('ambience general', 'positive', 'Manzaradan'), ('restaurant general', 'negative', 'mekan')]
1275:1	Pek sevmedim acikcasi.	[('restaurant general', 'negative', 'NULL')]
1275:2	Kofteleri de cok cok mukemmel degil.	[('food quality', 'neutral', 'Kofteleri')]
1275:3	Idare eder denilebilir.	[('restaurant general', 'neutral', 'NULL')]
1275:4	Guler yuz yok.	[('service general', 'negative', 'Guler yuz')]
1275:5	Gurultulu ve aksam saatlerinde oldukca kalabalik oluyor.	[('ambience general', 'negative', 'NULL')]
1276:0	Oturduğunuz sürece sürekli patlamış mısır getiriyorlar.	[('service general', 'positive', 'patlamış mısır')]
1276:1	Durmazsanız bir saat içinde yaklaşık 10 kase falan yiyebilirsiniz.	[('food style_options', 'positive', 'yiyebilirsiniz')]
1276:2	Ayrıca en son Premier League maçlarını da veriyorlardı.	[('service general', 'positive', 'Premier League maçlarını')]
1277:0	Kuru fasulyenin lezzetine diyecek söz yok, fiyatlar da makul sayılır ancak mekan düğün salonundan bozma.	[('ambience general', 'negative', 'mekan'), ('food quality', 'positive', 'Kuru fasulyenin lezzetine'), ('restaurant prices', 'positive', 'fiyatlar')]
1277:1	En nihayetinde kuru fasulyeci ancak ortam daha zevkli hale getirilebilir.	[('ambience general', 'negative', 'ortam')]
1278:0	Mekanin konumu çok muhtesem konsept, hizmet ve ürünler vasat.	[('food quality', 'neutral', 'ürünler'), ('location general', 'positive', 'Mekanin konumu'), ('service general', 'neutral', 'hizmet')]
1278:1	- Anadolu hisarinda bir tarafi Göksu Deresi diger tarafi Istanbul Bogazinin akip giden masmavi sulari ama hepsi bu kadar.	[('location general', 'positive', 'Anadolu hisarinda'), ('restaurant general', 'negative', 'NULL')]
1278:2	Ben farkli zamanlarda gittim ama mekanin kimligi enerjisi bana hitap etmiyor...	[('restaurant general', 'negative', 'mekanin kimligi enerjisi')]
1278:3	Mutlaka müdavimleri vardir ama beni çekmiyor.	[('restaurant general', 'negative', 'NULL')]
1278:4	Ama bu mekan iyi bir isletmeci ile söyle iyi bir sekilde elden geçse çok iyi isler çikar buradan...	[('restaurant general', 'positive', 'buradan'), ('service general', 'negative', 'isletmeci')]
1279:0	Konum olarak aslinda çok güzel bir yerde.	[('location general', 'positive', 'Konum')]
1279:1	Belki mekanin üst kisminda otursaydik büyük bir ihtimal manzarada vardir ama biz maalesef otoparkta oturdugumuz için arabadan ve agaçtan bir sey göremedik.	[('ambience general', 'negative', 'otoparkta')]
1279:2	Sanirim ramazana özel bir uygulamaydi bu otoparkta masa.	[('ambience general', 'neutral', 'otoparkta masa')]
1279:3	Eger gidecekseniz özellikle mekanin üst katlarinda olmasini isteyin.	[('ambience general', 'neutral', 'mekanin üst katlarinda')]
1279:4	Lezzet konusunda da aman aman bir lezzeti yoktu.	[('food quality', 'neutral', 'Lezzet')]
1279:5	Manzarasi için giderim diyorsaniz denenebilir.	[('ambience general', 'positive', 'Manzarasi')]
1280:0	Içi gayet sikici, kredi karti geçerli olmayan, çorbayi kase yerine düz tabakta servis eden, personeli asik suratli, etlerin sadece bir parça olarak geldigi ve neden bu kadar meshur oldugunu anlayamadigim gereksiz bir yer.	[('ambience general', 'negative', 'Içi'), ('restaurant general', 'negative', 'yer'), ('service general', 'negative', 'personeli'), ('food style_options', 'negative', 'servis eden')]
1281:0	Son derece kotu servis, anlatilamayacak kadar hizmet sekorunden uzak, baska bir dunyada personel.	[('service general', 'negative', 'servis'), ('service general', 'negative', 'personel')]
1281:1	Bir kebapci icin olmazsa olmaz olan iyi servis ve guleryuzlu ilgili personeli burda hayal bile etmeyin.	[('service general', 'negative', 'personeli'), ('service general', 'negative', 'servis')]
1281:2	"Servis de personel de koca bir ""0"""	[('service general', 'negative', 'personel'), ('service general', 'negative', 'Servis')]
1282:0	servis yavastu .	[('service general', 'negative', 'servis')]
1282:1	garson a nie yavas oldugunu sordugumda 500 kisi var normaldir cvbini aldim.	[('service general', 'negative', 'garson')]
1282:4	kesinlikle tercih etmicem bi daha	[('restaurant general', 'negative', 'NULL')]
1283:0	normal - Pizzalari yeterince ince ama spesifik bir tadi eksik,mekan olarakta cok ozel olmadigindan gidilmesine gerek olmayan bir yer kanimca.	[('ambience general', 'negative', 'mekan'), ('food quality', 'negative', 'tadi')]
1284:0	Rezalet otesi bir mekan.	[('restaurant general', 'negative', 'mekan')]
1284:1	Cok kaba saba garsonlari ve hizmeti olan dandik bir mekan.	[('service general', 'negative', 'garsonlari'), ('restaurant general', 'negative', 'mekan')]
1284:2	Manzarasi disinda tirt, sunumu da berbat gercekten.	[('service general', 'negative', 'sunumu'), ('restaurant general', 'negative', 'NULL'), ('ambience general', 'positive', 'Manzarasi')]
1284:3	Tatli yemek istedik kalkin baska yere oturun dedi terbiyesizler.	[('service general', 'negative', 'terbiyesizler')]
1285:0	Tevazuya gerek yok abartı da değil.	[('restaurant general', 'neutral', 'NULL')]
1285:1	İstanbulun en iyi dönerini yapıyorlar.	[('food quality', 'positive', 'dönerini')]
1285:3	Ancak servis harika 250 kişilik dükkanda herkese yetişiyorlar.	[('service general', 'positive', 'servis')]
1285:4	Dönerin yanındaki patates, salata bile süper.	[('food quality', 'positive', 'patates, salata')]
1285:5	Havuç dilimi tatlı da denenebilir.	[('food quality', 'positive', 'Havuç dilimi tatlı')]
1285:6	Tek eksik ayranı kendilerinin yapmaması.	[('drinks style_options', 'negative', 'ayranı')]
1285:7	Böyle bir yer için el yapımı ayran şart.	[('drinks style_options', 'negative', 'el yapımı ayran')]
1286:0	Mekan çok güzel, menüde 10larca seçenek var ama malesef yemekler lezzetli değil.	[('food style_options', 'positive', 'menüde'), ('ambience general', 'positive', 'Mekan'), ('food quality', 'negative', 'yemekler')]
1286:1	Tüm puanı mekan hakediyor.	[('restaurant general', 'negative', 'puanı'), ('ambience general', 'positive', 'mekan')]
1286:2	Kahve içmek isterseniz güzel bir tercih ama yemek yemek için aynı şeyi söyleyemeyeceğim	[('food quality', 'negative', 'yemek'), ('drinks quality', 'positive', 'Kahve')]
1287:0	Büyük porsiyonlar anca bir normal porsiyon olduğunda küçük pizzalari tavsiye edemem.	[('food style_options', 'negative', 'küçük pizzalari')]
1287:2	Ortam olarak baya küçük bir dükkân ve ortaköye uygun.	[('ambience general', 'positive', 'Ortam')]
1287:3	Hamur biraz fazla inceydi ve peynir daha bol olabilir.	[('food style_options', 'negative', 'Hamur'), ('food style_options', 'negative', 'peynir')]
1287:4	Domates sosu malesef çok zayif kaldi ve pizzanin seviyesini düşürüyor.	[('food style_options', 'negative', 'Domates sosu'), ('food quality', 'negative', 'pizzanin')]
1287:5	Fiyatlar orta ile yüksek arasi.	[('restaurant prices', 'negative', 'Fiyatlar')]
1288:0	Kendi biralarını çoğunluğun aksine pek beğenmedim, hatta ilk defa bir birayı bitiremedim.	[('drinks quality', 'negative', 'biralarını')]
1288:1	Biraz boğucu bir mekan, haftasonlari özellikle çok kalabalık oluyor.	[('ambience general', 'negative', 'mekan')]
1289:0	Kalabalığın içinde hiç beklenmeyecek kadar ferah ve güzel bir mekan.	[('ambience general', 'positive', 'mekan')]
1289:1	Bunun dışında, her ne kadar çoğu zaman talebi karşılamasa da sundukları bira menüsü burayı çok çekici kılıyor.	[('restaurant general', 'negative', 'talebi'), ('drinks style_options', 'positive', 'bira menüsü')]
1289:2	Yemekleri de çeşit konusunda çok zengin değil ama lezzetli.	[('food style_options', 'negative', 'Yemekleri'), ('food quality', 'positive', 'Yemekleri')]
1289:3	Denediklerimizden, Tavuk Schnitzel mükemmel, Tavuklu Wrap harikaydı!	[('food quality', 'positive', 'Tavuklu Wrap'), ('food quality', 'positive', 'Tavuk Schnitzel')]
1289:4	Bir de çeşitli homemade ice tea ve limonataları gerçekten başarılı :	[('drinks quality', 'positive', 'ice tea ve limonataları')]
1290:0	Etleri mezeleri basarili ama porsiyonlar inanilmaz buyuk.	[('food quality', 'positive', 'Etleri mezeleri'), ('food style_options', 'neutral', 'porsiyonlar')]
1290:1	3 kisi 2 kisi icin getirdiklerini rahatlikla yiyebilir.	[('food style_options', 'neutral', 'NULL')]
1290:2	3 gidip 2 kisilik getirin derseniz yiyecekler bu sekilde geliyor ama kisi basina 70tl yaziyorlar cok sacma olmus	[('food prices', 'negative', 'yiyecekler')]
1291:0	5 çayının ideal adresi karaköy'de dem.	[('restaurant general', 'positive', 'dem')]
1291:1	50'den fazla çay çeşidi ile damak zevkinizi bi yerde yakalayacağı kesin!	[('drinks style_options', 'positive', 'çay çeşidi')]
1291:2	Benim tavsiyem vanilya aromalı bourban vanilla, tatlı ihtiyacınız içinse damla sakızlı mastika keki.	[('drinks quality', 'positive', 'bourban vanilla'), ('food quality', 'positive', 'damla sakızlı mastika keki')]
1291:3	Hizmet, ilgi alaka herşey şahane!	[('service general', 'positive', 'Hizmet, ilgi alaka')]
1292:0	iyi ki gittim de yedim dediğim bir şey yok.	[('food quality', 'negative', 'NULL')]
1292:2	oturma yeri de çok yok.	[('ambience general', 'negative', 'oturma yeri')]
1292:3	bu kadar meşhur olması bana garip geldi açıkçası.	[('restaurant general', 'negative', 'NULL')]
1293:0	Manzara severlere...	[('ambience general', 'positive', 'Manzara')]
1293:1	- O manzaraya bu yemekler, bu servis olmamis :	[('ambience general', 'positive', 'manzaraya'), ('food quality', 'negative', 'yemekler'), ('service general', 'negative', 'servis')]
1293:2	(( Üstelik fiyatlarda, yemeklerine nazaran uygun degil.	[('food prices', 'negative', 'fiyatlarda'), ('food quality', 'negative', 'yemeklerine')]
1293:3	Yemekleri için giderseniz memnuniyetsiz ayrilabilirsiniz; ama manzara seviyorsaniz kesin gidilmeli.	[('ambience general', 'positive', 'manzara'), ('food quality', 'negative', 'Yemekleri')]
1294:0	Kadiköy'de gitmekten zevk aldığım mekanlardan birtanesi.	[('restaurant general', 'positive', 'mekanlardan')]
1294:1	English pub tarzında dekorasyona sahip, bira çeşitliliği fazla olan tarz bir mekan.	[('ambience general', 'positive', 'dekorasyona'), ('ambience general', 'positive', 'mekan'), ('drinks style_options', 'positive', 'bira')]
1294:2	Yemek olarak schinitzel ve burger denedik, biranın yanında iyi gitti.	[('food quality', 'positive', 'schinitzel ve burger')]
1294:3	Kış aylarında içeride oturmanızı öneririm dekorasyon ve ortam keyif veriyor...	[('ambience general', 'positive', 'dekorasyon ve ortam')]
1295:0	Dekorasyonu renkleri cok sicak ve sevimli.	[('ambience general', 'positive', 'renkleri'), ('ambience general', 'positive', 'Dekorasyonu')]
1295:1	Ev yemeği yemek isteyenler için ideal bur mekan tek bir şartla ne yiyecegini bilmen lazım çünkü hersey cok lezzetli degil.	[('food quality', 'positive', 'Ev yemeği'), ('food quality', 'negative', 'hersey')]
1295:2	Servis yavas, çalışanların birbirleriyle diyaloglarıni da pek sevmedim.	[('service general', 'negative', 'Servis'), ('service general', 'negative', 'çalışanların')]
1295:3	Mekan kalabalık olduğunda stres kontrolu diye bişey kalmiyor sanirim.	[('service general', 'negative', 'stres kontrolu')]
1296:0	İstanbul şubesi çokta güzel değil çaldıkları müzikler hard rock'tan çok popüler olmuş.	[('ambience general', 'negative', 'çaldıkları müzikler'), ('restaurant general', 'negative', 'İstanbul şubesi')]
1297:0	Arka bahçesi tüm yorgunluğunu alıyor insanın.	[('ambience general', 'positive', 'Arka bahçesi')]
1297:1	Koşuyolunun en iyilerinden kirpi en çok diyet yapanların sevdiği bir mekan çünkü menüsü sağlıklı beslenmeye uygun.	[('food style_options', 'positive', 'menüsü'), ('restaurant general', 'positive', 'iyilerinden')]
1298:0	Masa yerlesimleri pek guzel degil oturma duzeni olmamis.	[('ambience general', 'negative', 'oturma duzeni'), ('ambience general', 'negative', 'Masa yerlesimleri')]
1298:1	Yer bulmak da zor oluyor.	[('service general', 'negative', 'Yer bulmak')]
1298:2	Cok cesitli caylar var ancak fiyatlari biraz yuksek.	[('drinks prices', 'negative', 'fiyatlari'), ('drinks style_options', 'positive', 'caylar')]
1298:3	İngiliz cayi istedigimde sut getirmediler gerekce olarak da kotu oldugunh soylediler garson tersledi hatta	[('service general', 'negative', 'garson')]
1299:0	Kurufasülye ne kadar değişik olabilir demeyin Bizce Kuru'da yediğim kurufasulyeden gelen hafif şekerli tat beni kendine hayran bıraktı resmen.	[('food quality', 'positive', 'Kurufasülye'), ('food quality', 'positive', 'tat')]
1299:1	Tereyağlı pilavları ve tava yoğurdu da çok başarılı.	[('food quality', 'positive', 'tava yoğurdu'), ('food quality', 'positive', 'Tereyağlı pilavları')]
1299:2	Üzerine bal ve fındık dökülmüş sütlaçları çok cezbedici gözükse de sütlaç tadını alamadım daha çok muhallebi gibiydi.	[('food quality', 'negative', 'sütlaç tadını'), ('food style_options', 'positive', 'sütlaçları')]
1299:3	Ayrıca hergun çıkardıkları farklı zeytinyağlı yemekleri de çok başarılı.	[('food quality', 'positive', 'zeytinyağlı yemekleri')]
1299:4	Fiyatlar ortalamanın biraz ustunde malesef.	[('restaurant prices', 'negative', 'Fiyatlar')]
