id	text	labels
Review-g1006565-d2066794_1:1	Lange wachttijd.	[('service general', 'negative', 'wachttijd')]
Review-g1006565-d2066794_1:2	Zelfde dessert, 2 dagen na mekaar.	[('food style_options', 'negative', 'dessert')]
Review-g1006565-d2066794_1:3	Ontbijtbuffet was tip top in orde.	[('food quality', 'positive', 'ontbijtbuffet')]
Review-g1006565-d2066794_1:4	Niet goedkoop!	[('restaurant prices', 'negative', 'NULL')]
Review-g1006565-d2066794_2:3	Maar eens in het kasteelrestaurant aangekomen werd het een feest.	[('restaurant general', 'positive', 'kasteelrestaurant')]
Review-g1006565-d2066794_2:4	Vooreerst de bediening, uitzonderlijk vriendelijk attent niet geforceerd maar echt.	[('service general', 'positive', 'bediening')]
Review-g1006565-d2066794_2:5	Zelden meegemaakt, tussen het personeel was er een heerlijk plagende chemie.	[('service general', 'positive', 'personeel')]
Review-g1006565-d2066794_2:6	Je hebt de keuze tussen een beperkt aantal menus.	[('food style_options', 'negative', 'menus')]
Review-g1006565-d2066794_2:8	Als je uitleg vraagt over dit lekkere rundvlees wordt het vlees op voorhand op een bord aan je voorgesteld.	[('service general', 'positive', 'NULL'), ('food quality', 'positive', 'rundvlees')]
Review-g1006565-d2066794_2:9	Goedkoop is het niet maar wel uitzonderlijk lekker.	[('food quality', 'positive', 'NULL'), ('food prices', 'negative', 'NULL')]
Review-g1006565-d2066794_2:10	Als je geen steak liefhebber bent is er een visalternatief, eend en lam aan aanvaardbare prijzen.	[('food prices', 'positive', 'visalternatief'), ('food prices', 'positive', 'lam'), ('food prices', 'positive', 'eend')]
Review-g1006565-d2066794_2:11	De wijnkaart is een goede selectie van lekkere kwaliteitsvolle wijnen.	[('drinks quality', 'positive', 'wijnen'), ('drinks style_options', 'positive', 'wijnkaart')]
Review-g1006565-d2066794_2:12	Het was lang geleden dat we zo lekker geëten hebben.	[('food quality', 'positive', 'NULL')]
Review-g1006565-d2066794_2:13	Op de grens tussen Nederland en België hebben we uitzonderlijk lekker geëten in een sfeervolle omgeving met een livebandje die de juiste toon vond en ons een heerlijke namiddag hebben bezorgd.	[('food quality', 'positive', 'NULL'), ('ambience general', 'positive', 'omgeving')]
Review-g1006565-d2066794_4:2	Het is een fantastische gelegenheid.	[('restaurant general', 'positive', 'gelegenheid')]
Review-g1006565-d2066794_4:4	Op het landgoed Altembrouck werkt men met verse eerlijke producten.	[('food quality', 'positive', 'producten')]
Review-g1006565-d2066794_4:6	Er is geen menukaart.	[('food style_options', 'negative', 'menukaart')]
Review-g1006565-d2066794_4:7	Op zondag is er een 3 gang menu voor 27,50 wat echt prijs kwaliteit is.	[('restaurant general', 'positive', '3 gang menu'), ('restaurant prices', 'positive', '3 gang menu')]
Review-g1006565-d2066794_4:8	Nadeel is dat er geen menukaart is zelfs geen dagelijkse.	[('food style_options', 'negative', 'menukaart')]
Review-g1006565-d2066794_4:10	Het personeel is zeer vriendelijk en correct zonder stijf te zijn.	[('service general', 'positive', 'personeel')]
Review-g1006565-d2066794_4:13	Verder is, en zeer flexibel 3 pers wilde graag (met bijbetaling) gaan voor het voorgerecht van het paasmenu.	[('service general', 'positive', 'NULL')]
Review-g1006565-d2066794_4:17	Voor rest niets als lof.	[('restaurant general', 'positive', 'NULL')]
Review-g1006565-d2066794_4:18	Zo heerlijk fantasievol opgedient eten in een fijne ambiance.	[('ambience general', 'positive', 'ambiance'), ('food quality', 'positive', 'eten')]
Review-g1006565-d2066794_4:19	Ik kan dit alleen maar aanraden.	[('restaurant general', 'positive', 'NULL')]
Review-g1009379-d1094833_1:1	Spijtig, zo een zaak, prachtig gelegen, goede keuken, maar de vriendelijkheid van de ober is een echte schande en onproffesioneel,	[('food quality', 'positive', 'keuken'), ('location general', 'positive', 'zaak'), ('service general', 'negative', 'ober')]
Review-g1009379-d1094833_2:5	"Het idee om deze mooi avond af te sluiten met een etentje op het terras van ""'t Groot Café"" was een echte afknapper van je welste."	"[('restaurant general', 'negative', ""'t groot café"")]"
Review-g1009379-d1094833_2:6	De ober was juist ontslagen dacht ik.	[('service general', 'negative', 'ober')]
Review-g1009379-d1094833_2:7	Zo onvriendelijk op het boertig af.	[('service general', 'negative', 'NULL')]
Review-g1009379-d1094833_2:8	Blijkbaar werkt hij er nog.sympathieker is hij er zeker niet op geworden.	[('service general', 'negative', 'NULL')]
Review-g1009379-d1094833_2:9	Het eten veel ook niet echt mee of speelde de bediening hier bij een rol.	[('food quality', 'negative', 'eten'), ('service general', 'neutral', 'bediening')]
Review-g1009379-d1094833_2:10	Zo lang die ober daar blijft werken mij niet meer gezien.	[('service general', 'negative', 'ober')]
Review-g1009379-d1094833_3:2	Wat een vreselijke ervaring.	[('restaurant general', 'negative', 'NULL')]
Review-g1009379-d1094833_3:3	De ober was ronduit onbeleefd en deed er alles aan om ons duidelijk te maken dat hij geen zin had om ons te bedienen.	[('service general', 'negative', 'ober')]
Review-g1009379-d1094833_3:4	Toen we zegden: ja, als het te moeilijk is om ons te bedienen, we konden onze zin niet afmaken maar werden toegeschreeuwd door de oor de ober die zich dan omdraaide en weg ging.	[('service general', 'negative', 'ober')]
Review-g1009379-d1094833_3:5	De andere klanten zegden luidop dat het schandalig en ongelooflijk was dat men een groep van 9 mensen zo duidelijk buiten joeg!	[('service general', 'negative', 'NULL')]
Review-g1009379-d1094833_3:7	Als deze zaak het hoofd niet boven water kan houden, ligt het niet aan de crisis!	[('restaurant general', 'negative', 'zaak')]
Review-g1009379-d1094833_3:8	Eigenaar, leer uw personeel manieren.	[('service general', 'negative', 'personeel')]
Review-g1009379-d1094833_4:1	We komen hier vaker eten: degelijke brasserie zonder meer.	[('restaurant general', 'neutral', 'brasserie')]
Review-g1009379-d1094833_4:2	Alles is ok maar je krijgt nooit een echt 'wow-gevoel'.	[('restaurant general', 'neutral', 'NULL')]
Review-g1009379-d1094833_4:4	Kort gezegd: je zal nooit teleurgesteld zijn maar je zal eveneens nooit in de 'wolken' zijn.	[('restaurant general', 'neutral', 'NULL')]
Review-g1081485-d4399506_1:1	De gastvrouw kreeg van ons de vrije keuze aan tapagerechtjes, zij leverde snel aan en alhoewel alles lekker was en van goede kwaliteit, miste ik verfijning.	[('food quality', 'neutral', 'tapagerechtjes'), ('service general', 'positive', 'gastvrouw')]
Review-g1081485-d4399506_1:2	Wij vertelden bij het begin te houden van de combinatie tapa en vis en hier werd helemaal niet op ingegaan: iberico, chorizo, manchego, Russiisch ei, champignons, tomaatjes...., gehaktballetjes in tomatensaus, allemaal lekker, echter niet authentiek...	[('food quality', 'neutral', 'russiisch ei'), ('food quality', 'neutral', 'champignons'), ('food quality', 'neutral', 'chorizo'), ('food quality', 'neutral', 'manchego'), ('food quality', 'neutral', 'iberico'), ('food quality', 'neutral', 'tomaatjes'), ('food quality', 'neutral', 'gehaktballetjes in tomatensaus')]
Review-g1081485-d4399506_1:3	De wijn was lekker, duurste fles nog aan modeste prijs van 30 eur.....	[('drinks quality', 'positive', 'wijn'), ('drinks prices', 'positive', 'wijn')]
Review-g1081485-d4399506_1:4	Dit is dus een leuk adresje voor gezellige babbel en eenvoudige maar toch lekkere tapàs	[('food quality', 'neutral', 'tapàs'), ('restaurant general', 'positive', 'adresje')]
Review-g1081485-d4399506_1:5	Bediening vriendelijk maar gehaast....	[('service general', 'neutral', 'bediening')]
Review-g1081485-d4399506_2:1	Zuiderse sfeer...	[('ambience general', 'neutral', 'sfeer')]
Review-g1081485-d4399506_2:2	Gezellig en lekker.	[('food quality', 'positive', 'NULL'), ('ambience general', 'positive', 'NULL')]
Review-g1081485-d4399506_2:3	Geweldig concept voor een geweldige avond in Spaanse decor!!	[('restaurant general', 'positive', 'concept')]
Review-g1081485-d4399506_2:4	Komen zeker terug	[('restaurant general', 'positive', 'NULL')]
Review-g1081485-d4399506_3:1	Prachtige wijnen en heel gezellig ambiente.	[('ambience general', 'positive', 'ambiente'), ('drinks quality', 'positive', 'wijnen')]
Review-g1081485-d4399506_3:2	Authentieke recepten (als spanje kenners kunnen we dat bevestigen) en alles huisgemaakt (dat proef je!).	[('food quality', 'neutral', 'recepten'), ('food quality', 'positive', 'NULL')]
Review-g1081485-d4399506_3:3	Een aanrader voor een avond uit!	[('restaurant general', 'positive', 'NULL')]
Review-g1081485-d4399506_4:1	Leuk concept, zeer lekkere wijnen en tapas, deze wisselen regelmatig soms zeer goed andere gewoon goed.	[('food quality', 'positive', 'tapas'), ('drinks quality', 'positive', 'wijnen'), ('restaurant general', 'positive', 'concept')]
Review-g1081485-d4399506_4:2	komen steeds terug om een gezellige avond door te brengen met hapje en drankje, de bediening zou soms sneller kunnen, maar bekijk dit als een leuke en ontspannen middag of avond zonder stress	[('service general', 'negative', 'bediening'), ('restaurant general', 'positive', 'NULL')]
Review-g1081485-d803873_1:2	Ook in de periferie zijn er juweeltjes zoals Klein Constantia.	[('restaurant general', 'positive', 'klein constantia')]
Review-g1081485-d803873_1:3	Hoewel eerder gericht op een modaal publiek dat graag een biefstuk eet, presenteert dit restaurant met de regelmaat van de klok smaakparadijzen van schotels voor gastronomen.	[('food quality', 'positive', 'schotels')]
Review-g1081485-d803873_3:1	Gewoonweg het beste restaurant in de buurt!	[('restaurant general', 'positive', 'restaurant')]
Review-g1081485-d803873_3:2	Passie voor eten en bijpassende drank in een gezellig kader.	[('food quality', 'positive', 'NULL'), ('ambience general', 'positive', 'NULL')]
Review-g1081485-d803873_3:3	Anders dan anders maar oh zo lekker!!!!	[('food quality', 'positive', 'NULL')]
Review-g1081485-d803873_4:1	Vroegere bezoeken aan KC waren altijd een culinair hoogtepunt.	[('restaurant general', 'negative', 'kc')]
Review-g1081485-d803873_4:3	De swung is er blijkbaar uit.	[('restaurant general', 'negative', 'NULL')]
Review-g1081485-d803873_4:4	De menukaart is veel te beperkt, suggesties zijn verdwenen, net als de creativiteit op het bord.	[('food style_options', 'negative', 'bord'), ('food style_options', 'negative', 'suggesties'), ('food style_options', 'negative', 'menukaart')]
Review-g1081485-d803873_4:5	Een simpele sla als bijgerecht is niet meteen mijn motivatie om op restaurant te gaan.	[('food style_options', 'negative', 'sla')]
Review-g1081485-d803873_4:6	Amuses die vroeger een leuke entree waren zijn nu beperkt tot een pompoensoepje.	[('food style_options', 'negative', 'amuses')]
Review-g1081485-d803873_4:7	Maar zelfs met deze beperkte kaart (4 hoofdgerechten, 4 voorgerechten en 2 desserts) waren er toch 2 gerechten niet beschikbaar!	[('food style_options', 'negative', 'kaart')]
Review-g1081485-d803873_4:8	Maar zeer vervelend, dit werd bij de presentatie van de menukaart vooraf niet gemeld.	[('service general', 'negative', 'NULL')]
Review-g1081485-d803873_4:9	Zelfs werd dit bij het hoofdgerecht pas gemeld op het moment dat het moest geserveerd worden!	[('service general', 'negative', 'NULL')]
Review-g1081485-d803873_4:10	Hier is de kaart kies maar iets anders.	[('service general', 'negative', 'NULL')]
Review-g1081485-d803873_4:11	Neen, dit zijn 3 stappen achteruit tegenover vroegere bezoeken.	[('restaurant general', 'negative', 'NULL')]
Review-g1081485-d803873_4:12	Als het de keuze is van de eigenaar om te gaan voor een brasserie is dat zijn keuze, maar zoals nu op 2 paarden wedden, dat lukt gewoonweg niet.	[('restaurant general', 'negative', 'NULL')]
Review-g1081485-d803873_4:13	Zeer jammer.	[('restaurant general', 'negative', 'NULL')]
Review-g1081485-d803873_4:14	Positief blijft wel dat de kwaliteit van de producten ok is en de ruime keuze uit de Zuid-Afrikaanse wijnen.	[('food quality', 'neutral', 'producten'), ('drinks style_options', 'positive', 'zuid-afrikaanse wijnen')]
Review-g1120021-d4097420_1:3	Tip top in orde met een glaasje cava met wachtbordje, voorgerecht, hoofdgerecht en dessert of irish koffie.	[('restaurant general', 'positive', 'NULL')]
Review-g1120021-d4097420_1:4	Water en 2 glazen wijn inclusief voor 32€.	[('restaurant prices', 'neutral', 'NULL')]
Review-g1120021-d4097420_1:5	Zeer vriendelijke en vlotte bediening.	[('service general', 'positive', 'bediening')]
Review-g1120021-d4097420_1:6	Een aanrader!	[('restaurant general', 'positive', 'NULL')]
Review-g1120021-d4097420_3:2	Nu is het nog geen brasseriebeoordeling waard.	[('restaurant general', 'negative', 'NULL')]
Review-g1120021-d4097420_3:3	Met gezin (6 personen) gaan eten en viel echt tegen.	[('restaurant general', 'negative', 'NULL')]
Review-g1120021-d4097420_4:1	Lekker broodje met vol-au-vent Aan 8,5€!	[('food quality', 'positive', 'broodje met vol-au-vent')]
Review-g1120021-d4097420_4:2	Duur.	[('food prices', 'negative', 'NULL')]
Review-g1120021-d4097420_4:3	Bediening was niet vriendelijk.	[('service general', 'negative', 'bediening')]
Review-g1120021-d4097420_4:4	Sfeer was ok maar niet zo aangenaam	[('ambience general', 'negative', 'sfeer')]
Review-g1549789-d1745655_1:1	The Village, een echte aanrader!	[('restaurant general', 'positive', 'the village')]
Review-g1549789-d1745655_1:2	Gezellige sfeer, vriendelijke bediening en het eten is TOP!	[('food quality', 'positive', 'eten'), ('service general', 'positive', 'bediening'), ('ambience general', 'positive', 'sfeer')]
Review-g1549789-d1745655_1:3	Romantiek of gezelligheid, even genieten,...alaise!!	[('ambience general', 'positive', 'NULL')]
Review-g1549789-d1745655_1:4	Keep up the good work!	[('restaurant general', 'positive', 'NULL')]
Review-g1549789-d1745655_2:2	Maar moet eerlijk zeggen, het was en blijft hier top om te eten.	[('restaurant general', 'positive', 'NULL')]
Review-g1549789-d1745655_2:3	Mooie aankleding van de zaak, super vriendelijke bediening en voor ieder wat wils op de kaart.	[('food style_options', 'positive', 'kaart'), ('service general', 'positive', 'bediening'), ('ambience general', 'positive', 'zaak')]
Review-g1549789-d1745655_2:4	Wat ik zelf leuk vind om te doen hier is de Tapas schotel, maar ook hun village gras met bijhorende saus, hun mosselen en de legendarische Pelt stoofvlees is super lekker.	[('food quality', 'positive', 'tapas schotel'), ('food quality', 'positive', 'village gras met bijhorende saus'), ('food quality', 'positive', 'pelt stoofvlees'), ('food quality', 'positive', 'mosselen')]
Review-g1549789-d1745655_2:5	Ook de gezelligheid om van in de sofa te zitten of aan de toog te hangen en van een lekkere Cocktail te genieten, het is hier allemaal.	[('ambience general', 'positive', 'NULL'), ('drinks quality', 'positive', 'cocktail')]
Review-g1549789-d1745655_2:6	Tanja, je bent goed bezig!!!!!	[('restaurant general', 'positive', 'tanja')]
Review-g1549789-d1745655_3:1	We wilden met vier personen reserveren voor een hapje te eten bij voorheen de zuiderparel (telefoon deed het meerdere malen niet)!!!!	[('service general', 'negative', 'NULL')]
Review-g1549789-d1745655_3:2	Of ze namen gewoon niet op.	[('service general', 'negative', 'NULL')]
Review-g1549789-d1745655_3:4	En ja er was zeker plaats (3 uur met vier personen in de zaak gezeten) we werden wel zeer goed ontvangen de garcon van dienst was dan ook het enige aansprakelijke in de zaak!	[('service general', 'positive', 'garcon van dienst')]
Review-g1549789-d1745655_3:5	De zaak is mooi maar koel omdat er geen volk te vertoeven was: het eten gewoon SCHANDALIG!!!!	[('food quality', 'negative', 'eten'), ('ambience general', 'neutral', 'zaak')]
Review-g1549789-d1745655_3:6	Sla van de aldi de kwaliteit was slecht en de dressing was al precies maand over datum!	[('food quality', 'negative', 'dressing'), ('food quality', 'negative', 'sla')]
Review-g1549789-d1745655_3:7	De huisbereide garnaal kroketten kwamen van de makro!!!!	[('food quality', 'negative', 'huisbereide garnaal kroketten')]
Review-g1549789-d1745655_3:8	Stond een vrouwelijk personeelslid gewoon te roken in de zaak dit is allemaal jammer en voor ons Wker niet voor herhaling vatbaar.	[('restaurant general', 'negative', 'zaak'), ('service general', 'negative', 'vrouwelijk personeelslid')]
Review-g1549789-d1745655_3:9	maar wel een aanrader mocht je op je privacy gesteld zijn!!!!	[('restaurant general', 'negative', 'NULL')]
Review-g188636-d1227444_1:1	zowel het concept als het Interieur is orgineel.	[('ambience general', 'positive', 'interieur'), ('restaurant general', 'positive', 'concept')]
Review-g188636-d1227444_1:3	Daarom kleine kaart met enkel super verse bordjes.	[('food quality', 'positive', 'bordjes'), ('food style_options', 'neutral', 'kaart')]
Review-g188636-d1227444_1:4	De wijnkeuze is fantastisch en prijs kwaliteit is zeer correct.	[('drinks style_options', 'positive', 'wijnkeuze'), ('restaurant general', 'positive', 'NULL'), ('restaurant prices', 'positive', 'NULL')]
Review-g188636-d1227444_3:1	Leuke sfeer, gemoedelijke ontvangst, de beste steak tartare die we ooit hebben gegeten (de gebakken moet je ook zeker eens proberen!), wijn aangepast aan je eigen smaak,...	[('food quality', 'positive', 'steak tartare'), ('service general', 'neutral', 'ontvangst'), ('ambience general', 'positive', 'sfeer'), ('drinks style_options', 'positive', 'wijn'), ('food quality', 'positive', 'gebakken')]
Review-g188636-d1227444_3:2	Kortom een absolute AANRADER!!	[('restaurant general', 'positive', 'NULL')]
Review-g188636-d1227444_4:1	Geweldig restaurant buiten het echte centrum van Antwerpen.	[('restaurant general', 'positive', 'restaurant')]
Review-g188636-d1227444_4:2	Sublieme, ongedwongen sfeer, weinig couverts (reserveren is noodzakelijk) en een fantastische bediening.	[('service general', 'positive', 'bediening'), ('restaurant miscellaneous', 'neutral', 'couverts'), ('ambience general', 'positive', 'sfeer')]
Review-g188636-d1227444_4:3	Het eten is top (die steak tartaar!) en het is heerlijk om je te laten verrassen door hun wijnkeuze.	[('food quality', 'positive', 'eten'), ('food quality', 'positive', 'steak tartaar'), ('drinks style_options', 'positive', 'wijnkeuze')]
Review-g188636-d1227444_4:4	Geen goedkope zaak, maar prijs/kwaliteit zeer correct.	[('restaurant prices', 'neutral', 'zaak'), ('restaurant general', 'positive', 'zaak')]
Review-g188636-d1227444_4:5	Een absolute aanrader!	[('restaurant general', 'positive', 'NULL')]
Review-g188636-d1790921_1:3	De koffies en warme choco waren naar mijn mening veel te duur geprijsd en werden te koud opgediend.	[('service general', 'negative', 'koffies en warme choco'), ('drinks prices', 'negative', 'koffies en warme choco')]
Review-g188636-d1790921_1:4	Lauwe koffie is gewoon niet accepteerbaar.	[('drinks quality', 'negative', 'koffie')]
Review-g188636-d1790921_1:6	Geeft ook geen goede indruk dat je toog vol afwas staat van de afgelopen uren terwijl er ca 8 mensen in de zaak aanwezig zijn.	[('service general', 'negative', 'NULL')]
Review-g188636-d1790921_1:7	Mij zien ze hier niet meer.	[('restaurant general', 'negative', 'NULL')]
Review-g188636-d1790921_1:8	Portie taart was voldoende groot en daar viel op zich weinig op aan te merken.	[('food style_options', 'neutral', 'taart'), ('food quality', 'neutral', 'taart')]
Review-g188636-d1790921_2:1	Enig adresje waar je lekkere pastrami kan eten, wordt geserveerd met een speciaal sausje en op dikke sneden brood.	[('food quality', 'neutral', 'sausje'), ('food quality', 'positive', 'pastrami'), ('food style_options', 'neutral', 'brood')]
Review-g188636-d1790921_2:2	Ook de koffie is er lekker en er heerst een gezellige sfeer.	[('ambience general', 'positive', 'sfeer'), ('drinks quality', 'positive', 'koffie')]
Review-g188636-d1790921_2:3	Leuk om te lunchen.	[('restaurant general', 'positive', 'NULL')]
Review-g188636-d1790921_3:1	Heerlijk gegeten bij caffe internazionale.	[('food quality', 'positive', 'NULL')]
Review-g188636-d1790921_3:2	Na bij het hotel uitgecheckt te hebben zijn we naar het gezellige cafe getogen.	[('ambience general', 'positive', 'cafe')]
Review-g188636-d1790921_3:3	Hier hebben we uitgebreid ontbeten en van een goede kop koffie genoten.	[('food style_options', 'positive', 'NULL'), ('drinks quality', 'positive', 'koffie')]
Review-g188636-d1790921_3:4	De kwaliteit van het eten was heerlijk en net als de sfeer alsof je bij vrienden thuis o bezoek was.	[('food quality', 'positive', 'eten'), ('ambience general', 'positive', 'sfeer')]
Review-g188636-d1790921_3:5	De bediening was vriendelijk en correct.	[('service general', 'positive', 'bediening')]
Review-g188636-d1790921_3:6	Een absolute aanrader voor lekker ontbijt, bruch en/of koffie!	[('restaurant general', 'positive', 'NULL')]
Review-g188636-d3907081_1:1	De keuken van à L'infintise is een unieke ervaring in geheel Antwerpen.	"[('food quality', 'positive', ""keuken van à l'infintise"")]"
Review-g188636-d3907081_1:2	Voor een schappelijke prijs serveert de chef ons zijn culinaire creaties waar zijn persoonlijke stijl tot zijn recht komt.	[('food prices', 'positive', 'culinaire creaties')]
Review-g188636-d3907081_1:3	Marc is een kunstenaar die weet om te gaan met de smaken en uiterlijk van lekker eten.	[('service general', 'positive', 'marc'), ('food quality', 'positive', 'eten'), ('food style_options', 'positive', 'eten')]
Review-g188636-d3907081_4:2	Het concept is zeer origineel.	[('restaurant general', 'positive', 'concept')]
Review-g188636-d3907081_4:3	Het eten is fantastisch, zeer creatief, lekker, ik heb er geen woorden voor.	[('food quality', 'positive', 'eten')]
Review-g188636-d3907081_4:4	Vriendelijke service.	[('service general', 'positive', 'service')]
Review-g188636-d3907081_4:5	Ik kom hier graag terug.	[('restaurant general', 'positive', 'NULL')]
Review-g188636-d3907081_4:6	Spijtig dat de wachttijden zo lang zijn.	[('service general', 'negative', 'wachttijden')]
Review-g188636-d3907081_4:8	Voor mij verdient de chef 4 sterren.	[('food quality', 'positive', 'chef')]
Review-g188636-d4080718_1:1	Leuk ingericht, genoeg keuze, goed prijs/kwaliteitverhouding.	[('restaurant general', 'positive', 'NULL'), ('restaurant prices', 'positive', 'NULL'), ('food style_options', 'neutral', 'keuze'), ('ambience general', 'positive', 'NULL')]
Review-g188636-d4080718_2:2	De ontvangst was zéér vriendelijk en hartelijk.	[('service general', 'positive', 'ontvangst')]
Review-g188636-d4080718_2:3	Het voorgerecht was héél lekker, de hoofdschotel ook.	[('food quality', 'positive', 'hoofdschotel'), ('food quality', 'positive', 'voorgerecht')]
Review-g188636-d4080718_2:4	Verschillende superlekkere gerechtjes met rijst apart.	[('food quality', 'positive', 'gerechtjes')]
Review-g188636-d4080718_2:5	Heel veel groenten.	[('food style_options', 'positive', 'groenten')]
Review-g188636-d4080718_2:6	Zeker voldoende voor 2 pers. enig minmuntje: wat weinig kip en scampi's.	"[('food style_options', 'positive', 'NULL'), ('food style_options', 'negative', 'kip'), ('food style_options', 'negative', ""scampi's"")]"
Review-g188636-d4080718_2:7	Het nagerechtje was wat taai en geen verse chocoladesaus.	[('food quality', 'negative', 'nagerechtje'), ('food quality', 'negative', 'chocoladesaus')]
Review-g188636-d4080718_2:9	Bediening SUPER vriendelijk.	[('service general', 'positive', 'bediening')]
Review-g188636-d4080718_2:11	De kaart is zéér uitgebreid, wij komen zeker en vast terug!	[('food style_options', 'positive', 'kaart'), ('restaurant general', 'positive', 'NULL')]
Review-g188636-d4080718_2:12	Er zou juist een nieuwe eigenaar zijn, vandaar misschien het positieve dat hij betracht.	[('service general', 'positive', 'nieuwe eigenaar')]
Review-g188636-d4170392_1:1	Het is een klein leuk restaurantje en ze serveren prima sushi maar daar is het ook mee gezegd.	[('food quality', 'positive', 'sushi'), ('ambience general', 'positive', 'restaurantje')]
Review-g188636-d4170392_1:2	Vaak hoort er een speciaal sausje bij maar dat krijg je hier niet.	[('service general', 'negative', 'NULL')]
Review-g188636-d4170392_1:3	Je krijgt 2 uur de tijd om je 5 rondes te bestellen maar binnen die 2 uur haal je maar net 3 rondes omdat het zo verschrikkelijk lang duurt.	[('service general', 'negative', 'NULL')]
Review-g188636-d4170392_1:4	Circa 30 minuten vanaf bestelling.	[('service general', 'negative', 'NULL')]
Review-g188636-d4170392_1:5	Daarnaast vliegen er rondom de bar allemaal vieze vliegjes dus daar zou ik niet in de buurt gaan zitten.	[('ambience general', 'negative', 'bar')]
Review-g188636-d4170392_1:6	De dame was wel vriendelijk en we mochten zelfs tijdens de drukte van tafel wisselen.	[('service general', 'positive', 'dame')]
Review-g188636-d4170392_2:2	Maar als het wat drukker wordt hebben de mensen in zowel de keuken als de bediening handen te kort.	[('service general', 'negative', 'mensen')]
Review-g188636-d4170392_2:3	Wel proberen de mensen jou met de glimlach te helpen waar ze kunnen.	[('service general', 'positive', 'mensen')]
Review-g188636-d4170392_2:4	De tafels lijken niet altijd even proper, en hier en daar is er wel iets aan vervanging toe (zoals een krakende luidspreker).	[('ambience general', 'negative', 'tafels')]
Review-g188636-d4170392_2:6	Het eten is echt lekker.	[('food quality', 'positive', 'eten')]
Review-g188636-d4170392_2:7	Zoveel verschillende keuze, en de smaken zitten goed.	[('food quality', 'positive', 'smaken'), ('food style_options', 'positive', 'keuze')]
Review-g188636-d4170392_2:8	Het concept op zich lijkt misschien eerst een beetje vreemd, en velen denken dat ze niet genoeg zullen hebben.	[('restaurant general', 'negative', 'concept')]
Review-g188636-d4170392_3:1	Eten is perfect, we zijn er dol op en hebben ervan genoten en we komen ooit nog terug zonder twijfel!	[('restaurant general', 'positive', 'NULL'), ('food quality', 'positive', 'eten')]
Review-g188636-d4170392_3:2	We mochten zoooveel eten, perfect!!!!	[('food style_options', 'positive', 'eten')]
Review-g188636-d4170392_4:1	Shusi's zijn goed al moet men zelf kunnen beslissen of er wasabi en/of peper op zit.	"[('food quality', 'neutral', ""shusi's"")]"
Review-g188636-d4170392_4:2	Warme gerechten komen uit magnetron vooral de spiezen en spareribs waren onsmakelijk.	[('food quality', 'negative', 'spareribs'), ('food quality', 'negative', 'spiezen'), ('food quality', 'negative', 'warme gerechten')]
Review-g188636-d4170392_4:3	Als je een frequent shusi eeter bent sla deze zaak dan over.	[('restaurant general', 'negative', 'zaak')]
Review-g188636-d4562380_1:1	Aangetrokken door het leuke terras aan de straatzijde en de heerlijke kazen in de vitrine, besloten een lunch te doen in deze zaak.	[('food quality', 'positive', 'kazen'), ('ambience general', 'positive', 'terras')]
Review-g188636-d4562380_1:2	Geen menukaart, maar gewoon kiezen tussen de lekkernijen in de koeltoog, ik nam een tortellini met pancetta aangeprezen door de uitbater, superlekker!	[('food quality', 'positive', 'tortellini met pancetta')]
Review-g188636-d4562380_1:3	Dit in combinatie met fijne muziek op de achtergrond en een heerlijk glas wit voor voor een zeer correcte prijs.	[('ambience general', 'positive', 'muziek'), ('drinks quality', 'positive', 'wit'), ('drinks prices', 'positive', 'wit')]
Review-g188636-d4562380_1:4	Zeker te proberen!	[('restaurant general', 'positive', 'NULL')]
Review-g188636-d4562380_2:2	Leuk adres voor n lunch maar ook voor iets lekkers te halen om thuis te eten of n lekker glas wijn te drinken met n assortimentje kaas erbij!	[('drinks quality', 'positive', 'wijn'), ('food quality', 'positive', 'iets lekkers'), ('restaurant general', 'positive', 'adres')]
Review-g188636-d4562380_2:4	Daarom zin de prijzen ook zeer democratisch!	[('restaurant prices', 'positive', 'NULL')]
Review-g188636-d4562380_2:5	Alles wordt op nog artisanale wijze bereid!	[('food quality', 'positive', 'NULL')]
Review-g188636-d4562380_2:6	Probeer ook eens een van de zalige taarten of quiches, ze zijn om de vingers bij af te likken!	[('food quality', 'positive', 'quiches'), ('food quality', 'positive', 'taarten')]
Review-g188636-d4562380_2:7	Kortom, een absolute aanrader!	[('restaurant general', 'positive', 'NULL')]
Review-g188636-d4562380_3:1	De mooie locatie (Sint Jorispoort) trok ons naar het terrasje.	[('location general', 'positive', 'sint jorispoort')]
Review-g188636-d4562380_3:2	Maar de bediening sloeg hier alles.	[('service general', 'negative', 'bediening')]
Review-g188636-d4562380_3:3	Het leek alsof we de kok stoorden, hoewel er naast ons niemand was.	[('service general', 'negative', 'kok')]
Review-g188636-d4562380_3:4	Hij moest ons dan ook duidelijk maken dat een bepaald gerecht niet te verkrijgen was omdat hij bezig was.	[('service general', 'negative', 'NULL')]
Review-g188636-d4562380_3:5	Er werd over ons heen gekeken.	[('service general', 'negative', 'NULL')]
Review-g188636-d4562380_3:6	"Een blik, een glimlach, een ""smakelijk"" of ""dankuwel"" waren ver te zoeken."	[('service general', 'negative', 'NULL')]
Review-g188636-d4562380_3:9	Het enige waarvan we de prijs niet hadden gevraagd (5 euro voor een glas wijn konden we nog aanvaarden) was een stukje focaccia van 5x5 cm oftwel 3 happen.	[('food style_options', 'negative', 'focaccia'), ('drinks prices', 'neutral', 'wijn')]
Review-g188636-d4562380_3:10	Dit kwam per stuk neer op maar liefst 8 euro.	[('food prices', 'negative', 'NULL')]
Review-g188636-d4562380_3:11	Wat de smaak betreft, waarmee zo gedweept wordt, was m'n soep even flauw als in de doorsnee brasseriekeuken.	[('food quality', 'negative', 'soep')]
Review-g188636-d4562380_3:12	De focaccia was lekker, maar dat mag wel voor een fortuin.	[('food quality', 'positive', 'focaccia'), ('food prices', 'negative', 'focaccia')]
Review-g188636-d4562380_3:13	Bon, benieuwd hoe lang deze omhooggevallen zaak stand houdt...	[('restaurant general', 'negative', 'zaak')]
Review-g188636-d4562380_4:1	Als je op zoek bent naar een originelere plaats om 's middags te lunchen, ben je hier aan het juiste adres.	[('ambience general', 'positive', 'plaats')]
Review-g188636-d4562380_4:2	De winkel met open keuken is mooi ingericht en de uitbater is zeer vriendelijk en behulpzaam bij het kiezen van de maaltijd.	[('service general', 'positive', 'uitbater'), ('ambience general', 'positive', 'winkel met open keuken')]
Review-g188636-d4562380_4:3	Elke dag zijn er dagvers bereide soepen, lichte maaltijd-gerechten, quiches en er is ook een ruim aanbod van kazen.	[('food style_options', 'positive', 'kazen'), ('food quality', 'positive', 'soepen'), ('food style_options', 'positive', 'maaltijd-gerechten')]
Review-g188636-d4562380_4:6	De soep was echt super en de kazen, die de uitbater geselecteerd had, was ook zeker in orde.	[('food quality', 'positive', 'soep'), ('food quality', 'positive', 'kazen')]
Review-g188636-d4579497_1:2	Goe gegeten, goe gedronken, goeie service, eerlijke keuken, toffen baas--->leve de Steve!!	[('food quality', 'positive', 'NULL'), ('drinks quality', 'positive', 'NULL'), ('service general', 'positive', 'service'), ('food quality', 'positive', 'keuken'), ('service general', 'positive', 'baas')]
Review-g188636-d4579497_3:1	Leuk restaurantje.	[('restaurant general', 'positive', 'restaurantje')]
Review-g188636-d4579497_3:2	Inrichting is modern.	[('ambience general', 'positive', 'inrichting')]
Review-g188636-d4579497_3:3	Het personeel casual qua stijl, en vriendelijk.	[('service general', 'positive', 'personeel')]
Review-g188636-d4579497_3:4	Soms duurt het even voordat je de aandacht hebt als je iets bij wilt bestellen.	[('service general', 'negative', 'NULL')]
Review-g188636-d4579497_3:5	De tafeltjes zijn als op zoveel plekken in Antwerpen erg klein.	[('ambience general', 'negative', 'tafeltjes')]
Review-g188636-d4579497_3:6	Het eten was echter prima.	[('food quality', 'positive', 'eten')]
Review-g188636-d4579497_3:7	Lekkere kaaskroketjes vooraf gehad.	[('food quality', 'positive', 'kaaskroketjes')]
Review-g188636-d4579497_3:8	LHoofdgerecht stoofpotje ook lekker.	[('food quality', 'positive', 'lhoofdgerecht stoofpotje')]
Review-g188636-d5929173_2:6	Bij aankomst doet de gevel van dit mooie herenhuis in niets vermoeden dat hierachter een gezellig restaurant schuil gaat.	[('ambience general', 'positive', 'restaurant')]
Review-g188636-d5929173_2:7	We worden vriendelijk en met die typische Oosterse beleefdheid ontvangen door Sombat.	[('service general', 'positive', 'sombat')]
Review-g188636-d5929173_2:8	De achterliggende tuin met vijver is prachtig, jammer genoeg is het te koud buiten en nemen we het aperitief in het lederen salon.	[('ambience general', 'positive', 'tuin')]
Review-g188636-d5929173_2:9	Dit is een lekkere cava en inbegrepen in de set-menu prijs à 50,00€ per persoon.	[('drinks quality', 'positive', 'cava')]
Review-g188636-d5929173_2:11	Dat is mooi, rustgevend en straalt een authentieke Thaise setting uit.	[('ambience general', 'positive', 'NULL')]
Review-g188636-d5929173_2:12	Het heeft meer de sfeer van een woonkamer dan van een formeel restaurant.	[('ambience general', 'positive', 'NULL')]
Review-g188636-d5929173_2:13	Het geheel biedt een hoog huiskamer gevoel, het is gezellig zitten hier.	[('ambience general', 'positive', 'geheel'), ('ambience general', 'positive', 'NULL')]
Review-g188636-d5929173_2:17	De 2 hapjes vooraf zijn fris en erg lekker van smaak.	[('food quality', 'positive', 'hapjes')]
Review-g188636-d5929173_2:20	Dit is een vrij pittig soepje, aanvaardbaar gekruid en subtiel qua smaak.	[('food quality', 'positive', 'soepje')]
Review-g188636-d5929173_2:22	Dit gerecht is het betere werk.	[('food quality', 'positive', 'gerecht')]
Review-g188636-d5929173_2:24	Prima bereid.	[('food quality', 'positive', 'NULL')]
Review-g188636-d5929173_2:26	Ook hier is niets op aan te merken.	[('food quality', 'positive', 'NULL')]
Review-g188636-d5929173_2:29	De hoeveelheid eten is te ruim bemeten, en met verkwisting van voedsel heb ik altijd een probleem.	[('food style_options', 'negative', 'hoeveelheid')]
Review-g188636-d5929173_2:30	Ook de harmonie qua structuur en smaakexpressie tussen de (té) talrijke ingrediënten gaat volledig de mist in.	[('food style_options', 'negative', 'ingrediënten'), ('food quality', 'negative', 'ingrediënten')]
Review-g188636-d5929173_2:31	Jammer, maar dit gerecht is niet geslaagd.	[('food quality', 'negative', 'gerecht')]
Review-g188636-d5929173_2:33	Die zijn allebei uitstekend en met mate geprijsd.	[('drinks prices', 'positive', 'NULL'), ('drinks quality', 'positive', 'NULL')]
Review-g188636-d5929173_2:34	Afsluiten doen we met een ijs compositie die erg lekker is.	[('food quality', 'positive', 'ijs compositie')]
Review-g188636-d5929173_2:35	Bij de koffie wordt prompt cognac van het huis aangeboden, erg attentvol.	[('service general', 'positive', 'NULL')]
Review-g188636-d5929173_2:36	De dienstverlening is voorkomend en beleefd, zij het aan de timide kant.	[('service general', 'neutral', 'dienstverlening')]
Review-g188636-d5929173_2:37	Dit 'Home Cooking' concept is een iets anders dan een formeel restaurant.	"[('restaurant general', 'neutral', ""home cooking' concept"")]"
Review-g188636-d5929173_2:38	De gebruikte ingrediënten zijn vers en op zich allemaal smaakvol bereid.	[('food quality', 'positive', 'ingrediënten')]
Review-g188636-d5929173_2:39	Maar de harmonie klopt niet altijd en de porties zijn te ruim bemeten.	[('food style_options', 'negative', 'porties'), ('food quality', 'negative', 'harmonie')]
Review-g188636-d5929173_2:40	Al bij al de betere Thaise keuken, maar het is net geen verfijnde gastronomie.	[('food quality', 'positive', 'thaise keuken')]
Review-g188636-d5929173_3:2	Gastvrijheid top, omgeving binnen en buiten om helemaal tot rust te komen en het eten om bij weg te dromen.	[('food quality', 'positive', 'eten'), ('ambience general', 'positive', 'omgeving'), ('service general', 'positive', 'gastvrijheid')]
Review-g188636-d5929173_3:3	Onze ontdekking van het jaar.	[('restaurant general', 'positive', 'NULL')]
Review-g188636-d5929173_3:4	Voldaan in alle opzichten	[('restaurant general', 'positive', 'NULL')]
Review-g188636-d5929173_4:1	Bij het binnenkomen voel je je gelijk in Thailand.	[('ambience general', 'neutral', 'NULL')]
Review-g188636-d5929173_4:2	Het restaurant is stijlvol en gezellig ingericht, alsook de tuin waar we het aperitief hebben genuttigd.	[('ambience general', 'positive', 'tuin'), ('ambience general', 'positive', 'restaurant')]
Review-g188636-d5929173_4:3	"Het eten (4 gangen menu voor 50€) was heel lekker en niet al te ""spicy""."	[('food quality', 'positive', 'eten')]
Review-g188636-d5929173_4:4	De gastheer en zijn personeel waren zeer voorkomend en vriendelijk.	[('service general', 'positive', 'gastheer'), ('service general', 'positive', 'personeel')]
Review-g188636-d5929173_4:5	Sombat Thai cuisine is een echte aanrader en wij gaan zeker nog eens terug.	[('restaurant general', 'positive', 'sombat thai cuisine')]
Review-g188636-d809942_2:1	We hebben genoten van een excellente lunch met een super lekker dessert.	[('food quality', 'positive', 'dessert'), ('food quality', 'positive', 'lunch')]
Review-g188636-d809942_2:2	De aangepaste wijnen waren lekker.	[('drinks quality', 'positive', 'aangepaste wijnen')]
Review-g188636-d809942_2:3	De bediening was correct en zeer vriendelijk en wij hadden het geluk om in de binnentuin te kunnen lunchen.	[('ambience general', 'positive', 'binnentuin'), ('service general', 'positive', 'bediening')]
Review-g188636-d809942_2:4	Een echte aanrader.	[('restaurant general', 'positive', 'NULL')]
Review-g188636-d809942_2:5	Laat de drukke omgeving je niet afschrikken.	[('location general', 'negative', 'omgeving')]
Review-g188636-d809942_3:2	Daar ik geen mosselen mag eten werd dit gemakkelijk vervangen door een ander gerecht.	[('service general', 'positive', 'NULL')]
Review-g188636-d809942_3:4	Dit was wel bij de goedkoopste op de kaart.	[('drinks prices', 'negative', 'NULL')]
Review-g188636-d809942_3:6	Waarom stond die dan niet op de kaart?	[('drinks style_options', 'negative', 'NULL')]
Review-g188636-d809942_3:7	De amuses en ook de gerechten hadden een verfijnde smaak.	[('food quality', 'positive', 'gerechten'), ('food quality', 'positive', 'amuses')]
Review-g188636-d809942_3:8	De porties waren wel niet erg groot.	[('food style_options', 'negative', 'porties')]
Review-g188636-d809942_3:9	Maar als ik het Irish beef kreeg voorgeschoteld waren mijn 4 stukjes (7x 2 cm) vol met pezen waar men zelf met een mes niet kon doorsnijden.	[('food style_options', 'negative', 'irish beef')]
Review-g188636-d809942_3:11	En enkele minuten later kwam de chef met 4 treffelijke stukjes vlees.	[('food style_options', 'neutral', 'vlees'), ('service general', 'positive', 'chef')]
Review-g188636-d809942_3:12	Het kon niet dat hij dat niet gezien had met het dresseren op het bord.	[('service general', 'negative', 'NULL')]
Review-g188636-d809942_3:13	Ook het dessert was voortreffelijk van smaakcombinatie.	[('food quality', 'positive', 'dessert')]
Review-g188636-d809942_4:1	Wederom een aangename ervaring.	[('restaurant general', 'positive', 'NULL')]
Review-g188636-d809942_4:2	Meesterwerkjes van smaak, samenstelling, combinaties worden op je bord getoverd.	[('food quality', 'positive', 'NULL')]
Review-g188636-d809942_4:3	Fijnproevers en genieters vinden dit vast top!	[('restaurant general', 'positive', 'NULL')]
Review-g188636-d809942_4:4	Wijnen van uitstekende kwaliteit maken je menu af.	[('drinks quality', 'positive', 'wijnen')]
Review-g188636-d809942_4:5	Een aanrader in een ongedwongen vlotte sfeer doch met stijl.	[('restaurant general', 'positive', 'NULL'), ('ambience general', 'positive', 'sfeer')]
Review-g188636-d809942_4:6	Het adresje voor die ene aparte gelegenheid, samen genieten en verwend worden.	[('restaurant general', 'positive', 'adresje')]
Review-g188637-d1973474_2:1	De ligging op een drukke steenweg is een afknapper, het terras ook geen aanrader.	[('ambience general', 'negative', 'terras'), ('location general', 'negative', 'ligging')]
Review-g188637-d1973474_2:2	Maar het Indische eten is heel lekker en de bediening ongelooflijk vriendelijk.	[('service general', 'positive', 'bediening'), ('food quality', 'positive', 'indische eten')]
Review-g188637-d1973474_2:3	Communicatie met de klant is belangrijk en jouw tevredenheid is echt hun bezorgdheid.	[('service general', 'positive', 'NULL')]
Review-g188637-d1973474_2:4	Daarom toch altijd weer graag...	[('restaurant general', 'positive', 'NULL')]
Review-g188650-d1161871_3:1	Goei mosselen, goei service, da's echte Hasseltse gastvrijheid!	[('service general', 'positive', 'gastvrijheid'), ('service general', 'positive', 'service'), ('food quality', 'positive', 'mosselen')]
Review-g188650-d1161871_3:2	Ook een geweldige sfeer muziek!	[('ambience general', 'positive', 'sfeer muziek')]
Review-g188650-d1162613_1:1	Lekkere broodjes en pasta's.	"[('food quality', 'positive', ""pasta's""), ('food quality', 'positive', 'broodjes')]"
Review-g188650-d1162613_1:2	Prijs kwaliteit heel goed!	[('restaurant general', 'positive', 'NULL'), ('restaurant prices', 'positive', 'NULL')]
Review-g188650-d1162613_1:3	Ook de menu is goed en goedkoop.	[('food prices', 'positive', 'menu'), ('food quality', 'positive', 'menu')]
Review-g188650-d1162613_1:4	Het ligt op de winkelstraat dus ook heel handig tijdens het shoppen.	[('location general', 'positive', 'NULL')]
Review-g188650-d1162613_1:5	Hou er wel rekening mee dat het er rond middaguur heel druk is.	[('restaurant miscellaneous', 'neutral', 'NULL')]
Review-g188650-d1162613_2:1	Hier heb je een ruime kuize aan gebak voor een eerlijke prijs.	[('food prices', 'positive', 'gebak'), ('food style_options', 'positive', 'gebak')]
Review-g188650-d1162613_2:2	De pannenkoeken zijn zeker aan te raden!	[('food quality', 'positive', 'pannenkoeken')]
Review-g188650-d1162613_2:3	Het is hier wel vaak erg druk.	[('restaurant miscellaneous', 'neutral', 'NULL')]
Review-g188650-d1162613_3:3	Dits is echt een toffe zaak.	[('restaurant general', 'positive', 'zaak')]
Review-g188650-d1162613_3:4	Supervriendelijke bediening de lekkere pannenkoeken en gerechten zijn echt goed, en zeker niet duur.	[('service general', 'positive', 'bediening'), ('food quality', 'positive', 'gerechten'), ('food prices', 'positive', 'gerechten')]
Review-g188650-d1162613_3:5	Telkens als we in hasselt zijn komen we zeker terug!!	[('restaurant general', 'positive', 'NULL')]
Review-g188650-d1162613_4:1	Nergens in Hasselt zijn de pannekoeken zo lekker als hier!!!!	[('food quality', 'positive', 'pannekoeken')]
Review-g188650-d1162613_4:2	Snelle bediening en vriendelijke personeel moet ook gemeld worden!!	[('service general', 'positive', 'bediening'), ('service general', 'positive', 'personeel')]
Review-g188650-d4374911_1:1	Alleen blije gezichten bij 6 zinnen: -alles uitermate lekker -geen moeite te veel - n op het einde nog een redelijke rekening toe	[('restaurant prices', 'positive', 'rekening'), ('service general', 'positive', 'NULL'), ('food quality', 'positive', 'NULL')]
Review-g188650-d4374911_2:1	Zeer goed alles te in puntjes zeer lekker het is een aanrader, alles met verse ingrediënten	[('restaurant general', 'positive', 'NULL')]
Review-g188650-d4374911_2:2	Het nagerecht was dame blanche zeer goed mmm	[('food quality', 'positive', 'dame blanche')]
Review-g188650-d4374911_4:1	Super goed restaurant.	[('restaurant general', 'positive', 'restaurant')]
Review-g188650-d4374911_4:2	Heerlijke gerechten, zeer goede wijnen.	[('drinks quality', 'positive', 'wijnen'), ('food quality', 'positive', 'gerechten')]
Review-g188650-d4374911_4:3	Zeer gezellig.	[('ambience general', 'positive', 'NULL')]
Review-g188650-d4374911_4:4	Zeer goede ligging vlak bij het centrum van de stad.	[('location general', 'positive', 'ligging')]
Review-g188650-d4374911_4:5	Super goede ontvangst en bediening.	[('service general', 'positive', 'ontvangst'), ('service general', 'positive', 'bediening')]
Review-g188650-d4374911_4:6	Beste restaurant in de stad en ver daarbuiten	[('restaurant general', 'positive', 'restaurant')]
Review-g188650-d786299_1:1	Op een zondagavond met vrienden lekker gefondued!	[('food quality', 'positive', 'NULL')]
Review-g188650-d786299_1:2	Originele zwitserse inkleding, met grappige koetjes en veel hout.	[('ambience general', 'positive', 'inkleding')]
Review-g188650-d786299_1:3	Vlotte bediening, lekkere fondue (kaasfondue is lekker licht!) en zeker a volonté.	[('food quality', 'positive', 'fondue'), ('service general', 'positive', 'bediening'), ('food style_options', 'positive', 'fondue')]
Review-g188650-d786299_1:4	Aanrader voor een gezellig en lekker avondje.	[('restaurant general', 'positive', 'NULL')]
Review-g188650-d786299_3:1	Zwitsers eethuisje waar je lekkere fondue, kaasfondue of raclette kan eten!	[('food quality', 'positive', 'fondue, kaasfondue of raclette'), ('restaurant general', 'positive', 'zwitsers eethuisje')]
Review-g188650-d786299_3:2	De sfeer is top, de bediening vriendelijk en de omgeving gezellig!	[('ambience general', 'positive', 'sfeer'), ('service general', 'positive', 'bediening'), ('ambience general', 'positive', 'omgeving')]
Review-g188665-d967009_2:1	De bediening was goed en het interieur is in orde.	[('ambience general', 'neutral', 'interieur'), ('service general', 'positive', 'bediening')]
Review-g188665-d967009_2:2	Het eten was te duur.	[('food prices', 'negative', 'eten')]
Review-g188665-d967009_2:3	Weinig eten in vergelijking met wat je betaalt.	[('food style_options', 'negative', 'eten')]
Review-g188665-d967009_2:4	De frietjes kwamen uit de diepvries en hadden weinig smaak.	[('food quality', 'negative', 'frietjes')]
Review-g188665-d967009_2:5	De vissaus was flets en zoutig.	[('food quality', 'negative', 'vissaus')]
Review-g188665-d967009_2:6	23,90 euro vind ik persoonlijk veel geld voor 4 kleine tongrolletjes, zoute saus en puree.	[('food quality', 'negative', 'saus'), ('food prices', 'negative', 'NULL'), ('food style_options', 'negative', 'tongrolletjes')]
Review-g188665-d967009_2:7	22,80 euro voor een visbrochette met 2 droge brokjes kabeljauw en 2 droge brokjes zalm vind ik ook nogal duur en eenvoudig.	[('food quality', 'negative', 'visbrochette'), ('food quality', 'negative', 'zalm'), ('food prices', 'negative', 'NULL'), ('food quality', 'negative', 'kabeljauw'), ('food style_options', 'negative', 'zalm')]
Review-g188665-d967009_2:10	Maar dit was zijn geld niet waardig.	[('food prices', 'negative', 'NULL')]
Review-g188665-d967009_2:11	Het kan beter.	[('restaurant general', 'negative', 'NULL')]
Review-g188665-d967009_3:1	Bij onze aankomst werden wij door de eigenaar, tot onze verbazing, op een ongelofelijke verbale manier aangepakt.	[('service general', 'negative', 'eigenaar')]
Review-g188665-d967009_3:3	Dan heeft hij ons nogmaals buitensporig en onbeleefd aangesproken zodat wij zelfs het menu niet hebben doorgenomen.	[('service general', 'negative', 'NULL')]
Review-g188665-d967009_3:4	Wij hebben het restaurant onmiddellijk verlaten om er nooit meer terug te komen.	[('restaurant general', 'negative', 'restaurant')]
Review-g188665-d967009_3:6	Spijtig genoeg kunnen we over de keuken geen oordeel vellen.	[('food quality', 'neutral', 'keuken')]
Review-g188665-d967009_4:1	Net terug van een totaal mislukt etentje in dit restaurant.	[('restaurant general', 'negative', 'etentje')]
Review-g188665-d967009_4:3	Groep van 8+4 kinderen binnen om 12u30 en hoofdgerecht, na simpele/lekkere garnaalkroket, om 14u45 ontvangen (alle kleinere tafels voor genomen incl. collega reca uitbaters uit Aalst die absolute prioriteit kregen).	[('service general', 'negative', 'NULL'), ('food quality', 'neutral', 'garnaalkroket')]
Review-g188665-d967009_4:5	Slechte kwaliteit vlees (geprikte pseudo filetpur =>...	[('food quality', 'negative', 'vlees')]
Review-g188666-d1011768_1:1	Het restaurant is eigenlijk een veredeld café, waar men met een minimum aan personeel zowel mogelijk geld wil binnenrijven.	[('restaurant general', 'negative', 'restaurant')]
Review-g188666-d1011768_1:3	Hier denkt de kelner dat hij god de vader is.	[('service general', 'negative', 'kelner')]
Review-g188666-d1011768_1:4	Zeker geen aanrader, er is beter voor veel minder geld te vinden in Gent.	[('restaurant general', 'negative', 'NULL')]
Review-g188666-d1011768_2:2	De setting ziet er leuk uit, informeel met de houten tafels en stoelen, de (voor dit restaurant zeer uitgebreide) menukaart op een krijtbord geschreven en de vele (lege) wijnflessen die uitgestald staan.	[('ambience general', 'positive', 'setting'), ('food style_options', 'positive', 'menukaart')]
Review-g188666-d1011768_2:3	Er is een indrukwekkende verzameling grand crus uit de Bourgogne en topwijnen uit Bordeaux.	[('drinks quality', 'positive', 'topwijnen'), ('drinks style_options', 'positive', 'grand crus')]
Review-g188666-d1011768_2:5	Misschien wil de chef een bepaalde sfeer scheppen, hoewel ik me niet kan voorstellen wat dit dan wel moet zijn.	[('ambience general', 'negative', 'sfeer')]
Review-g188666-d1011768_2:7	"Waar men in de regel een ginmenu krijgt of toch op zijn minst een mondelinge opsomming van wat beschikbaar is kreeg in van de bediening de keuze tussen ""kruidig"" of ""niet kruidig""."	[('service general', 'negative', 'bediening'), ('drinks style_options', 'negative', 'NULL')]
Review-g188666-d1011768_2:8	Op mijn vraag of ik een lijst kon zien, kreeg ik nogal nors de twee alternatieven herhaald.	[('service general', 'negative', 'NULL')]
Review-g188666-d1011768_2:9	"Nu goed, niet iedereen heeft de taalvaardigheid om een destillaat in uitgebreide termen te omschrijven, dus kreeg ik uiteindelijk iets wat ik ""bijna zelf"" had gekozen uit het handvol (idd, niet meer) beschikbare gins in de gekozen categorie."	[('service general', 'negative', 'NULL'), ('drinks style_options', 'negative', 'gins')]
Review-g188666-d1011768_2:10	De apero was goed bereid, ook op die van mijn echtgenote was niets aan te merken.	[('food quality', 'positive', 'apero')]
Review-g188666-d1011768_2:11	Een amuse was mss niet slecht geweest (als toevoeging aan de 5 flinters rauwe ham), maar soit.	[('food style_options', 'negative', 'ham')]
Review-g188666-d1011768_2:12	Waar we de gewoonte hebben voor onze jongste dochter (11j) twee voorgerechten te bestellen (voor- en hoofdgerecht is teveel, dus verspilling) werd dit hier zonder boe of ba geweigerd.	[('service general', 'negative', 'NULL')]
Review-g188666-d1011768_2:16	Dus, waarschijnlijk een OK restaurant als je er niet met kinderen heengaat, en je het niet erg vindt dat de bediening zich nogal verwaand gedraagt.	[('service general', 'negative', 'bediening'), ('restaurant general', 'neutral', 'restaurant')]
Review-g188666-d1011768_2:17	Wel prijzig, wat de totale waarde nog meer naar beneden haalt.	[('restaurant prices', 'negative', 'NULL')]
Review-g188666-d1011768_3:1	Garcon arrogant en degoutant, kan geen kritiek verdragen, en een baas (kok) die niet beweegt als er iets fout loopt.	[('service general', 'negative', 'baas'), ('service general', 'negative', 'garcon')]
Review-g188666-d1011768_3:2	Kregen rekening voor grote portie gamba's van €45 terwijl we kleine hadden besteld!!	[('service general', 'negative', 'NULL')]
Review-g188666-d1011768_3:3	Gamba's waren ok maar frieten waren niet te vreten (dik slap en in ou frutuurvet gebakken!!!)	"[('food quality', 'negative', 'frieten'), ('food quality', 'positive', ""gamba's"")]"
Review-g188666-d1011768_3:4	Garcon, volg een cursus elementaire beleefdheid en klantvriendelijkheid ipv arrogantie en onbeleefdheid, maar dit zal door gebrek aan opvoeding zijn!	[('service general', 'negative', 'garcon')]
Review-g188666-d1011768_3:5	Voor ons nooit meer naar dit omgebouwd café tot zogezegd (veel te duur) restaurant.	[('restaurant general', 'negative', 'restaurant')]
Review-g188666-d1011768_4:1	Ben hier al een paar keer gaan eten en telkens zelfde indruk: eten is wel goed maar zijn prijs niet waard.	[('food prices', 'negative', 'eten'), ('food quality', 'positive', 'eten')]
Review-g188666-d1011768_4:2	Qua wijn hebben ze enkel de duurdere flessen.	[('drinks prices', 'negative', 'wijn')]
Review-g188666-d1011768_4:3	En als je een goedkopere fles bestelt geven ze een onvoorstelbaar denigrerende blik.	[('service general', 'negative', 'NULL')]
Review-g188666-d1011768_4:4	Sympathiek zijn ze zeker niet.	[('service general', 'negative', 'NULL')]
Review-g188666-d1179195_1:1	Het was leuk om hier iets kleins te eten, de keuken is wel traag maar als je niet gehaast bent is dit wel gezellig.	[('ambience general', 'positive', 'NULL'), ('restaurant general', 'positive', 'NULL'), ('service general', 'negative', 'keuken')]
Review-g188666-d1179195_2:2	Het eten is lekker, smaakvol en vers.	[('food quality', 'positive', 'eten')]
Review-g188666-d1179195_2:3	Hun brood is heerlijk en geserveerd als bij gerecht met boter.	[('food quality', 'positive', 'brood')]
Review-g188666-d1179195_2:4	De dagsoep, vegetarisch, is warm, en gemaakt van seizoen groenten.	[('food quality', 'positive', 'dagsoep')]
Review-g188666-d1179195_2:5	Hun spaghetti bolo was correct, goed gekruid en met kaas geserveerd.	[('food quality', 'positive', 'spaghetti bolo')]
Review-g188666-d1179195_2:6	Terras is best aangenaam.	[('ambience general', 'positive', 'terras')]
Review-g188666-d1179195_2:7	Bediening is een beetje traag, maar vriendelijk.	[('service general', 'neutral', 'bediening')]
Review-g188666-d1179195_2:8	Njam!	[('food quality', 'positive', 'NULL')]
Review-g188666-d1179195_4:2	Je kunt wel zeven of acht verschillende soorten taart kiezen bij je koffie.	[('food style_options', 'positive', 'taart')]
Review-g188666-d1179195_4:3	De chocoladetaart was alvast heel lekker.	[('food quality', 'positive', 'chocoladetaart')]
Review-g188666-d3163710_1:1	veel keuze, lekker en verzorgd, gemakkelijk parking te vinden aan de vrijdagsmarkt.	[('location general', 'positive', 'vrijdagsmarkt'), ('food quality', 'positive', 'NULL'), ('food style_options', 'positive', 'NULL')]
Review-g188666-d3163710_1:2	het enige nadeel is dat er geen rolstoelpatienten binnenkunnen aangezien het op het eerste verdiep ligt!	[('restaurant miscellaneous', 'negative', 'NULL')]
Review-g188666-d3163710_2:1	Ruime zaak met eindelijk eens degelijke tafels waar alles op past!	[('ambience general', 'positive', 'zaak')]
Review-g188666-d3163710_2:2	Aanrader voor echte potteroerders ;)	[('restaurant general', 'positive', 'NULL')]
Review-g188666-d3163710_3:1	Met vrienden een gezellige en erg smakelijke avond beleefd in het Fonduehuis.	[('food quality', 'positive', 'NULL'), ('ambience general', 'positive', 'fonduehuis')]
Review-g188666-d3163710_3:2	Mooie all-in-menu's met ruime keuze en bovendien: à volonté.	"[('food style_options', 'positive', ""all-in-menu's"")]"
Review-g188666-d3163710_3:3	Verse vis en vlees.	[('food quality', 'positive', 'vis'), ('food quality', 'positive', 'vlees')]
Review-g188666-d3163710_3:5	Keurige huiswijn.	[('drinks quality', 'positive', 'huiswijn')]
Review-g188666-d3163710_3:6	Prima prijs-kwaliteit-verhouding.	[('restaurant general', 'positive', 'NULL'), ('restaurant prices', 'positive', 'NULL')]
Review-g188666-d3163710_3:7	Erg vriendelijke bediening.	[('service general', 'positive', 'bediening')]
Review-g188666-d3163710_3:8	Om nog terug te keren!	[('restaurant general', 'positive', 'NULL')]
Review-g188666-d3163710_4:1	Veel te duur voor wat het waard is.	[('restaurant prices', 'negative', 'NULL')]
Review-g188666-d3603065_1:1	Per toeval daar beland, mooi interieur, geen lange wachttijd ondanks drukke bezetting, net servies en glazen, voortreffelijke schotels, betaalbaar.	[('food quality', 'positive', 'schotels'), ('restaurant miscellaneous', 'positive', 'servies en glazen'), ('service general', 'positive', 'NULL'), ('ambience general', 'positive', 'interieur'), ('restaurant prices', 'positive', 'NULL')]
Review-g188666-d3603065_1:2	Komen zeker terug, houden zo!	[('restaurant general', 'positive', 'NULL')]
Review-g188666-d3603065_1:3	Een meerwaarde voor Gent!	[('restaurant general', 'positive', 'NULL')]
Review-g188666-d3603065_1:4	Ribbetjes excellent gekruid, hartige sausjes.	[('food quality', 'positive', 'ribbetjes'), ('food quality', 'positive', 'sausjes')]
Review-g188666-d3603065_1:5	Een suggestie: serveer ook brood aub (dus niet enkel frites of patat, wat uiteraard ook lekker is)	[('food style_options', 'neutral', 'NULL')]
Review-g188666-d3603065_2:2	Niemand van het personeel die de moeite doet om ons naar een tafel te begeleiden, wegens te druk personeelsgesprek!	[('service general', 'negative', 'personeel')]
Review-g188666-d3603065_2:3	We kiezen zelf een plaatsje en na 5 min. komt de ober ons vriendelijk vertellen dat de keuken al gesloten is.	[('service general', 'neutral', 'ober')]
Review-g188666-d3603065_3:1	We hebben echt super lekker gegeten!	[('food quality', 'positive', 'NULL')]
Review-g188666-d3603065_3:3	Uiteindelijk hebben we voor deze zaak gekozen omdat het er gezellig en proper uitzag.	[('ambience general', 'positive', 'zaak')]
Review-g188666-d3603065_3:4	Hier hebben we geen spijt van gehad.	[('restaurant general', 'positive', 'NULL')]
Review-g188666-d3603065_3:6	Hierop hebben we niet te lang moeten wachten, vlotte bediening.	[('service general', 'positive', 'bediening')]
Review-g188666-d3603065_3:7	Vervolgens ribbetjes met honing, deze hebben ook niet lang op zich laten wachten.	[('service general', 'positive', 'NULL')]
Review-g188666-d3603065_3:8	De ribbetjes à volonté waren super lekker, krokant en niet aangebrand.	[('food quality', 'positive', 'ribbetjes à volonté')]
Review-g188666-d3603065_3:10	Alles was prima in orde en dit voor een goede prijs.	[('food quality', 'positive', 'NULL'), ('food prices', 'positive', 'NULL')]
Review-g188666-d3603065_3:11	Wij gaan zeker en vast terug	[('restaurant general', 'positive', 'NULL')]
Review-g188666-d3603065_4:2	De service is er vlot en goed en de ribbetjes zijn er heel lekker en niet zo vet als in eerder vermelde zaak.	[('food quality', 'positive', 'ribbetjes'), ('service general', 'positive', 'service')]
Review-g188666-d3603065_4:3	We zijn hier al meerdere malen geweest en de kwaliteit is altijd dezelfde iets wat ergens anders wel eens durft tegenvallen.	[('restaurant general', 'positive', 'NULL')]
Review-g188666-d3803270_2:1	M.i. een aanrader, toch voor de chateaubriand bouquetière: meestal heerlijk vlees en overdaad inzake hoeveelheid, de groenten zwemmen in de boter maar smelten in je mond.	[('food quality', 'positive', 'chateaubriand bouquetière'), ('restaurant general', 'positive', 'NULL')]
Review-g188666-d3803270_2:3	Jammer dat de wijnen recentelijk nog eens 10-15% opgeslagen zijn (een modale 2010 châteauneuf du pape kost er nu 90 euro).	[('drinks prices', 'negative', 'wijnen'), ('drinks prices', 'negative', '2010 châteauneuf du pape')]
Review-g188666-d3803270_2:4	Het is er vaak druk en eerder rumoerig, vraag een plaatsje aan de guide michelins (max. 3 p.) of in de achterste zaal.	[('ambience general', 'negative', 'NULL')]
Review-g188666-d3803270_2:5	De bar/lounge met rokers-annex is gezellig en slaagt er elke avond in mensen te overtuigen om tevblijven plakken.	[('ambience general', 'positive', 'bar/lounge met rokers-annex')]
Review-g188666-d3803270_2:6	Geen top-restaurant maar toch een aanrader, zeker voor de oervlaamse bon-vivant met grotere honger.	[('restaurant general', 'neutral', 'top-restaurant')]
Review-g188666-d3803270_2:7	Wij blijven er regelmatig met plezier teruggaan.	[('restaurant general', 'positive', 'NULL')]
Review-g188666-d3803270_3:2	We waren hier reeds verscheidene malen geweest en wisten dat de kwaliteit van de steaks top is.	[('food quality', 'positive', 'steaks')]
Review-g188666-d3803270_3:3	Bij de reservatie hadden we gevraagd om in de veranda te kunnen zitten, dit was echter niet genoteerd.	[('service general', 'negative', 'NULL')]
Review-g188666-d3803270_3:5	"Al heel vlug kregen we een hapje (plakje ""Gentse Kop"") en werd onze bestelling opgenomen door een vriendelijke dame."	[('service general', 'positive', 'dame')]
Review-g188666-d3803270_3:7	Na een tiental minuutjes kwamen de wijn en het water op tafel.	[('service general', 'neutral', 'NULL')]
Review-g188666-d3803270_3:8	Niet veel later werd ook ons voorgerechtje geserveerd.	[('service general', 'positive', 'NULL')]
Review-g188666-d3803270_3:9	En toen ging de tijd heel langzaam.	[('service general', 'negative', 'NULL')]
Review-g188666-d3803270_3:10	De tafel werd afgeruimd en het wachten op ons hoofdgerecht (filet puur: de ene bleu gebakken, de andere saignant) kon beginnen.	[('service general', 'negative', 'NULL')]
Review-g188666-d3803270_3:11	Ik vond dat we nog redelijk geduldig waren want pas na 1u30 wachten vroegen we of ons eten nog dezelfde avond zouden krijgen.	[('service general', 'negative', 'NULL')]
Review-g188666-d3803270_3:12	"Als antwoord kregen we: ""als ik eerlijk mag zijn, ik weet het echt niet""."	[('service general', 'negative', 'NULL')]
Review-g188666-d3803270_3:15	Toen we uiteindelijk om 21u45 (na 2u15 wachten) onze steak kregen was de steak (die bleu gebakken moest zijn) eigenlijk koud.	[('food quality', 'negative', 'steak'), ('service general', 'negative', 'NULL')]
Review-g188666-d3803270_3:16	Onze vriendelijke dame heeft echter onmiddellijk ingegrepen en de steak terug meegenomen naar de keuken waarna hij perfect gebakken en warm werd geserveerd.	[('service general', 'positive', 'dame'), ('food quality', 'positive', 'steak')]
Review-g188666-d3803270_3:17	We hadden de chef reeds de hele avond klanten zien verwelkomen en praatjes zien slaan dus wilden we eigenlijk wel eens weten wat er aan de hand was (lange wachttijden).	[('service general', 'negative', 'chef')]
Review-g188666-d3803270_3:19	Ze heeft ons gezegd dat ze het hem gevraagd had maar blijkbaar heeft hij zich niet de moeite getroost om tot bij ons te komen en enige uitleg te verschaffen.	[('service general', 'negative', 'NULL')]
Review-g188666-d3803270_3:20	Blijkbaar moet je op zijn minst BV zijn om met de chef te kunnen praten.	[('service general', 'negative', 'chef')]
Review-g188666-d3803270_3:21	Conclusie: kwaliteit was top maar zaakvoerder verlaagt zich niet om met gewone klanten te praten, hij laat liever de problemen oplossen door zijn personeel in plaats van zelf orde op zaken te stellen.	[('service general', 'negative', 'zaakvoerder'), ('food quality', 'positive', 'NULL')]
Review-g188666-d3803270_3:22	Heel zielig	[('service general', 'negative', 'NULL')]
Review-g188666-d783278_4:1	Tof-Gezellig-Lekker!	[('restaurant general', 'positive', 'NULL')]
Review-g188666-d783278_4:2	Zeker de kreeft met de zes verschillende sausjes eens bestellen!	[('food quality', 'positive', 'kreeft met de zes verschillende sausjes')]
Review-g188666-d783278_4:3	Uniek kader!!	[('ambience general', 'positive', 'NULL')]
Review-g188666-d842061_2:1	De meest uitgelezen zondagsbrunch die ik al heb ervaren.	[('food style_options', 'positive', 'zondagsbrunch')]
Review-g188666-d842061_2:2	Een schitterend kader met uitzicht op de graslei (inderdaad, Coeur d'Artichaut is niet langer in Onderbergen gevestigd, maar op de Korenlei!).	[('ambience general', 'positive', 'kader'), ('ambience general', 'positive', 'kader')]
Review-g188666-d842061_2:3	Het personeel is jong, spontaan, vriendelijk, en tegelijk voornaam.	[('service general', 'positive', 'personeel')]
Review-g188666-d842061_2:4	Alles begint met een glaasje uitgelezen Prosecco, en daarna begint het eigenlijke buffet: soep, koude voorgerechten, waarme voorgerechten, een speciaal stoofpotje van de chef (dit keer was het buikspek met trompettes de la mort), kaasschotel, zoete broodjes, dessert, een een chocoladefontein.	[('drinks quality', 'positive', 'prosecco')]
Review-g188666-d842061_2:6	Absoluut een aanrader!	[('restaurant general', 'positive', 'NULL')]
Review-g188666-d842061_4:2	Het minder goede hoteleten als brunch	[('food quality', 'negative', 'brunch')]
Review-g188666-d842061_4:3	Mijn echtgenote was er heel de namiddag slecht van en zelf ook wee gevoel in de maag	[('food quality', 'negative', 'NULL')]
Review-g188666-d842061_4:4	35 euro per persoon voor minderwaardig eten -beperkte keuze als brunch	[('food quality', 'negative', 'eten'), ('food prices', 'negative', 'NULL'), ('food style_options', 'negative', 'brunch')]
Review-g188666-d842061_4:5	Enig pluspunt: vriendelljke bediening	[('service general', 'positive', 'bediening')]
Review-g188669-d1091321_1:1	Een piepklein authentiek Italiaans restaurant vlakbij de oude markt.	[('ambience general', 'neutral', 'italiaans restaurant')]
Review-g188669-d1091321_1:2	Er is een ruime keuze aan pizza's, zowel vegetarisch, vlees als vis.	"[('food style_options', 'positive', ""pizza's"")]"
Review-g188669-d1091321_1:3	Probeer de pizza 'whisky', een aanrader!	"[('food quality', 'positive', ""pizza 'whisky'"")]"
Review-g188669-d1091321_3:1	Gezellig restaurant, plaatsen op kleine 3 verdiepingen met voldoende plaats.	[('ambience general', 'positive', 'restaurant')]
Review-g188669-d1091321_3:2	Snelle bediening, lekkere pizza's normale prijzen.	"[('food prices', 'neutral', ""pizza's""), ('food quality', 'positive', ""pizza's""), ('service general', 'positive', 'bediening')]"
Review-g188669-d1091321_3:3	Opmerkelijk is het aantal soorten pizza's, nooit elders gezien	"[('food style_options', 'positive', ""pizza's"")]"
Review-g188669-d3372515_3:1	De enige zaak in Leuven met écht echt, met versgemaakte sorbets waarin ook effectief fruit inzit (en geen smaakstoffen+suiker), enorm grote bollen en supervriendelijke enthousiaste bediening!	[('service general', 'positive', 'bediening'), ('food quality', 'positive', 'sorbets')]
Review-g188669-d3372515_4:1	Overheerlijk ijs in centrum Leuven.	[('food quality', 'positive', 'ijs')]
Review-g188669-d3372515_4:2	ladeuzeplein biedt je mooie zitbanken waar je van dit heerlijk ijs kunt genieten.	[('food quality', 'positive', 'ijs')]
Review-g188669-d3372515_4:3	de bolletjes ijs worden gul uitgedeeld!	[('food style_options', 'positive', 'bolletjes ijs')]
Review-g188669-d3631466_4:1	De porties zijn voor een brasserie vrij klein.	[('food style_options', 'negative', 'porties')]
Review-g188669-d3631466_4:2	Het is lekker, maar er is bijvoorbeeld amper brood bij een omelet met spek.	[('food style_options', 'negative', 'omelet met spek'), ('food quality', 'positive', 'NULL')]
Review-g188669-d3631466_4:3	2 Kleine afgebakken broodjes en een mini omeletje zijn eigenlijk een teleurstelling.	[('food style_options', 'negative', 'omeletje'), ('food style_options', 'negative', 'afgebakken broodjes')]
Review-g188669-d3631466_4:4	De gerechten waren wel lekker.	[('food quality', 'positive', 'gerechten')]
Review-g188669-d3631466_4:5	Aangezien het een leffe cafe is verwachtte ik een uitgebreid assortiment aan bieren, maar dit was niet het geval.	[('drinks style_options', 'negative', 'bieren')]
Review-g188669-d3631466_4:7	Samengevat, leuk, gezellig maar geen top.	[('restaurant general', 'neutral', 'NULL')]
Review-g188669-d740885_1:1	Het eten was niet lekker en de bediening was niet erg vriendelijk.	[('service general', 'negative', 'bediening'), ('food quality', 'negative', 'eten')]
Review-g188669-d740885_4:2	De keuken is eerder Belgisch-Frans (allerlei steakbereidingen) maar wel met uitstekende ingrediënten (super mals vlees).	[('food quality', 'positive', 'vlees'), ('food quality', 'positive', 'ingrediënten')]
Review-g188669-d740885_4:3	De bediening is zeer vriendelijk en snel.	[('service general', 'positive', 'bediening')]
Review-g188669-d740885_4:4	Vooral het gegrilde vlees (cote à l'os, chateaubriand,...) draagt onze voorkeur weg.	[('food quality', 'neutral', 'gegrilde vlees')]
Review-g188669-d815146_1:1	het intérieur is niet hip, maar degelijk.	[('ambience general', 'neutral', 'intérieur')]
Review-g188669-d815146_1:2	De gerechten zijn ook vrij klassiek, maar lekker.	[('food style_options', 'negative', 'gerechten'), ('food quality', 'positive', 'gerechten')]
Review-g188669-d815146_3:2	Het restaurant is klassiek ingericht en dat straalt een charme uit.	[('ambience general', 'positive', 'restaurant')]
Review-g188669-d815146_3:3	"Wij hebben genoten van de maandsuggestie ""filet pure met asperges""; klassiek bereid met respect voor de groente."	[('food quality', 'neutral', 'filet pure met asperges'), ('food quality', 'positive', 'filet pure met asperges')]
Review-g188669-d815146_3:4	Bovendien weten wij de attente service van het zaalpersoneel bijzonder te waarderen.	[('service general', 'positive', 'zaalpersoneel')]
Review-g188669-d815146_3:5	Een adresje in Leuven waar we blindelings opnieuw naar toe gaan.	[('restaurant general', 'positive', 'adresje')]
Review-g188669-d815146_4:2	Mijn favoriet is de Emanuelle met bananen, banenenlikeur en warme chocoladesaus.	[('food quality', 'positive', 'emanuelle met bananen, banenenlikeur en warme chocoladesaus')]
Review-g188669-d815146_4:3	Ook de Na-aper met vanille, chocomousse, banaan en advokaat is zeer lekker.	[('food quality', 'positive', 'na-aper met vanille, chocomousse, banaan en advokaat')]
Review-g188669-d815146_4:4	De bediening is vlot en vriendelijk en er heerst vaak een gezellige drukte.	[('ambience general', 'positive', 'NULL'), ('service general', 'positive', 'bediening')]
Review-g188669-d815146_4:5	Prijzen zijn goed.	[('restaurant prices', 'positive', 'NULL')]
Review-g188671-d1045514_1:1	Dit restaurant bevindt zich aan de Markt (het grote plein), wij wilden hier niet eten omdat we er al vanuit gingen dat de kwaliteit niet al te best zou zijn, het is hier heel toeristisch.	[('location general', 'neutral', 'restaurant')]
Review-g188671-d1045514_1:2	Na enige tijd wandelen door de straten rondom het plein zagen we een gezellig tentje en besloten naar binnen te gaan, het bleek de achteringang te zijn.	[('ambience general', 'positive', 'tentje')]
Review-g188671-d1045514_1:3	De prijzen zijn echt heel hoog, voor 4 dunne sneetjes verbrand stokbrood met knoflook betaal je €5,50, en tot onze grote teleurstelling kwam de pizza à +/- €13,50 uit de diepvries!	[('food quality', 'negative', 'stokbrood met knoflook'), ('restaurant prices', 'negative', 'NULL'), ('food style_options', 'negative', 'stokbrood met knoflook'), ('food quality', 'negative', 'pizza')]
Review-g188671-d1045514_1:4	Ook de bediening laat te wensen over, er kan geen glimlachje vanaf.	[('service general', 'negative', 'bediening')]
Review-g188671-d1045514_1:5	Geef je geld ergens anders uit!	[('restaurant general', 'negative', 'NULL')]
Review-g188671-d1045514_3:5	LET OP: Als de ober je vraagt of je stokbrood met kruidenboter wilt hebben, dit kost €5,5- euro voor een bordje met 3 zielige stukjes stokbrood per persoon dus niet eens een mandje voor meer personen!	[('food style_options', 'negative', 'stokbrood met kruidenboter'), ('food prices', 'negative', 'stokbrood met kruidenboter')]
Review-g188671-d1045514_3:6	De friet die je apart moet bestellen kosten €,- voor een hele kleine portie en het sausje van €3,- is veel te waterig.	[('food quality', 'negative', 'sausje'), ('food style_options', 'negative', 'friet')]
Review-g188671-d1045514_3:7	Drankjes zijn abnormaal duur, €6,- voor een cola en €9,50 voor een Belgisch biertje!	[('drinks prices', 'negative', 'drankjes')]
Review-g188671-d1045514_3:8	En dan durven ze als je nog even aan het natafelen bent ook nog te vragen om je tafel af te staan omdat er een groep van 10 man je tafeltje nodig heeft.	[('service general', 'negative', 'NULL')]
Review-g188671-d1045514_3:9	Als je achteraf de ober aanspreekt over de prijs dan is hij hier bekend mee maar ligt het aan de locatie, maar ondertussen wel zonder uitleg bordjes stokbrood verkopen voor €5,5	[('food prices', 'negative', 'bordjes stokbrood')]
Review-g188671-d1045514_3:10	Deze ondernemer heeft duidelijk geen zin om klanten te bewegen om de volgende dag terug te komen, nee elke klant die ze een poot kunnen uitdraaien is er is weer kassa en morgen lopen er weer honderden toeristen in deze val!	[('restaurant general', 'negative', 'ondernemer')]
Review-g188671-d1045518_1:1	ZEER SLECHTE ERVARING slechte wijn wordt verkocht als huiswijn voor 18,50€/1/2 liter men durft echter de lege fles niet laten zien omdat er op grote schaal bedrog wordt gepleegd met merk en kwaliteit frites maar half afgebakken, saus koud en op elk gerecht hetzelfde personeel is beschaamd voor de manier waarop ze het clienteel moeten bedriegen ZEKER GEEN AANRADER	[('food quality', 'negative', 'frites'), ('drinks quality', 'negative', 'wijn'), ('restaurant general', 'negative', 'NULL'), ('restaurant general', 'negative', 'NULL'), ('food quality', 'negative', 'saus'), ('food style_options', 'negative', 'saus'), ('service general', 'negative', 'personeel')]
Review-g188671-d1045518_2:1	.. buiten in de zon op het terras aan de Eiermarkt, een leuk pleintje grenzend aan de Markt.	[('location general', 'positive', 'terras aan de eiermarkt')]
Review-g188671-d1045518_2:3	Dit bleek betrekking te hebben op de lunch, maar we konden deze gerust bestellen, (het was over zessen in de avond) de porties waren alleen wat kleiner volgens de ober.	[('food style_options', 'neutral', 'porties'), ('service general', 'positive', 'ober')]
Review-g188671-d1045518_2:6	Nee dat hadden we niet, we zaten gezellig, leuke locatie, mensen kijken, prachtig weer!	[('location general', 'positive', 'locatie'), ('ambience general', 'positive', 'NULL')]
Review-g188671-d1045518_2:7	Na een dik half uurtje kwam mijn vissoep en die was voortreffelijk, mocht alleen wel wat warmer zijn.	[('food quality', 'positive', 'vissoep'), ('service general', 'neutral', 'NULL')]
Review-g188671-d1045518_2:8	Ook de escargots van mijn partner waren heerlijk.	[('food quality', 'positive', 'escargots')]
Review-g188671-d1045518_2:9	Daarna de mosselen, voor mij in witte wijn en voor mijn man met knoflook, 't Smaakte prima, mosselen wat aan de kleine kant.	[('food style_options', 'negative', 'mosselen'), ('food quality', 'positive', 'mosselen')]
Review-g188671-d1045518_2:12	De ober was correct en vriendelijk.	[('service general', 'positive', 'ober')]
Review-g188671-d1045518_2:14	Niet goedkoop, maar dat verwachtte we ook niet, ik vond Brugge over het algemeen genomen best prijzig, niet alleen Cafe Belfort.	[('restaurant prices', 'neutral', 'cafe belfort')]
Review-g188671-d1045518_3:1	Bar en bar slechte tent.	[('restaurant general', 'negative', 'tent')]
Review-g188671-d1045518_3:2	Ik zou het iedereen afraden!	[('restaurant general', 'negative', 'NULL')]
Review-g188671-d1045518_3:3	"Ik zit er nu en we werden net gewoon uitgelachen door de ober omdat we ""maar 2 thee"" hadden besteld."	[('service general', 'negative', 'ober')]
Review-g188671-d1045518_3:4	Geen fooi en wij komen hier nooit meer!	[('restaurant general', 'negative', 'NULL')]
Review-g188671-d1045518_3:5	Zelfingenomen eikels!	[('service general', 'negative', 'eikels')]
Review-g188671-d1045518_4:1	Het eten (3 gangen) werden op 40 minuten gebracht, voorgerecht was nog eetbaar, maar de waterzooi was meer bot dan kip en zag er verschrikkelijk wansmakelijk uit, het stoofvlees was ongelofelijk droog.	[('food style_options', 'negative', 'waterzooi'), ('food quality', 'negative', 'stoofvlees'), ('food quality', 'negative', 'waterzooi'), ('food quality', 'neutral', 'voorgerecht'), ('service general', 'negative', 'eten')]
Review-g188671-d1045518_4:2	Echt géén aanrader...	[('restaurant general', 'negative', 'NULL')]
Review-g188671-d1164103_1:1	Lachwekkende vertoning, een ander schreef hier al over dat het net Fawlty Towers is.	[('restaurant general', 'negative', 'vertoning')]
Review-g188671-d1164103_1:3	We hadden een menu van 17 euro genomen, vooraf paté wat wel smaakte.	[('food quality', 'neutral', 'paté')]
Review-g188671-d1164103_1:5	Dat leek wel een kinderportie, 5 blokjes vlees en een paar frietjes.	[('food style_options', 'negative', 'NULL')]
Review-g188671-d1164103_1:6	Biertje bij het eten waar ze 8 euro voor vroegen.	[('drinks prices', 'negative', 'biertje')]
Review-g188671-d1164103_1:7	Ze probeerde nog van alles aan te smeren tijdens de maaltijd.	[('service general', 'negative', 'NULL')]
Review-g188671-d1164103_1:9	We hadden beter naar het frietkot kunnen gaan.	[('restaurant general', 'negative', 'NULL')]
Review-g188671-d1164103_1:10	Wat een zeldzame ballentent.	[('restaurant general', 'negative', 'ballentent')]
Review-g188671-d1164103_2:2	Zag er van de buitenkant leuk uit.	[('ambience general', 'positive', 'NULL')]
Review-g188671-d1164103_2:5	Was niet verkeerd, smaak was redelijk tot goed.	[('food quality', 'neutral', 'smaak')]
Review-g188671-d1164103_2:6	Maar kennelijk viel de klandizie tegen, want halverwege onze maaltijd begon men om 21.00 uur de lege tafeltjes op te ruimen en te verplaatsen naar de 'nachtstand '.	[('service general', 'negative', 'NULL')]
Review-g188671-d1164103_2:7	Bediening was chagrijnig, er kon geen lachje vanaf.	[('service general', 'negative', 'bediening')]
Review-g188671-d1164103_2:8	Kortom, geen aanrader.	[('restaurant general', 'negative', 'NULL')]
Review-g188671-d1164103_3:1	In een Fawlty Towers tafereel kreeg de vrouwelijke Basyl in ons bijzijn de mantel uitgeveegd van de vrouwelijke John Cleese, de uitbaatster.	[('ambience general', 'negative', 'fawlty towers tafereel')]
Review-g188671-d1164103_3:2	Het arme wicht had per ongeluk de mosselen van onze buren aan ons geserveerd.	[('service general', 'neutral', 'wicht')]
Review-g188671-d1164103_3:4	Plotseling werd de kom met mosselen door de vrouwelijke John Cleese onder mijn neus vandaan gerukt.	[('service general', 'negative', 'john cleese')]
Review-g188671-d1164103_3:5	Mijn opmerking dat ik al had gegeten van de mosselen werd met een chagrijnige sneer beantwoord dat deze maaltijd in de vuilnisbak zou worden gedeponeerd.	[('service general', 'negative', 'NULL')]
Review-g188671-d1164103_3:6	enkele seconden later kwam ze doodleuk met een stalen gezicht dezelfde schaal opdienen bij onze buren.	[('service general', 'negative', 'NULL')]
Review-g188671-d1164103_3:7	Hilarisch voor in een comedy, de werkelijkheid is om te huilen, zo amateuristisch.	[('restaurant general', 'negative', 'NULL')]
Review-g188671-d1164103_3:8	Wegblijven bij deze ballentent is mijn enige advies.	[('restaurant general', 'negative', 'ballentent')]
Review-g188671-d1164103_4:2	Personeel niet vriendelijk.	[('service general', 'negative', 'personeel')]
Review-g188671-d1164103_4:3	De kaart vermeld geen non-alcoholische dranken.	[('drinks style_options', 'negative', 'kaart')]
Review-g188671-d1164103_4:4	Als je er naar vraagt, serveren ze enkel water per 0,5l (waarvan je dan de prijs nog niet weet).	[('drinks style_options', 'negative', 'NULL')]
Review-g188671-d1164103_4:6	Eten was van zeer slechte kwaliteit.	[('food quality', 'negative', 'eten')]
Review-g188671-d1164103_4:7	Wijn was niet te drinken.	[('drinks quality', 'negative', 'wijn')]
Review-g188671-d1164712_1:1	Wat een vriendelijke bediening.	[('service general', 'positive', 'bediening')]
Review-g188671-d1164712_1:2	Menu genomen met diverse kleine voorgerechtjes, geweldig lekker.	[('food quality', 'positive', 'menu')]
Review-g188671-d1164712_1:3	Daarna visgerechten, ook echt goed.	[('food quality', 'positive', 'visgerechten')]
Review-g188671-d1164712_1:4	Absoluut een aanrader.	[('restaurant general', 'positive', 'NULL')]
Review-g188671-d1164712_2:1	Ons etentje bij The Olive Tree was een zeer aangename verrassing.	[('restaurant general', 'positive', 'the olive tree')]
Review-g188671-d1164712_2:2	Het eten is er puur Grieks, de bediening ontzettend vriendelijk en attent.	[('food quality', 'neutral', 'eten'), ('service general', 'positive', 'bediening')]
Review-g188671-d1164712_2:3	Wij kunnen dit restaurant zowel aan de locals als aan de toeristen aanraden.	[('restaurant general', 'positive', 'restaurant')]
Review-g188671-d1164712_3:1	Heel vriendelijk onthaal door de patron en kersverse gerechten met eerlijke wijnen.	[('drinks quality', 'positive', 'wijnen'), ('food quality', 'positive', 'gerechten'), ('service general', 'positive', 'patron')]
Review-g188671-d1164712_3:2	Dolmades en een nooit geziene kwaliteit van de Moussaka;	[('food quality', 'positive', 'moussaka')]
Review-g188671-d1164712_3:3	Mooie porties in een zeer gezellig kader, vlak aan de markt.	[('food style_options', 'positive', 'porties'), ('ambience general', 'positive', 'kader'), ('location general', 'positive', 'NULL')]
Review-g188671-d1164712_3:4	Een aarader in hartje Brugge	[('restaurant general', 'positive', 'NULL')]
Review-g188671-d1164712_4:1	zeer vriendelijke uitbater, ik heb er lekkere gegrilde inktvis gegeten, door zijn ligging nogal duur en vooral op toeristen gericht, maar toch geen slechte ervaring!	[('restaurant general', 'neutral', 'NULL'), ('location general', 'negative', 'ligging'), ('food quality', 'positive', 'gegrilde inktvis'), ('service general', 'positive', 'uitbater')]
Review-g188671-d1371876_2:1	Zowel de kaart als de suggesties brengen je op een hoogte waar elke fijnproever van droomt.	[('food style_options', 'positive', 'suggesties'), ('food style_options', 'positive', 'kaart')]
Review-g188671-d1371876_2:2	De betere Wijn, gin en whisky zijn hier geen onbekende en de desserts zijn voor duimen en vingers op te eten en...	[('drinks style_options', 'positive', 'wijn, gin en whisky'), ('food quality', 'positive', 'desserts')]
Review-g188671-d1371876_3:1	Witte sangria aan gunstig prijsje en heerlijke salade met crème brulee van geitenkaas!	[('food quality', 'positive', 'salade met crème brulee van geitenkaas'), ('drinks prices', 'positive', 'witte sangria')]
Review-g188671-d1371876_3:2	Grappige en vriendelijke ober.	[('service general', 'positive', 'ober')]
Review-g188671-d1371876_4:1	Ongelooflijk lekkere gerechten aan een ongelofelijke prijs!	[('food prices', 'positive', 'gerechten'), ('food quality', 'positive', 'gerechten')]
Review-g188671-d1371876_4:2	De gastvrouw is een prima kokkin en Tom is attent en vriendelijk!	[('food quality', 'positive', 'kokkin'), ('service general', 'positive', 'tom')]
Review-g188671-d1371876_4:3	Eén van de betere adressen in Brugge!	[('restaurant general', 'positive', 'adressen')]
Review-g188671-d1604411_1:1	Zeker een goed restaurant.	[('restaurant general', 'positive', 'restaurant')]
Review-g188671-d1604411_1:3	Hierbij kregen wij ook nog dusdanig veel amuses, dat het makkelijk als viergangen had doorgekund.	[('food style_options', 'positive', 'amuses')]
Review-g188671-d1604411_1:4	Alles perfect op smaak, leuke en verrassende gerechten.	[('food style_options', 'positive', 'gerechten'), ('food quality', 'positive', 'NULL')]
Review-g188671-d1604411_1:5	Het toetje was wat aan de karige kant, maar de smaak was top.	[('food quality', 'positive', 'toetje'), ('food style_options', 'negative', 'toetje')]
Review-g188671-d1604411_1:6	De bediening vond ik vrij informeel voor de setting.	[('service general', 'neutral', 'bediening')]
Review-g188671-d1604411_1:8	Er werd bij elk gerecht duidelijk uitgelegd wat het was en waar het vandaan kwam.	[('service general', 'positive', 'NULL')]
Review-g188671-d1604411_1:9	Nét niet sterrenwaardig, maar zeker een aanrader!	[('restaurant general', 'positive', 'NULL')]
Review-g188671-d1604411_3:1	Wat een topkok, wat een heerlijke amuses	[('food quality', 'positive', 'amuses'), ('food quality', 'positive', 'NULL')]
Review-g188671-d1604411_3:2	Culinair een 10	[('food quality', 'positive', 'NULL')]
Review-g188671-d1604411_3:3	Wanneer komt die ster (doe die drie van Karmeliet maar)	[('restaurant general', 'positive', 'NULL')]
Review-g188671-d1604411_3:4	Vriendelijke bediening	[('service general', 'positive', 'bediening')]
Review-g188671-d1604411_3:5	Mooie wijnen	[('drinks style_options', 'positive', 'wijnen')]
Review-g188671-d1604411_4:2	Je wordt er verwend vanaf het eerste hapje tot aan de verschillende lekkernijen bij de koffie.	[('restaurant general', 'positive', 'NULL')]
Review-g188671-d1604411_4:3	Alles wordt zeer origineel gebracht en de smaken zijn top!	[('food quality', 'positive', 'smaken'), ('food style_options', 'positive', 'NULL')]
Review-g188671-d1604411_4:4	Aangezien het mijn verjaardag was kreeg ik een speciaal bordje met een lekkere afsluiter.	[('food quality', 'positive', 'afsluiter')]
Review-g188671-d1761224_1:1	Wij hebben hier heerlijk gegeten!	[('food quality', 'positive', 'NULL')]
Review-g188671-d1761224_1:2	Lekkere wijn en hele vriendelijke bediening.	[('service general', 'positive', 'bediening'), ('drinks quality', 'positive', 'wijn')]
Review-g188671-d1761224_1:3	Leuke muziek, kortom een hele goede keuze.	[('restaurant general', 'positive', 'NULL'), ('ambience general', 'positive', 'muziek')]
Review-g188671-d1761224_1:4	Wel reserveren want het is erg klein!	[('ambience general', 'negative', 'NULL')]
Review-g188671-d1761224_3:1	her restaurant heeft een beperkte kaart maar alle gerechten zijn copieus en lekker.	[('food style_options', 'positive', 'gerechten'), ('food quality', 'positive', 'gerechten'), ('food style_options', 'negative', 'restaurant')]
Review-g188671-d1761224_3:2	de gastvrouw, tevens Brugse gids, maakt het verschil.	[('service general', 'positive', 'gastvrouw')]
Review-g188671-d1960672_1:1	Wat een romantisch etentje met een Grouponbon moest worden, werd een regelrechte flop.	[('restaurant general', 'negative', 'etentje')]
Review-g188671-d1960672_1:2	Wij hebben nog nooit zo slecht gegeten!	[('food quality', 'negative', 'NULL')]
Review-g188671-d1960672_1:3	1 uur wachten op een bruchetta, die een droog stukje brood was met wat platgebakken champignons erbij!	[('service general', 'negative', 'NULL'), ('food quality', 'negative', 'bruchetta')]
Review-g188671-d1960672_1:4	Hoofdgerecht was pasta met diepvrieszeevruchtenmix en nul komma nul smaak!	[('food quality', 'negative', 'pasta met diepvrieszeevruchtenmix')]
Review-g188671-d1960672_1:5	Echt geen restaurant waardig!!!!	[('restaurant general', 'negative', 'restaurant')]
Review-g188671-d1960672_1:6	De enige garnituur was wat ongewassen peterselie die het gerecht volledig naar de knoppen hielp.	[('food style_options', 'negative', 'gerecht'), ('food quality', 'negative', 'peterselie')]
Review-g188671-d1960672_1:9	Deze was (uit een potje), op een bord gesmeten met diepvries rode vruchten!!	[('food style_options', 'negative', 'NULL'), ('food quality', 'negative', 'NULL'), ('food quality', 'negative', 'rode vruchten')]
Review-g188671-d1960672_1:10	Geef hier jullie geld niet aan!!!!	[('restaurant general', 'negative', 'NULL')]
Review-g188671-d1960672_1:12	Slechter dan deze kan niet!!	[('restaurant general', 'negative', 'NULL')]
Review-g188671-d1960672_2:1	UITSTEKEND!!	[('restaurant general', 'positive', 'NULL')]
Review-g188671-d1960672_2:2	Het kader is heel typisch Italiaans.	[('ambience general', 'neutral', 'kader')]
Review-g188671-d1960672_2:3	Super bediening & eten heel heel lekker!	[('food quality', 'positive', 'eten'), ('service general', 'positive', 'bediening')]
Review-g188671-d1960672_2:4	Is het enige Italiaans rest waar we komen...	[('restaurant general', 'neutral', 'italiaans rest')]
Review-g188671-d1960672_3:3	Vriendelijke gastvrouw en no nonsense bediening.	[('service general', 'neutral', 'bediening'), ('service general', 'positive', 'gastvrouw')]
Review-g188671-d1960672_3:4	De pizza en de pasta zijn lekker zonder meer.	[('food quality', 'neutral', 'pasta'), ('food quality', 'neutral', 'pizza')]
Review-g188671-d1960672_3:5	Pijs kwaliteit zeker ok	[('restaurant general', 'positive', 'NULL')]
Review-g188671-d1960672_4:1	Dit restaurant ademt gezelligheid uit.	[('ambience general', 'positive', 'restaurant')]
Review-g188671-d1960672_4:2	Het eten was lekker.....mijn zoon zou een 5 sterren hebben gegeven....indien hij dit kon doen.	[('food quality', 'positive', 'eten')]
Review-g188671-d1960672_4:3	Top, we gaan zeker terug!	[('restaurant general', 'positive', 'NULL')]
Review-g188671-d2166198_1:3	Heel lekker salaatje met mooie verse saladesoorten, niet die die je dikwijls geserveerd krijgt, recht uit de zak!	[('food style_options', 'positive', 'salaatje'), ('food quality', 'positive', 'salaatje')]
Review-g188671-d2166198_1:4	Slaatje afgewerkt met lekkere dressing, gebakken spekjes en goede feta.	[('food quality', 'positive', 'feta'), ('food quality', 'positive', 'dressing')]
Review-g188671-d2166198_1:5	Als hoofdgerecht een stukje gebakken zalm met krieltjes en verse groentjes!	[('food quality', 'positive', 'groentjes')]
Review-g188671-d2166198_1:6	Vooral dit laatste kunnen we appreciëren.	[('food quality', 'positive', 'NULL')]
Review-g188671-d2166198_1:7	Dit komt in véél te weinig zaken voor en waardeert je gerecht echt op!	[('food quality', 'positive', 'NULL')]
Review-g188671-d2166198_1:8	Alles heel lekker, en zoals het een daglunch betaamt, in een uurtje geserveerd.	[('food quality', 'positive', 'NULL'), ('service general', 'neutral', 'NULL')]
Review-g188671-d2166198_1:9	De vriendeljke bediening mogen we zeker ook niet na laten te vermelden.	[('service general', 'positive', 'bediening')]
Review-g188671-d2166198_1:10	Wel iets om terug te gaan en een van hun menuutjes of à la carte uit te proberen.	[('restaurant general', 'positive', 'NULL')]
Review-g188671-d2166198_3:3	Geen spijt van gehad, het driegangen Marktmenu van €35,- was heerlijk.	[('food quality', 'positive', 'driegangen marktmenu')]
Review-g188671-d2166198_4:1	Wij hebben heerlijk in dit restaurant gegeten.	[('food quality', 'positive', 'NULL')]
Review-g188671-d2166198_4:2	Het menu van €35,- was erg goed.	[('food quality', 'positive', 'menu')]
Review-g188671-d2166198_4:3	De smaken van de gerechten kwamen goed tot hun recht.	[('food quality', 'neutral', 'gerechten')]
Review-g188671-d2166198_4:4	De sfeer in dit prachtige gebouw is ongedwongen en plezierig.	[('ambience general', 'positive', 'sfeer')]
Review-g188671-d2166198_4:5	Wij kunnen dit restaurant in Brugge zeker aanbevelen.	[('restaurant general', 'positive', 'restaurant')]
Review-g188671-d2294477_2:1	Erg vlotte bediening, toffe sfeer en daarenboven zeer lekkere ribbetjes.	[('food quality', 'positive', 'ribbetjes'), ('ambience general', 'positive', 'sfeer'), ('service general', 'positive', 'bediening')]
Review-g188671-d2294477_2:2	Prijs/kwaliteit dik in orde.	[('restaurant general', 'positive', 'NULL'), ('restaurant prices', 'positive', 'NULL')]
Review-g188671-d2294477_2:3	Enig minpuntje: moeilijk parking te vinden in de buurt	[('location general', 'negative', 'buurt')]
Review-g188671-d2294477_3:1	Vriendelijke ontvangst en heel vlotte bediening achteraf.	[('service general', 'positive', 'bediening'), ('service general', 'positive', 'ontvangst')]
Review-g188671-d2294477_3:2	De kwaliteit van de schotels is heel goed (wel niet de ribs genomen) en de porties zijn enorm.	[('food style_options', 'positive', 'porties'), ('food quality', 'positive', 'schotels')]
Review-g188671-d2294477_3:3	Prijs/kwaliteit is correct.	[('restaurant general', 'positive', 'NULL'), ('restaurant prices', 'positive', 'NULL')]
Review-g188671-d2294477_3:4	Kortom voor herhaling vatbaar	[('restaurant general', 'positive', 'NULL')]
Review-g188671-d2330356_1:1	het was even geleden... maar gisteren een onverwachte stop gemaakt, en natuurlijk niet kunnen weerstaan aan deze zoete verleidingen.... brownie met gember was superjammie!!!!!	[('food quality', 'positive', 'brownie met gember')]
Review-g188671-d2330356_4:1	hele lekkere patisserie!	[('food quality', 'positive', 'patisserie')]
Review-g188671-d2330356_4:2	ongelofelijke eclairs..	[('food quality', 'positive', 'eclairs')]
Review-g188671-d2330356_4:3	Maar het brood vind ik veeel te duur!	[('food prices', 'negative', 'brood')]
Review-g188671-d2330356_4:4	leuk dat je kan binnenkijken in de atelier!	[('ambience general', 'positive', 'atelier')]
Review-g188671-d3162667_2:2	Hier zit je tussen wanden vol boeken in een gezellig decor.	[('ambience general', 'positive', 'NULL')]
Review-g188671-d3162667_2:4	Het ontbijt is verzorgd, vers en lekker.	[('food quality', 'positive', 'ontbijt')]
Review-g188671-d3162667_2:5	Er is keuze tussen verschillende formules.	[('food style_options', 'positive', 'keuze')]
Review-g188671-d3162667_2:6	De bediening is vlot en vriendelijk.	[('service general', 'positive', 'bediening')]
Review-g188671-d3162667_4:4	Maar in deze zaak namen ze wel erg hun tijd!	[('service general', 'negative', 'NULL')]
Review-g188671-d3162667_4:8	Hoewel we vlot onze drankjes kregen, duurde het wel nogal lang totdat de man onze bestelling van eten kwam opnemen.	[('service general', 'neutral', 'man')]
Review-g188671-d3162667_4:9	Keuze is beperkt, belegde bagels, speciale croques van dikke sneden brood, kaas/vleesbordje,. uiteindelijk namen zowel ik als mijn vriendin een croque.	[('food style_options', 'negative', 'keuze')]
Review-g188671-d3162667_4:10	Wel verzorgd, met beetje sla erbij.	[('food quality', 'positive', 'NULL')]
Review-g188671-d3162667_4:12	Dienden hier 25 minuten op te wachten.	[('service general', 'negative', 'NULL')]
Review-g188671-d3162667_4:15	Kan toch niet zo lang duren.	[('service general', 'negative', 'NULL')]
Review-g188671-d3162667_4:16	Andere tafeltjes werden even traag bediend.	[('service general', 'negative', 'NULL')]
Review-g188671-d3162667_4:17	Ik begrijp dat de vrouw in de keuken ook maar twee handen heeft, maar de man stond ondertussen achter de bar -als ik me niet vergis -met zijn gsm te spelen.	[('service general', 'negative', 'man')]
Review-g188671-d3162667_4:19	Ook na het eten duurde het minstens nog 10 min (en een wenkgebaar van ons) voor de man onze borden kwam afruimen en ons vroeg of we nog iets wensten.	[('service general', 'negative', 'man')]
Review-g188671-d3162667_4:21	Deze kwam even traag als de rest van de bediening, dus zijn we gaan betalen aan de bar.	[('service general', 'negative', 'bediening')]
Review-g188671-d3162667_4:22	Dit vonden ze dan blijkbaar nogal onbeleefd.	[('service general', 'negative', 'NULL')]
Review-g188671-d3162667_4:23	Onvoorstelbaar dat zij niet begrijpen dat vele mensen na een uur middagpauze terug op hun werk moeten zijn en dat hier geen speling op zit!!	[('service general', 'negative', 'NULL')]
Review-g188671-d3162667_4:24	Pluspunt: het eten was lekker en verzorgd.	[('food quality', 'neutral', 'eten')]
Review-g188671-d3162667_4:26	Prijzen zijn ook echt aan de dure kant voor lunch, als ik ruim 15 euro betaal voor lunch heb ik op meeste bistro's daarvoor al een biefstuk+friet, vol-au-vent, of een verzorgd bord pasta.	[('food prices', 'negative', 'lunch')]
Review-g188671-d3318591_2:1	Het was aangenaam vertoefen, heel vriendelijk mensen en het eten was zeker naar behoren, een snelle degelijke hap.	[('food quality', 'neutral', 'eten'), ('service general', 'positive', 'mensen'), ('restaurant general', 'positive', 'NULL')]
Review-g188671-d3318591_2:2	Iemand die gek is op self-made ice tea is op het juiste adres.	[('drinks quality', 'positive', 'self-made ice tea')]
Review-g188671-d3318591_3:1	Super lekker eten, vers, leuk gebracht, grote portie.	[('food style_options', 'positive', 'eten'), ('food style_options', 'positive', 'portie'), ('food quality', 'positive', 'eten')]
Review-g188671-d3318591_3:2	Super bediening, vriendelijk en attent.	[('service general', 'positive', 'bediening')]
Review-g188671-d3318591_3:3	Zeker dat ik hier naar terug kom.	[('restaurant general', 'positive', 'NULL')]
Review-g188671-d3318591_3:4	Een must do in brugge.	[('restaurant general', 'positive', 'NULL')]
Review-g188671-d3318591_4:1	Uiterst gezellige familiezaak, waar ze 'service with a smile' hoog in het vaandel dragen.	[('service general', 'positive', 'service'), ('ambience general', 'positive', 'familiezaak')]
Review-g188671-d3318591_4:2	De uitbaters leggen je er echt in de watten.	[('service general', 'positive', 'uitbaters')]
Review-g188671-d3318591_4:3	Je kan er terecht voor een uitgebreid ontbijt, een lichte lunch of een afternoon tea.	[('food style_options', 'positive', 'ontbijt')]
Review-g188671-d3318591_4:4	Toppers zijn de verse chocolademelk, de Victoria spongecake, cheesecake en de 'scrambled eggs'-bagel.	"[('food quality', 'positive', 'victoria spongecake'), ('food quality', 'positive', 'cheesecake'), ('drinks quality', 'positive', 'chocolademelk'), ('food quality', 'positive', ""scrambled eggs'-bagel"")]"
Review-g188671-d3318591_4:5	Allemaal huisgemaakt, uiteraard!	[('food quality', 'positive', 'allemaal')]
Review-g188671-d3570292_1:1	De seizoensgebonden kaart, geweldige bediening en de prettige ambiance, maakt het dat dit restaurant zeer goed is!	[('restaurant general', 'positive', 'restaurant'), ('ambience general', 'positive', 'ambiance'), ('service general', 'positive', 'bediening'), ('food style_options', 'positive', 'kaart')]
Review-g188671-d3570292_1:2	Echt een aanrader!	[('restaurant general', 'positive', 'NULL')]
Review-g188671-d3570292_2:2	Het was genieten van de atmosfeer en het eten.	[('food quality', 'positive', 'eten'), ('ambience general', 'positive', 'atmosfeer')]
Review-g188671-d3570292_2:3	De broers brengen je een pure, verfijnde en kwaliteitsvolle keuken in een sprookjesachtig kader.	[('ambience general', 'positive', 'kader'), ('food quality', 'positive', 'keuken')]
Review-g188671-d3570292_2:4	Wij komen zeker terug.	[('restaurant general', 'positive', 'NULL')]
Review-g188671-d3570292_3:1	Pomperlut is een sfeervol restaurant, mooi ingericht en cosy.	[('ambience general', 'positive', 'pomperlut')]
Review-g188671-d3570292_3:2	Weinig keus maar toch voldoende om je een lekker menuutje te laten serveren.	[('food quality', 'positive', 'menuutje'), ('food style_options', 'neutral', 'keus')]
Review-g188671-d3570292_3:3	De service is een beetje koel maar toch correct.	[('service general', 'neutral', 'service')]
Review-g188671-d3570292_3:4	Een aanrader voor de wintermaanden wanneer de grote haard lekkere knetterende warmte geeft.	[('restaurant general', 'positive', 'NULL')]
Review-g188671-d3570292_4:1	Een sfeervol, gezellig kader.	[('ambience general', 'positive', 'kader')]
Review-g188671-d3570292_4:2	Superlekker gegeten, meer dan gewoon.	[('food style_options', 'positive', 'NULL'), ('food quality', 'positive', 'NULL')]
Review-g188671-d3570292_4:4	We gaan zeker terug, maar misschien alleen met vrouwen, want peter, die ons bediende was een streling voor het oog.	[('restaurant general', 'positive', 'NULL'), ('service general', 'positive', 'peter')]
Review-g188671-d3617522_1:1	Per toeval in dit 'huisje' beland waar we op het binnenterras genoten hebben van een lekker stukje 'Limousin' vlees.	"[('food quality', 'positive', ""limousin' vlees"")]"
Review-g188671-d3617522_1:2	Super toffe bediening, aangepaste wijntjes en dat in een mooi en rustig kader, weg van de drukte aan 't Zand en zijn toeristenvallen.	[('service general', 'positive', 'bediening'), ('drinks style_options', 'neutral', 'wijntjes'), ('ambience general', 'positive', 'kader')]
Review-g188671-d3617522_3:1	Het was een verademing voor ons om even uit de drukte van de markt in Brugge in alle rust en zeer sfeervol te genieten van een heerlijke maaltijd.	[('ambience general', 'positive', 'NULL'), ('food quality', 'positive', 'maaltijd')]
Review-g188671-d3617522_3:2	Al in het menu wordt je geïnformeerd over lactose- en glutenvrije recepten.	[('food style_options', 'positive', 'menu')]
Review-g188671-d3617522_3:3	De combinatie met de wijn soorten was bijzonder.	[('drinks style_options', 'positive', 'combinatie met de wijn soorten')]
Review-g188671-d3617522_3:4	Heerlijk.	[('restaurant general', 'positive', 'NULL')]
Review-g188671-d3617522_4:2	In dit restaurant lukt het wel.	[('restaurant general', 'positive', 'restaurant')]
Review-g188671-d3617522_4:3	Heerlijk, eerlijk en apart.	[('restaurant general', 'positive', 'NULL')]
Review-g188671-d5944255_1:1	Als in Brugge wonend, is dit restaurant een echte aanrader en ééntje dat ik andere zou aanraden.	[('restaurant general', 'positive', 'restaurant')]
Review-g188671-d5944255_1:2	Het is er verzorgd en heel verse voedsel.	[('food quality', 'positive', 'voedsel'), ('ambience general', 'positive', 'NULL')]
Review-g188671-d5944255_1:3	De chef toont een grote gedrevenheid en passie voor zijn vak.	[('service general', 'positive', 'chef')]
Review-g188671-d5944255_1:4	Ik ben hier al verschillende keren geweest en het was steeds in orde.	[('restaurant general', 'neutral', 'NULL')]
Review-g188671-d5944255_1:5	Je krijgt meer dan waard voor je geld!	[('restaurant general', 'positive', 'NULL')]
Review-g188671-d5944255_2:1	Heb hier al verschillende malen gegeten en telkens vlotte bediening, heel lekker om te eten, mooi gepresenteerd en ruime porties ook.	[('food style_options', 'positive', 'NULL'), ('food style_options', 'positive', 'porties'), ('food quality', 'positive', 'NULL'), ('service general', 'positive', 'bediening')]
Review-g188671-d5944255_2:2	Heel redelijk van prijs en veel gerechten dat je ergens anders niet direct Zal vinden.	[('restaurant prices', 'positive', 'NULL'), ('food style_options', 'positive', 'gerechten')]
Review-g188671-d5944255_2:3	De Lasagne is super.	[('food quality', 'positive', 'lasagne')]
Review-g188671-d5944255_2:4	Doe zo voort!	[('restaurant general', 'positive', 'NULL')]
Review-g188671-d5944255_3:1	Mijn vriendin en ik heb hier lekker gegeten.	[('food quality', 'positive', 'NULL')]
Review-g188671-d5944255_3:2	Niet het gewone alledaagse restaurant maar eens iets anders.	[('restaurant general', 'positive', 'restaurant')]
Review-g188671-d5944255_3:3	Mooi, modern interieur en een kok waar je aan merkt dat hij enorm gepassioneerd met eten bezig is!	[('ambience general', 'positive', 'interieur'), ('food quality', 'positive', 'kok')]
Review-g188671-d5944255_3:4	De verse limonade vonden we wat bitter afsmaken maar het eten, in ons geval een salade met zalm en een quiche smaakten ongelooflijk goed.	[('drinks quality', 'negative', 'limonade'), ('food quality', 'positive', 'salade met zalm en een quiche')]
Review-g188671-d5944255_3:5	En dan heb ik het nog niet gehad over het dessert, een eigen versie van een snicker een absolute aanrader.	[('food quality', 'positive', 'dessert')]
Review-g188671-d5944255_4:3	Wanneer je binnen stapt in dit restaurantje wordt je onder gedompeld in wat volgens mij de ideale wereld moet zijn volgens deze twee leuke jonge mensen.	[('ambience general', 'positive', 'restaurantje')]
Review-g188671-d5944255_4:4	Op een uurtje tijd kom je tot rust, eet je fantastisch lekker en zie je twee mensen die voor 100% achter dit concept staan.	[('food quality', 'positive', 'NULL'), ('ambience general', 'positive', 'NULL'), ('service general', 'positive', 'mensen')]
Review-g188671-d5944255_4:5	Ik zou zeggen doe zo verder en ons zie zeker en vast nog terug.	[('restaurant general', 'positive', 'NULL')]
Review-g188671-d694742_1:1	Wij hebben heerlijk gegeten en genoten van de lekkere wijn.	[('drinks quality', 'positive', 'wijn'), ('food quality', 'positive', 'NULL')]
Review-g188671-d694742_1:2	Bediening was keurig, ambiance sfeervol en gezellig.	[('ambience general', 'positive', 'ambiance'), ('service general', 'neutral', 'bediening')]
Review-g188671-d694742_1:3	Echt een top avond gehad, wij komen zeker terug!	[('restaurant general', 'positive', 'NULL')]
Review-g188671-d694742_2:1	Het Parkrestaurant is zeker de moeite waard, wel eerder te beoordelen als een totaalconcept: zeer vriendelijke en persoonlijke ontvangst, mooi, gezellig en stijlvol interieur, warme sfeer, goede achtergrondmuziek (wij zaten in het tweede gedeelte op een tussenverdieping, aan te raden)	[('ambience general', 'positive', 'sfeer'), ('ambience general', 'positive', 'interieur'), ('service general', 'positive', 'ontvangst'), ('restaurant general', 'positive', 'parkrestaurant')]
Review-g188671-d694742_2:2	"De keuken is op het niveau van de ""goede burgerkeuken"", verwacht geen topgastronomie."	[('food quality', 'neutral', 'keuken')]
Review-g188671-d694742_2:3	De gerechten zijn heel lekker en de porties ruim er wordt met verse ingrediënten gewerkt.	[('food quality', 'positive', 'gerechten'), ('food style_options', 'positive', 'porties')]
Review-g188671-d694742_2:4	De bediening is vriendelijk en attent (veel personeel aanwezig) maar mist wat ervaring en vlotheid, soms nogal onhandig.	[('service general', 'neutral', 'bediening')]
Review-g188671-d694742_2:5	Er is misschien 1 aandachtspunt: het sanitair is heel netjes en ruim, maar er is slechts 1 toilet voor dames en 1 voor heren.	[('restaurant miscellaneous', 'neutral', 'sanitair')]
Review-g188671-d694742_3:1	goed eten de bediening is ook heel attent en weet waar ze over praten zoals de wijn en wat vooreten je op je bord krijgt	[('food quality', 'positive', 'eten'), ('service general', 'positive', 'bediening')]
Review-g188671-d694742_3:2	Ook de persoonlijke aandacht van de chef is heel leuk ik zou iedereen aanraden dit restaurant een keer te bezoeken wel reserveren via internet	[('service general', 'positive', 'chef'), ('restaurant general', 'positive', 'restaurant')]
Review-g188671-d694742_4:1	We hebben vorig weekend bij Park Restaurant gegeten om de verjaardag van mijn vriend te vieren en het was een zeer geslaagde avond.	[('restaurant general', 'positive', 'park restaurant')]
Review-g188671-d694742_4:2	Het menu was om van te smullen, de wijn paste uitstekend bij de gerechten, en we zijn zeer vriendelijk ontvangen.	[('service general', 'positive', 'NULL'), ('drinks quality', 'positive', 'wijn'), ('food quality', 'positive', 'menu')]
Review-g188671-d694742_4:3	Kortom: een aanrader voor een weekend in Brugge!	[('restaurant general', 'positive', 'NULL')]
Review-g188671-d741857_1:1	"Onbeschofte bediening, zeer hoge prijzen, 51 euro voor 3 koffie, 3 ""appelgebak"" en 2 cola."	[('restaurant prices', 'negative', 'NULL'), ('service general', 'negative', 'bediening')]
Review-g188671-d741857_1:2	En als klap op de vuurpijl een grote mond.....de klant moet niet zeuren maar moest een fooi geven.	[('service general', 'negative', 'NULL')]
Review-g188671-d741857_1:3	we hopen dat hieraan iets gedaan kan worden, want dit is een absoluut dieptepunt in zo'n mooie stad.	[('restaurant general', 'negative', 'NULL')]
Review-g188671-d741857_3:1	Personeel kijkt je niet aan, kwakken je eten op je tafel en nemen niet eens de moeite om iets tegen je te zeggen.	[('service general', 'negative', 'personeel')]
Review-g188671-d741857_3:2	Als je om brood vraag krijg je een stapel boterhammen uit een plastic zak.	[('food quality', 'negative', 'brood')]
Review-g188671-d741857_3:3	En dat tegen de prijzen; 4 Euro 80 voor een pilsje en zes en halve Euro voor een glas witte huiswijn.	[('drinks prices', 'negative', 'prijzen')]
Review-g188671-d741857_3:4	Nummer 1 Touristenval.	[('restaurant general', 'negative', 'NULL')]
Review-g188671-d741857_3:5	Mijden dit restaurant.	[('restaurant general', 'negative', 'restaurant')]
Review-g188671-d897856_1:2	Prima ambiance en een aantrekkelijke kaart.	[('food style_options', 'positive', 'kaart'), ('ambience general', 'positive', 'ambiance')]
Review-g188671-d897856_1:4	De gastvrouw is bijzonder attent.	[('service general', 'positive', 'gastvrouw')]
Review-g188671-d897856_1:5	Een aandachtspuntje wat mij betreft is het gebruik van kruiden; waar de soep naar mijn smaak juist een te uitgesproken pepersmaak had waardoor andere smaken worden overschaduwd waren de hertennootjes juist nogal 'laf' gekruid.	[('food quality', 'negative', 'hertennootjes'), ('food quality', 'negative', 'soep')]
Review-g188671-d897856_1:6	Gegeven het prijsniveau vind ik perfectie de norm en dat niveau is deze avond net niet gehaald.	[('food quality', 'neutral', 'NULL')]
Review-g188671-d897856_2:1	Dit kleine restaurant in een Brugs zijstraatje is een echte aanrader.	[('restaurant general', 'positive', 'restaurant')]
Review-g188671-d897856_2:2	Vanaf het binnenkomen voelde ik mij hier thuis, alles klopte.	[('ambience general', 'positive', 'NULL')]
Review-g188671-d897856_2:4	Vooral de babykreeft met waterzooi heeft me zeer aangenaam verrast.	[('food quality', 'positive', 'babykreeft met waterzooi')]
Review-g188671-d897856_3:3	Een meevaller!	[('restaurant general', 'positive', 'NULL')]
Review-g188671-d897856_4:2	Eindelijk weer eens een klassieke keuken, vers en lekker zonder alteveel cinema!	[('food quality', 'positive', 'keuken')]
Review-g188671-d897856_4:3	Prijs kwaliteit uitstekend, we waren met 4 en genoten van de maandmenu.	[('restaurant general', 'positive', 'NULL'), ('restaurant prices', 'positive', 'NULL')]
Review-g188672-d1915624_1:1	Wij zijn hier zaterdagavond met een groep van 17 mensen geweest en werden supervriendelijk ontvangen!	[('service general', 'positive', 'NULL')]
Review-g188672-d1915624_1:2	De bediening was zeer vlot.	[('service general', 'positive', 'bediening')]
Review-g188672-d1915624_1:5	Het eten was lekker.	[('food quality', 'positive', 'eten')]
Review-g188672-d1915624_1:6	Veel keuze en iedereen was tevreden over zijn/haar gerecht.	[('food style_options', 'positive', 'keuze'), ('food quality', 'positive', 'gerecht')]
Review-g188672-d1915624_1:7	Een dikke pluim voor het personeel van deze zaak!	[('service general', 'positive', 'personeel')]
Review-g188672-d1915624_2:4	Jammer genoeg hebben we dit de laatste jaren steeds meer zien wegdeemsteren tot een niveau vér beneden alle peil: klant-onvriendelijke patron, slecht eten en geen service...	[('service general', 'negative', 'service'), ('food quality', 'negative', 'eten'), ('service general', 'negative', 'patron'), ('restaurant general', 'negative', 'NULL')]
Review-g188672-d1915624_2:5	Enkel en alleen de 'kching' van de kassa telt en ben je niet tevreden?	[('service general', 'negative', 'NULL')]
Review-g188672-d1915624_2:8	Blijf hier gewoon weg, want er zijn heel véél betere én sympathiekere horecazaken in Oostende waar ze tenminste nog weten wat lekker eten én echte klantvriendelijke service is!	[('restaurant general', 'negative', 'NULL')]
Review-g188672-d1915624_4:2	Deze keer nam ik de vissoep 'kleine bouillabaise' deze was naar mijn mening zeer ondermaats, De soep smaakte niet naar vis, er was een groot stuk zalm in (wat ik niet graag lust: dus niet hun fout) er was de kop van een langoust in (lust ik wel graag) dus jammer genoeg enkel de kop.	"[('food quality', 'negative', ""vissoep 'kleine bouillabaise"")]"
Review-g188672-d1915624_4:3	De schelpen waren veel te ver en er waren krabbetjes in.	[('food quality', 'negative', 'NULL')]
Review-g188672-d1915624_4:4	Dus bij de vraag was het lekker: neen+de reden, dus je zou denken een kleine korting of een koffie, echter niets van dit.	[('service general', 'negative', 'NULL'), ('food quality', 'negative', 'NULL')]
Review-g188672-d1915624_4:5	De koffie betaalden we zelf en na voor het eerst in 6 jaar geen drinkgeld te hebben nagelaten zelfs geen goeie dag bij het buiten gaan.	[('service general', 'negative', 'NULL')]
Review-g188672-d1915624_4:7	En zeggen dat we deze zaak reeds aanbevolen aan vrienden.	[('restaurant general', 'negative', 'zaak')]
Review-g188672-d2414248_1:1	Vlees en vis van de beste kwaliteit, vriendelijk geserveerd op een professionele wijze.	[('service general', 'positive', 'NULL'), ('food quality', 'positive', 'vis'), ('food quality', 'positive', 'vlees')]
Review-g188672-d2414248_1:2	(Niet toevallig want we zijn er al meermaals geweest!)	[('restaurant general', 'positive', 'NULL')]
Review-g188672-d2414248_2:1	Ik heb niets aan te merken op de kwaliteit van het eten maar het is gewoon te duur.	[('food prices', 'negative', 'NULL'), ('food quality', 'neutral', 'eten')]
Review-g188672-d2414248_2:2	De irish coffee komt de baas inderdaad aan tafel maken, je betaalt er 10 euro voor en dit is ook gewoon té duur.	[('drinks prices', 'negative', 'irish coffee'), ('service general', 'neutral', 'baas')]
Review-g188672-d2414248_3:1	Supervriendelijke bediening, heel lekker eten en zeer hondvriendelijk!	[('restaurant miscellaneous', 'positive', 'NULL'), ('food quality', 'positive', 'eten'), ('service general', 'positive', 'bediening')]
Review-g188672-d2414248_3:2	We kregen zelfs onze vleesoverschot mee naar huis in een handig herbruikbaar microgolfvriendelijk potje.	[('service general', 'positive', 'NULL')]
Review-g188672-d2414248_3:3	Doe zo voort!!!!!	[('restaurant general', 'positive', 'NULL')]
Review-g188672-d2722090_1:1	Wij waren met zes personen en hadden hier uiteraard meer van verwacht.	[('restaurant general', 'negative', 'NULL')]
Review-g188672-d2722090_1:2	2 van ons hadden de zalm besteld van om en bij de 24€ met frietjes 1 had de steak (nog geen 125 gr) 23€ met frietjes 1 had saté 19€ met frietjes 1 scampi in curry met brood het stukje zalm was niet om aan te zien en de steak bijna niet te vinden.	[('food style_options', 'negative', 'steak'), ('food style_options', 'negative', 'stukje zalm'), ('food style_options', 'negative', 'steak')]
Review-g188672-d2722090_1:3	gelukkig serveren ze het op een bord zonder garnituur dat apart in een kommetje op het bord stond, ander hadden wij het stuk vis of vlees niet gevonden.	[('food style_options', 'neutral', 'NULL')]
Review-g188672-d2722090_1:4	1 schotel friet voor 5 volwassen personen was ruim ondermaats en bijbestelde friet kwam nadat onze borden reeds geruime tijd leeg was.	[('food style_options', 'negative', 'friet')]
Review-g188672-d2722090_1:6	Nadat wij de patroon van ons ongenoegen hadden op de hoogte gebracht heeft hij ons arrogant te woord gestaan en ons gewezen dat dit de normale porties zijn die hij zijn klanten voorschotelt.	[('service general', 'negative', 'patroon')]
Review-g188672-d2722090_3:1	U weze gewaarschuwd!	[('restaurant general', 'negative', 'NULL')]
Review-g188672-d2722090_3:3	Al slecht gegeten, smaken kunnen nl verschillen, maar er ziek van zijn dat is echt niet meer normaal te noemen.	[('food quality', 'negative', 'NULL')]
Review-g188672-d2722090_3:4	Voorgerechten: 'Licht gebakken tonijn' was doorbakken.	[('food quality', 'negative', 'licht gebakken tonijn')]
Review-g188672-d2722090_3:5	'Scampi in de look' was niet overdreven, ze zwemden in de boter, ongeloofelijk veel look.	[('food quality', 'negative', 'scampi in de look')]
Review-g188672-d2722090_3:7	Hoofdgerechten Gebakken ribbetjes met 3 sauzen, ribbetje was precies al eens opgewarmd geweest, de smaak was wat vreemd, maar ik dacht aan een vreemde marinade.	[('food quality', 'negative', 'ribbetje')]
Review-g188672-d2722090_3:8	De sausjes (huisgemaakt?) hadden precies meerdere kleuren (voor de duidelijkheid, dezelfde saus had verschillende kleuren na er in te hebben geroerd).	[('food quality', 'neutral', 'sausjes')]
Review-g188672-d2722090_3:9	Ook hangde er veel vet aan de ribbetjes.	[('food quality', 'negative', 'ribbetjes')]
Review-g188672-d2722090_3:10	De steak met bearnaisesaus van mijn vriendin werd saignant besteld, maar bien cuit geleverd, na dit duidelijk te maken antwoord de ober, oh ik zei bc maar ik wist het eigenlijk niet, zal wel saignant zijn, de steak was net niet zwart...	[('service general', 'negative', 'ober')]
Review-g188672-d2722090_3:11	De frietjes... wel om in dezelfde sfeer te blijven als andere commentaren, zelfs deze in de MacDonalds zijn beter.	[('food quality', 'negative', 'frietjes')]
Review-g188672-d2722090_3:12	Het slaatje dat er werd bijgegeven was ok.	[('food quality', 'neutral', 'slaatje')]
Review-g188672-d2722090_3:13	Het dessert was nog het beste, maar wij hadden geluk blijkbaar.	[('food quality', 'positive', 'dessert')]
Review-g188672-d2722090_3:14	Dezelfde tiramisu bij de buren was keihard en enkel warm aan de onderkant, klinkt als microgolf voor mij.	[('food quality', 'positive', 'tiramisu')]
Review-g188672-d2722090_3:16	Mijn vriendin had appeltaart, die ze wel ok vond.	[('food quality', 'neutral', 'appeltaart')]
Review-g188672-d2722090_3:17	De wijn... laat ons zeggen dat ik er al betere heb gedronken voor voor veel minder dan 22 euro.	[('drinks quality', 'negative', 'wijn'), ('drinks prices', 'negative', 'wijn')]
Review-g188672-d2722090_3:19	Na 10 minuten zijn we thuis, en mijn vriendin voelt het al komen, rechtstreeks naar het toilet.	[('food quality', 'negative', 'NULL')]
Review-g188672-d2722090_3:20	Ikzelf de ganse avond en nacht ongemakkelijk, het gevoel dat ik moet braken maar het komt niet.	[('food quality', 'negative', 'NULL')]
Review-g188672-d2722090_3:22	Deze zaak zou moeten gesloten worden, want ik ben duidelijk niet de enige die hier een slechte ervaring heeft meegemaakt.	[('restaurant general', 'negative', 'zaak')]
Review-g188672-d2722090_4:3	Toen we na een halfuur eindelijk ons eten aan tafel kregen, namen wij elk 1 hap van ons gerecht om dan tot besef te komen dat het niet te vreten was!	[('food quality', 'negative', 'gerecht'), ('service general', 'negative', 'NULL')]
Review-g188672-d2722090_4:4	De pasta carbonara was niks meer dan een harde laag koude kaas, room en doorweekte spaghetti, en de pannenkoeken waren precies gemaakt in een pan dat ze al dagen niet hadden gewassen.	[('food quality', 'negative', 'pannenkoeken'), ('food quality', 'negative', 'pasta carbonara')]
Review-g188672-d2722090_4:5	Verschrikkelijk gewoon!	[('restaurant general', 'negative', 'NULL')]
Review-g188672-d2722090_4:6	De ober (een jobstudent) ging terug naar de keuken met onze borden maar wij kregen deze gewoon terug, en de chef zei dat deze beide gerechten normaal waren en er niks mis mee was.	[('service general', 'negative', 'chef')]
Review-g188672-d2722090_4:7	Omdat mijn vriend amper 2 happen had genomen van zijn pasta, weigerde hij deze te betalen, waarna het keukenpersoneel heel frank deed en ons dwong om te betalen!!!!!!!	[('service general', 'negative', 'keukenpersoneel')]
Review-g188672-d2722090_4:8	Wij komen hier nooit meer terug en raden het aan iedereen af.	[('restaurant general', 'negative', 'NULL')]
Review-g188672-d2722090_4:10	Als ik kon zou ik het aan het restaurant zelf een bordje plaatsen om het aan alle bezoekers af te raden!!!!!!!!!!!!!!!!!!!	[('restaurant general', 'negative', 'restaurant')]
Review-g188672-d3165028_1:1	Fijn en gezellig familiaal restaurant.	[('ambience general', 'positive', 'restaurant')]
Review-g188672-d3165028_1:2	Klasse maaltijden en positief qua prijs/kwaliteit.	[('restaurant general', 'positive', 'NULL'), ('restaurant prices', 'positive', 'NULL'), ('food quality', 'positive', 'maaltijden')]
Review-g188672-d3165028_1:3	Buiten komen met een voldaan en gelukkig gevoel.	[('restaurant general', 'positive', 'NULL')]
Review-g188672-d3165028_1:4	Toffe mensen met een fijne, vriendschappelijke en verzorgde uitstraling.	[('service general', 'positive', 'mensen')]
Review-g188672-d3165028_1:5	meer dan voor herhaling vatbaar, aanrader.	[('restaurant general', 'positive', 'NULL')]
Review-g188672-d3165028_2:1	Fijne en gezellige bediening, klasse maaltijden.	[('food quality', 'positive', 'maaltijden'), ('service general', 'positive', 'bediening')]
Review-g188672-d3165028_2:2	Voor mij zeker het tofste en leukste restaurantje in Oostende.	[('ambience general', 'positive', 'restaurantje')]
Review-g188672-d3165028_2:3	Ik zal hier nog geregeld binnenspringen en dan niet alleen voor het lekkere eten maar ook voor de gastvrijheid.	[('restaurant general', 'positive', 'NULL'), ('food quality', 'positive', 'eten'), ('service general', 'positive', 'NULL')]
Review-g188672-d3165028_3:1	Ten eerste zijn we heel leuk ontvangen door het personeel.	[('service general', 'positive', 'personeel')]
Review-g188672-d3165028_3:2	Toen kwam het eten en dat was perfect!	[('food quality', 'positive', 'eten')]
Review-g188672-d3165028_3:3	Lekkerste lam en kip in tijden.	[('food quality', 'positive', 'lam en kip')]
Review-g188672-d3165028_3:4	De couscous was daarnaast ook zeer goed bereid.	[('food quality', 'positive', 'couscous')]
Review-g188672-d3165028_3:5	We komen zeker terug.	[('restaurant general', 'positive', 'NULL')]
Review-g188672-d3165028_4:1	Alles tip top in orde... eten super lekker... hele vriendelijke bediening en nog zoveel meer... heel leuk ook voor familie gelegenheden... weinig geld en heel veel om te eten...	[('food style_options', 'positive', 'NULL'), ('restaurant prices', 'positive', 'NULL'), ('service general', 'positive', 'bediening'), ('food quality', 'positive', 'eten'), ('restaurant general', 'positive', 'NULL')]
Review-g188672-d3750960_1:1	Gezellig vernieuwd terras, maar omdat het frisjes was toch maar binnen gaan eten.	[('ambience general', 'positive', 'terras')]
Review-g188672-d3750960_1:2	Zeer verouderd restaurant, stoffige gordijnen, zitbanken en stoelen serieus beschadigd, mosselen natuur besteld.	[('ambience general', 'negative', 'restaurant')]
Review-g188672-d3750960_1:3	3 haren (van de kok) tegen gekomen.	[('food quality', 'negative', 'NULL')]
Review-g188672-d3750960_1:4	Keteltje geroest en goed beschadigd.	[('food style_options', 'negative', 'keteltje')]
Review-g188672-d3750960_1:5	Platte frietjes erbij gekregen, zure en lopende mayo.	[('food quality', 'negative', 'frietjes'), ('food quality', 'negative', 'mayo')]
Review-g188672-d3750960_1:6	Vriendin had vol au vent, maar die zag eruit alsof ie al eens gegeten was...	[('food style_options', 'negative', 'vol au vent')]
Review-g188672-d3750960_1:7	Mij zien ze daar niet meer, veel te duur voor zo'n slechte kwaliteit!	[('restaurant general', 'negative', 'NULL'), ('restaurant prices', 'negative', 'NULL')]
Review-g188672-d3750960_2:3	Maar dit was alles behalve goed.	[('food quality', 'negative', 'NULL')]
Review-g188672-d3750960_2:4	Zéér onvriendelijk personeel eten was zeer matig.	[('food quality', 'negative', 'eten'), ('service general', 'negative', 'personeel')]
Review-g188672-d3750960_2:5	Prijs kwaliteit verhouding klopt hier duidelijk niet.	[('restaurant general', 'negative', 'NULL'), ('restaurant prices', 'negative', 'NULL')]
Review-g188672-d3750960_2:6	Geen aanrader.	[('restaurant general', 'negative', 'NULL')]
Review-g188672-d3750960_4:1	Dit is zeker geen aanrader, het eten is zeer flauw	[('food quality', 'negative', 'eten'), ('restaurant general', 'negative', 'NULL')]
Review-g188672-d3750960_4:2	Als je graag goed eet is dit zeker niet een restaurant die je moet nemen, er zijn veel betere in Oostende, spijtig want de locatie is prachtig... op de markt	[('restaurant general', 'negative', 'restaurant'), ('location general', 'positive', 'locatie')]
Review-g188672-d3852991_1:2	Stel je geen toprestaurant voor, maar... wij werden vriendelijk ontvangen, kregen een correcte bediening en lekker eten.	[('service general', 'positive', 'bediening'), ('food quality', 'positive', 'eten')]
Review-g188672-d3852991_2:1	zijn er gaan eten op zondagavond 02 november met bon van groupon, hadden een brede keuze uit menu's, kregen een mooie tafel aan het venster met kaarslicht, goede en snelle bediening.	"[('service general', 'positive', 'bediening'), ('food style_options', 'positive', ""menu's""), ('ambience general', 'positive', 'tafel')]"
Review-g188672-d3852991_2:2	het eten echt lekker, niets op aan te merken.	[('food quality', 'positive', 'eten')]
Review-g188672-d3852991_3:1	We zaten op het terras vol in de herfstzon, heerlijk plekje!	[('ambience general', 'positive', 'terras')]
Review-g188672-d3852991_3:2	Helaas moesten we ruim 20 minuten wachten tot dat we konden bestellen.	[('service general', 'negative', 'NULL')]
Review-g188672-d3852991_3:3	Menu kaart onduidelijk (Frans en Nederlands door elkaar).	[('restaurant miscellaneous', 'negative', 'menu kaart')]
Review-g188672-d3852991_3:4	Wel redelijk lekkere soep en garnalen kroketten.	[('food quality', 'neutral', 'garnalen kroketten'), ('food quality', 'neutral', 'soep')]
Review-g188672-d3852991_3:5	Maar de dame uit de bediening schold twee andere gasten uit om een meningsverschil op het bonnetje.	[('service general', 'negative', 'dame')]
Review-g188672-d3852991_3:6	Even later werd mijn vriendin ook weggejaagd omdat ze de verkeerde deur naar de WC nam.	[('service general', 'negative', 'NULL')]
Review-g188672-d3852991_4:1	NOOIT MEER!	[('restaurant general', 'negative', 'NULL')]
Review-g188672-d3852991_4:2	"Als ik de meest recente beoordelingen lees kan ik, na mijn bezoek op zaterdagavond 25/10 alleen maar beamen dat een beetje elementaire ""klasse"" ver te zoeken is."	[('restaurant general', 'negative', 'NULL')]
Review-g188672-d3852991_4:3	"Inderdaad, lang wachten, drank niet gekoeld, onbeleefde, neen, onbeschofte bediening, aangebrand voedsel en als je dan als klant voorzichtig een opmerking maakt, moet je (dixit) ""stoppen met zeveren""..."	[('drinks quality', 'negative', 'drank'), ('service general', 'negative', 'bediening'), ('food quality', 'negative', 'voedsel')]
Review-g188672-d3852991_4:4	Het is mijn persoonlijke indruk dat deze zaak draait op (dagjes-)toeristen of klanten die hier één maal komen en daarna nooit meer.	[('restaurant general', 'neutral', 'zaak')]
Review-g188672-d3852991_4:5	Mij zien ze hier in ieder geval NOOIT MEER!	[('restaurant general', 'negative', 'NULL')]
Review-g188672-d4570177_1:1	Als je een snelle hap wilt in Oostende zijn er tientallen andere adresjes dan de McDonalds!!!!	[('restaurant general', 'negative', 'mcdonalds')]
Review-g188672-d4570177_1:3	Heel vuil, nauwelijks tafels afgeruimd.	[('ambience general', 'negative', 'NULL')]
Review-g188672-d4570177_1:4	Het toiletbezoek (tja, kinderen kunnen niet wachten) is een hel!	[('restaurant miscellaneous', 'negative', 'toiletbezoek')]
Review-g188672-d4570177_1:5	Warm, vuile vloeren, stinken, lange wachtrij...	[('ambience general', 'negative', 'NULL'), ('service general', 'negative', 'wachtrij')]
Review-g188672-d4570177_1:6	Ik spreek me niet uit over McDonalds in het algemeen, maar ik vind het een misdaad als je in Oostende naar de McDo gaat!!!!	[('restaurant general', 'negative', 'mcdo')]
Review-g188672-d4570177_4:1	Het is er nooit echt proper en het de vloer is er ook altijd zeer plakkerig.	[('ambience general', 'negative', 'NULL'), ('ambience general', 'negative', 'vloer')]
Review-g188672-d4570177_4:2	Ook heb je veel dat het eten er koud is of dat er machines kapot zijn vb mc flurry.	[('food quality', 'negative', 'eten'), ('restaurant miscellaneous', 'negative', 'machines')]
Review-g188672-d4570177_4:3	Maar het personeel is er wel vriendelijk.	[('service general', 'positive', 'personeel')]
Review-g188672-d742256_2:2	Aperitief OK -ongeveer 7' nadien komen de aperitiefhapjes...OK kan gebeuren.	[('service general', 'neutral', 'NULL'), ('drinks quality', 'neutral', 'aperitief')]
Review-g188672-d742256_2:3	Nadien kwam de rogge: zodanig uitgedroogd dat het onmogelijk was om het van de graat te krijgen.	[('food quality', 'negative', 'rogge')]
Review-g188672-d742256_2:4	-Dit was echt niet eetbaar.	[('food quality', 'negative', 'NULL')]
Review-g188672-d742256_2:5	Toen ik de opmerking maakte werd mij geantwoord dat de andere kant minder droog was.	[('service general', 'negative', 'NULL')]
Review-g188672-d742256_3:1	Een etentje dat in het geheugen staat gegrift :(	[('restaurant general', 'negative', 'etentje')]
Review-g188672-d742256_3:2	Bij het binnenkomen reeds verbaasd dat er vast tapijt ligt in heel het restaurant.	[('ambience general', 'negative', 'restaurant')]
Review-g188672-d742256_3:3	Na een tijdje dan toch de menukaart gekregen...... deze was niet meer dan een plakboek letterlijk en figuurlijk.	[('food style_options', 'negative', 'menukaart')]
Review-g188672-d742256_3:4	Prijzen aangepast met een klevertje en de kaart blijft aan je handen kleven.	[('food style_options', 'negative', 'kaart')]
Review-g188672-d742256_3:5	Om nog maar te zwijgen over de de wijnkaart, een gore ringmap die totaal verkreukt was en aan je handen bleef kleven.	[('drinks style_options', 'negative', 'wijnkaart')]
Review-g188672-d742256_3:8	Was duidelijk 2de rangs vlees en was nauwelijks warm, sauzen zijn te verkrijgen in potjes van de frituur.	[('food style_options', 'positive', 'sauzen'), ('food quality', 'negative', 'vlees')]
Review-g188672-d742256_3:9	De jongens van de bediening proberen hun best te doen, maar helaas kunnen zij het verdenken kalf niet redden.	[('service general', 'positive', 'jongens van de bediening'), ('restaurant general', 'negative', 'NULL')]
Review-g188672-d742256_3:10	Indien je favoriet bent van kruipende en vliegende insecten dan kom je wel aan je trekken.	[('ambience general', 'neutral', 'NULL')]
Review-g188672-d742256_3:11	Vliegen komen mee eten, geplet ruggen tegen de ramen en Sebastian de spin in zijn enorme web bovenaan het achterste raam.... wel degelijk allemaal binnen te bewonderen.	[('ambience general', 'neutral', 'NULL')]
Review-g188672-d742256_3:12	Positieve nood voor de hondenliefhebbers, hondjes mogen mee in restaurant.....	[('restaurant miscellaneous', 'neutral', 'restaurant')]
Review-g188672-d742256_4:3	Ik heb er geen spijt van.	[('restaurant general', 'positive', 'NULL')]
Review-g188672-d742256_4:4	De mosselen waren lekker en voor 13 euro krijg je ze nagenoeg nergens.	[('food prices', 'positive', 'mosselen'), ('food quality', 'positive', 'mosselen')]
Review-g188672-d742256_4:5	Friet met mayonaise was inbegrepen en het personeel was vriendelijk.	[('food prices', 'positive', 'friet met mayonaise'), ('service general', 'positive', 'personeel')]
Review-g188673-d3411707_1:2	Maar toen we daar ter plekke arriveerden, bleek het restaurant dicht, met vakantie.	[('service general', 'negative', 'restaurant')]
Review-g188673-d3411707_1:3	Blijkbaar had niemand er aan gedacht ons hier van te verwittigen.	[('service general', 'negative', 'NULL')]
Review-g188673-d3411707_3:1	Het aan bod van bieren en andere is zeer beperkt	[('drinks style_options', 'negative', 'bieren')]
Review-g188673-d3411707_3:2	De prijzen aan de hoge kant en de service is zeer traag.	[('service general', 'negative', 'service'), ('restaurant prices', 'negative', 'NULL')]
Review-g188673-d3411707_3:3	Het kan duidelijk beter.	[('restaurant general', 'negative', 'NULL')]
Review-g188673-d3411707_4:1	wil je lekker en goedkoop eten?	[('food prices', 'positive', 'NULL'), ('food quality', 'positive', 'NULL')]
Review-g188673-d3411707_4:4	op de markt te Kortrijk, met een leuke terras.	[('ambience general', 'positive', 'terras')]
Review-g188673-d742121_1:1	Een leuke plek op een prachtig Kortrijks plein.	[('location general', 'positive', 'plek')]
Review-g188673-d742121_1:2	Mooi kader.	[('ambience general', 'positive', 'kader')]
Review-g188673-d742121_1:4	Alles zeer correct en lekker.	[('food quality', 'positive', 'NULL')]
Review-g188673-d742121_1:5	Zeer mooi voor deze prijs.	[('food prices', 'positive', 'NULL')]
Review-g188673-d742121_1:6	Goede bediening.	[('service general', 'positive', 'bediening')]
Review-g188673-d742121_1:7	Kwaliteit van de geserveerde wijnen per glas kon beter.	[('drinks quality', 'negative', 'wijnen')]
Review-g188673-d742121_2:2	We waren goed ontvangen en direct naar de tafel begeleid.	[('service general', 'negative', 'NULL')]
Review-g188673-d742121_2:3	Zeer aangenaam interieur.	[('ambience general', 'positive', 'interieur')]
Review-g188673-d742121_2:4	Op het krijtbord waren er wijnsuggesties aan aan aantrekkelijke prijs.	[('drinks prices', 'positive', 'wijnsuggesties')]
Review-g188673-d742121_2:5	We hebben gekozen voor de tartaar van kingkrab, zeer lekker en fris bereid.	[('food quality', 'positive', 'tartaar van kingkrab')]
Review-g188673-d742121_2:6	De vissoep en de huisgemaakte Garnaalkroketten deze zijn echt authentiek bereid.	[('food quality', 'positive', 'huisgemaakte garnaalkroketten')]
Review-g188673-d742121_2:7	Daarna een filet pur met pepersaus perfect gebakken.	[('food quality', 'positive', 'filet pur met pepersaus')]
Review-g188673-d742121_2:9	Zeer goede gegaarde risotto.	[('food quality', 'positive', 'risotto')]
Review-g188673-d742121_2:11	Zeker een aanrader zowel interieur, bediening, en eten.	[('ambience general', 'positive', 'interieur'), ('service general', 'positive', 'bediening'), ('service general', 'positive', 'eten')]
Review-g188673-d742121_2:12	Tot nog eens.	[('restaurant general', 'positive', 'NULL')]
Review-g188673-d742121_3:1	Wat een teleurstelling.	[('restaurant general', 'negative', 'NULL')]
Review-g188673-d742121_3:2	Het ziet er allemaal mooi en veelbelovend uit maar eten is een ramp.	[('food quality', 'negative', 'eten')]
Review-g188673-d742121_3:3	Het onthaal is verre van hartelijk, het menu van de maand af te raden.	[('service general', 'negative', 'onthaal'), ('food quality', 'negative', 'menu van de maand')]
Review-g188673-d742121_3:4	Het voorgerecht zit vol; bloemsaus en het hoofdgerecht een puinhoop.	[('food quality', 'negative', 'hoofdgerecht'), ('food quality', 'negative', 'voorgerecht')]
Review-g188673-d742121_3:5	De aangepaste wijnen bij het menu zijn slecht, de witte wijn niet gekoeld, de service is gevoelloos en onpersoonlijk.	[('drinks quality', 'negative', 'aangepaste wijnen'), ('service general', 'negative', 'service'), ('drinks style_options', 'negative', 'witte wijn')]
Review-g188673-d742121_3:6	Wat een geldverspilling.	[('restaurant prices', 'negative', 'NULL')]
Review-g188673-d742121_3:7	Nooit meer.	[('restaurant general', 'negative', 'NULL')]
Review-g188673-d857948_1:1	Samen met mijn dochter ging ik een avondje genieten in restaurant St Christophe; het was voor beiden een aangename ervaring!	[('restaurant general', 'positive', 'st christophe')]
Review-g188673-d857948_1:3	Ook de langoest kon onze goedkeuring krijgen.	[('food quality', 'positive', 'langoest')]
Review-g188673-d857948_1:4	Een dikke bravo voor de keuken!	[('food quality', 'positive', 'keuken')]
Review-g188673-d857948_1:5	En de mango tango-thee was een perfecte afsluiter van het etentje!	[('drinks quality', 'positive', 'mango tango-thee')]
Review-g188673-d857948_1:6	Deskundige weetjes over de wijnen werden ons heel vriendelijk meegegeven en de gastvrijheid van mevrouw is hartverwarmend!	[('service general', 'positive', 'mevrouw')]
Review-g188673-d857948_1:7	Wij komen zeker terug!	[('restaurant general', 'positive', 'NULL')]
Review-g188673-d857948_2:2	Het was dineren in de tuin van dit prachtig herenhuis.	[('ambience general', 'positive', 'herenhuis')]
Review-g188673-d857948_2:3	Hoewel zeer gezellig zitten, heeft de tuin toch wel wat onderhoud nodig.	[('ambience general', 'neutral', 'tuin')]
Review-g188673-d857948_2:5	Moet kunnen met drie tafeltjes en toch liep de bediening niet echt vlot.	[('service general', 'negative', 'bediening')]
Review-g188673-d857948_2:6	Voorgerecht, het halve kreeftje, was prima.	[('food quality', 'positive', 'halve kreeftje')]
Review-g188673-d857948_2:7	Hoofdgerecht, de steak, zeer degelijk.	[('food quality', 'positive', 'steak')]
Review-g188673-d857948_2:8	Dessert was een niemendalletje.	[('food quality', 'negative', 'dessert')]
Review-g188673-d857948_2:9	Uiteindelijk met alles erop en eraan, toch prijzig.	[('restaurant prices', 'negative', 'NULL')]
Review-g188673-d857948_3:2	De dame deed het prima, de heer nogal geforceerd.	[('service general', 'negative', 'heer'), ('service general', 'positive', 'dame')]
Review-g188673-d857948_3:4	Prijs/kwaliteit best prima.	[('restaurant general', 'positive', 'NULL'), ('restaurant prices', 'positive', 'NULL')]
Review-g188673-d857948_3:5	Maar het duurde nogal lang...	[('service general', 'negative', 'NULL')]
Review-g188673-d857948_3:7	Goed dat we er een keer geweest zijn, maar daar blijft het er ook bij.	[('restaurant general', 'neutral', 'NULL')]
Review-g188673-d857948_4:1	Gastronomisch lekker gegeten in prachtig oud herenhuis.	[('food quality', 'positive', 'NULL'), ('ambience general', 'positive', 'herenhuis')]
Review-g188673-d857948_4:2	Mooi gedekte tafels.	[('ambience general', 'positive', 'tafels')]
Review-g188673-d857948_4:3	Bediening op niveau.	[('service general', 'positive', 'bediening')]
Review-g188673-d857948_4:4	Keuzemenu is prijs-kwaliteit zeer goed.	[('restaurant general', 'positive', 'keuzemenu'), ('restaurant prices', 'positive', 'keuzemenu')]
Review-g188673-d857948_4:5	Een echte aanrader.	[('restaurant general', 'positive', 'NULL')]
Review-g188674-d3196804_1:2	De tomatensoep was lekker.	[('food quality', 'positive', 'tomatensoep')]
Review-g188674-d3196804_1:3	De pladijs die volgde was maar zeer matig: klein en iets te hard gebakken en voor ons beiden kregen we één erg karige portie frietjes.	[('food style_options', 'negative', 'pladijs'), ('food quality', 'negative', 'pladijs'), ('food style_options', 'negative', 'frietjes')]
Review-g188674-d3196804_1:4	Er bijvragen lukte maar nadat de ober wel al 10 keer voorbijgekomen was zonder op te kijken zodat we ze uiteindelijk kregen als de rest van ons bord al leeg was.	[('service general', 'negative', 'ober')]
Review-g188674-d3196804_1:5	Als dessert hadden we een Dame Blanche: een bolletje half gesmolten ijs met was chocoladesaus en een ruime portie crème fraiche uit de spuitbus, geserveerd in een glas.	[('food style_options', 'neutral', 'dame blanche'), ('food style_options', 'positive', 'crème fraiche')]
Review-g188674-d3196804_1:6	Een dessert van een lunch hoeft niet groot te zijn maar mooier serveren en dan liefst niet in een glas zou al veel helpen.	[('food style_options', 'negative', 'dessert')]
Review-g188674-d3196804_2:5	Bij New Havana te knokke, kan men lekker eten, ja prijzen liggen wat hoger maar euh... dat geld voor zo wat heel Knokke.	[('restaurant prices', 'neutral', 'new havana'), ('food quality', 'positive', 'NULL')]
Review-g188674-d3196804_2:7	Wij worden altijd prima bediend, en genieten er van een drankje of lekker eten.	[('food quality', 'positive', 'eten'), ('drinks quality', 'positive', 'drankje'), ('service general', 'positive', 'NULL')]
Review-g188674-d3196804_2:14	Wij kunnen het alle sinds zeker aanraden.	[('restaurant general', 'positive', 'NULL')]
Review-g188674-d3196804_3:2	Maar soms moet je wel een hele poos wachten vooraleer ze komen!	[('service general', 'negative', 'NULL')]
Review-g188674-d3196804_3:3	Pannekoeken zijn lekker!	[('food quality', 'positive', 'pannekoeken')]
Review-g188674-d3196804_3:4	Maar de chocomelk is niet zelfgemaakt!	[('drinks style_options', 'negative', 'chocomelk')]
Review-g188674-d3196804_3:5	Voor de prijs dat je daar betaalt, vind ik dat je wel een zelfgemaakte mag krijgen!	[('drinks prices', 'negative', 'NULL')]
Review-g188674-d3196804_3:6	De service is oke! (is te zien bij wie!)	[('service general', 'neutral', 'service')]
Review-g188674-d3196804_3:7	Goed maar niet schitterend!	[('restaurant general', 'neutral', 'NULL')]
Review-g188674-d3196804_3:8	Het regent binnen in de terras!	[('ambience general', 'negative', 'terras')]
Review-g188674-d3196804_4:1	Dit is het vuilste, slechtte restaurant ooit bezocht en wij bezoeken er veel per jaar.	[('ambience general', 'negative', 'restaurant'), ('restaurant general', 'negative', 'restaurant')]
Review-g188674-d3196804_4:2	De ober hebben ze uit de adams familie gehaald.	[('service general', 'negative', 'ober')]
Review-g188674-d3196804_4:3	Het eten was bedorven.	[('food quality', 'negative', 'eten')]
Review-g188674-d3196804_4:4	Sluiten die handel	[('restaurant general', 'negative', 'handel')]
Review-g188674-d3426674_3:4	En we genoten weer van de heerlijkheden die de zee te bieden had.	[('food quality', 'positive', 'NULL')]
Review-g188674-d3426674_3:5	dit is en blijft toch al jaren een van de betere adressen op de zeedijk van Knokke-Heist.	[('restaurant general', 'positive', 'NULL')]
Review-g188674-d3426674_3:6	En als we volgend jaar of vroeger weer in de buurt zijn komen we graag terug.	[('restaurant general', 'positive', 'NULL')]
Review-g188674-d3426674_4:1	Zeer goede keuken met zicht op zee.	[('ambience general', 'positive', 'NULL'), ('food quality', 'positive', 'keuken')]
Review-g188674-d3426674_4:2	We werden goed ontvangen door de uitbaatster die duidelijk beter omringd wordt dan voorheen.	[('service general', 'positive', 'uitbaatster')]
Review-g188674-d3426674_4:3	Het keuzemenu is van uitstekende kwaliteit.	[('food quality', 'positive', 'keuzemenu')]
Review-g188674-d3426674_4:5	Daarna kwam een royale portie kabeljauw met jonge spinazie en mousseline.	[('food style_options', 'positive', 'kabeljauw met jonge spinazie en mousseline')]
Review-g188674-d3426674_4:6	De nagerechten kunnen iets beter afgewerkt worden, maar dat is een detail.	[('food style_options', 'negative', 'nagerechten')]
Review-g188674-d3426674_4:7	Grote familiezaak aan de kust.	[('restaurant general', 'positive', 'familiezaak')]
Review-g188674-d742026_1:1	Steeds even lekker.	[('food quality', 'positive', 'NULL')]
Review-g188674-d742026_1:2	We zijn ondertussen dan ook vaste klanten geworden.	[('restaurant general', 'positive', 'NULL')]
Review-g188674-d742026_1:3	Alles super vers en subliem klaargemaakt.	[('food quality', 'positive', 'NULL')]
Review-g188674-d742026_1:4	Keuze uit verschillende voorgerechten, hoofdgerechten en deserts voor een correcte prijs.	[('food style_options', 'positive', 'voorgerechten, hoofdgerechten en deserts'), ('food prices', 'positive', 'voorgerechten, hoofdgerechten en deserts')]
Review-g188674-d742026_1:5	Attente en vriendelijke bediening in leuk kader.	[('service general', 'positive', 'bediening'), ('ambience general', 'positive', 'kader')]
Review-g188674-d742026_1:6	Met andere woorden een echte aanrader!	[('restaurant general', 'positive', 'NULL')]
Review-g188674-d742026_2:1	Heel goed restaurant.	[('restaurant general', 'positive', 'restaurant')]
Review-g188674-d742026_2:3	Heel lekker en dit voor een normale prijs!	[('food quality', 'positive', 'NULL'), ('food prices', 'neutral', 'NULL')]
Review-g188674-d742026_4:1	2 lunchmenu's met ruime keuze voor voor- en hoofdgerechten aan correcte prijs.	"[('food prices', 'positive', ""lunchmenu's""), ('food style_options', 'positive', ""lunchmenu's"")]"
Review-g188674-d742026_4:2	Bovendien vriendelijke en attente bediening.	[('service general', 'positive', 'bediening')]
Review-g188674-d742026_4:3	Kwamen hier reeds eerder en komen steeds met plezier terug.	[('restaurant general', 'positive', 'NULL')]
Review-g188674-d742064_1:2	Een stel stumpers doet de bediening.	[('service general', 'negative', 'bediening')]
Review-g188674-d742064_1:5	Daardoor is het lang wachten voor je bestellen kunt, lang wachten tot je bediend wordt en na je drankje een maaltijd bestellen is bijna een onmogelijke opgave.	[('service general', 'negative', 'NULL')]
Review-g188674-d742064_1:7	We kregen matig voer tegen Knokke- prijzen, die omdat het casino ernaast ligt nog eens extra over de kop waren gegaan.	[('food prices', 'negative', 'voer'), ('food quality', 'neutral', 'voer')]
Review-g188674-d742064_1:8	Na afloop nog even naar het toilet, dat is geen aanrader.	[('ambience general', 'negative', 'toilet')]
Review-g188674-d742064_1:9	De ranzige rioollucht slaat je op de keel en laat je bijna kotsen.	[('ambience general', 'negative', 'NULL')]
Review-g188674-d742064_1:10	Nee, dit restaurant zal geen lang leven beschoren zijn.	[('restaurant general', 'negative', 'restaurant')]
Review-g188674-d742064_2:2	Deze keer was zowel het eten, service en restaurant ondermaats!!!!	[('restaurant general', 'negative', 'restaurant'), ('food quality', 'negative', 'eten'), ('service general', 'negative', 'service')]
Review-g188674-d742064_2:3	We hadden garnaalkroketten genomen waar je de garnalen moest zoeken.	[('food quality', 'negative', 'garnaalkroketten')]
Review-g188674-d742064_2:4	De salade die erbij geserveerd werd was ook al niet fris meer en erop gegooid, gefrituurde peterselie was ook van matig niveau!	[('food quality', 'negative', 'salade'), ('food style_options', 'negative', 'salade'), ('food quality', 'neutral', 'gefrituurde peterselie')]
Review-g188674-d742064_2:5	De boter die bij onze zeetong geserveerd werd zat vol verbrande stukjes :-(.	[('food quality', 'negative', 'boter')]
Review-g188674-d742064_2:6	We zaten buiten op het terras wat ok was (wel geen tafeldoekjes hoewel we gereserveerd hadden).	[('ambience general', 'neutral', 'terras')]
Review-g188674-d742064_2:7	Bij het naar het toilet gaan kwam de geur je al tegen, leek alsof er dagen al niet meer gekuist was!	[('ambience general', 'negative', 'NULL')]
Review-g188674-d742064_2:8	Ook in het restaurant lagen de pakjes boter en brood op de grond van de service tafel. (kan zijn dat het druk geweest was maar zoiets even oprapen neemt absoluut geen tijd in beslag).	[('ambience general', 'negative', 'restaurant')]
Review-g188674-d742064_2:9	"Er waren 3 zaalbediende aanwezig en het was zeker niet druk, ze hadden tijd om te praten met elkaar dus een had makkelijk een beetje ""puin"" kunnen ruimen!"	[('service general', 'negative', 'zaalbediende')]
Review-g188674-d742064_2:10	Bovendien sprak één van de zaalbediende geen woord Nederlands of Frans!?	[('service general', 'negative', 'zaalbediende')]
Review-g188674-d742064_2:11	Dit is NIET de service die we van de andere Lodge kennen het was echt ondermaats!!!!	[('service general', 'negative', 'service')]
Review-g188674-d742064_3:2	Toen we vroegen of er plaats was, wou een ober ons helpen, maar deze werd bruut door een andere ober weggetrokken en liet ons staan.	[('food quality', 'negative', 'ober')]
Review-g188674-d742064_3:3	"Wij zijn dan zelf maar gaan zitten en werden door een onbeschofte (oude man met grijs haar) ""geholpen"" (= ik kom terug als ik tijd)."	[('service general', 'negative', 'man')]
Review-g188674-d742064_3:4	Na eindelijk te hebben besteld, zagen we obers klungelen (zoeken naar de juiste tafels), de oude grijze man was iedereen aan het beledigen,.....	[('service general', 'negative', 'obers')]
Review-g188674-d742064_3:5	We hebben zeker 16 tafels zien weglopen, omdat ze niet werden bediend.	[('service general', 'negative', 'NULL')]
Review-g188674-d742064_3:6	Na het eten vroegen we nog een koffie aan de oude man en zijn antwoord was: 'neen!!!, ik ga eerst alle tafels (veel) afruimen en dan pas kom ik terug.	[('service general', 'negative', 'man')]
Review-g188674-d742064_3:8	Toen kwam die ober terug: 'Ik wil mijn excuses aanbieden met 2 gratis koffie (we hadden er 3 besteld), maar als ge het niet goed vind moet je zelf maar eens een schort aantrekken 'SPECIAAL EXCUUS!!!!	[('service general', 'neutral', 'ober')]
Review-g188674-d742064_3:10	Het eten was wel lekker maar door de onhandigheid van de obers (minutenlang zoeken naar de juiste tafel), was de saus koud!!!!	[('food quality', 'neutral', 'eten'), ('service general', 'negative', 'obers')]
Review-g188674-d742064_3:11	Hier kom ik nooit meer terug en ik hoop dat de ober (oude man met grijs haar) ontslagen zal worden.	[('restaurant general', 'negative', 'NULL'), ('service general', 'negative', 'ober')]
Review-g188674-d742064_3:12	Want hoe hij reageerde op de klanten was schandalig!	[('service general', 'negative', 'NULL')]
Review-g188675-d3155307_3:2	Ik kan mij echter niet voorstellen dat er geen betere restaurants in Ieper zijn.	[('restaurant general', 'negative', 'NULL')]
Review-g188675-d3155307_3:3	Begrijp mij goed, het is niet slecht, maar ook niet echt geweldig.	[('restaurant general', 'neutral', 'NULL')]
Review-g188675-d3155307_3:4	Er zijn 5 dames om te bedienen, maar toen wij binnen kwamen was er niemand om aan te vragen of er nog een tafel vrij was.	[('service general', 'negative', 'dames')]
Review-g188675-d3155307_3:5	Later op de avond was een serveerster klaar met haar werk en begon dus maar de etensresten tussen haar tanden uit te peuteren.	[('service general', 'negative', 'serveerster')]
Review-g188675-d3155307_3:6	Het eten was gewoon goed, maar ook niet meer dan dat.	[('food quality', 'neutral', 'eten')]
Review-g188675-d3155307_4:1	We hebben met zijn 3en heerlijk gegeten bij Capella.	[('food quality', 'positive', 'NULL')]
Review-g188675-d3155307_4:2	De bediening was vriendelijk, correct, behulpzaam en erg prettig.	[('service general', 'positive', 'bediening')]
Review-g188675-d3155307_4:3	We hadden alle drie een 3 gangen menu, wat echt heerlijk was.	[('food quality', 'positive', '3 gangen menu')]
Review-g188675-d3155307_4:4	Ik had er een wijn arrangement bij besteld, wat ook lekker was.	[('drinks quality', 'positive', 'wijn arrangement')]
Review-g188675-d3155307_4:5	Als tip zou bij het dessert ook een dessertwijn geschonken kunnen worden, waar alles was prima voor elkaar.	[('restaurant general', 'positive', 'NULL')]
Review-g188675-d3155307_4:6	Prijs/kwaliteit kan bijna niet beter!	[('restaurant general', 'positive', 'NULL'), ('restaurant prices', 'positive', 'NULL')]
Review-g2175109-d3474389_1:2	Na verschillende malen lang gewacht te hebben op ons eten (+45min!!!), bestelden we de laatste maal videe en stoofvlees.	[('service general', 'negative', 'NULL')]
Review-g2175109-d3474389_1:3	Zelfs dit duurde een half uur.	[('service general', 'negative', 'NULL')]
Review-g2175109-d3474389_1:4	De naam restaurant niet waardig, serveren enkel vacuüm maaltijden en service is dus ondermaats.	[('service general', 'negative', 'service'), ('restaurant general', 'negative', 'NULL')]
Review-g2175109-d3474389_2:1	De tuin kon leuk zijn als het gras eens gemaaid werd, het terras nog leuker als de tafels proper waren en het zou Tienen een leuk restaurant rijker maken indien de bediening vriendelijk was en de wachttijden respectabel.	[('service general', 'negative', 'bediening')]
Review-g2175109-d3474389_3:1	De tuin is leuk, maar het duurt lang voor je eten hebt en het is maar matig van kwaliteit.	[('service general', 'negative', 'NULL'), ('food quality', 'neutral', 'eten'), ('ambience general', 'positive', 'tuin')]
Review-g2175109-d3474389_4:1	Zeer leuk is de tuin buiten, het eten is ook lekker.	[('food quality', 'positive', 'eten'), ('ambience general', 'positive', 'tuin')]
Review-g2175109-d3474389_4:2	De bediening buiten gebeurt nogal chaotisch met z'n momenten.	[('service general', 'negative', 'bediening')]
Review-g2175109-d3474389_4:3	Binnen verloopt het vlotter.	[('service general', 'neutral', 'NULL')]
Review-g230021-d741974_1:1	Voor de derde keer dit jaar hebben we alweer heerlijk genoten: in de keuken wordt nog steeds getoverd, de gastvrouw is stijlvol en enthousiast alom aanwezig, de bediening is vlekkeloos, de wijnkeuze van de sommelier is subliem.	[('drinks style_options', 'positive', 'wijnkeuze'), ('service general', 'positive', 'bediening'), ('service general', 'positive', 'gastvrouw'), ('food quality', 'positive', 'keuken'), ('restaurant general', 'positive', 'NULL')]
Review-g230021-d741974_1:2	Meer willen we niet verklappen -laat u verrassen door de schilderijtjes op uw bord, bijna te mooi om op te eten maar doe het toch maar -en geniet van de smaaksensaties!	[('food quality', 'positive', 'smaaksensaties')]
Review-g230021-d741974_1:3	Onze volgende reservatie ligt al vast...	[('restaurant general', 'positive', 'NULL')]
Review-g230021-d741974_2:1	Van bij de amuse gueule tot het bij het dessert is het ongelooflijk genieten van al die smaken.	[('food quality', 'positive', 'dessert'), ('food quality', 'positive', 'amuse gueule')]
Review-g230021-d741974_2:2	De ontvangst en bediening zijn vriendelijk en verzorgd.	[('service general', 'positive', 'bediening')]
Review-g230021-d741974_3:2	De ober Stijn spreekt ook Pools, wat soms goed van ps komt.	[('service general', 'neutral', 'ober stijn')]
Review-g230021-d742004_1:1	Eerlijke keuken en best geschikt voor in (ruim) gezelfschap maar nu niet direct de ideale gelegenheid voor een romantische tête à tête met je geliefde; een beetje no-nonsense en best leuk, bovendien een ruime kaart en zeker meer dan gemiddeld lekker	[('food quality', 'positive', 'NULL'), ('food style_options', 'positive', 'kaart'), ('food quality', 'positive', 'keuken')]
Review-g230021-d742004_2:1	Dit restaurant heeft een leuk concept, een warme inrichting en is niet toeristisch gelegen.	[('location general', 'positive', 'restaurant'), ('ambience general', 'positive', 'inrichting'), ('restaurant general', 'positive', 'restaurant')]
Review-g230021-d742004_2:2	Er worden echter meer klanten in het restaurant toegelaten dan de bediening aankan.	[('service general', 'negative', 'bediening')]
Review-g230021-d742004_2:3	Er is niemand die de leiding over de zaal neemt en/of het overzicht bewaard.	[('service general', 'negative', 'NULL')]
Review-g230021-d742004_2:4	De vaste bediening wordt aangevuld met student(en) die vooral veel heen en weer lopen met niets of één iets in de hand.	[('service general', 'negative', 'student(en)')]
Review-g230021-d742004_2:5	-vriendelijke ontvangst en aperitief aan de bar (toen was nog maar 1/3 van de gasten aanwezig)	[('service general', 'positive', 'ontvangst')]
Review-g230021-d742004_2:6	-ijsblokjes en garnituren worden onhygiënisch met de blote hand genomen.	[('drinks quality', 'negative', 'ijsblokjes'), ('food quality', 'negative', 'garnituren')]
Review-g230021-d742004_2:7	-aan tafel wordt er geen drankkaart of wijnkaart aangeboden.	[('service general', 'negative', 'NULL')]
Review-g230021-d742004_2:8	-na een tweede maal vragen komt de -originele- wijnkaart eraan.	[('drinks style_options', 'positive', 'wijnkaart')]
Review-g230021-d742004_2:9	-wijn bestellen lukt moeilijk, de opdienster zegt dat ze geen tijd heeft en zo meteen terugkomt, maar ze vergeet dit.	[('service general', 'negative', 'opdienster')]
Review-g230021-d742004_2:10	We spreken na een tijdje een andere ober aan die wel de tijd heeft om de twee woorden die nodig zijn om onze keuze kenbaar te maken te onthouden.	[('service general', 'positive', 'ober')]
Review-g230021-d742004_2:11	Het hapje was reeds afgeruimd en het voorgerecht was op één hap na op toen we eindelijk een fles lekkere Pouilly Fuissé op tafel kregen.	[('drinks quality', 'positive', 'pouilly fuissé'), ('service general', 'negative', 'NULL')]
Review-g230021-d742004_2:12	Aangezien we het aperitief aan de bar genomen hadden stonden we al die tijd 'droog'.	[('service general', 'negative', 'NULL')]
Review-g230021-d742004_2:13	-de opdienster die geen tijd had stond tussendoor frietjes te eten aan de tafel waar een familielid van haar als klant zat.	[('service general', 'negative', 'opdienster')]
Review-g230021-d742004_2:14	-het hapje was correct en zurig fris.	[('food quality', 'neutral', 'hapje')]
Review-g230021-d742004_2:15	Het brood was lekker.	[('food quality', 'positive', 'brood')]
Review-g230021-d742004_2:16	-het voorgerecht, extra zachte gerookte zalm, was standaardkwaliteit van de groothandel.	[('food quality', 'neutral', 'extra zachte gerookte zalm')]
Review-g230021-d742004_2:17	De vetnaad vlakbij het staartstuk van de zalm die hard wordt bij het roken was niet weggesneden door de keuken.	[('food quality', 'negative', 'zalm')]
Review-g230021-d742004_2:18	-de fondue was lekker, de frietjes vers, de sausjes industrieel.	[('food quality', 'positive', 'frietjes'), ('food quality', 'neutral', 'sausjes'), ('food quality', 'positive', 'fondue')]
Review-g230021-d742004_2:19	-er wordt gevraagd of er nog wat frietjes moeten zijn, waarop snel nog een kommetje volgt.	[('service general', 'positive', 'NULL')]
Review-g230021-d742004_2:22	'Wij wachten nog op vlees 'antwoordden wij.	[('service general', 'negative', 'NULL')]
Review-g230021-d742004_2:26	De frieten zijn ondertussen uiteraard koud, maar we vragen er geen warme meer, wie weet wanneer we ze krijgen.	[('service general', 'negative', 'NULL'), ('food quality', 'negative', 'frieten')]
Review-g230021-d742004_2:27	De keuken is overbemand in vergelijking met de zaal.	[('service general', 'negative', 'keuken')]
Review-g230021-d742004_2:28	Het zaalpersoneel wordt aan hun lot overgelaten: pompen of verzuipen.	[('service general', 'negative', 'zaalpersoneel')]
Review-g230021-d742004_2:29	De stress van het zaalpersoneel en het onnodig (inefficiënt) drukdoend heen en weer lopen straalt af op de klanten en bepaalt de sfeer in de zaak.	[('ambience general', 'negative', 'zaak'), ('service general', 'negative', 'zaalpersoneel')]
Review-g230021-d742004_2:30	Genieten is hier moeilijk.	[('ambience general', 'negative', 'NULL')]
Review-g230021-d742004_2:31	De akoestiek is een heikel punt.	[('ambience general', 'negative', 'akoestiek')]
Review-g230021-d742004_2:32	Vanaf een kleine klantenbezetting moet je reeds je stem verheffen om een duidelijk gesprek met je partner te kunnen voeren.	[('ambience general', 'negative', 'NULL')]
Review-g230021-d742004_4:2	Toen ik vroeg of men Nederlands sprak, was het antwoord 'non'.	[('service general', 'negative', 'NULL')]
Review-g230023-d742208_1:2	Uiteindelijk was ik blij verrast, wij hebben een fijne bediening gehad van vriendelijk personeel.	[('service general', 'positive', 'personeel')]
Review-g230023-d742208_1:3	Het eten was ok, ik nam de vissuggestie van de dag en dit was een correct gerecht voor een correcte prijs.	[('food quality', 'neutral', 'vissuggestie van de dag'), ('food quality', 'neutral', 'eten'), ('food prices', 'neutral', 'vissuggestie van de dag')]
Review-g230023-d742208_1:4	Geen culinaire hoogstandjes maar daarvoor heb je andere etablissementen in Nieuwpoort.	[('food quality', 'neutral', 'NULL')]
Review-g230023-d742208_4:1	We hebben allebei pizza frutti di mare gegeten en deze was qua prijs/kwaliteit best ok.	[('food quality', 'neutral', 'pizza frutti di mare'), ('food prices', 'neutral', 'pizza frutti di mare')]
Review-g230023-d742208_4:2	Lekker veel kaas, geen uitgedroogde korst zoals je vaak tegenkomt, eigenlijk ook best luchtig.	[('food quality', 'negative', 'korst'), ('food style_options', 'positive', 'kaas')]
Review-g230023-d742208_4:3	Bij de bediening liep er echter iemand rond die geen woord Nederlands kon, dat vind ik voor Nieuwpoort absoluut niet kunnen.	[('service general', 'negative', 'bediening')]
Review-g230023-d742208_4:7	Maar wat we kregen was dus lekker.	[('food quality', 'positive', 'NULL')]
Review-g2369819-d4170174_1:1	Het Hof van Heusden is op zich wat een speciale locatie.	[('location general', 'neutral', 'hof van heusden')]
Review-g2369819-d4170174_1:2	Het lijkt inderdaad bij binnenkomst eerder een café -en dat is het ook want je kan er gewoon iets drinken of eten.	[('ambience general', 'neutral', 'NULL')]
Review-g2369819-d4170174_1:6	En dat is best gezellig ingericht!	[('ambience general', 'positive', 'NULL')]
Review-g2369819-d4170174_1:7	Abdel is top: hij kookt erg lekker en wij vinden vooral dat hij een meester is in het klaarmaken van wild.	[('food quality', 'positive', 'abdel')]
Review-g2369819-d4170174_1:8	Dus in het wildseizoen: allen daarheen!	[('restaurant general', 'positive', 'NULL')]
Review-g2369819-d4170174_1:10	Wij houden van dit restaurant vooral omwille van de keuken en vriendelijkheid van Abdel.	[('restaurant general', 'positive', 'restaurant'), ('food quality', 'positive', 'keuken'), ('service general', 'positive', 'abdel')]
Review-g2369819-d4170174_2:1	Maandmenu: Het 'fijnproeversbordje' bestond uit een toastje van 1 vierkante centimeter met een stukje pate op en iets dat gelijkt op uienkonfijt.	[('food style_options', 'negative', 'fijnproeversbordje')]
Review-g2369819-d4170174_2:2	De boter die we bij de 3 stukken brood kregen (voor 2 personen) had de vervaldatum 12/12/13 (bijna een maand over datum)	[('food quality', 'negative', 'boter')]
Review-g2369819-d4170174_2:3	De carpacio (tataki op het menu) was waterachtig en inspiratieloos.	[('food quality', 'negative', 'carpacio')]
Review-g2369819-d4170174_2:4	Het hoofdgerecht (varkenswangetjes) was lekker.	[('food quality', 'positive', 'hoofdgerecht')]
Review-g2369819-d4170174_2:5	De wijnen kunnen enkel besteld worden per glas of per halve liter??? behalve de huiswijn..	[('drinks style_options', 'negative', 'wijnen')]
Review-g2369819-d4170174_2:10	De zaak ontbreekt sfeer, wij hebben absoluut geen goed gevoel na dit etentje.	[('ambience general', 'negative', 'sfeer')]
Review-g2369819-d4170174_2:12	Hier is nog veel werk aan..	[('restaurant general', 'negative', 'NULL')]
Review-g2369819-d4170174_3:3	Het was precies een café waar je iets gaat drinken en het was er zeker niet romantisch ingericht.	[('ambience general', 'negative', 'NULL')]
Review-g2369819-d4170174_3:4	Het eten was wel lekker en mooi gepresenteerd op het bord.	[('food quality', 'positive', 'eten'), ('food style_options', 'positive', 'eten')]
Review-g2369819-d4170174_3:5	Maar van het personeel kon er ook geen glimlachje af.	[('service general', 'negative', 'personeel')]
Review-g2369819-d4170174_4:1	Reeds 5 keer heb ik dit restaurant bezocht en nooit een een ontgoocheling gehad.	[('restaurant general', 'positive', 'restaurant')]
Review-g2369819-d4170174_4:3	De ontvangst is steeds gastvrij en prijs/kwaliteit ligt uitstekend.	[('service general', 'positive', 'ontvangst'), ('restaurant general', 'positive', 'NULL'), ('restaurant prices', 'positive', 'NULL')]
Review-g2369819-d4170174_4:4	Dit weekend genoten van het degustatiemenu geënt op het wildseizoen.	[('food quality', 'positive', 'degustatiemenu')]
Review-g2369819-d4170174_4:5	De amuse is reeds verrassend en een voorbode van een veelbelovend menu.	[('food style_options', 'positive', 'amuse')]
Review-g2369819-d4170174_4:6	Carpaccio van everzwijn, patrijs met rode biet & boschampignons zijn stuk voor stuk verrassende combinaties.	[('food style_options', 'positive', 'carpaccio van everzwijn'), ('food style_options', 'positive', 'patrijs met rode biet & boschampignons')]
Review-g2369819-d4170174_4:8	5 gangen voor 45,00 euro is een eerlijke prijs voor een voorstreffelijk menu.	[('food prices', 'neutral', 'menu'), ('food quality', 'positive', 'menu')]
Review-g2369819-d4170174_4:11	Dit restaurant is zeker niet de top maar jong talent verdient en ruggesteuntje.	[('restaurant general', 'neutral', 'restaurant')]
Review-g2369819-d4736237_1:1	Wij bezoeken dit restaurant regelmatig omdat je hier de beste pizza uit de streek vindt.	[('restaurant general', 'positive', 'restaurant'), ('food quality', 'positive', 'pizza')]
Review-g2369819-d4736237_1:2	Mateo is niet voor niets verkozen tot beste pizza-bakker van Oost-Vlaanderen.	[('food quality', 'positive', 'mateo')]
Review-g2369819-d4736237_1:3	Bovendien houden wij van de gezellige familiale sfeer.	[('ambience general', 'positive', 'sfeer')]
Review-g2369819-d4736237_1:4	Er is een uitstekende wijnkaart die regelmatig vernieuwd wordt.	[('drinks style_options', 'positive', 'wijnkaart')]
Review-g2369819-d4736237_1:5	Ook het gewone menu kent regelmatig afwisseling.	[('food style_options', 'positive', 'menu')]
Review-g2369819-d4736237_1:6	Wel proberen wij de weekend te vermijden want dan kan het behoorlijk druk worden.	[('ambience general', 'negative', 'NULL')]
Review-g2369819-d4736237_1:7	Iedereen slooft zich dan wel uit om het de klanten naar de zin te maken, doch men kan ook niet meer doen dan menselijkerwijs mogelijk is.	[('service general', 'neutral', 'NULL')]
Review-g2369819-d4736237_1:8	Slachtoffer van eigen succes zou men kunnen zeggen.	[('restaurant general', 'negative', 'NULL')]
Review-g2369819-d4736237_2:1	Niets hartelijk, vriendelijk!	[('service general', 'negative', 'NULL')]
Review-g2369819-d4736237_2:2	Gewoon onbeleefde bediening.	[('service general', 'negative', 'bediening')]
Review-g2369819-d4736237_2:3	Alsof alles tegen haar zin was.	[('service general', 'negative', 'NULL')]
Review-g2369819-d4736237_2:5	Wij komen hier in elk geval NOOIT nog terug.	[('restaurant general', 'negative', 'NULL')]
Review-g2369819-d4736237_2:6	Het eten was niet slecht, maar dat kon de onbeleefdheid van de gastvrouw niet goed maken.	[('food quality', 'neutral', 'eten'), ('service general', 'negative', 'gastvrouw')]
Review-g2369819-d4736237_3:1	"Aanvankelijk hadden mijn vriend en ik wel wat ""drempelvrees"" om hier binnen te komen, daar het interieur er wat rommelig uitzag."	[('ambience general', 'negative', 'interieur')]
Review-g2369819-d4736237_3:2	Maar we overwonnen onze schrik en kregen de verrassing van ons leven!	[('restaurant general', 'positive', 'NULL')]
Review-g2369819-d4736237_3:3	We werden geweldig vriendelijk onthaald en voelden ons meteen thuis in dit sympathieke, familiale restaurantje.	[('ambience general', 'positive', 'restaurantje'), ('service general', 'positive', 'NULL')]
Review-g2369819-d4736237_3:4	Helemaal niet sjiek of zo, eerder eenvoudig, je waant je in een Italiaanse huiskamer...	[('ambience general', 'neutral', 'NULL')]
Review-g2369819-d4736237_3:5	Het eten was geweldig, nooit heb ik Italië zo nabij gevoeld als in de Etna.	[('restaurant general', 'positive', 'etna'), ('food quality', 'positive', 'eten')]
Review-g2369819-d4736237_3:6	"De kok heeft prijzen gewonnen voor ""beste pizzaiolo van Vlaanderen'"" en is hier heel trots op."	[('food quality', 'positive', 'kok')]
Review-g2369819-d4736237_3:8	Tot nu toe mijn beste ervaring met de authentieke Italiaanse keuken in ons Belgenlandje.	[('restaurant general', 'positive', 'NULL')]
Review-g2369819-d4736237_3:9	Ook de prijs is heel redelijk.	[('restaurant prices', 'positive', 'NULL')]
Review-g2369819-d4736237_3:10	Ik kom hier zéker terug, zeker weten!!!!	[('restaurant general', 'positive', 'NULL')]
Review-g2369819-d4736237_4:1	Super lekkere pasta's en pizza's gegeten!	"[('food quality', 'positive', ""pizza's""), ('food quality', 'positive', ""pasta's"")]"
Review-g2369819-d4736237_4:3	Hartelijke ontvangst, goed om vooraf te reserveren.	[('service general', 'positive', 'ontvangst')]
Review-g2369819-d4736237_4:4	prijs is gemiddeld.	[('restaurant prices', 'neutral', 'NULL')]
Review-g2369819-d4736237_4:5	Ook de formule 'pizza party' is een schot in de roos!!	"[('food quality', 'positive', ""formule 'pizza party"")]"
Review-g2369819-d4736237_4:6	In de zomer groot zonneterras.	[('ambience general', 'neutral', 'zonneterras')]
Review-g2546789-d4542241_2:1	Ik had een steak saignant gevraagd maar deze was medium tot bien cuit.	[('food quality', 'negative', 'steak saignant')]
Review-g2546789-d4542241_2:2	Als ik hierover een opmerking maakte kreeg ik hetzelfde vlees gewoon terug met de melding dat ik verkeerd was.	[('service general', 'negative', 'NULL')]
Review-g2546789-d4542241_2:3	Voor de rest weinig creatieve keuken.	[('food style_options', 'negative', 'keuken')]
Review-g2546789-d4542241_2:4	Geen aanrader.	[('restaurant general', 'negative', 'NULL')]
Review-g2546789-d4542241_3:1	Zondag 30 maart, prachtig weer dus terrasje onderweg: Redelijk veel klanten en voldoende personeel dat echter totaal niet geinteresseerd was om de mensen te bedienen.	[('service general', 'negative', 'personeel')]
Review-g2546789-d4542241_3:2	Wij hebben daar een dik halfuur geprobeerd de aandacht te trekken van de kelners, die voorbij slenterden zonder enioge bestelling op te nemen.	[('service general', 'negative', 'kelners')]
Review-g2546789-d4542241_3:4	Zulk een een onbeschofte, en ongeintersseerde bediening heb ik nog nergers meegemaakt.	[('service general', 'negative', 'bediening')]
Review-g2546789-d4542241_3:6	Ons zien ze daar NOOIT meer.	[('restaurant general', 'negative', 'NULL')]
Review-g2546789-d4542241_4:1	""" De jongste telg ""heeft als voornaamste troef de prachtige tuin waar het voor gezinnen met kinderen en grotere groepen goed toeven is, ware het niet dat het huidige management het concept drastisch veranderd heeft."	[('ambience general', 'positive', 'tuin')]
Review-g2546789-d4542241_4:4	Wij dachten rustig iets te gaan eten in de tuin (dan betaal je de €70,- niet en kan je enkel bestellen uit de snacks-kaart) maar ook daar worden de decibels royaal in je richting gestuurd (arme buren!).	[('ambience general', 'negative', 'tuin')]
Review-g2546789-d4542241_4:5	We hebben snel en zonder smaak gegeten en hebben gemaakt dat we weer weg waren.	[('restaurant general', 'negative', 'NULL'), ('food quality', 'negative', 'NULL')]
Review-g3492038-d2669477_1:3	gezelligheid is hier mijlen ver te zoeken!	[('ambience general', 'negative', 'NULL')]
Review-g3492038-d2669477_3:1	Je kan hier rustig iets eten en drinken, de prijzen zijn iets hoger als normaal maar je krijgt dan ook wel waar voor je geld.	[('restaurant prices', 'neutral', 'NULL'), ('ambience general', 'positive', 'NULL')]
Review-g3492038-d2669477_4:1	Geen probleem om in dit restaurant/café nog een maaltijd te krijgen rond 21u30.	[('service general', 'positive', 'NULL')]
Review-g3492038-d2669477_4:2	Bediening was vlot en gebeurde snel.	[('service general', 'positive', 'bediening')]
Review-g3607018-d1444065_2:1	Het ontbijt was weeral uitstekend!	[('food quality', 'positive', 'ontbijt')]
Review-g3607018-d1444065_2:2	Prima organisatie, veel variatie, voor ieder wat wils.	[('food style_options', 'positive', 'NULL'), ('service general', 'neutral', 'organisatie')]
Review-g3607018-d1444065_2:3	Vriendelijke bediening, gezellig interieur en dat allemaal op een mooie groene locatie.	[('ambience general', 'positive', 'interieur'), ('service general', 'positive', 'bediening'), ('location general', 'positive', 'locatie')]
Review-g3607018-d1444065_2:4	Wij komen graag nog eens terug!	[('restaurant general', 'positive', 'NULL')]
Review-g3607018-d1444065_4:1	Heel gezellig restaurant in een fantastische omgeving in de bossen, ideaal als fietsstopplaats waar het lekker eten is, maar ook de moeite om gewoon wat gaan te drinken op het gezellige terras naast de gempemolen	[('ambience general', 'positive', 'restaurant'), ('location general', 'positive', 'omgeving'), ('food quality', 'positive', 'eten')]
Review-g641779-d740846_1:1	Heel lekker, vriendelijke ontvangst, super goede bediening, hulpzaam en perfecte uitleg over de gerechten!	[('service general', 'positive', 'bediening'), ('service general', 'positive', 'ontvangst'), ('food quality', 'positive', 'NULL')]
Review-g641779-d740846_1:2	Prijs kwaliteit een perfecte aanrader!	[('restaurant general', 'positive', 'NULL'), ('restaurant prices', 'positive', 'NULL')]
Review-g641779-d740846_2:1	Mooie keuzes, zeer evenwichtig, zeer goed opgeleid en vriendelijk personeel.	[('food style_options', 'positive', 'keuzes'), ('service general', 'positive', 'personeel')]
Review-g641779-d740846_2:2	lekkere maaltijden en uitstekende wijnen, wel prijzig.	[('food quality', 'positive', 'maaltijden'), ('drinks quality', 'positive', 'wijnen'), ('restaurant prices', 'negative', 'NULL')]
Review-g641779-d740846_4:2	Telkens weer GENIETEN!!	[('restaurant general', 'positive', 'NULL')]
Review-g641779-d740846_4:3	Super vriendelijke gastvrouw!	[('service general', 'positive', 'gastvrouw')]
Review-g641779-d740846_4:4	Fantastisch lekker eten!	[('food quality', 'positive', 'eten')]
Review-g641779-d740846_4:5	Een echt smaakfestival!	[('food quality', 'positive', 'NULL')]
Review-g641779-d740846_4:6	Tot nu toe geen enkel ander restaurant gevonden dat hieraan kan tippen!	[('restaurant general', 'positive', 'NULL')]
Review-g641781-d741267_1:1	Onvriendelijke mensen -knettergek -slechtste eten ooit -don't go there!!!!	[('restaurant general', 'negative', 'NULL'), ('food quality', 'negative', 'eten'), ('service general', 'negative', 'mensen')]
Review-g641781-d741267_2:1	"in het kader van een flairbon hebben wij gereserveerd bij ""de mein"" het soepje van asperge was lekker doch geen brood, boter bij geserveerd."	[('food style_options', 'negative', 'soepje van asperge'), ('food quality', 'positive', 'soepje van asperge')]
Review-g641781-d741267_2:2	de rundsbrochette was doorregen en taai (alle 5 blokjes op de spies) en at als een kauwgom.	[('food quality', 'negative', 'rundsbrochette')]
Review-g641781-d741267_2:3	"de vis (zalm) at lekker, doch tafel naast ons vroeg een beetje botersaus bij en de ober antwoordde: ""saus is op."	[('service general', 'negative', 'ober'), ('food quality', 'negative', 'vis')]
Review-g641781-d741267_2:4	Bij de derde gang was er geen crème brullée in het aanbod terwijl dit wel in de bon opgegeven was.	[('food style_options', 'negative', 'derde gang')]
Review-g641781-d741267_2:6	"u raadt het antwoord: ""Is er niet""."	[('drinks style_options', 'negative', 'NULL')]
Review-g641781-d741267_2:8	mijn vrouw de helenacht overgegeven en diaree.	[('food quality', 'negative', 'NULL')]
Review-g641781-d741267_2:9	Dus eindconclusie: nog teveel betaald en om 18u stipt binnengekomen en om 21.15u buiten gegaan.	[('restaurant prices', 'negative', 'NULL'), ('service general', 'negative', 'NULL')]
Review-g641781-d741267_2:10	De ober was ook niet overdreven vriendelijk en vrij stuurs...	[('service general', 'negative', 'ober')]
Review-g641781-d741267_3:1	na niet genoterde reservatie (volgens vivabox) hebben ze ons nooit willen dienen, en dit na anderhalf uur wachten.	[('service general', 'negative', 'NULL')]
Review-g641781-d741267_4:1	Ronduit schandalig wat ze serveren.	[('food quality', 'negative', 'NULL')]
Review-g641781-d741267_4:2	Nog nooit zo slecht gegeten.	[('food quality', 'negative', 'NULL')]
Review-g641781-d741267_4:3	steppegras met soepvlees gekregen die eventjes tss gril gestoken heeft.	[('food quality', 'negative', 'steppegras met soepvlees')]
Review-g641781-d741267_4:4	Komt zelfs niet in aanmerking voor frituur.	[('food quality', 'negative', 'NULL')]
Review-g641781-d741267_4:5	Stop gewoon hiermee.	[('restaurant general', 'negative', 'NULL')]
Review-g641785-d1140849_2:1	Naar mijn beleving was er voor de lunch buiten gereserveerd maar het bleek binnen in een apart zaaltje.	[('service general', 'negative', 'NULL')]
Review-g641785-d1140849_2:2	Het was bijzonder gehorig en lawaaierig.	[('ambience general', 'negative', 'NULL')]
Review-g641785-d1140849_2:3	Het eten was prima maar ik zou toch een plezieriger ambiance verkiezen op een mooie voorjaarsdag..............	[('food quality', 'positive', 'eten'), ('ambience general', 'neutral', 'ambiance')]
Review-g641785-d1140849_3:2	Correcte prijs voor een 3-gangen keuzemenu (telkens vis of vlees), inclusief dranken en aperitief.	[('restaurant prices', 'positive', '3-gangen keuzemenu')]
Review-g641785-d1140849_3:3	Kwaliteit zeker in orde, tot tevredenheid van de deelnemers.	[('food quality', 'positive', 'NULL')]
Review-g641785-d1140849_4:4	Het eten was echt heel lekker en wisten al dadelijk dat we eigenlijk hier vaker moeten komen.	[('restaurant general', 'positive', 'NULL'), ('food quality', 'positive', 'eten')]
Review-g641785-d1140849_4:5	Echt een aanrader om eens lekker te gaan eten.	[('restaurant general', 'positive', 'NULL')]
Review-g641785-d1140849_4:6	Bovendien was er aan het einde van de maaltijd nog een leuk kadootje ter attentie van valentijn.	[('service general', 'positive', 'NULL')]
Review-g641788-d6213349_1:1	Reserveren een hopeloze zaak.	[('service general', 'negative', 'NULL')]
Review-g641788-d6213349_1:2	2x gereserveerd, 2x niet op de lijst!!!!	[('service general', 'negative', 'NULL')]
Review-g641788-d6213349_1:3	Bevestigingsmail van Social Deal getoond, kom, geef maar, en zet u!	[('service general', 'negative', 'NULL')]
Review-g641788-d6213349_1:4	welkom!	[('service general', 'neutral', 'NULL')]
Review-g641788-d6213349_1:6	1/2 uur gewacht op eerste tapas.	[('service general', 'negative', 'NULL')]
Review-g641788-d6213349_1:7	viel redelijk mee, maar aan serranoham met stokbrood kan niet veel tegenvallen.	[('food quality', 'neutral', 'serranoham met stokbrood')]
Review-g641788-d6213349_1:8	Nog een 1/2 uur wachten op alweer een miniscule portie.	[('food style_options', 'negative', 'portie'), ('service general', 'negative', 'NULL')]
Review-g641788-d6213349_1:10	zij beslissen hoeveel je eet, als je geluk hebt krijg je 4x3 porties, als ze er geen zin in hebben, zul je het met minder moeten doen!	[('service general', 'negative', 'NULL')]
Review-g641788-d6213349_1:11	Dienster deed haar best, maar de bazin (?) mag best een cursus onthaal volgen, bah bah.	[('service general', 'negative', 'bazin'), ('service general', 'positive', 'dienster')]
Review-g641788-d6213349_1:12	Kan 'zogezegd' niet goed Nederlands, Wat een lachertje, was zich aan het beklagen tegen bekenden over Social Deal en de toeloop van gasten die deze formule met zich meebracht, in perfekt Nederlands...	[('service general', 'negative', 'NULL')]
Review-g641788-d6213349_1:14	Denk niet dat veel mensen voor een 2de maal gaan, wat uiteindelijk toch de bedoeling is.	[('restaurant general', 'negative', 'NULL')]
Review-g641788-d6213349_1:15	Gemiste kans, jammer, want aan de kok ligt het niet.	[('food quality', 'neutral', 'kok')]
Review-g641788-d6213349_2:1	Met hele gezin gaan eten om 19.00 uur, om 19.30 kregen wij de drankkaart, om 19.40 moesten wij de bestelling voor het eten pas doorgeven.	[('service general', 'negative', 'NULL')]
Review-g641788-d6213349_2:2	Niets van de door ons bestelde tapas kwam tegelijk op tafel en er ontbraken ook een aantal tapas die wij wel hadden doorgegeven.	[('service general', 'negative', 'NULL')]
Review-g641788-d6213349_2:3	Bediening zeer slecht, terwijl er niet veel klandizie was.	[('service general', 'negative', 'bediening')]
Review-g641788-d6213349_2:4	Alles was hen teveel.	[('service general', 'negative', 'NULL')]
Review-g641788-d6213349_2:5	Wij zouden 2 uur onbeperkt tapas kunnen eten maar om 20.55 zei de serveerster dat de keuken om 21.00 uur gesloten was.	[('service general', 'negative', 'serveerster')]
Review-g641788-d6213349_2:6	Eten was zeer slecht, we hadden nog beter naar een frituur kunnen gaan!!	[('food quality', 'negative', 'eten')]
Review-g641788-d6213349_2:7	Geen aanrader dus!!!!	[('restaurant general', 'negative', 'NULL')]
Review-g641788-d6213349_3:1	Het eten wat lekker maar de bejegening afschuwelijk, geen uitleg en met pijn en moeite 2x kunnen bestellen (waarbij de mevrouw van de bediening ook nog ongeduldig op haar horloge keek) als je zwaaide/riep op of een of andere manier de aandacht van haar wilde trekken leek ze dit gewoon te negeren.	[('service general', 'negative', 'mevrouw van de bediening'), ('service general', 'negative', 'bejegening'), ('food quality', 'positive', 'eten')]
Review-g641788-d6213349_3:2	Jammer want het eten was goed te doen!	[('food quality', 'neutral', 'eten')]
Review-g641788-d6213349_4:1	"Eerst maanden getracht om met de voucher van social deal te reserveren, via website social deal niet mogelijk, daarna telefonisch geprobeerd, werd zeer onbeleefd afgeblaft dat ik maar met computer moest reserveren, weer geprobeerd, geen mogelijkheid, na schriftelijk beklag bij social deal dan toch eindelijk aan een reservering geraakt.... wat zagen we daar... zeer vuil, slechte smaken, verschrikkelijke bediening, gerechten die op kaart stonden werden plots met andere groenten geserveerd, en toch... personeel ""zit of staat"" er genoeg, maar ze komen niet van hun plaats...."	[('food style_options', 'negative', 'gerechten'), ('service general', 'negative', 'bediening'), ('food quality', 'negative', 'smaken'), ('ambience general', 'negative', 'NULL'), ('service general', 'negative', 'NULL'), ('service general', 'negative', 'personeel')]
Review-g641788-d6213349_4:2	NOOI MEER....!!!!	[('restaurant general', 'negative', 'NULL')]
Review-g641825-d4674814_1:2	Echt een aanrader.	[('restaurant general', 'positive', 'NULL')]
Review-g641825-d4674814_1:3	Wij namen het luxe ontbijt en het was inderdaad luxe.	[('food quality', 'positive', 'luxe ontbijt')]
Review-g641825-d4674814_1:4	Heel lekkere broodjes en koffiekoeken, voldoende brood, zeer lekkere hesp en kaas en lekkere koffie, de thee en chocolademelk zijn zeker aan te raden.	[('food style_options', 'neutral', 'brood'), ('food quality', 'positive', 'broodjes en koffiekoeken'), ('food quality', 'positive', 'broodjes'), ('food quality', 'positive', 'hesp en kaas'), ('drinks quality', 'positive', 'koffie'), ('drinks quality', 'positive', 'thee en chocolademelk')]
Review-g641825-d4674814_1:5	De eigenares is super vriendelijk en je ontbijt in een prachtig kader.	[('ambience general', 'positive', 'kader'), ('service general', 'positive', 'eigenares')]
Review-g641825-d4674814_1:6	Wij komen zeker terug naar deze zaak in Damme.	[('restaurant general', 'positive', 'zaak')]
Review-g641825-d4674814_1:7	Een van de weinige zaken waar de klant nog echt koning is.	[('restaurant general', 'positive', 'NULL')]
Review-g641825-d4674814_2:3	En wat een verwennerij.	[('restaurant general', 'positive', 'NULL')]
Review-g641825-d4674814_2:4	Zodra je deur opent springen de heerlijke gebakjes tegemoet.	[('food quality', 'positive', 'gebakjes')]
Review-g641825-d4674814_2:5	Wij kozen voor een luxe ontbijt voor €10,-pp en wat een feestje was dat.	[('food quality', 'positive', 'luxe ontbijt')]
Review-g641825-d4674814_2:8	"En verder een keuze uit een ""koffiebroodje""..oftewel een echt koffiebroodje maar ook croissants (met of zonder chocolade) of ander heerlijke broodjes."	[('food quality', 'positive', 'broodjes'), ('food style_options', 'positive', 'keuze')]
Review-g641825-d4674814_2:9	Verder een glas jus d'orange (niet vers maar toch erg lekker) koffie zoveel als je wilt.	"[('drinks quality', 'positive', ""jus d'orange""), ('drinks style_options', 'positive', 'koffie')]"
Review-g641825-d4674814_2:10	Een vers gekookt eitje, standaard perfect zacht gekookt, op verzoek iets harder.	[('food quality', 'neutral', 'eitje')]
Review-g641825-d4674814_2:13	Al met al....genoeg.	[('food style_options', 'neutral', 'NULL')]
Review-g641825-d4674814_2:14	Meer dan genoeg.	[('food quality', 'positive', 'NULL')]
Review-g641825-d4674814_2:15	Het was zo lekker dat we de 2e dag hier gewoon zijn terug gekomen.	[('food quality', 'positive', 'NULL')]
Review-g641825-d4674814_2:16	Super vriendelijke vrouw achter de balie waar we hele gesprekken mee hebben gevoerd, open en eerlijk!	[('service general', 'positive', 'vrouw')]
Review-g641825-d4674814_2:18	Een echte aanrader.	[('restaurant general', 'positive', 'NULL')]
Review-g641825-d4674814_3:1	Mooie zaak en lekker eten	[('food quality', 'positive', 'eten'), ('ambience general', 'positive', 'zaak')]
Review-g641825-d4674814_3:2	Men is er snel bedient	[('service general', 'positive', 'NULL')]
Review-g641825-d4674814_3:3	De scampies doable zijn er super	[('food quality', 'positive', 'scampies doable')]
Review-g641825-d4674814_3:4	De kaas en de garnaal croketten zijn zelfs beter dan in de meeste restaurants	[('food quality', 'positive', 'kaas en de garnaal croketten')]
Review-g641825-d741872_2:1	Dit restaurant is absoluut geen aanrader voor een gezellig avondje uit eten.	[('restaurant general', 'negative', 'restaurant')]
Review-g641825-d741872_2:2	Daar we bij binnenkomst geen goed gevoel hadden en we het eigenlijk ongepast vonden het restaurant te verlaten hebben we geen voorgerecht besteld.	[('restaurant miscellaneous', 'negative', 'restaurant')]
Review-g641825-d741872_2:4	De bediening was matig, de eigenaar zat na het bereiden van het hoofdgerecht de hele tijd achter z'n pc.	[('service general', 'negative', 'eigenaar'), ('service general', 'neutral', 'bediening')]
Review-g641825-d741872_2:5	Het hoofdgerecht was wel smakelijk.	[('food quality', 'positive', 'hoofdgerecht')]
Review-g641825-d741872_2:6	Na toch een nagerecht gekozen te hebben, wat tegenviel, moesten we uiteindelijk de rekening cash betalen.	[('food quality', 'negative', 'nagerecht'), ('service general', 'negative', 'NULL')]
Review-g641825-d741872_2:7	Eens maar nooit meer!	[('restaurant general', 'negative', 'NULL')]
Review-g641825-d741872_3:1	Niet alleen is de eigenaar arrogant, maar hij scheld zijn klanten ook nog uit!	[('service general', 'negative', 'eigenaar')]
Review-g641825-d741872_3:2	Zowel het restaurant als het hotel zijn te mijden als de pest!	[('restaurant general', 'negative', 'restaurant')]
Review-g641825-d741872_3:4	Het eten is matig en zeker zijn prijs niet waard.	[('food quality', 'negative', 'eten'), ('food prices', 'negative', 'eten')]
Review-g641825-d741872_4:3	En het was zeker niet slecht als je opteert voor een café-restaurant ergens in het centrum van een stad.	[('food quality', 'neutral', 'NULL')]
Review-g641825-d741872_4:4	Maar als je baas bewust kiest voor een restaurant dan mocht het geheel wel wat verfijnder zijn en de entourage wat gezelliger.	[('ambience general', 'negative', 'entourage'), ('restaurant general', 'negative', 'geheel')]
Review-g641825-d741872_4:6	De garnalen waren lekker, de tong was goed gebakken maar voor die prijs mocht de presentatie toch een heel stuk beter zijn.	[('food quality', 'positive', 'garnalen'), ('food quality', 'positive', 'tong'), ('food style_options', 'negative', 'presentatie'), ('food prices', 'negative', 'presentatie')]
Review-g641825-d741872_4:7	Nu leek alles erop gezwierd en misschien was het dat ook, de kok (patron) zagen we regelmatig achter zijn computer aan een tafeltje in het restaurant zitten tot grote ergernissen van onze partners die er constant op zaten te kijken.	[('service general', 'negative', 'kok'), ('food style_options', 'negative', 'NULL')]
Review-g641825-d741872_4:8	De onvriendelijkheid van de dienster zowel bij het binnenkomen als gedurende onze hele maaltijd was ronduit ergerlijk en ook het klikklakken van haar schoenen trok enorm de aandacht van de aanwezige klanten zodat er niet meer ontspannen kon worden genoten van het eten.	[('service general', 'negative', 'dienster')]
Review-g641825-d741872_4:9	Toen we afrekende bleek dat we enkel met cash mochten betalen, omdat hun toestel zogenaamd stuk was.	[('service general', 'negative', 'NULL')]
Review-g641825-d741872_4:11	Hier durven we geen vrienden meer mee naar toe te nemen.	[('restaurant general', 'negative', 'NULL')]
Review-g641825-d741875_1:1	gisteren heerlijk genoten van ALLES in de Zuidkant.	[('restaurant general', 'positive', 'de zuidkant')]
Review-g641825-d741875_1:2	de gerechtjes zijn TOP, de locatie is SCHITTEREND, de aangepaste wijnen SUPER, het interieur ZEER WARM en gezellig en de gastvrouw, ongelooflijk CHARMANT, het was genieten in de grootste betekenis van het woord!	[('food quality', 'positive', 'gerechtjes'), ('location general', 'positive', 'locatie'), ('drinks quality', 'positive', 'aangepaste wijnen'), ('ambience general', 'positive', 'interieur'), ('service general', 'positive', 'gastvrouw')]
Review-g641825-d741875_2:1	Een betere keuze had de jarige niet kunnen maken.	[('restaurant general', 'positive', 'NULL')]
Review-g641825-d741875_2:3	Vier gangen, voldoende grote porties en een streling voor de smaakpapillen.	[('food quality', 'positive', 'gangen'), ('food style_options', 'positive', 'gangen')]
Review-g641825-d741875_2:4	De geselecteerde wijn was SU-PER!	[('drinks quality', 'positive', 'wijn')]
Review-g641825-d741875_2:5	De vriendelijke en vlotte bediening en tevens de uitleg bij de gerechten maakten deze avond onvergetelijk!	[('service general', 'positive', 'bediening')]
Review-g641825-d741875_2:6	Wij komen zeker terug!	[('restaurant general', 'positive', 'NULL')]
Review-g641825-d741875_3:1	zeer lekker eten, perfecte bediening en een ongedwongen sfeer, de gastvrouw geeft je een warm welkom: we komen zeker terug!!	[('service general', 'positive', 'gastvrouw'), ('ambience general', 'positive', 'sfeer'), ('service general', 'positive', 'bediening'), ('food quality', 'positive', 'eten'), ('restaurant general', 'positive', 'NULL')]
Review-g641825-d741875_4:1	Zeer lekker gegeten.	[('food quality', 'positive', 'NULL')]
Review-g641825-d741875_4:5	Dat was een minpuntje....	[('service general', 'negative', 'NULL')]
Review-g641825-d741875_4:6	Sfeer, wijn, gerechten top!	[('ambience general', 'positive', 'sfeer'), ('drinks quality', 'positive', 'wijn'), ('food quality', 'positive', 'gerechten')]
Review-g641826-d6433742_1:2	Alles was fijn en verzorgd.	[('food quality', 'positive', 'NULL')]
Review-g641826-d6433742_1:3	Mooie presentatie.	[('food style_options', 'positive', 'presentatie')]
Review-g641826-d6433742_1:4	Gezellig en mooi interieur.	[('ambience general', 'positive', 'interieur')]
Review-g641826-d6433742_1:5	De eigenaresse zorgt voor een fijne ontvangst en is heel attent.	[('service general', 'positive', 'eigenaresse')]
Review-g641826-d6433742_3:2	Een plus voor de ligging, want je bent even buiten de drukte van de kust in het gezellige centrum van De Haan.	[('location general', 'positive', 'ligging')]
Review-g641826-d6433742_3:3	Parkeren is alvast geen probleem.	[('location general', 'positive', 'NULL')]
Review-g641826-d6433742_3:4	We werden zeer attent en vlot ontvangen door de eigenares die meteen tips kon geven rond de beste plaatsjes op het terras.	[('service general', 'positive', 'eigenares')]
Review-g641826-d6433742_3:5	Het maandmenu was heel fijn.	[('food quality', 'positive', 'maandmenu')]
Review-g641826-d6433742_3:6	Mijn voorgerecht op basi van tomaat, mozarella en basilicum was verrassend, fris en eigentijds.	[('food quality', 'positive', 'voorgerecht op basi van tomaat, mozarella en basilicum')]
Review-g641826-d6433742_3:7	Een echte smaakbom!	[('food quality', 'positive', 'NULL')]
Review-g641826-d6433742_3:8	De carpaccio aan de overkant vers en flinterdun, maar naar de smaak van mijn echtgenoot van iets te veel olijfolie voorzien.	[('food quality', 'positive', 'carpaccio')]
Review-g641826-d6433742_3:9	Het brood dat erbij kwam was top!	[('food quality', 'positive', 'brood')]
Review-g641826-d6433742_3:10	De hoofdgerechten waren opnieuw heel fijn en smaakvol.	[('food quality', 'positive', 'hoofdgerechten')]
Review-g641826-d6433742_3:11	De kabeljauw met pasta en zwarte truffel overheerlijk!	[('food quality', 'positive', 'kabeljauw met pasta en zwarte truffel')]
Review-g641826-d6433742_3:12	Het dessert was een soortje soepje op basis van fruit en groenten en minder ons ding.	[('food quality', 'neutral', 'dessert')]
Review-g641826-d6433742_3:13	Maar over het algemeen genomen, heerlijk getafeld in een zeer vriendelijk en warm kader!	[('restaurant general', 'positive', 'NULL'), ('ambience general', 'positive', 'kader')]
Review-g641826-d6433742_4:1	We waren aangenaam verrast door de mooie inrichting en losse vriendelijke ontvangst.	[('service general', 'positive', 'ontvangst'), ('ambience general', 'positive', 'inrichting')]
Review-g641826-d6433742_4:2	Wat we op het bord kregen was van een zeer hoog niveau.	[('food quality', 'positive', 'NULL')]
Review-g641826-d6433742_4:4	Je merkt hier duidelijk dat hier superhoog opgeleide maar toch eenvoudige sympatieke mensen aan het werk zijn.	[('service general', 'positive', 'mensen')]
Review-g641826-d6433742_4:5	We komen hier nog zeker terug want we zijn nieuwsgierig naar andere gerechten die ze op tafel toveren.	[('restaurant general', 'positive', 'NULL')]
Review-g641826-d6433742_4:6	Een aanrader!	[('restaurant general', 'positive', 'NULL')]
Review-g641826-d741899_1:1	De chef tovert de smaken op je bord, terwijl Tine je met de glimlach bedient.	[('service general', 'positive', 'tine'), ('food quality', 'positive', 'chef')]
Review-g641826-d741899_1:2	Een super ervaring, De keuze tussen 2 menu's is zo moeilijk omdat alles heerlijk lekker is.	[('food quality', 'positive', 'NULL')]
Review-g641826-d741899_3:2	Iedere keer top van a tot z.	[('restaurant general', 'positive', 'NULL')]
Review-g641826-d741899_3:3	De bediening verloopt er zeer vlot en aangenaam.	[('service general', 'positive', 'bediening')]
Review-g641826-d741899_3:4	Tinne weet altijd wel te verrassen;	[('service general', 'positive', 'tinne')]
Review-g641826-d741899_3:5	Alle gerechten zijn zeer lekker op zeer hoge niveau.	[('food quality', 'positive', 'gerechten')]
Review-g641826-d741899_3:6	Heel mooie creaties van de chef die met verse produkten werkt.	[('food style_options', 'positive', 'chef'), ('food quality', 'positive', 'produkten')]
Review-g641826-d741899_3:7	Gewoon het lekkerste restaurant.	[('restaurant general', 'positive', 'restaurant')]
Review-g641826-d741899_3:8	Is minstens één ster waard.	[('restaurant general', 'positive', 'NULL')]
Review-g641826-d741899_4:1	Heerlijk eten, mooie omgeving, prima bediening toch één minpunt.	[('food quality', 'positive', 'eten'), ('ambience general', 'positive', 'omgeving'), ('service general', 'positive', 'bediening')]
Review-g641826-d741899_4:2	Er staat vermeld lunch altijd aan €37 en ze rekenden €42 met als reden dat het een zondag was (21 juli).	[('restaurant prices', 'negative', 'lunch')]
Review-g641827-d4753953_1:3	onbeschoft (maw kennen de etiquette niet dat hoort voor een brasserie/cafe/taverne.	[('service general', 'negative', 'NULL')]
Review-g641827-d4753953_1:4	dranken worden geserveerd in nog half tot bijna vuile glazen (lippenstift en dergelijk meer van vorige gasten) eten is om nog maar over te zwijgen.	[('food quality', 'negative', 'eten'), ('drinks style_options', 'negative', 'dranken')]
Review-g641827-d4753953_1:5	smaakt allemaal alsof het gewoon kant en klaar maaltijden zijn opgewarmd in een microgolf.	[('food quality', 'negative', 'allemaal')]
Review-g641827-d4753953_1:6	sauzen, denk dat de potten ervan nog steeds half open staan en over datum zijn.	[('food quality', 'negative', 'sauzen')]
Review-g641827-d4753953_1:8	zal nog maar zwijgen over de hele zaak in het algemeen.	[('restaurant general', 'negative', 'zaak')]
Review-g641827-d4753953_1:9	wat mij betreft nooit meer, dan nog liever naar de varkensstal op een boerderij, daar is het properder en veel beter qua eten en service.	[('restaurant general', 'negative', 'NULL')]
Review-g641827-d4753953_2:1	Wij werden hier op n agressieve manier ontnomen van 80€ en ons eten.	[('restaurant general', 'negative', 'NULL')]
Review-g641827-d4753953_2:2	Na 3x saus vragen en steeds erbarmelijke saus voorgeschoteld te krijgen ging ik bij de uitbater verhaal halen (nog maar gezwegen van fritte, kip).	[('food quality', 'negative', 'saus')]
Review-g641827-d4753953_2:3	Hij werd steeds onvriendelijker, toen ik hem antwoorde dat klant toch nog steeds koning was, werd hij alleen maar kwader.	[('service general', 'negative', 'NULL')]
Review-g641827-d4753953_2:4	Ik vertelde hem dat ik met zo n service niet geneigd was van te betalen.	[('service general', 'negative', 'service')]
Review-g641827-d4753953_2:7	BETALEN!!	[('service general', 'negative', 'NULL')]
Review-g641827-d4753953_2:8	NU!!!!	[('service general', 'negative', 'NULL')]
Review-g641827-d4753953_2:9	Wij maande hem aan tot kalmte, dit lukte na meerdere malen nog niet.	[('service general', 'negative', 'NULL')]
Review-g641827-d4753953_2:10	Hij nam het eten vanonder ons neus, gooide met een terras stoel en werd woester en woester.	[('service general', 'negative', 'NULL')]
Review-g641827-d4753953_2:11	Op dat moment werd hij bijgetrede dr alle personeels leden en de patron, die laatste had zelfs de baseball knuppel mee uitgebracht.	[('service general', 'negative', 'patron')]
Review-g641827-d4753953_2:14	Dus bij deze hoop ik dat de mensen hier wegblijven en bespaart blijven van hun slecht eten en rotslechte agressieve services..	[('food quality', 'negative', 'eten'), ('service general', 'negative', 'services'), ('restaurant general', 'negative', 'NULL')]
Review-g641827-d4753953_2:15	Astoria palace mogen uwe zaak kapot gaan!!!!	[('restaurant general', 'negative', 'astoria palace')]
Review-g641827-d4753953_4:1	Kip was droog, vis was niet lekker (zat echt een vies luchtje aan) witte wijn smaakte naar zeepsop, frieten waren slap en zeer vet, aardappels niet gaar, glazen niet schoon.	[('food quality', 'negative', 'frieten'), ('drinks quality', 'negative', 'witte wijn'), ('food quality', 'negative', 'vis'), ('food style_options', 'negative', 'kip'), ('food quality', 'negative', 'aardappels'), ('ambience general', 'negative', 'glazen')]
Review-g641827-d4753953_4:2	Nadat wij over genoemde bevindingen geklaagd hadden, wuifde men verontwaardigd alles weg en moesten gewoon de volle mep betalen.	[('service general', 'negative', 'NULL')]
Review-g641827-d4753953_4:3	"Bedienend personeel met vieze kleren, binnen zag het niet echt ""proper"" uit."	[('service general', 'negative', 'bedienend personeel'), ('ambience general', 'negative', 'NULL')]
Review-g641827-d4753953_4:4	Kortom, met een groooote boog om dit etablissement heen!!	[('restaurant general', 'negative', 'etablissement')]
Review-g641832-d2274858_1:1	Gereserveerd en 10 min buiten gewacht samen met nog een koppel die daar moest zijn, 3 uur gewacht op een derde voorgerecht, toen we de opmerking maakten werden we gevraagd of we wilden afrekenen door de uitbaatster, moeilijk een lach op de uitbaatster gezicht te krijgen toen we besloten om af te rekenen kwam de kok doodgewoonweg zeggen dat we geen respect tonen voor de keuken, wij zijn mensen die regelmatig gaan eten maar dit heb ik toch nog niet meegemaakt, spijtig maar zo wil een klant niet behandeld worden als hij een peperdure rekening betaald, het eten was lekker maar te lang moeten wachten sorry	[('service general', 'negative', 'kok'), ('food quality', 'positive', 'eten'), ('restaurant prices', 'negative', 'rekening'), ('service general', 'negative', 'NULL'), ('service general', 'negative', 'uitbaatster')]
Review-g641832-d2274858_2:1	Gisteren gaan eten bij Boury, sorry maar begrijp niet dat dit een ster verdiend, de bediening van de zaakvoerster laat alles te wensen over, een lach kan er niet af en de gerechten die warm dienden te hebben waren koud, een peperdure rekening en niet goed gegeten een snak en een snauw bij het afrekenen sorry hoor maar als je deze prijs betaald, denk toch dat sommige mensen dienen hun mening te herzien dit is geen restaurant maar voor mij een bistro, personeel was wel vriendelijk en excuseren zich aan tafel voor het gedrag van hun oversten, dit kan ik echt niet aanraden	[('restaurant prices', 'negative', 'rekening'), ('food quality', 'negative', 'gerechten'), ('service general', 'negative', 'bediening van de zaakvoerster'), ('restaurant general', 'negative', 'boury'), ('restaurant general', 'negative', 'NULL'), ('service general', 'positive', 'personeel'), ('food quality', 'negative', 'NULL'), ('restaurant general', 'negative', 'NULL')]
Review-g641832-d2274858_4:1	al van bij het binnenkomen voelden wij ons welkom.	[('service general', 'positive', 'NULL')]
Review-g641832-d2274858_4:3	het voorgerecht en hoofdgerecht waren echt plaatjes.	[('food style_options', 'positive', 'hoofdgerecht'), ('food style_options', 'positive', 'voorgerecht')]
Review-g641832-d2274858_4:4	het dessert en mignardises bij de koffie zorgden voor de perfecte afsluiter.	[('food quality', 'positive', 'dessert'), ('food quality', 'positive', 'mignardises')]
Review-g641832-d2274858_4:5	de ongewone wijnen waren werkelijk ontdekkingen.	[('drinks style_options', 'neutral', 'wijnen'), ('drinks quality', 'positive', 'wijnen')]
Review-g641832-d2274858_4:6	Kortom: dit restaurant moet je bezoeken!	[('restaurant general', 'positive', 'restaurant')]
Review-g641832-d2274858_4:7	een dikke proficiat aan het hele Boury team!	[('service general', 'positive', 'boury team')]
Review-g641834-d4214987_1:1	Het is een leuke, originele brasserie waar je steeds welkom bent en lekkere verse producten krijgt;	[('service general', 'positive', 'NULL'), ('restaurant general', 'positive', 'brasserie'), ('food quality', 'positive', 'producten')]
Review-g641834-d4214987_1:2	Een minpuntje vind ik echter de prijs, met 2 personen zit je gauw boven de 120 euro.	[('restaurant prices', 'positive', 'NULL')]
Review-g641834-d4214987_2:1	Als je eens goed wilt eten als je in Veurne bent dan moet je zeker binnen springen bij Lowie.	[('food quality', 'positive', 'NULL')]
Review-g641834-d4214987_2:2	Interieur is gezellig, de bediening heel vlot en vooral het eten is er lekker.	[('food quality', 'positive', 'eten'), ('service general', 'positive', 'bediening'), ('ambience general', 'positive', 'interieur')]
Review-g641834-d4214987_2:3	Eerlijke keuken en als je graag steak tartaar eet dan moet het daar zeker proeven met de zelf gesneden en gebakken frietjes	[('food quality', 'positive', 'keuken'), ('food quality', 'positive', 'steak tartaar')]
Review-g641834-d4214987_4:3	Kroketten van zwezerik, en andere prima huisspecialiteiten, en suggestie, enz.	[('food quality', 'positive', 'huisspecialiteiten')]
Review-g641835-d742342_1:1	Dit is voor mij één van de beste restaurants in België, originele gerechtjes alsook de aangepaste borden, ookde bediening is subliem	[('service general', 'positive', 'bediening'), ('food quality', 'positive', 'gerechtjes'), ('restaurant general', 'positive', 'NULL')]
Review-g641835-d742342_2:1	hier eten is een belevenis.	[('restaurant general', 'positive', 'NULL')]
Review-g641835-d742342_2:2	Aangepaste maaltijden voor dingen die men niet lust waren absoluut geen probleem.	[('service general', 'positive', 'NULL')]
Review-g641835-d742342_2:3	Super lekker gegeten, goede bediening, sublieme wijn.	[('drinks quality', 'positive', 'wijn'), ('service general', 'positive', 'bediening'), ('food quality', 'positive', 'NULL')]
Review-g641835-d742342_2:4	Het dessert was de top of the bill met de boswandeling.	[('food quality', 'positive', 'dessert')]
Review-g641835-d742342_2:6	Dit is echt genieten!	[('food quality', 'positive', 'NULL')]
Review-g641835-d742342_4:1	Waarom nog geen 2 sterren?	[('restaurant general', 'positive', 'NULL')]
Review-g641835-d742342_4:2	Parking en omgeving niet uitnodigend maar wat een verrassing binnen	[('ambience general', 'positive', 'binnen'), ('location general', 'negative', 'omgeving'), ('location general', 'negative', 'parking')]
Review-g641835-d742342_4:3	-Verzorgde en toch familiale bediening, oogstrelende variaties in bordjes en steeds die kleine smaakbommetjes die zorgen voor culinair genot	[('service general', 'positive', 'bediening'), ('food style_options', 'positive', 'variaties'), ('food quality', 'positive', 'NULL')]
Review-g641835-d742342_4:4	-de chef gefeliciteerd met zijn durf om nieuwe smaken te toveren	[('food quality', 'positive', 'chef')]
Review-g661772-d7081883_2:1	Perfect evenwicht tussen gezellige sfeer en unieke maaltijd.	[('food quality', 'positive', 'maaltijd'), ('ambience general', 'positive', 'sfeer')]
Review-g661772-d7081883_2:3	Hij deed dit op een schitterende manier.	[('food quality', 'positive', 'NULL')]
Review-g661772-d7081883_2:4	Elk gerechtje was een streling voor de tong én het oog.	[('food style_options', 'positive', 'gerechtje'), ('food quality', 'positive', 'gerechtje')]
Review-g661772-d7081883_2:5	De bijpassende wijnen maakten de unieke ervaring compleet.	[('drinks quality', 'positive', 'wijnen')]
Review-g661772-d7081883_2:6	Je voelt dat de chef en zijn maître dit met héél veel passie doen.	[('service general', 'positive', 'chef')]
Review-g661772-d7081883_3:1	Chef Marc, Maître Bert, ik heb enorm genoten van de schitterende beleving in jullie restaurant.	[('restaurant general', 'positive', 'restaurant')]
Review-g661772-d7081883_3:2	Een echte verrijking voor de streek met een top keuken en een fantastische bediening!	[('service general', 'positive', 'bediening'), ('food quality', 'positive', 'keuken'), ('restaurant general', 'positive', 'NULL')]
Review-g661772-d7081883_3:3	Ik kom zeker graag terug!	[('restaurant general', 'positive', 'NULL')]
Review-g661772-d7081883_4:1	Zeer hoog culinair niveau en super vriendelijke en bekwame bediening!	[('service general', 'positive', 'bediening'), ('food quality', 'positive', 'NULL')]
Review-g661772-d7081883_4:2	Heerlijke combinaties, pure smaken, uitstekende wijnkeuzes, kortom genieten!	[('drinks style_options', 'positive', 'wijnkeuzes'), ('food quality', 'positive', 'smaken'), ('food quality', 'positive', 'combinaties'), ('restaurant general', 'positive', 'NULL')]
Review-g663127-d6437804_1:1	hartelijke ontvangst door de zaakvoerster.	[('service general', 'positive', 'zaakvoerster')]
Review-g663127-d6437804_1:2	Gezellig, knus restaurant, zowel beneden als op de bovenverdieping (3 zaaltjes verschillend ingericht en alledrie gezellig).	[('ambience general', 'positive', 'restaurant')]
Review-g663127-d6437804_1:3	We kozen voor het menu 'Parels van India', een aanrader voor wie wil kennismaken met verschillende gerechten uit India.	"[('food quality', 'positive', ""menu 'parels van india"")]"
Review-g663127-d6437804_1:4	Je krijgt telkens een beetje uitleg bij elk gerecht en welke sausjes er het beste bij welk gerecht passen.	[('service general', 'positive', 'NULL')]
Review-g663127-d6437804_1:5	We konden proeven van lam, kip en scampi's op verschillende manieren bereid.	"[('food style_options', 'positive', ""lam, kip en scampi's"")]"
Review-g663127-d6437804_1:6	Zeer vriendelijke bediening en lekkere wijnen (wij kozen voor de aangepaste wijnen).	[('service general', 'positive', 'bediening'), ('drinks quality', 'positive', 'wijnen')]
Review-g663127-d6437804_1:7	Alles is vers bereid, je waant je even in India!	[('food quality', 'positive', 'NULL')]
Review-g663127-d6437804_1:8	Zeker een aanrader en voor herhaling vatbaar.	[('restaurant general', 'positive', 'NULL')]
Review-g663127-d6437804_2:1	Zeker een aanrader	[('restaurant general', 'positive', 'NULL')]
Review-g663127-d6437804_2:4	Het personeel is er zeer vriendelijk en voor de mensen die grote honger hebben geen enkel probleem!	[('food style_options', 'positive', 'NULL'), ('service general', 'positive', 'personeel')]
Review-g663127-d6437804_2:5	Je word rap besteld.	[('service general', 'positive', 'NULL')]
Review-g663127-d6437804_3:1	Reeds 5 keer geweest en steeds weer verrast Biryani met heerlijke gerechten: gevarieerd, kruidig en toch niet te pikant en alles tegen een eerlijke prijs.	[('food quality', 'positive', 'gerechten'), ('food prices', 'positive', 'NULL')]
Review-g663127-d6437804_3:3	De bediening is vlot en steeds met een woordje uitleg.	[('service general', 'positive', 'bediening')]
Review-g663127-d6437804_3:4	en wanneer Vicky, de gastvrouw ook maar eventjes tijd heeft komt ze met de charme van de Indische gastvrijheid zelf peilen of alles ok is en of je genoten hebt!	[('service general', 'positive', 'vicky')]
Review-g663127-d6437804_4:3	Erg vriendelijke ontvangst.	[('service general', 'positive', 'ontvangst')]
Review-g663127-d6437804_4:4	Verfijnd eten.	[('food quality', 'positive', 'eten')]
Review-g663127-d6437804_4:5	De menu Indira was lekker.	[('food quality', 'positive', 'menu indira')]
Review-g663127-d6437804_4:6	Geen grote hoeveelheden, maar wel verfijnd dus met meerdere extra's.	[('food style_options', 'negative', 'NULL')]
Review-g6739900-d1065393_1:1	perfect om tijdens een fietstocht hier te stoppen gelegen aan het water, mooi uitzicht en rustig lekker eten, niets speciaal maar was niet nodig	[('food quality', 'neutral', 'eten'), ('ambience general', 'positive', 'NULL'), ('location general', 'neutral', 'NULL')]
Review-g6739900-d1065393_2:1	Formidabel!	[('restaurant general', 'positive', 'NULL')]
Review-g6739900-d1065393_2:2	Het enige woord dat past bij het huwelijksfeest van dochter Nathalie met schoonzoon Stijn op 2 augustus 2014 in deze unieke locatie.	[('location general', 'positive', 'locatie')]
Review-g6739900-d1065393_2:3	Van het boottochtje, aangeboden aan het huwelijkskoppel, via de gezellige en uitermate spontane en vriendelijke bediening naar de superlekkere maaltijden en de blije gezichten van familie en vrienden tot de fantastische huwelijkstaart!	[('food quality', 'positive', 'maaltijden'), ('service general', 'positive', 'bediening')]
Review-g6739900-d1065393_2:4	En dit bij een stralend zonnetje: Een dag om nooit meer te vergeten... en een aanrader voor allen!	[('restaurant general', 'positive', 'NULL')]
Review-g6739900-d1065393_3:1	Wij zijn hier nu al een paar keer gaan eten op 2 jaar tijd en vinden het eten telkens opnieuw lekker maar niets speciaal.	[('food quality', 'neutral', 'eten')]
Review-g6739900-d1065393_3:2	Wat ons ook opgevallen is, is dat de menu op deze tijd eigenlijk bijna niet veranderd wat ik persoonlijk wel spijtig vind.	[('food style_options', 'negative', 'menu')]
Review-g6739900-d1065393_3:3	De bediening is best wel oke afhankelijk van wie/wanneer/... de ene is al wat vriendelijker dan de andere.	[('service general', 'neutral', 'bediening')]
Review-g6739900-d1065393_3:4	Het uitzicht is echt wel aangenaam als je buiten zit en binnen is het gezellig.	[('ambience general', 'positive', 'uitzicht')]
Review-g6739900-d1065393_4:1	Al een aantal keer gaan eten bij Gwen en Philippe in het Keyserhof, en altijd met een glimlach weer naar buiten gegaan.	[('restaurant general', 'positive', 'keyserhof')]
Review-g6739900-d1065393_4:2	Niet alleen is het eten overheerlijk, maar ook hun personeel verdient een dikke pluim!	[('service general', 'positive', 'personeel'), ('food quality', 'positive', 'eten')]
Review-g6739900-d1065393_4:3	Het restaurant is gelegen aan de Moervaart, wat je bezoek alleen maar gezelliger/romantischer maakt.	[('location general', 'positive', 'restaurant')]
Review-g6739900-d1065393_4:4	Doe zo verder Keyserhof!!	[('restaurant general', 'positive', 'keyserhof')]
Review-g680686-d3809665_1:1	slechte en onvriendelijke bediening, eten was ronduit slecht.	[('food quality', 'negative', 'eten'), ('service general', 'negative', 'bediening')]
Review-g680686-d3809665_1:2	2 uur wachten op je eten met een water sangria, dan half warm eten bekomen.	[('food quality', 'negative', 'eten'), ('drinks style_options', 'negative', 'sangria'), ('service general', 'negative', 'NULL')]
Review-g680686-d3809665_1:3	De afrekening was 4,5 euro verkeerd in ons nadeel!	[('restaurant prices', 'negative', 'afrekening')]
Review-g680686-d3809665_1:4	Slechtste restaurant( café) waar we ooit geweest zijn.	[('restaurant general', 'negative', 'restaurant')]
Review-g680686-d3809665_1:5	Wegblijven daar	[('restaurant general', 'negative', 'NULL')]
Review-g680686-d3809665_2:1	veel gehoord hiervan maar wat een tegenvaller, de zogezegd alles self made viel behoorlijk tegen, eerder een betere hapjestent en de bediening was ronduit vreselijk, lang wachten, foute zaken op tafel, kunnen de druk en bediening duidelijk niet aan en laten dit heel duidelijk merken aan de klanten ook, grote tegenvaller	[('service general', 'negative', 'bediening'), ('restaurant general', 'negative', 'NULL'), ('restaurant general', 'negative', 'NULL')]
Review-g680686-d3809665_3:1	Weer naar ons favo tapasbarretje in Herentals.	[('restaurant general', 'positive', 'tapasbarretje')]
Review-g680686-d3809665_3:2	Tot onze verbazing nieuwe uitbaters en niet zo gezellig donker als voorheen in de tapasbar.	[('ambience general', 'negative', 'tapasbar')]
Review-g680686-d3809665_3:3	De nieuwe uitbaters komen direct uit Spanje dus wij waren vol verwachting voor extra lekkere tapas maar helaas de gamba's in look waren lauw geserveerd en niet lekker pittig zoals t hoort en de de rest van het eten ook lauw.	"[('food quality', 'negative', 'eten'), ('food quality', 'negative', ""gamba's in look"")]"
Review-g680686-d3809665_3:4	Wat jammer maar ik zei er wat van en bestelde 2 nieuwe porties maar dan heet en dat was wel lekker.	[('food quality', 'positive', 'porties')]
Review-g680686-d3809665_3:5	Maar de sfeer was er niet meer, blijkbaar vertrokken met de vorige uitbaters.	[('ambience general', 'negative', 'sfeer')]
Review-g680686-d3809665_4:1	gezellig en eenvoudig.	[('ambience general', 'positive', 'NULL')]
Review-g680686-d3809665_4:2	"soms heb je wel de indruk dat de huidige uitbaters, in tegenstelling tot de vorige uitbaters, er niet met volle ""goesting"" werken."	[('service general', 'neutral', 'huidige uitbaters')]
Review-g680686-d3809665_4:3	Vriendelijk is iedereen wel, maar een lach is moeilijk.	[('service general', 'positive', 'NULL')]
Review-g680686-d3809665_4:4	Soit, ze doen hun best.	[('service general', 'neutral', 'NULL')]
Review-g680686-d740424_1:1	Heerlijk gegeten in de romantische tuin bij het water met de vissen.	[('ambience general', 'positive', 'tuin'), ('food quality', 'positive', 'NULL')]
Review-g680686-d740424_1:2	Gamba's op Indische wijze is super lekker..	"[('food quality', 'positive', ""gamba's op indische wijze"")]"
Review-g680686-d740424_1:3	De bediening is altijd vriendelijk en snel.	[('service general', 'positive', 'bediening')]
Review-g680686-d740424_1:4	Het eten duurt een beetje lang maar wel de moeite van het wachten waard want t is heerlijk en lekker vers.	[('service general', 'negative', 'eten'), ('food quality', 'positive', 'eten')]
Review-g680686-d740424_1:6	Kortom de wilde vespers is onze favoriet hier in Herentals.	[('restaurant general', 'positive', 'de wilde vespers')]
Review-g680686-d740424_1:7	Tot gauw weer!	[('restaurant general', 'positive', 'NULL')]
Review-g680686-d740424_2:1	Mooi en gezellig terras, lekker eten, slaatjes, pasta's, vlees, vis, voor elk wat wils.	[('food style_options', 'positive', 'eten'), ('food quality', 'positive', 'eten'), ('ambience general', 'positive', 'terras')]
Review-g680686-d740424_2:2	en zeer lekkere deserties.	[('food quality', 'positive', 'deserties')]
Review-g680686-d740424_2:3	Ook binnen is het wel gezellig, maar buiten in de zomer is het echt super.	[('ambience general', 'positive', 'binnen'), ('ambience general', 'positive', 'buiten')]
Review-g680686-d740424_3:1	De Wilde Vespers heeft een smaakvol interieur en een prachtige tuin met vijver.	[('ambience general', 'positive', 'tuin met vijver'), ('ambience general', 'positive', 'interieur')]
Review-g680686-d740424_3:2	Hier kunnen veel mensen, als het mooi weer, van genieten tijdens het eten.	[('ambience general', 'positive', 'NULL')]
Review-g680686-d740424_4:1	of gewoon klassiek -voor een goede snelle lunch kan je hier steeds terecht.	[('food quality', 'positive', 'lunch')]
Review-g680686-d740424_4:2	De opstelling van de tafels lijkt me een beetje vreemd, ongezellig.	[('ambience general', 'negative', 'opstelling')]
Review-g780932-d3468888_4:1	Zondagavond... en blijkbaar vind het personeel het normaal dat er dan nauwelijks nog iets voorradig is.	[('service general', 'negative', 'personeel')]
Review-g780932-d3468888_4:2	De tortilla's die normaliter als hapje vooraf geserveerd worden -op.	"[('food style_options', 'negative', ""tortilla's"")]"
Review-g780932-d3468888_4:3	Geen excuses, gewoon -'ze zijn op'.	[('service general', 'negative', 'NULL')]
Review-g780932-d3468888_4:4	Bier, verschillende gerechten -op.	[('drinks style_options', 'negative', 'bier'), ('food style_options', 'negative', 'gerechten')]
Review-g780932-d3468888_4:6	Bij chi chi's verwacht ik geen culinaire hoogstandjes, maar de bediening mag op z'n minst correct en beleefd zijn.	[('service general', 'negative', 'bediening')]
Review-g801350-d5504291_1:2	Bij 25° gezellig eten op een schitterend terras, wat kan er leuker zijn.	[('ambience general', 'positive', 'terras')]
Review-g801350-d5504291_1:4	Wij hebben meer dan een uur moeten wachten op ons eten.	[('service general', 'negative', 'NULL')]
Review-g801350-d5504291_1:5	Het steppegras en de saus was lekker.	[('food quality', 'positive', 'steppegras'), ('food quality', 'positive', 'saus')]
Review-g801350-d5504291_1:6	Maar de steak was volledig doorbakken en net een schoenzool.	[('food quality', 'negative', 'steak')]
Review-g801350-d5504291_1:7	Mijn vriendin haar kippenfilet was wel goed gebakken en lekker sappig.	[('food quality', 'positive', 'kippenfilet')]
Review-g801350-d5504291_1:8	Jammer van het vlees en het lange wachten, maar verdiend wel een tweede kans omwille van de gezellige locatie	[('food quality', 'negative', 'vlees'), ('service general', 'negative', 'NULL'), ('ambience general', 'positive', 'locatie')]
Review-g801350-d5504291_2:1	Een fijne ontvangst, een mooie locatie, Het eten was zeer goed verzorgd en een fatsoenlijke portie!	[('food style_options', 'positive', 'eten'), ('location general', 'positive', 'locatie'), ('service general', 'positive', 'ontvangst')]
Review-g801350-d5504291_2:2	Een aanrader voor een gezellige avond!	[('restaurant general', 'positive', 'NULL')]
Review-g801350-d5504291_3:2	Kan je als het mooi weer heel lekker eten buiten op een groot, rustig en prachtig terras.	[('food quality', 'positive', 'NULL'), ('ambience general', 'positive', 'terras')]
Review-g801350-d5504291_3:4	Goede bediening en de eigenaars zijn super vriendelijk.	[('service general', 'positive', 'eigenaars'), ('service general', 'positive', 'bediening')]
Review-g801350-d5504291_3:5	Ruime parking zowel voor fietsers als wagen.	[('restaurant miscellaneous', 'positive', 'NULL')]
Review-g801350-d5504291_4:1	Je kan er heel lekkere steppengras fritten met biefstuk of kip eten.	[('food quality', 'positive', 'kip'), ('food quality', 'positive', 'steppengras fritten met biefstuk')]
Review-g801350-d5504291_4:2	Er is een groot terras en een leuke buiten speeltuin voor de kids.	[('ambience general', 'positive', 'terras'), ('ambience general', 'positive', 'buiten speeltuin')]
Review-g941689-d1020348_1:2	Heerlijk gegeten en supervriendelijke bediening, een aanrader.	[('restaurant general', 'positive', 'NULL'), ('service general', 'positive', 'bediening'), ('food quality', 'positive', 'NULL')]
Review-g941689-d1020348_1:3	Als we in de buurt zijn komen we zeker terug.	[('restaurant general', 'positive', 'NULL')]
Review-g941689-d1020348_1:4	Prijs/kwaliteit zijn top.	[('restaurant general', 'positive', 'NULL'), ('restaurant prices', 'positive', 'NULL')]
Review-g941689-d1020348_3:1	Wij waren gelogeerd in hotel Van Eyck, markt oversteken en we waren in een super gezellig restaurantje.	[('ambience general', 'positive', 'restaurantje')]
Review-g941689-d1020348_3:2	Het eten was uitstekend en bediening super lief.	[('service general', 'positive', 'bediening'), ('food quality', 'positive', 'eten')]
Review-g941689-d1020348_3:3	Wij komen zeker nog terug.	[('restaurant general', 'positive', 'NULL')]
Review-g941689-d1020348_4:1	Voor fijnproevers en mensen die eens iets anders willen dan mosselen friet.	[('restaurant general', 'positive', 'NULL')]
Review-g941689-d1020348_4:2	Laat u verrassen!	[('restaurant general', 'positive', 'NULL')]
Review-g941689-d1020348_4:3	Wat geschrokken door het feit dat er maar 1 menu voorgesteld werd, maar o zo heerlijk gegeten en gedronken.	[('drinks quality', 'positive', 'NULL'), ('food quality', 'positive', 'NULL'), ('food style_options', 'negative', 'menu')]
Review-g941689-d1020348_4:4	Als je graag iets anders wil, dan is dit bespreekbaar.	[('service general', 'positive', 'NULL')]
Review-g941689-d1020348_4:5	2 Mensen die bijzonder goed hun vak kennen, zeer gastvrij zijn en als de dienst het toelaat graag een babbeltje met hun gasten maken.	[('service general', 'positive', 'mensen')]
Review-g941689-d1020348_4:6	Wij zijn blij dit leuke adresje te hebben ontdekt en gaan zeker terug!	[('restaurant general', 'positive', 'adresje')]
Review-g941689-d3671892_1:1	Ze waren ons gewoon vergeten.	[('service general', 'negative', 'NULL')]
Review-g941689-d3671892_1:2	Varkenshaas bijna rauw en het vlees in het stoofpotje moest je zoeken.	[('food style_options', 'negative', 'vlees in het stoofpotje'), ('food quality', 'negative', 'varkenshaas')]
Review-g941689-d3671892_1:3	Zeer onvriendelijk alsof ze het niet prettig vinden dat je iets komt eten.	[('service general', 'negative', 'NULL')]
Review-g941689-d3671892_1:4	Waardeloos	[('restaurant general', 'negative', 'NULL')]
Review-g941689-d3671892_4:2	Personeel onvriendelijk, zelf 2 keer gevraagd om kaart.	[('service general', 'negative', 'personeel')]
Review-g941689-d3671892_4:3	Bestelling kwam na anderhalf uur!	[('service general', 'negative', 'NULL')]
Review-g941689-d3671892_4:4	1x fetuccine met curry, echt slecht hebben we dan ook laten staan, 2x gegrilde scampi in kruidenboter, deze werd geserveerd in een laf smakeloos lookroomsausje niet in kruidenboter, kant-en-klaar liflafje.	[('food quality', 'negative', 'gegrilde scampi in kruidenboter'), ('food quality', 'negative', 'fetuccine met curry'), ('food quality', 'negative', 'lookroomsausje'), ('food quality', 'negative', 'liflafje')]
Review-g941689-d3671892_4:5	Daarnaast een biefstuk met peperroomsaus, saus was redelijk biefstuk wederom flauw.	[('food quality', 'neutral', 'saus'), ('food quality', 'negative', 'biefstuk')]
Review-g941689-d3671892_4:6	Wijn uit tap, ook smerig, geen andere wijn te bestellen!	[('drinks style_options', 'negative', 'wijn'), ('drinks quality', 'negative', 'wijn')]
Review-g941689-d3671892_4:7	De serveester, ik denk dochter, drie keer om de gratis toegangscode van het wifi-netwerk gevraagd, die kon ze niet onthouden (!) dus kreeg ik deze niet?	[('service general', 'negative', 'serveester')]
Review-g941689-d3671892_4:8	Dan moet je het niet aanbieden!	[('service general', 'negative', 'NULL')]
Review-g941689-d3671892_4:9	Vervolgens bij het afrekenen (Euro 100,--) werd niet gevraagd door de serveerster, of het ons had gesmaakt, dat was duidelijk want de borden waren niet leeg.	[('food quality', 'negative', 'NULL'), ('service general', 'negative', 'serveerster')]
Review-g941689-d3671892_4:10	Vervolgens kwam de eigenaar die vroeg of het had gesmaakt, ik heb duidelijk aangegeven dat het niet goed was.	[('food quality', 'negative', 'NULL'), ('service general', 'neutral', 'eigenaar')]
Review-g941689-d3671892_4:11	Meneer liep weg om me vervolgens niet meer aan te kijken, en verder niets met mijn antwoord te doen.	[('service general', 'negative', 'meneer')]
Review-g941689-d3671892_4:12	Mijn advies, ga ergens anders eten.	[('restaurant general', 'negative', 'NULL')]
Review-g941689-d3671892_4:13	Waardeloos..	[('restaurant general', 'negative', 'NULL')]
Review-g954018-d967590_2:1	Fijne persoonlijke welkom -heerlijk en verrassend huisapero op basis van vlierbloesem+mandarine napoleon -fijne verzorgde amuses -professionele en warmhartige bediening -zowel personeel als mevrouw een pluim -intense beleving van het uitgebreide menu met superlekkere smaakcombinaties en voldoende voor een bourgondiër -de keuken met Peter Goosens een echte aanrader -warme sfeer -gevraagde attentie gekregen	[('service general', 'positive', 'personeel'), ('service general', 'positive', 'mevrouw'), ('service general', 'positive', 'bediening'), ('food quality', 'positive', 'amuses'), ('drinks quality', 'positive', 'huisapero'), ('service general', 'positive', 'welkom'), ('food style_options', 'positive', 'menu'), ('restaurant general', 'positive', 'keuken'), ('ambience general', 'positive', 'sfeer')]
Review-g954018-d967590_2:2	-Proficiat om elke dag steeds opnieuw zo'n kwaliteit te garanderen -we komen zeker terug genieten!	[('restaurant general', 'positive', 'NULL')]
Review-g954018-d967590_3:1	Van de champagne tot de koffie alles top.	[('drinks quality', 'positive', 'koffie'), ('drinks quality', 'positive', 'champagne')]
Review-g954018-d967590_3:2	Zeer vriendelijke bediening.	[('service general', 'positive', 'bediening')]
Review-g954018-d967590_3:3	Niet goedkoop maar zeker zijn geld waard.	[('restaurant prices', 'positive', 'NULL')]
Review-g954018-d967590_3:4	Zeer goede wijnen.	[('drinks quality', 'positive', 'wijnen')]
Review-g954018-d967590_4:1	wij zijn hier een paar keer per jaar, en steeds slaagt men erin te verrassen.	[('restaurant general', 'positive', 'NULL')]
Review-g954018-d967590_4:2	In de eerste plaats de creatieve gerechten en steeds terugkerend de top service.	[('service general', 'positive', 'service'), ('food quality', 'positive', 'gerechten')]
Review-g954018-d967590_4:3	Een vaste waarde op topniveau	[('restaurant general', 'positive', 'NULL')]
