id	text	labels
0	Judging from previous posts this used to be a good place, but not any longer.	[('restaurant general', 'negative', 'place')]
1	We, there were four of us, arrived at noon - the place was empty - and the staff acted like we were imposing on them and they were very rude.	[('service general', 'negative', 'staff')]
2	They never brought us complimentary noodles, ignored repeated requests for sugar, and threw our dishes on the table.	[('service general', 'negative', 'NULL')]
3	The food was lousy - too sweet or too salty and the portions tiny.	[('food quality', 'negative', 'food'), ('food style_options', 'negative', 'portions')]
4	After all that, they complained to me about the small tip.	[('service general', 'negative', 'NULL')]
5	Avoid this place!	[('restaurant general', 'negative', 'place')]
6	I have eaten at Saul, many times, the food is always consistently, outrageously good.	[('food quality', 'positive', 'food')]
7	Saul is the best restaurant on Smith Street and in Brooklyn.	[('restaurant general', 'positive', 'Saul')]
8	The duck confit is always amazing and the foie gras terrine with figs was out of this world.	[('food quality', 'positive', 'foie gras terrine with figs'), ('food quality', 'positive', 'duck confit')]
9	The wine list is interesting and has many good values.	[('drinks style_options', 'positive', 'wine list'), ('drinks prices', 'positive', 'wine list')]
10	For the price, you cannot eat this well in Manhattan.	[('restaurant prices', 'positive', 'NULL'), ('food quality', 'positive', 'NULL')]
11	I was very disappointed with this restaurant.	[('restaurant general', 'negative', 'restaurant')]
12	Ive asked a cart attendant for a lotus leaf wrapped rice and she replied back rice and just walked away.	[('service general', 'negative', 'cart attendant')]
13	I had to ask her three times before she finally came back with the dish Ive requested.	[('service general', 'negative', 'NULL')]
14	Food was okay, nothing great.	[('food quality', 'neutral', 'Food')]
15	Chow fun was dry; pork shu mai was more than usually greasy and had to share a table with loud and rude family. 	[('food quality', 'negative', 'Chow fun'), ('food quality', 'negative', 'pork shu mai'), ('restaurant miscellaneous', 'negative', 'NULL')]
16	I/we will never go back to this place again.	[('restaurant general', 'negative', 'place')]
17	Went on a 3 day oyster binge, with Fish bringing up the closing, and I am so glad this was the place it O trip ended, because it was so great!	[('restaurant general', 'positive', 'Fish')]
18	Service was devine, oysters where a sensual as they come, and the price can't be beat!!!	[('service general', 'positive', 'Service'), ('food quality', 'positive', 'oysters'), ('restaurant prices', 'positive', 'NULL')]
19	You can't go wrong here.	[('restaurant general', 'positive', 'NULL')]
20	Every time in New York I make it a point to visit Restaurant Saul on Smith Street.	[('restaurant general', 'positive', 'Restaurant Saul')]
21	Everything is always cooked to perfection, the service is excellent, the decor cool and understated.	[('food quality', 'positive', 'NULL'), ('service general', 'positive', 'service'), ('ambience general', 'positive', 'decor')]
22	I had the duck breast special on my last visit and it was incredible.	[('food quality', 'positive', 'duck breast special')]
23	Can't wait wait for my next visit.	[('restaurant general', 'positive', 'NULL')]
24	And I hate to say this but I doubt I'll ever go back. 	[('restaurant general', 'negative', 'NULL')]
25	The food is very average...the Thai fusion stuff is a bit too sweet, every thing they serve is too sweet here.	[('food quality', 'negative', 'food'), ('food quality', 'negative', 'Thai fusion stuff'), ('food quality', 'negative', 'NULL')]
26	The only thing I moderately enjoyed was their Grilled Chicken special with Edamame Puree.	[('food quality', 'positive', 'Grilled Chicken special with Edamame Puree')]
27	I had never had Edamame pureed before but I thought it was innovative and tasty (could've used a bit more salt).	[('food quality', 'positive', 'Edamame pureed'), ('food style_options', 'positive', 'Edamame pureed')]
28	The decor is night tho...but they REALLY need to clean that vent in the ceiling...its quite un-appetizing, and kills your effort to make this place look sleek and modern.	[('ambience general', 'negative', 'place'), ('ambience general', 'positive', 'decor'), ('ambience general', 'negative', 'vent')]
29	Their sake list was extensive, but we were looking for Purple Haze, which wasn't listed but made for us upon request!	[('drinks style_options', 'positive', 'sake list'), ('service general', 'positive', 'NULL')]
30	The spicy tuna roll was unusually good and the rock shrimp tempura was awesome, great appetizer to share!	[('food quality', 'positive', 'spicy tuna roll'), ('food quality', 'positive', 'rock shrimp tempura')]
31	We went around 9:30 on a Friday and it had died down a bit by then so the service was great!	[('service general', 'positive', 'service')]
32	we love th pink pony.	[('restaurant general', 'positive', 'pink pony')]
33	THe perfect spot.	[('restaurant general', 'positive', 'spot')]
34	Food-awesome.	[('food quality', 'positive', 'Food')]
35	Service- friendly and attentive.	[('service general', 'positive', 'Service')]
36	Ambiance- relaxed and stylish.	[('ambience general', 'positive', 'Ambiance')]
37	Don't judge this place prima facie, you have to try it to believe it, a home away from home for the literate heart.	[('restaurant general', 'positive', 'place')]
38	the food is decent.	[('food quality', 'neutral', 'food')]
39	however, it's the service that leaves a bad taste in my mouth.	[('service general', 'negative', 'service')]
40	i happen to have a policy that goes along with a little bit of self-respect, which includes not letting a waiter intimidate me, i.e. make me feel bad asking for trivialities like water, or the check.	[('service general', 'negative', 'waiter')]
41	i know, you were too busy showing off your vintage tee shirt and looking bored, but my agenda is i'm here to eat and enjoy the company of friends, seeking a pleasant experience.	[('service general', 'negative', 'NULL')]
42	well, i didn't find it there, and trust, i have told everyone i can think of about my experience. 	[('restaurant general', 'negative', 'NULL')]
43	the last time i walked by it looked pretty empty. hmmm.	[('restaurant miscellaneous', 'negative', 'NULL')]
44	This place has got to be the best japanese restaurant in the new york area.	[('restaurant general', 'positive', 'place')]
45	I had a great experience.	[('restaurant general', 'positive', 'NULL')]
46	Food is great.	[('food quality', 'positive', 'Food')]
47	Service is top notch.	[('service general', 'positive', 'Service')]
48	I have been going back again and again.	[('restaurant general', 'positive', 'NULL')]
49	I tend to judge a sushi restaurant by its sea urchin, which was heavenly at sushi rose.	[('food quality', 'positive', 'sea urchin')]
50	It melted in my little mouth and the perfect consistency-not too fishy, creamy, and slightly buttery.	[('food quality', 'positive', 'NULL')]
51	The sushi seemed pretty fresh and was adequately proportioned.	[('food quality', 'positive', 'sushi'), ('food style_options', 'positive', 'sushi')]
52	The rice to fish ration was also good--they didn't try to overpack the rice.	[('food style_options', 'positive', 'rice to fish ration')]
53	We took advanatage of the half price sushi deal on saturday so it was well worth it.	[('food quality', 'positive', 'half price sushi deal'), ('food prices', 'positive', 'half price sushi deal')]
54	Surprisingly nothing could be further from the truth.	[('restaurant miscellaneous', 'positive', 'NULL')]
55	In the evening, this place attracted a well dressed, with it, NY crowd.	[('restaurant miscellaneous', 'positive', 'crowd')]
56	The food was well prepared and the service impecable.	[('food quality', 'positive', 'food'), ('service general', 'positive', 'service')]
57	I'm going back.	[('restaurant general', 'positive', 'NULL')]
58	Quite simply it's like stepping out of Manhattan and into a haven of tranquility.	[('ambience general', 'positive', 'NULL')]
59	The Prix Fixe menu is worth every penny and you get more than enough (both in quantity AND quality).	[('food quality', 'positive', 'Prix Fixe menu'), ('food style_options', 'positive', 'Prix Fixe menu'), ('food prices', 'positive', 'Prix Fixe menu')]
60	I will be going back and heartily recommend it!	[('restaurant general', 'positive', 'NULL')]
61	It is terrific, as is the value.	[('food quality', 'positive', 'NULL'), ('food prices', 'positive', 'NULL')]
62	$6 and there is much tasty food, all of it fresh and continually refilled.	[('food style_options', 'positive', 'food'), ('food quality', 'positive', 'food'), ('food prices', 'positive', 'food')]
63	I am not a vegetarian but, almost all the dishes were great.	[('food quality', 'positive', 'dishes')]
64	Go hungry and enjoy.	[('restaurant general', 'positive', 'NULL')]
65	The food here is rather good, but only if you like to wait for it.	[('food quality', 'positive', 'food'), ('service general', 'negative', 'NULL')]
66	I like the somosas, chai, and the chole, but the dhosas and dhal were kinda dissapointing.	[('food quality', 'positive', 'somosas'), ('food quality', 'positive', 'chai'), ('food quality', 'positive', 'chole'), ('food quality', 'negative', 'dhosas'), ('food quality', 'negative', 'dhal')]
67	The service varys from day to day- sometimes they're very nice, and sometimes not.	[('service general', 'negative', 'service')]
68	The kitchen however, is almost always slow.	[('service general', 'negative', 'kitchen')]
69	Also, specify if you like your food spicy- its rather bland if you don't.	[('food quality', 'negative', 'food')]
70	The ambience is pretty and nice for conversation, so a casual lunch here would probably be best.	[('ambience general', 'positive', 'ambience'), ('restaurant miscellaneous', 'positive', 'NULL')]
71	If you've ever been along the river in Weehawken you have an idea of the top of view the chart house has to offer.	[('location general', 'positive', 'view')]
72	Add to that great service and great food at a reasonable price and you have yourself the beginning of a great evening.	[('service general', 'positive', 'service'), ('food quality', 'positive', 'food'), ('food prices', 'positive', 'food')]
73	The lava cake dessert was incredible and I recommend it.	[('food quality', 'positive', 'lava cake dessert')]
74	Once you step into Cosette, you're miraculously in a small, off-the-beaten path Parisian bistro.	[('ambience general', 'positive', 'Cosette')]
75	This tiny restaurant is as cozy as it gets, with that certain Parisian flair.	[('ambience general', 'positive', 'restaurant')]
76	The food was average to above-average; the French Onion soup filling yet not overly impressive, and the desserts not brilliant in any way.	[('food quality', 'positive', 'food'), ('food quality', 'negative', 'French Onion soup'), ('food style_options', 'positive', 'French Onion soup'), ('food quality', 'negative', 'desserts')]
77	However, go for the ambience, and consider the food just a companion for a trip across the world!	[('ambience general', 'positive', 'ambience'), ('food quality', 'neutral', 'food')]
78	IT WAS HORRIBLE.	[('restaurant general', 'negative', 'NULL')]
79	The pizza was delivered cold and the cheese wasn't even fully melted!	[('food quality', 'negative', 'pizza'), ('food quality', 'negative', 'cheese')]
80	It looked like shredded cheese partly done - still in strips.	[('food style_options', 'negative', 'NULL')]
81	This has got to be one of the most overrated restaurants in Brooklyn.	[('restaurant general', 'negative', 'NULL')]
82	The pizza is overpriced and soggy.	[('food quality', 'negative', 'pizza'), ('food prices', 'negative', 'pizza')]
83	Yes, they use fancy ingredients, but even fancy ingredients don't make for good pizza unless someone knows how to get the crust right.	[('food quality', 'positive', 'ingredients'), ('food quality', 'negative', 'pizza'), ('food quality', 'negative', 'crust')]
84	A big disappointment, all around.	[('restaurant general', 'negative', 'NULL')]
85	I think I've had some the best meals of my life at minnow.	[('food quality', 'positive', 'meals')]
86	The seafood is amazing, there's a good wine list, and the ever-changing menu always offers some great surprises.	[('food quality', 'positive', 'seafood'), ('drinks style_options', 'positive', 'wine list'), ('food style_options', 'positive', 'menu')]
87	The combination of super-fresh ingredients in the dishes are unusual but really delicious.	[('food quality', 'positive', 'ingredients')]
88	Worth the trip from Manhattan.	[('restaurant general', 'positive', 'NULL')]
89	Best Pastrami I ever had and great portion without being ridiculous.	[('food quality', 'positive', 'Pastrami'), ('food style_options', 'positive', 'portion')]
90	My wife had the fried shrimp which are huge and loved it.	[('food style_options', 'positive', 'fried shrimp'), ('food quality', 'positive', 'fried shrimp')]
91	As a Japanese native, I've lived in the Tristate area for over 8 years, but I was just so amazed at this place.	[('restaurant general', 'positive', 'place')]
92	This place is the most Japanese it can ever get.	[('restaurant miscellaneous', 'positive', 'place')]
93	The signs, the specials menus, food, and even all the waitstaff are ALL TOTALLY Japanese.	[('restaurant miscellaneous', 'positive', 'signs'), ('food style_options', 'positive', 'specials menus'), ('food quality', 'positive', 'food'), ('service general', 'positive', 'waitstaff')]
94	This place is worth an one-hour drive.	[('restaurant general', 'positive', 'place')]
95	I am so coming back here again, as much as I can.	[('restaurant general', 'positive', 'NULL')]
96	Leon is an East Village gem: casual but hip, with well prepared basic French bistro fare, good specials, a warm and lively atmosphere.	[('restaurant general', 'positive', 'Leon'), ('ambience general', 'positive', 'Leon'), ('food quality', 'positive', 'specials'), ('ambience general', 'positive', 'atmosphere'), ('food quality', 'positive', 'French bistro fare')]
97	My wife and I always enjoy the young, not always well trained but nevertheless friendly, staff, all of whom have a story.	[('service general', 'positive', 'staff')]
98	Decent wine at reasonable prices.	[('drinks quality', 'neutral', 'wine'), ('drinks prices', 'positive', 'wine')]
99	Have been dozens of times and never failed to enjoy the experience.	[('restaurant general', 'positive', 'NULL')]
100	Our teenage kids love it, too.	[('restaurant general', 'positive', 'NULL')]
101	Everytime I decide to try another place on the UES, I get angry that I didn't just go to Zucchero Pomodori.	[('restaurant general', 'positive', 'Zucchero Pomodori')]
102	This is by far my favorite place in the neighborhood.	[('restaurant general', 'positive', 'place')]
103	The service is excellent, the decor is great, and the food is delicious and comes in large portions.	[('service general', 'positive', 'service'), ('ambience general', 'positive', 'decor'), ('food quality', 'positive', 'food'), ('food style_options', 'positive', 'portions')]
104	I'm partial to the Gnocchi.	[('restaurant general', 'positive', 'Gnocchi')]
105	This place is incredibly tiny.	[('restaurant miscellaneous', 'negative', 'place')]
106	They refuse to seat parties of 3 or more on weekends.	[('service general', 'negative', 'NULL')]
107	The hostess is rude to the point of being offensive.	[('service general', 'negative', 'hostess')]
108	The food was bland oily.	[('food quality', 'negative', 'food')]
109	I just don't understand all the hype...	[('restaurant general', 'negative', 'NULL')]
110	We have been to this place many times, and always have great food, wine, and service.	[('food quality', 'positive', 'food'), ('drinks quality', 'positive', 'wine'), ('service general', 'positive', 'service')]
111	We were worried we would have trouble getting in, but somehow managed to have a short wait.	[('service general', 'positive', 'wait')]
112	As always we had a great glass of wine while we waited.	[('drinks quality', 'positive', 'glass of wine')]
113	When we sat, we got great and fast service.	[('service general', 'positive', 'service')]
114	The people that work there are always so friendly you forget you are in New York sometimes.	[('service general', 'positive', 'people')]
115	Make sure you try this place as often as you can.	[('restaurant general', 'positive', 'place')]
116	This is a fun restaurant to go to.	[('restaurant general', 'positive', 'restaurant')]
117	The pizza is yummy and I like the atmoshpere.	[('food quality', 'positive', 'pizza'), ('ambience general', 'positive', 'atmoshpere')]
118	But the pizza is way to expensive.	[('food prices', 'negative', 'pizza')]
119	A large is $20, and toppings are about $3 each.	[('food prices', 'negative', 'NULL'), ('food prices', 'negative', 'toppings')]
120	I went there for lunch and it was not as good as I expected from the reviews I read.	[('food quality', 'negative', 'lunch')]
121	Sauce was watery and the food didn't have much flavor.	[('food quality', 'negative', 'Sauce'), ('food quality', 'negative', 'food')]
122	I don't think I would go again.	[('restaurant general', 'negative', 'NULL')]
123	This place is great.	[('restaurant general', 'positive', 'place')]
124	I had a huge group for my birthday and we were well taken care of.	[('service general', 'positive', 'NULL')]
125	The waitress was very patient with us and the food is phenomenal!	[('service general', 'positive', 'waitress'), ('food quality', 'positive', 'food')]
126	Service was prompt, friendly and great.	[('service general', 'positive', 'Service')]
127	Slightly on the pricey side but worth it!	[('restaurant prices', 'negative', 'NULL'), ('restaurant general', 'positive', 'NULL')]
128	Great pizza and fantastic service.	[('food quality', 'positive', 'pizza'), ('service general', 'positive', 'service')]
129	There was a small wait, but shorter than I expected.	[('service general', 'positive', 'wait')]
130	Located at the end of a magnificent block.	[('location general', 'positive', 'block')]
131	Very cozy and warm inside.....	[('ambience general', 'positive', 'NULL')]
132	I will be back!	[('restaurant general', 'positive', 'NULL')]
133	This is the best sushi in new york city - hands down.	[('food quality', 'positive', 'sushi')]
134	The place is small and cramped but the food is fantastic.	[('ambience general', 'negative', 'place'), ('food quality', 'positive', 'food')]
135	Get the tuna of gari.	[('food quality', 'positive', 'tuna of gari')]
136	Planet Thailand has always been a hit with me , I go there usually for the sushi, which is great , the thai food is excellent too .	[('food quality', 'positive', 'sushi'), ('food quality', 'positive', 'thai food'), ('restaurant general', 'positive', 'Planet Thailand')]
137	With the great variety on the menu , I eat here often and never get bored .	[('food style_options', 'positive', 'menu')]
138	The atmosphere isn't the greatest , but I suppose that's how they keep the prices down .	[('ambience general', 'neutral', 'atmosphere'), ('restaurant prices', 'positive', 'NULL')]
139	It's all about the food !!	[('food quality', 'positive', 'food')]
140	first it took us a long time to find the place.	[('restaurant miscellaneous', 'negative', 'place')]
141	but when we looked at the menu, there weren't a lot of choices, most of them were dumplings in the appetizer section.	[('food style_options', 'negative', 'menu')]
142	those rolls were big, but not good and sashimi wasn't fresh.	[('food style_options', 'neutral', 'rolls'), ('food quality', 'negative', 'rolls'), ('food quality', 'negative', 'sashimi')]
143	they were dry and disgusting, i didn't even finish my first piece.	[('food quality', 'negative', 'NULL')]
144	Hurley's is like Cheers where everyone knows your name and they are ACTUALLY glad you came.	[('service general', 'positive', 'NULL')]
145	Try the crunchy tuna, it is to die for.	[('food quality', 'positive', 'crunchy tuna')]
146	Try everything for that matter, it is all good.	[('food quality', 'positive', 'NULL')]
147	I have been going there since it opened and I can't get enough.	[('restaurant general', 'positive', 'NULL')]
148	First went here to enjoy their garden terrace.	[('ambience general', 'positive', 'garden terrace')]
149	The food was amazing, and the service was prompt and helpful, but not over-bearing or rushed.	[('food quality', 'positive', 'food'), ('service general', 'positive', 'service')]
150	The Steak Tartare is a great bet, they fix it for you at the table.	[('food style_options', 'positive', 'Steak Tartare')]
151	Admittedly some nights inside the restaurant were rather warm, but the open kitchen is part of the charm.	[('ambience general', 'positive', 'open kitchen'), ('ambience general', 'negative', 'restaurant')]
152	Great wine selection, Gigondas is worth the price, and the house champagne is a great value.	[('drinks style_options', 'positive', 'wine selection'), ('drinks quality', 'positive', 'Gigondas'), ('drinks prices', 'positive', 'house champagne')]
153	It may be a bit packed on weekends, but the vibe is good and it is the best French food you will find in the area.	[('ambience general', 'neutral', 'NULL'), ('ambience general', 'positive', 'vibe'), ('food quality', 'positive', 'French food')]
154	Have recommended the place to friends, always gets good response.	[('restaurant miscellaneous', 'positive', 'place')]
155	Pizza - the only pizza in NYC that should not have additional toppings - the crust tastes like the best, freshly baked bread!	[('food quality', 'positive', 'crust'), ('food quality', 'positive', 'pizza')]
156	I take all my NYC guests to VT's.	"[('restaurant miscellaneous', 'positive', ""VT's"")]"
157	Not sure where the previous reviewer, lonk, dined, but Saul is in a great neighborhood and has great food!	[('location general', 'positive', 'neighborhood'), ('food quality', 'positive', 'food')]
158	I've been there three times and have always had wonderful experiences.	[('restaurant general', 'positive', 'NULL')]
159	I'd highly recommend it for a special occasion -- it provides and intimate setting and nice service.	[('ambience general', 'positive', 'setting'), ('service general', 'positive', 'service'), ('restaurant miscellaneous', 'positive', 'NULL')]
160	I'm not sure where the other reviewers ate but it seems as if we visited two different restaurants because my friends and I all enjoy Mizu very much... and we're repeat customers.	[('restaurant general', 'positive', 'Mizu')]
161	Even after they overcharged me the last time I was there.	[('service general', 'negative', 'NULL')]
162	Make sure you have the Spicy Scallop roll.. .	[('food quality', 'positive', 'Spicy Scallop roll')]
163	it's delicious!	[('food quality', 'positive', 'NULL')]
164	Moules were excellent, lobster ravioli was VERY salty!	[('food quality', 'positive', 'Moules'), ('food quality', 'negative', 'lobster ravioli')]
165	Took my mom for Mother's Day, and the maitre d' was pretty rude.	"[('service general', 'negative', ""maitre d'"")]"
166	Told us to sit anywhere, and when we sat he said the table was reserved.	[('service general', 'negative', 'NULL')]
167	Stepped on my foot on the SECOND time he reached over me to adjust lighting.	[('service general', 'negative', 'NULL')]
168	Tiny dessert was $8.00...just plain overpriced for what it is.	[('food style_options', 'negative', 'dessert'), ('food prices', 'negative', 'dessert')]
169	The drinks are always welll made and wine selection is fairly priced.	[('drinks quality', 'positive', 'drinks'), ('drinks prices', 'positive', 'wine selection')]
170	Try their chef's specials-- they are to die for.	"[('food quality', 'positive', ""chef's specials"")]"
171	Service is not exactly five star, but thats not really a big deal.	[('service general', 'neutral', 'Service')]
172	Downstairs lounge is always a good attraction	[('ambience general', 'positive', 'Downstairs lounge')]
173	Raga's is a romantic, cozy restaurant.	"[('ambience general', 'positive', ""Raga's"")]"
174	The exotic food is beautifully presented and is a delight in delicious combinations.	[('food style_options', 'positive', 'exotic food'), ('food quality', 'positive', 'exotic food')]
175	It is also extremely well priced.	[('food prices', 'positive', 'NULL')]
176	The staff is incredibly helpful and attentive.	[('service general', 'positive', 'staff')]
177	The bar is very well stocked with interesting beers and well priced wines.	[('drinks style_options', 'positive', 'bar'), ('drinks style_options', 'positive', 'beers'), ('drinks prices', 'positive', 'wines')]
178	This is one of my favorite restaurants and it is not to be missed.	[('restaurant general', 'positive', 'NULL')]
179	Your friends will thank you for introducing them to this gem!	[('restaurant general', 'positive', 'NULL')]
180	When we stumbled on Leon, we thought that we had found quite the gem BUT, we were certainly wrong.	[('restaurant general', 'negative', 'Leon')]
181	The waitress moved our table practically into the bathroom and when we asked to cancel our dinner orders because we did not want to eat sitting on the toilet, we were told no...	[('service general', 'negative', 'waitress')]
182	Then, to top things off, she dropped used silverware on my boyfriend's jacket and did not stop to apologize or clean the mess that was left on clothes. 	[('service general', 'negative', 'NULL')]
183	Such a disappointment...	[('service general', 'negative', 'NULL')]
184	Rude service, medicore food...there are tons of restaurants in NY...stay away from this one	[('service general', 'negative', 'service'), ('food quality', 'neutral', 'food'), ('restaurant general', 'negative', 'NULL')]
185	I had a grat time at Jekyll and Hyde!	[('restaurant general', 'positive', 'Jekyll and Hyde')]
186	I loved everythig about it-especially the shows and actors.	[('restaurant general', 'positive', 'NULL'), ('ambience general', 'positive', 'shows'), ('ambience general', 'positive', 'actors')]
187	Our server was very helpful and friendly.	[('service general', 'positive', 'server')]
188	I am bringing my whole family back next time.	[('restaurant miscellaneous', 'positive', 'NULL')]
189	The food was good too.	[('food quality', 'positive', 'food')]
190	The tuna and wasabe potatoes are excellent.	[('food quality', 'positive', 'tuna'), ('food quality', 'positive', 'wasabe potatoes')]
191	The outdoor atmosphere of sitting on the sidewalk watching the world go by 50 feet away on 6th avenue on a cool evening was wonderful.	[('location general', 'positive', 'outdoor atmosphere')]
192	Inside is a little cramped, but to be expected.	[('ambience general', 'neutral', 'NULL')]
193	Service was prompt and courteous.	[('service general', 'positive', 'Service')]
194	This was a repeat visit and we'll definitely be back again.	[('restaurant general', 'positive', 'NULL')]
195	Great service, great food.	[('service general', 'positive', 'service'), ('food quality', 'positive', 'food')]
196	Prices are in line.	[('restaurant prices', 'neutral', 'NULL')]
197	But too far east!	[('location general', 'negative', 'NULL')]
198	The pizza is delicious - they use fresh mozzarella instead of the cheap, frozen, shredded cheese common to most pizzaria's.	[('food quality', 'positive', 'pizza'), ('food quality', 'positive', 'fresh mozzarella')]
199	Two complaints- their appetizer selection stinks, it would be nice to get some mozzarella sticks on the menu.	[('food style_options', 'negative', 'appetizer selection')]
200	Also, because it is so thin, it gets cold very quickly and its not that filling.	[('food quality', 'negative', 'NULL'), ('food style_options', 'negative', 'NULL')]
201	Wait staff is blantently unappreciative of your business but its the best pie on the UWS!	[('service general', 'negative', 'Wait staff'), ('food quality', 'positive', 'pie')]
202	By far the best salad I have had in a fast food restaurant.	[('food quality', 'positive', 'salad')]
203	fine dining restaurant quality.	[('food quality', 'positive', 'dining')]
204	Over 100 different choices to create your own.	[('food style_options', 'positive', 'NULL')]
205	A must try!	[('restaurant general', 'positive', 'NULL')]
206	On a recent Sunday afternoon, a friend and I accidently found this great restaurant on our way to see the pulitzer prize winning play DOUBT.	[('restaurant general', 'positive', 'restaurant')]
207	This was the perfect quiet, relaxing, and delicious accompaniment to our afternoon of theater.	[('food quality', 'positive', 'NULL'), ('ambience general', 'positive', 'NULL')]
208	The chicken pot pie is excpetiona, the cheeseburger huge and delictable, and the service professional wan warm.	[('food quality', 'positive', 'chicken pot pie'), ('food style_options', 'positive', 'cheeseburger'), ('food quality', 'positive', 'cheeseburger'), ('service general', 'positive', 'service')]
209	With so many poor experiences to be had in the theater district, is truly an excellent find!	[('restaurant general', 'positive', 'NULL')]
210	We will return many times for this oasis in mid-town.	[('restaurant general', 'positive', 'NULL')]
211	The staff is no nonsense.	[('service general', 'positive', 'staff')]
212	The food options rule.	[('food style_options', 'positive', 'food')]
213	When I lived upstate for a while I would buy freeze the bagels and they would still be better than any else.	[('food quality', 'positive', 'bagels')]
214	Worth visiting the 1st Ave spot because it is the original store.	[('restaurant miscellaneous', 'positive', '1st Ave spot')]
215	He served me an Uni Hand roll, which I never had before, and let me tell you...IT WAS HEAVEN!	[('food quality', 'positive', 'Uni Hand roll')]
216	The sake menu should not be overlooked!	[('drinks style_options', 'positive', 'sake menu')]
217	All in all, this midtown gem instantly became one of my favorite sushi restaurants in the city.	[('restaurant general', 'positive', 'NULL')]
218	Try the lobster teriyaki and the rose special roll.	[('food quality', 'positive', 'lobster teriyaki'), ('food quality', 'positive', 'rose special roll')]
219	Service was very good - prompt, attentive and non-intrusive.	[('service general', 'positive', 'Service')]
220	Food was very good as well, considering that we tried the budget selection (though I wish the pork belly that I ordered was roasted a bit longer, so that fat was more of a melt-in-your-mouth experience).	[('food quality', 'positive', 'Food'), ('food quality', 'negative', 'pork belly')]
221	Wine list selection is good and wine-by-the-glass was generously filled to the top.	[('drinks style_options', 'positive', 'Wine list selection'), ('drinks style_options', 'positive', 'wine-by-the-glass')]
222	Traditional French decour was pleasant though the hall was rather noisy - the restaurant was full and we had to raise our voices to be able to maintain a conversation.	[('ambience general', 'positive', 'Traditional French decour'), ('ambience general', 'negative', 'hall')]
223	I've been to at Cafe Spice probably 5-8 times, it is probably still the best Indian restaurant around Union Square.	[('restaurant general', 'positive', 'Cafe Spice')]
224	To sum it up: Service varies from good to mediorce, depending on which waiter you get; generally it is just average Ok. 	[('service general', 'neutral', 'Service')]
225	Seating is always prompt, though the restaurant does fill up in the evening.	[('service general', 'positive', 'Seating')]
226	Food is usually very good, though ocasionally I wondered about freshmess of raw vegatables in side orders.	[('food quality', 'positive', 'Food'), ('food quality', 'negative', 'raw vegatables in side orders')]
227	As many other reviewers noticed, your order is often slow to arrive - this is particularly true in the evening but is not a problem during lunch time.	[('service general', 'neutral', 'NULL')]
228	The decor is vibrant and eye-pleasing with several semi-private boths on the right side of the dining hall, which are great for a date.	[('ambience general', 'positive', 'decor'), ('ambience general', 'positive', 'semi-private boths')]
229	I have NEVER been disappointed in the Red Eye.	[('restaurant general', 'positive', 'Red Eye')]
230	The first time I went, and was completely taken by the live jazz band and atmosphere, I ordered the Lobster Cobb Salad.	[('ambience general', 'positive', 'live jazz band'), ('ambience general', 'positive', 'atmosphere')]
231	It's simply the best meal in NYC.	[('food quality', 'positive', 'meal')]
232	You cannot go wrong at the Red Eye Grill.	[('restaurant general', 'positive', 'Red Eye Grill')]
233	If we were to move from the upper east side, we would genuinely miss this restaurant.	[('restaurant general', 'positive', 'restaurant')]
234	The restaurant is cute but not upscale.	[('ambience general', 'neutral', 'restaurant')]
235	The food is a diamond in rough -- the food is delicious and homemade with the perfect balance of herbs and tomatoes.	[('food quality', 'positive', 'food'), ('food quality', 'positive', 'balance of herbs and tomatoes')]
236	I would highly recommend it.	[('restaurant general', 'positive', 'NULL')]
237	It's one of our favorite places to eat in NY.	[('restaurant general', 'positive', 'NULL')]
238	We had a great time at the Jekyll and hyde Pub last night.	[('restaurant general', 'positive', 'Jekyll and hyde Pub')]
239	After really enjoying ourselves at the bar we sat down at a table and had dinner.	[('restaurant general', 'positive', 'bar')]
240	The server was really cool and served us our food and drinks with a smile.	[('service general', 'positive', 'server')]
241	The place's decor and hidden bathrooms made for a good laugh.	[('ambience general', 'positive', 'decor'), ('ambience general', 'positive', 'hidden bathrooms')]
242	I highly recommend visiting this restaurant and having dinner and drinks!	[('restaurant general', 'positive', 'restaurant')]
243	If you are the type of person who likes being scared and entertained, this is a great place to go and eat.	[('restaurant miscellaneous', 'positive', 'place')]
244	My husband and I thougt it would be great to go to the Jekyll and Hyde Pub for our anniversary, and to our surprise it was fantastic.	[('restaurant general', 'positive', 'Jekyll and Hyde Pub')]
245	The have over 100 different beers to offer thier guest so that made my husband very happy and the food was delicious, if I must recommend a dish it must be the pumkin tortelini.	[('drinks style_options', 'positive', 'beers'), ('food quality', 'positive', 'food'), ('food quality', 'positive', 'pumkin tortelini')]
246	The entertainment was great they have shows that go on through out the dinner.	[('ambience general', 'positive', 'NULL')]
247	Please take my advice, go and try this place.	[('restaurant general', 'positive', 'place')]
248	You will not be disapointed at all.	[('restaurant general', 'positive', 'NULL')]
249	We were not dissappointed in the least bit by this little gem.	[('restaurant general', 'positive', 'NULL')]
250	The bagel was huge.	[('food style_options', 'positive', 'bagel')]
251	They were served warm and had a soft fluffy interior.	[('food quality', 'positive', 'NULL')]
252	The workers there also absolutely load the bagel with cream cheese (gets a little messy).	[('food style_options', 'negative', 'bagel')]
253	I loved it and would HIGHLY RECOMMEND.	[('restaurant general', 'positive', 'NULL')]
254	This was my frist time at Cafe St. Bart's and I must say how delicous the food and the service was.	[('food quality', 'positive', 'food'), ('service general', 'positive', 'service')]
255	I have to highly recommend the lobster roll - not to much mayo; you can tell it was a fresh lobster.	[('food quality', 'positive', 'lobster roll'), ('food quality', 'positive', 'lobster')]
256	Other guests enjoyed pizza, santa fe chopped salad and fish and chips.	[('food quality', 'positive', 'pizza'), ('food quality', 'positive', 'santa fe chopped salad'), ('food quality', 'positive', 'fish and chips')]
257	I highly recommend Cafe St. Bart's for their food, the ambience and wonderful service.	[('food quality', 'positive', 'food'), ('ambience general', 'positive', 'ambience'), ('service general', 'positive', 'service')]
258	All the staff is absolutely professional!! 	[('service general', 'positive', 'staff')]
259	But they do.	[('service general', 'positive', 'NULL')]
260	(that is A MUST, but not every restaurant can do...) 	[('service general', 'positive', 'NULL')]
261	There's nice and quiet, small but enough for 6 (or more).	[('ambience general', 'positive', 'NULL')]
262	This restaurant was way overhyped.	[('restaurant general', 'negative', 'restaurant')]
263	My chow fun and chow see was really bland and oily.	[('food quality', 'negative', 'chow fun and chow see')]
264	Okay-i don't mind the oily part (cause most are cooked that way) but it was way too bland.	[('food quality', 'negative', 'NULL')]
265	The scallion pancakes and fried dumplings were nothing out of the ordinary.	[('food quality', 'neutral', 'scallion pancakes'), ('food quality', 'neutral', 'fried dumplings')]
266	The service was the only thing good about this restaurant.	[('service general', 'positive', 'service'), ('restaurant general', 'negative', 'restaurant')]
267	It's boring on the inside, and our sushi was pretty below average... the tuna was soggy and the other rolls had no flavor.	[('ambience general', 'negative', 'NULL'), ('food quality', 'negative', 'sushi'), ('food quality', 'negative', 'tuna'), ('food quality', 'negative', 'rolls')]
268	I definitely wouldn't go back.	[('restaurant general', 'negative', 'NULL')]
269	Their pad penang is delicious and everything else is fantastic.	[('food quality', 'positive', 'pad penang'), ('food quality', 'positive', 'NULL')]
270	The price is reasonable although the service is poor.	[('restaurant prices', 'positive', 'NULL'), ('service general', 'negative', 'service')]
271	fresh restaurant was amazing........ food was delicious and of course fresh.	[('restaurant general', 'positive', 'fresh restaurant'), ('food quality', 'positive', 'food')]
272	great for a romantic evening, or a fun evening with friends...	[('ambience general', 'positive', 'NULL'), ('restaurant miscellaneous', 'positive', 'NULL')]
273	I will be going back very soon.	[('restaurant general', 'positive', 'NULL')]
274	keep up the good work.	[('restaurant general', 'positive', 'NULL')]
275	Hats off to the chef.	[('food quality', 'positive', 'chef')]
276	It was wonderful.	[('restaurant general', 'positive', 'NULL')]
277	the salads are delicious, both refreshing and very spicy.	[('food quality', 'positive', 'salads')]
278	We had Pam's special fried fish and it was amazing.	"[('food quality', 'positive', ""Pam's special fried fish"")]"
279	too large for just two people but nothing was left.	[('food style_options', 'neutral', 'NULL'), ('food quality', 'positive', 'NULL')]
280	Great vibe, lots of people.	[('ambience general', 'positive', 'vibe')]
281	My husbands was perfect, my was well done and dry.	[('food quality', 'positive', 'NULL'), ('food quality', 'negative', 'NULL')]
282	I didn't complain, I liked the atmosphere so much.	[('ambience general', 'positive', 'atmosphere')]
283	On a hot day it was fabulous to stop in and enjoy lunch.	[('restaurant general', 'positive', 'NULL')]
284	Ambience is so cute and quaint, good for business although we were there on vacation.	[('ambience general', 'positive', 'Ambience'), ('restaurant miscellaneous', 'positive', 'NULL')]
285	Salads were fantastic.	[('food quality', 'positive', 'Salads')]
286	Although we were looking for regular lettuce and some walnuts the salads we got were great.	[('food quality', 'positive', 'salads')]
287	Ingredients are organic which is a real plus for me.	[('food quality', 'positive', 'Ingredients')]
288	We will be back.	[('restaurant general', 'positive', 'NULL')]
289	This is some really good, inexpensive sushi.	[('food quality', 'positive', 'sushi'), ('food prices', 'positive', 'sushi')]
290	The spicy Tuna roll is huge and probably the best that I've had at this price range.	[('food style_options', 'positive', 'spicy Tuna roll'), ('food quality', 'positive', 'spicy Tuna roll'), ('food prices', 'positive', 'spicy Tuna roll')]
291	The Yellowtail was particularly good as well.	[('food quality', 'positive', 'Yellowtail')]
292	I have reservations about the all you can eat deal, however -- the choices are fairly limited and you can probably order more food than you can eat for less than $18 by just going off the menu.	[('food style_options', 'negative', 'all you can eat deal'), ('food prices', 'negative', 'all you can eat deal')]
293	In any event, this is a place I'll be sure to stop by again when I'm in this part of town.	[('restaurant general', 'positive', 'place')]
294	Big Wong gets big Ups for a fine establishment.	[('restaurant general', 'positive', 'Big Wong')]
295	They have it all -- great price, food, and service.	[('restaurant general', 'positive', 'NULL'), ('restaurant prices', 'positive', 'NULL'), ('food quality', 'positive', 'food'), ('service general', 'positive', 'service')]
296	The atmosphere is noisy and the waiters are literally walking around doing things as fast as they can.	[('ambience general', 'negative', 'atmosphere'), ('service general', 'positive', 'waiters')]
297	The food is prepared quickly and efficiently.	[('service general', 'positive', 'NULL')]
298	And it all comes at a very reasonable price (congee, noodles, and rice dishes are no more than $3-6 each).	[('food prices', 'positive', 'NULL'), ('food prices', 'positive', 'congee'), ('food prices', 'positive', 'noodles'), ('food prices', 'positive', 'rice dishes')]
299	The takeout is great too since they give high quality tupperware as well.	[('service general', 'positive', 'takeout')]
300	This place is always very crowded and popular.	[('restaurant miscellaneous', 'positive', 'place')]
301	Enjoyed a very nice Caesar Salad while my wife had arugula and goat cheese....both very tasty.	[('food quality', 'positive', 'Caesar Salad'), ('food quality', 'positive', 'arugula and goat cheese')]
302	We both opted for a pasta dish and they were served timely and fresh.	[('service general', 'positive', 'NULL'), ('food quality', 'positive', 'pasta dish')]
303	We concluded with tiramisu chocolate cake, both were delicious.	[('food quality', 'positive', 'tiramisu'), ('food quality', 'positive', 'chocolate cake')]
304	We'd go back again	[('restaurant general', 'positive', 'NULL')]
305	I recently went to this restaurant with some co-workers for lunch and had an amazing time.	[('restaurant general', 'positive', 'restaurant')]
306	The staff was accomodating, the food was absolutely delicious and the place is lovely.	[('service general', 'positive', 'staff'), ('food quality', 'positive', 'food'), ('ambience general', 'positive', 'place')]
307	We even had a visit from the Manager who wanted to make sure we were enjoying ourselves.	[('service general', 'positive', 'Manager')]
308	Yes, the prices are high, but I felt it was worth it.	[('restaurant prices', 'negative', 'NULL'), ('restaurant general', 'positive', 'NULL')]
309	We all felt it was worth it.	[('restaurant general', 'positive', 'NULL')]
310	sometimes i get good food and ok service.	[('food quality', 'positive', 'food'), ('service general', 'neutral', 'service')]
311	sometimes i get bad food and bad service, sometimes i get good good and bad service.	[('food quality', 'negative', 'food'), ('service general', 'negative', 'service'), ('service general', 'negative', 'service'), ('food quality', 'positive', 'good')]
312	it is not consistent.	[('restaurant general', 'negative', 'NULL')]
313	The place is a BISTRO which means: simple dishes and wine served efficiently in a bustling atmosphere.	[('food style_options', 'positive', 'dishes'), ('drinks style_options', 'positive', 'wine'), ('service general', 'positive', 'NULL'), ('ambience general', 'positive', 'atmosphere')]
314	And where does Patis go wrong; no where. 	[('restaurant general', 'positive', 'Patis')]
315	You are not eating haut cuisine with subtle hints of whatever but: Cassuolet, Steake Fritte, Tripe Stew, etc; simple stuff.	[('food style_options', 'positive', 'NULL'), ('food quality', 'positive', 'NULL')]
316	And evaluated on those terms Pastis is simply wonderful.	[('restaurant general', 'positive', 'Pastis')]
317	Right off the L in Brooklyn this is a nice cozy place with good pizza.	[('food quality', 'positive', 'pizza'), ('ambience general', 'positive', 'place')]
318	Mine was a little burnt but still delicious with goat cheese and panchetta (raddichio was kind of bitter though).	[('food quality', 'negative', 'raddichio'), ('food quality', 'positive', 'NULL')]
319	My friend got the mushroom pizza which tasted better.	[('food quality', 'positive', 'mushroom pizza')]
320	The sangria was pretty tasty and good on a hot muggy day.	[('drinks quality', 'positive', 'sangria')]
321	Kind of a small place but I guess if they are not too busy might be able to fit a group or kids.	[('restaurant miscellaneous', 'neutral', 'place')]
322	Overall I would recommend it and go back again.	[('restaurant general', 'positive', 'NULL')]
323	I started out with a Bombay beer which was big enough for two.	[('drinks style_options', 'positive', 'Bombay beer')]
324	MMmmm... it was delicious.	[('food quality', 'positive', 'NULL')]
325	Service was slow, but the people were friendly.	[('service general', 'negative', 'Service'), ('service general', 'positive', 'people')]
326	It's a nice place to relax and have conversation.	[('ambience general', 'positive', 'place')]
327	I can't wait to go back.	[('restaurant general', 'positive', 'NULL')]
328	The food is authentic Italian - delicious!	[('food quality', 'positive', 'food')]
329	Pizza is terrific, as is homemade pasta.	[('food quality', 'positive', 'Pizza'), ('food quality', 'positive', 'homemade pasta')]
330	Ambience is delightful, service impeccable.	[('ambience general', 'positive', 'Ambience'), ('service general', 'positive', 'service')]
331	I'm still mad that i had to pay for lousy food.	[('food quality', 'negative', 'food')]
332	The hanger steak was like rubber and the tuna was flavorless not to mention it tasted like it had just been thawed.	[('food quality', 'negative', 'hanger steak'), ('food quality', 'negative', 'tuna')]
333	Service was also horrible and the ambience is not that great.	[('service general', 'negative', 'Service'), ('ambience general', 'negative', 'ambience')]
334	DO not try unless you're just going there to hang out like the rest of the hipsters who apparently have no sense of taste.	[('restaurant miscellaneous', 'negative', 'NULL')]
335	I go and eat out at many different restaurants and this is one place you have go and try.	[('restaurant general', 'positive', 'place')]
336	This is my first time writing a review for a restaurant because the food and service was excellent.	[('food quality', 'positive', 'food'), ('service general', 'positive', 'service')]
337	The filet mignon dish was superb!	[('food quality', 'positive', 'filet mignon dish')]
338	I would defiantly come back here again as one of my top choices.	[('restaurant general', 'positive', 'NULL')]
339	It's a small cute restaurant.	[('ambience general', 'positive', 'restaurant')]
340	I absolutely love this place!!!	[('restaurant general', 'positive', 'place')]
341	I like the ambience, it's very dark and original.	[('ambience general', 'positive', 'ambience')]
342	The sushi is amazing!!! 	[('food quality', 'positive', 'sushi')]
343	And amazingly cheap.	[('food prices', 'positive', 'NULL')]
344	Big thumbs up!	[('restaurant general', 'positive', 'NULL')]
345	Very affordable and excellent ambient!	[('ambience general', 'positive', 'ambient'), ('restaurant prices', 'positive', 'NULL')]
346	We ordered some beef and noodle soup dishes from the Thai section of the menu but nothing we got was Thai.	[('food quality', 'negative', 'beef and noodle soup dishes')]
347	We were very disappointed.	[('food quality', 'negative', 'NULL')]
348	We won't go to this place again for a good meal.	[('food quality', 'negative', 'meal')]
349	However, I think this place is a good hang out spot.	[('ambience general', 'positive', 'place')]
350	My Girlfriend and I stumbled onto this hopping place the other night and had a great time!	[('restaurant general', 'positive', 'place')]
351	THe Pizza and wine were excellent-the service too--but what really MADE this place was the backyard dining area.	[('food quality', 'positive', 'Pizza'), ('drinks quality', 'positive', 'wine'), ('service general', 'positive', 'service'), ('ambience general', 'positive', 'backyard dining area')]
352	It is one the nicest outdoor restaurants I have ever seen in NY--I am from Italy and this place rivals the ones in my country.	[('ambience general', 'positive', 'NULL')]
353	They tell me they are going to cover the garden in glass for the winter, so i'm looking forward to going there on a snowy night to enjoy it.	[('restaurant miscellaneous', 'positive', 'NULL')]
354	Check this place out!	[('restaurant general', 'positive', 'place')]
355	HIGHLY RECOMMENDED!!!!!	[('restaurant general', 'positive', 'NULL')]
356	First of all, this place is *not* romantic, as claimed by Citysearch's editorial review.	[('ambience general', 'negative', 'place')]
357	Either that, or the editor's idea of romance must be sharing a conversation with the next table, while trying to speak louder than the traffic on 57th.	[('ambience general', 'negative', 'NULL')]
358	The tables are crammed way too close, the menu is typical of any Italian restaurant, and the wine list is simply overpriced.	[('ambience general', 'negative', 'tables'), ('food style_options', 'neutral', 'menu'), ('drinks prices', 'negative', 'wine list')]
359	Slightly above average wines start at $70+ with only one selection listed at $30+.	[('drinks quality', 'negative', 'wines'), ('drinks prices', 'negative', 'wines')]
360	Service is not what one would expect from a joint in this price category.	[('service general', 'negative', 'Service')]
361	For instance, plates were just dumped on the table, I was handed the wine list upside down, etc.... 	[('service general', 'negative', 'NULL')]
362	Somehow working the italian charm with constant mille grazie does not constitute proper service.	[('service general', 'negative', 'service')]
363	To be completely fair, the only redeeming factor was the food, which was above average, but couldn't make up for all the other deficiencies of Teodora.	[('food quality', 'positive', 'food'), ('restaurant general', 'negative', 'Teodora')]
364	Not one of our meals was edible - bland and/or made with weird rosemary or orange flavoring.	[('food quality', 'negative', 'meals'), ('food quality', 'negative', 'rosemary or orange flavoring')]
365	Fish was overdone.	[('food quality', 'negative', 'Fish')]
366	Cute place, nice wait staff but would never go there again.	[('service general', 'positive', 'wait staff'), ('ambience general', 'positive', 'place'), ('restaurant general', 'negative', 'place')]
367	Someone else recommended the dessert - we also left that.	[('food quality', 'negative', 'dessert')]
368	One of us actually liked the expresso - that's it.	[('drinks quality', 'positive', 'expresso')]
369	Skip this restaurant, it's a big disappointment.	[('restaurant general', 'negative', 'restaurant')]
370	Myagi is one of my favorite restaurants in the City; the place the negative reviews describe sound like they were somewhere else.	[('restaurant general', 'positive', 'Myagi')]
371	I've never had bad service and the fish is fresh and delicious.	[('service general', 'positive', 'service'), ('food quality', 'positive', 'fish')]
372	Their tuna tartar appetizer is to die for.	[('food quality', 'positive', 'tuna tartar appetizer')]
373	I come from a family of pizzeria owners, and I'm almost ashamed to say that the pizza in Fornino's blows my families receipies away.	[('food quality', 'positive', 'pizza')]
374	It is simply amazing.	[('food quality', 'positive', 'NULL')]
375	The place is so cool and the service is prompt and curtious.	[('service general', 'positive', 'service'), ('ambience general', 'positive', 'place')]
376	I highly recommend to anyone to give this place a try.	[('restaurant general', 'positive', 'place')]
377	You will find yourself returning quite often.	[('restaurant general', 'positive', 'NULL')]
378	A restaurant that doesn't try to do anything except serve great food with great service in a pleasant atmosphere.	[('food quality', 'positive', 'food'), ('service general', 'positive', 'service'), ('ambience general', 'positive', 'atmosphere')]
379	No gimmicks here -- the food speaks for itself in its freshness and preparation.	[('food quality', 'positive', 'food')]
380	The dining room is quietly elegant with no music to shout over -- how refreshing!	[('ambience general', 'positive', 'dining room')]
381	The service was impeccable and unobtrusive -- the staff knows what they are there to do -- to know their menu, present your meal, and attend to your needs.	[('service general', 'positive', 'service'), ('service general', 'positive', 'staff')]
382	Looking around, I saw a room full of New Yorkers enjoying a real meal in a real restaurant, not a clubhouse of the fabulous trying to be seen.	[('food quality', 'positive', 'meal'), ('ambience general', 'positive', 'restaurant')]
383	Beautiful experience.	[('restaurant general', 'positive', 'NULL')]
384	The view is breathtaking the service is top notch... the ambiance is wonderfull.	[('location general', 'positive', 'view'), ('service general', 'positive', 'service'), ('ambience general', 'positive', 'ambiance')]
385	The staff offers impeccable service.	[('service general', 'positive', 'staff')]
386	I had Lobster Bisque it has 2 oz. of Maine Lobster in it.	[('food style_options', 'positive', 'Lobster Bisque')]
387	My boyfriend had the New England Chowder it was good but I think the award should go to the Lobster Bisque.	[('food quality', 'positive', 'New England Chowder'), ('food quality', 'positive', 'Lobster Bisque')]
388	It was divine melts in your mouth.	[('food quality', 'positive', 'NULL')]
389	My boyfriend had Prime Rib it was good .	[('food quality', 'positive', 'Prime Rib')]
390	We didn't want a bottle of bubbly on a weekday so we each got little bottles of Korbett it was just enough. 	[('drinks style_options', 'positive', 'bottles of Korbett')]
391	It's cuz it's so good you need to taste it!!! 	[('food quality', 'positive', 'NULL')]
392	All in all we're already coming up with excuses to go ahead really soon in the next few wks!!!!	[('restaurant general', 'positive', 'NULL')]
393	My wife and I ate here earlier this week and have not stopped ranting and raving about the food.	[('food quality', 'positive', 'food')]
394	If you like spicy food get the chicken vindaloo.	[('food quality', 'positive', 'chicken vindaloo')]
395	It's very spicy but not offensive.	[('food quality', 'positive', 'NULL')]
396	We will definitely go back.	[('restaurant general', 'positive', 'NULL')]
397	Go to Volare for 1st class service and terrific food.	[('service general', 'positive', 'service'), ('food quality', 'positive', 'food')]
398	The portions are large and the servers always surprise us with a different starter.	[('food style_options', 'positive', 'portions'), ('service general', 'positive', 'servers')]
399	The wine list is excellent.	[('drinks style_options', 'positive', 'wine list')]
400	The food is amazing... especially if you get the Chef's tasting menu and your favourite bottle (or two!) of wine from an extensive selection of wines.	"[('food quality', 'positive', 'food'), ('drinks style_options', 'positive', 'selection of wines'), ('food quality', 'positive', ""Chef's tasting menu"")]"
401	The place is small and intimate and you may feel a little crowded, but the service is excellent and it's great for friends out, a romantic date, or a special occassion.	[('service general', 'positive', 'service'), ('ambience general', 'negative', 'place'), ('restaurant miscellaneous', 'positive', 'place')]
402	The food can get pricey but the prixe fixe tasting menu is the greatest food for a good price and they cater the food to any food allergies or food you don't like.	[('food prices', 'negative', 'food'), ('food quality', 'positive', 'prixe fixe tasting menu'), ('food prices', 'positive', 'prixe fixe tasting menu'), ('service general', 'positive', 'NULL')]
403	Please be aware that it's CASH or AMEX only!	[('restaurant miscellaneous', 'neutral', 'NULL')]
404	With the exception of our lemon salad that had so much pepper on it that our eyes started watering, the food here was decent, not great.	[('food quality', 'neutral', 'food'), ('food quality', 'negative', 'lemon salad')]
405	The menu is very limited - i think we counted 4 or 5 entrees.	[('food style_options', 'negative', 'menu')]
406	We ordered the special, grilled branzino, that was so infused with bone, it was difficult to eat.	[('food quality', 'negative', 'grilled branzino')]
407	The decor in this place is very diner-ish and the kind of place you expect in the East Village - not romantic, just simple, small and sparse.	[('ambience general', 'neutral', 'decor')]
408	Problem is nothing at Prune is particularly memorable.	[('restaurant general', 'negative', 'Prune')]
409	No plans to return anytime soon.	[('restaurant general', 'negative', 'NULL')]
410	This place is so much fun.	[('ambience general', 'positive', 'place')]
411	Our family never expected such incredible entertainment in a restaurant.	[('restaurant general', 'positive', 'restaurant')]
412	Our food was great too!	[('food quality', 'positive', 'food')]
413	And really large portions.	[('food style_options', 'positive', 'portions')]
414	The staff was the friendliest that have seen in New York.	[('service general', 'positive', 'staff')]
415	We will go back every time we are in the City.	[('restaurant general', 'positive', 'NULL')]
416	If you want something really different than try Jekyll and Hyde.	[('restaurant general', 'positive', 'Jekyll and Hyde')]
417	It is a lot of fun with live entertainment and all kinds of Disney type special effects.	[('ambience general', 'positive', 'NULL')]
418	The food was pretty tradional but it was hot and good with large portions.	[('food quality', 'positive', 'food'), ('food style_options', 'positive', 'portions')]
419	I highly recommend it.	[('restaurant general', 'positive', 'NULL')]
420	The place is a lot of fun.	[('ambience general', 'positive', 'place')]
421	My six year old loved it.	[('restaurant general', 'positive', 'NULL')]
422	The characters really make for an enjoyable experience.	[('ambience general', 'positive', 'characters')]
423	The food however, is what one might expect.	[('food quality', 'negative', 'food')]
424	It is very overpriced and not very tasty.	[('food quality', 'negative', 'NULL'), ('food prices', 'negative', 'NULL')]
425	However, I think Jeckll and Hydes t is one of those places that is fun to do once.	[('restaurant general', 'positive', 'Jeckll and Hydes')]
426	We had a good time.	[('restaurant general', 'positive', 'NULL')]
427	Went there with my wife and we had to wait for a table even though you could see there many that were empty with not reservation sigh on them.	[('service general', 'negative', 'NULL')]
428	Service was slow had to wait to order and get food although not crowded.	[('service general', 'negative', 'Service')]
429	Drinks way over priced.	[('drinks prices', 'negative', 'Drinks')]
430	Food was good not great not worth the wait or another visit	[('food quality', 'neutral', 'Food'), ('restaurant general', 'negative', 'NULL')]
431	Great pizza for lunch place.	[('food quality', 'positive', 'pizza')]
432	Service was quick.	[('service general', 'positive', 'Service')]
433	The pizza was great.	[('food quality', 'positive', 'pizza')]
434	And it was quick which is very important.	[('service general', 'positive', 'NULL')]
435	Have the iced tea.	[('drinks quality', 'positive', 'iced tea')]
436	It was wonderful.	[('drinks quality', 'positive', 'NULL')]
437	Whenever you need a Sushi fix, Mizu will be there with quality fish and great service.	[('food quality', 'positive', 'fish'), ('service general', 'positive', 'service')]
438	Delivery is fast too.	[('service general', 'positive', 'Delivery')]
439	Great friendly service, Fast seating, Fast Delivery, Excellent sushi.	[('service general', 'positive', 'service'), ('service general', 'positive', 'seating'), ('service general', 'positive', 'Delivery'), ('food quality', 'positive', 'sushi')]
440	A little overpriced but worth it once you take a bite.	[('food prices', 'negative', 'NULL'), ('food quality', 'positive', 'NULL')]
441	Ess-A-Bagel (either by Sty-town or midtown) is by far the best bagel in NY.	[('food quality', 'positive', 'bagel')]
442	The bagels always warm, soft on the inside, crispy on the outside and enormous in size.	[('food quality', 'positive', 'bagels'), ('food style_options', 'positive', 'bagels')]
443	They have a huge selection of different cream cheeses and all of their salads are great.	[('food quality', 'positive', 'salads'), ('food style_options', 'positive', 'cream cheeses')]
444	The lox is always fresh too.	[('food quality', 'positive', 'lox')]
445	Highly recommended to all!	[('restaurant general', 'positive', 'NULL')]
446	Not impressed with the food.	[('food quality', 'negative', 'food')]
447	Prices too high for this cramped and unappealing resturant.	[('restaurant prices', 'negative', 'resturant'), ('ambience general', 'negative', 'resturant')]
448	Zero ambiance to boot.	[('ambience general', 'negative', 'ambiance')]
449	I thought this place was totally overrated.	[('restaurant general', 'negative', 'place')]
450	Everything we had was good or ok....but definitely nothing great.	[('restaurant general', 'neutral', 'NULL')]
451	The ambience was nice, but service wasn't so great.	[('ambience general', 'positive', 'ambience'), ('service general', 'negative', 'service')]
452	When you add it all together, it just doesn't seem worth it to me...especially considering the prices.	[('restaurant general', 'negative', 'NULL'), ('restaurant prices', 'negative', 'NULL')]
453	This is the BEST Shabu-Shabu Restaurant in the Try-State Area.	[('restaurant general', 'positive', 'Shabu-Shabu Restaurant')]
454	I have lived in Japan for 7 years and the taste of the food and the feel of the restaurant is like being back in Japan.	[('food quality', 'positive', 'food'), ('ambience general', 'positive', 'feel')]
455	Thius is a must for anyone who loves Shabu-Shabu.	[('food quality', 'positive', 'Shabu-Shabu')]
456	The atmosphere is nothing special, but it feels like a Sushi establishment in Tokyo.	[('ambience general', 'positive', 'atmosphere')]
457	The owner and staff are all Japanese as well and that adds to the entire ambiance.	[('restaurant miscellaneous', 'positive', 'owner'), ('restaurant miscellaneous', 'positive', 'staff'), ('ambience general', 'positive', 'ambiance')]
458	Despite a slightly limited menu, everything prepared is done to perfection, ultra fresh and a work of food art.	[('food style_options', 'negative', 'menu'), ('food quality', 'positive', 'NULL'), ('food style_options', 'positive', 'NULL')]
459	I must give it Yon out of Yon stars!	[('restaurant general', 'positive', 'NULL')]
460	Taxan delicious!	[('food quality', 'positive', 'Taxan')]
461	This restaurant was recommended by a local...as a matter of fact, he made the reservation for us and said we would not be disappointed!	[('restaurant general', 'positive', 'NULL')]
462	The prices were CHEAP compared to the quality of service and food.	[('restaurant prices', 'positive', 'NULL'), ('service general', 'positive', 'service'), ('food quality', 'positive', 'food')]
463	We liked it so much, that we will always make it a point to dine here when we visit New York.	[('restaurant general', 'positive', 'NULL')]
464	The location and ambience is Ok but the food is what makes up for it.	[('location general', 'neutral', 'location'), ('ambience general', 'neutral', 'ambience'), ('food quality', 'positive', 'food')]
465	There is a lot of variety even for people who eat vegetarian like me.	[('food style_options', 'positive', 'NULL')]
466	Try green curry with vegetables.	[('food quality', 'positive', 'green curry with vegetables')]
467	The quantity is also very good, you will come out satisfied.	[('food style_options', 'positive', 'NULL')]
468	The service is ok, some of the people didn't get what they asked for.	[('service general', 'neutral', 'service')]
469	I was there on sat. for my birthday and we had an excellent time.	[('restaurant general', 'positive', 'NULL')]
470	I had the best ravioli ever.	[('food quality', 'positive', 'ravioli')]
471	The wine the service was very good too.	[('drinks quality', 'positive', 'wine'), ('service general', 'positive', 'service')]
472	Moderate prices.	[('restaurant prices', 'neutral', 'NULL')]
473	A little noise but I think that was because of our party!	[('ambience general', 'neutral', 'NULL')]
474	This quaint and romantic trattoria is at the top of my Manhattan restaurant list.	[('ambience general', 'positive', 'trattoria'), ('restaurant general', 'positive', 'trattoria')]
475	The food is delicious - from the specials to the regular menu-fare, the dishes are never a disappointment.	[('food quality', 'positive', 'food'), ('food quality', 'positive', 'dishes'), ('food quality', 'positive', 'specials'), ('food quality', 'positive', 'regular menu-fare')]
476	Whether it's the parmesean porcini souffle or the lamb glazed with balsamic vinegar, you will surely be transported to Northern Italy with one bite.	[('food quality', 'positive', 'parmesean porcini souffle'), ('food quality', 'positive', 'lamb glazed with balsamic vinegar')]
477	Although the tables may be closely situated, the candle-light, food-quality and service overcompensate.	[('ambience general', 'positive', 'candle-light'), ('food quality', 'positive', 'food'), ('service general', 'positive', 'service'), ('ambience general', 'negative', 'tables')]
478	A guaranteeed delight!	[('restaurant general', 'positive', 'NULL')]
479	I have known about this secret for the last 13 years, Emilio(the Godfather) has continued to serve food and wine for the gods at mortal prices.	[('food quality', 'positive', 'food'), ('drinks quality', 'positive', 'wine'), ('food prices', 'positive', 'food'), ('drinks prices', 'positive', 'wine')]
480	If you go, try the marinara/arrabiatta sauce, the mozzarella en Carozza is mmmmmmmm..... everything is just delicious.	[('food quality', 'positive', 'marinara/arrabiatta sauce'), ('food quality', 'positive', 'mozzarella en Carozza'), ('food quality', 'positive', 'NULL')]
481	Check out the secret back room.	[('ambience general', 'positive', 'back room')]
482	I pray it stays open forever.	[('restaurant general', 'positive', 'NULL')]
483	Thank You Emilio.	[('restaurant general', 'positive', 'Emilio')]
484	I found the food, service and value exceptional everytime I have been there.	[('food quality', 'positive', 'food'), ('service general', 'positive', 'service'), ('restaurant prices', 'positive', 'NULL')]
485	The food was authentic.	[('food quality', 'positive', 'food')]
486	I felt as though I were eating in Paris.	[('food quality', 'positive', 'NULL')]
487	The service was excellent - friendly and attentive.	[('service general', 'positive', 'service')]
488	The prices are wonderfully low.	[('restaurant prices', 'positive', 'NULL')]
489	Very good wine choices.	[('drinks style_options', 'positive', 'wine choices')]
490	Who has room for Cheesesticks with the best pizza in NYC!	[('food quality', 'positive', 'pizza')]
491	Get the pepperoni - YUM - and a family style salad.	[('food quality', 'positive', 'pepperoni'), ('food quality', 'positive', 'family style salad')]
492	Great staff.	[('service general', 'positive', 'staff')]
493	Always great service!	[('service general', 'positive', 'service')]
494	I go twice a month!	[('restaurant general', 'positive', 'NULL')]
495	Fantastic!	[('restaurant general', 'positive', 'NULL')]
496	The food is good, I can't lie.	[('food quality', 'positive', 'food')]
497	But the staff was so horrible to us.	[('service general', 'negative', 'staff')]
498	The hostess and the waitress were incredibly rude and did everything they could to rush us out.	[('service general', 'negative', 'hostess'), ('service general', 'negative', 'waitress')]
499	We were planning to get dessert but the waitress basically through the bill at us before we had a chance to order.	[('service general', 'negative', 'waitress')]
500	This place is pricey, and yes, the food is worth it; but the service makes you feel like you should be paying a quater of the price.	[('restaurant prices', 'negative', 'place'), ('food quality', 'positive', 'food'), ('service general', 'negative', 'service')]
501	Save yourself the time and trouble and skip this one!	[('restaurant general', 'negative', 'NULL')]
502	Amma is nothing special.	[('restaurant general', 'neutral', 'Amma')]
503	I ate here a week ago and found most dishes average at best and too expensive.	[('food quality', 'negative', 'dishes'), ('food prices', 'negative', 'dishes')]
504	Will not be back.	[('restaurant general', 'negative', 'NULL')]
505	Don't dine at Tamarind for the vegetarian dishes, they are simply not up to par with the non-veg selections.	[('food quality', 'negative', 'vegetarian dishes'), ('food quality', 'positive', 'non-veg selections')]
506	Decor is nice though service can be spotty.	[('ambience general', 'positive', 'Decor'), ('service general', 'negative', 'service')]
507	This place is always packed.	[('restaurant miscellaneous', 'neutral', 'place')]
508	Most importantly, food is excellent.	[('food quality', 'positive', 'food')]
509	Try the sea bass.	[('food quality', 'positive', 'sea bass')]
510	Highly recommended.	[('restaurant general', 'positive', 'NULL')]
511	First of all Dal Bukhara Rocks.	[('food quality', 'positive', 'Dal Bukhara')]
512	I am happy i did the food was awsome.	[('food quality', 'positive', 'food')]
513	JUST AWSOME.	[('food quality', 'positive', 'NULL')]
514	and yes Dal Bukhara is so dam good and so are all the kababs.	[('food quality', 'positive', 'kababs'), ('food quality', 'positive', 'Dal Bukhara')]
515	but overall i give it a 10	[('restaurant general', 'positive', 'NULL')]
516	10	[('restaurant general', 'positive', 'NULL')]
517	Haru on Park S is simply disgusting.	[('restaurant general', 'negative', 'Haru on Park S')]
518	The fish was not fresh and the rice tasted old and stale.	[('food quality', 'negative', 'fish'), ('food quality', 'negative', 'rice')]
519	Quite frankly, this is some of the worst sushi I have ever tried.	[('food quality', 'negative', 'sushi')]
520	Will never be back.	[('restaurant general', 'negative', 'NULL')]
521	honestly the worst sushi my husband and i had in our entire lives.	[('food quality', 'negative', 'sushi')]
522	not sure why this restaurant would be rated that highly.	[('restaurant general', 'negative', 'restaurant')]
523	the all-u-can-eat sushi is definitely in very poor quality.	[('food quality', 'negative', 'all-u-can-eat sushi')]
524	limited menu, no-so-fresh ingredients, thinly-sliced fish, fall-apart rice. 	[('food style_options', 'negative', 'menu'), ('food quality', 'negative', 'ingredients'), ('food style_options', 'negative', 'fish'), ('food style_options', 'negative', 'rice')]
525	the only things u could really taste are the very salty soy sauce (even its low sodium), the vinegar-soaked rice, and the scallion on top of the fish. 	[('food quality', 'negative', 'soy sauce'), ('food quality', 'negative', 'rice')]
526	the waitstaffs are nice though.	[('service general', 'positive', 'waitstaffs')]
527	wont come back again for sure!	[('restaurant general', 'negative', 'NULL')]
528	I have been to Roth's twice and both times were very disappointing.	"[('restaurant general', 'negative', ""Roth's"")]"
529	Both times I was extremely dissappointed by the service, which was boarderline rude.	[('service general', 'negative', 'service')]
530	They wouldnt even let me finish my glass of wine before offering another.	[('service general', 'negative', 'NULL')]
531	Much of the time it seems like they do not care about you.	[('service general', 'negative', 'NULL')]
532	The dinner was ok, nothing I would have again.	[('food quality', 'negative', 'dinner')]
533	I had their eggs benedict for brunch, which were the worst in my entire life, I tried removing the hollondaise sauce completely that was how failed it was.	[('food quality', 'negative', 'eggs benedict')]
534	This was a great surprise.	[('restaurant general', 'positive', 'NULL')]
535	With the theater 2 blocks away we had a delicious meal in a beautiful room.	[('food quality', 'positive', 'meal'), ('ambience general', 'positive', 'room'), ('location general', 'positive', 'NULL')]
536	The service was attentive.	[('service general', 'positive', 'service')]
537	I look forward to eating here again	[('restaurant general', 'positive', 'NULL')]
538	Planet Thai is great!	[('restaurant general', 'positive', 'Planet Thai')]
539	We love the food, drinks, and atmosphere!	[('food quality', 'positive', 'food'), ('drinks quality', 'positive', 'drinks'), ('ambience general', 'positive', 'atmosphere')]
540	The svc can be a bit rude at times, esp if you have big group, but overall the restaurant is a must!	[('service general', 'negative', 'svc'), ('restaurant general', 'positive', 'restaurant')]
541	Try the Pad Thai, it's fabulous and their prices are so cheap!	[('food quality', 'positive', 'Pad Thai'), ('restaurant prices', 'positive', 'NULL')]
542	Just because it's cheap does NOT mean the portions are small or the food is nasty, IT IS GREAT!	[('food style_options', 'positive', 'portions'), ('food quality', 'positive', 'food'), ('restaurant prices', 'positive', 'NULL')]
543	They forgot a sandwich, didn't include plastic forks, and didn't include pita with the hummus platter.	[('service general', 'negative', 'NULL')]
544	Also, the sandwiches (nearing $7) didn't come with anything like chips or a side.	[('food style_options', 'negative', 'sandwiches'), ('food prices', 'negative', 'sandwiches')]
545	Overall, not worth the money.	[('restaurant general', 'negative', 'NULL'), ('restaurant prices', 'negative', 'NULL')]
546	Eating in, the atmosphere saves it, but at your desk, it's a very disappointing experience.	[('ambience general', 'positive', 'atmosphere'), ('restaurant general', 'negative', 'NULL')]
547	Chennai Garden is my favorite Indian restaurant in the city.	[('restaurant general', 'positive', 'Chennai Garden')]
548	They have authentic Indian at amazin prices.	[('food quality', 'positive', 'Indian'), ('food prices', 'positive', 'Indian')]
549	This restaurant is VEGETARIAN; there are NO MEAT dishes whatsoever.	[('food style_options', 'negative', 'dishes')]
550	The seats are uncomfortable if you are sitting against the wall on wooden benches.	[('ambience general', 'negative', 'seats')]
551	It's a rather cramped and busy restaurant and it closes early.	[('restaurant miscellaneous', 'negative', 'restaurant'), ('ambience general', 'negative', 'restaurant')]
552	Patroon features a nice cigar bar and has great staff.	[('ambience general', 'positive', 'cigar bar'), ('service general', 'positive', 'staff')]
553	The food is tasty and portion sizes are appropriate.	[('food quality', 'positive', 'food'), ('food style_options', 'positive', 'portion sizes')]
554	This is a nice restaurant if you are looking for a good place to host an intimate dinner meeting with business associates.	[('restaurant miscellaneous', 'positive', 'restaurant')]
555	Not a great place for family or general dining.	[('restaurant miscellaneous', 'negative', 'place')]
556	LLOOVVE THIS PLACE.	[('restaurant general', 'positive', 'PLACE')]
557	Food is excellent.	[('food quality', 'positive', 'Food')]
558	Fish is so very fresh.	[('food quality', 'positive', 'Fish')]
559	Waitstaff are very friendly.	[('service general', 'positive', 'Waitstaff')]
560	Love YUKA.	[('restaurant general', 'positive', 'YUKA')]
561	Mermaid Inn is an overall good restaurant with really good seafood.	[('food quality', 'positive', 'seafood'), ('restaurant general', 'positive', 'Mermaid Inn')]
562	The menu is limited but almost all of the dishes are excellent.	[('food style_options', 'negative', 'menu'), ('food quality', 'positive', 'dishes')]
563	The lobster sandwich is good and the spaghetti with Scallops and Shrimp is great.	[('food quality', 'positive', 'lobster sandwich'), ('food quality', 'positive', 'spaghetti with Scallops and Shrimp')]
564	The service is good and ambience is good for a date or group outing.	[('service general', 'positive', 'service'), ('ambience general', 'positive', 'ambience')]
565	The only fallback on this restaurant is the prices.	[('restaurant prices', 'negative', 'restaurant')]
566	Even though its good seafood, the prices are too high.	[('food quality', 'positive', 'seafood'), ('food prices', 'negative', 'seafood')]
567	The lobster sandwich is $24 and although it was good it was not nearly enough to warrant that price.	[('food quality', 'positive', 'lobster sandwich'), ('food style_options', 'negative', 'lobster sandwich'), ('food prices', 'negative', 'lobster sandwich')]
568	We were very pleasantly surprised.	[('restaurant general', 'positive', 'NULL')]
569	The food was delicious (I had a halibut special, my husband had steak), and the service was top-notch.	[('food quality', 'positive', 'food'), ('food quality', 'positive', 'halibut special'), ('food quality', 'positive', 'steak'), ('service general', 'positive', 'service')]
570	When my dessert came, there was a candle in it - not because anyone asked for one - but because the waiter must have seen me opening my birthday card and gift, and said he knew it was a special occassion of some sort.	[('service general', 'positive', 'waiter')]
571	Truly the mark of an attentive waiter.	[('service general', 'positive', 'waiter')]
572	I highly recommend the restaurant based on our experience last night.	[('restaurant general', 'positive', 'restaurant')]
573	We ate at this Thai place following the reviews but very unhappy with the foods.	[('food quality', 'negative', 'foods')]
574	We thought that this place is using too much of MSG cooking in the foods.	[('food quality', 'negative', 'foods')]
575	They don't concern much of customer's health, just want to make money.	[('restaurant general', 'negative', 'NULL')]
576	please don't fool us.	[('restaurant general', 'negative', 'NULL')]
577	I recommend the jelly fish, drunken chicken and the soupy dumplings, certainly the stir fry blue crab.	[('food quality', 'positive', 'jelly fish'), ('food quality', 'positive', 'drunken chicken'), ('food quality', 'positive', 'soupy dumplings'), ('food quality', 'positive', 'stir fry blue crab')]
578	The food is so cheap and the waiters are nice.	[('food prices', 'positive', 'food'), ('service general', 'positive', 'waiters')]
579	Of course, it is crowded but who cares.	[('restaurant miscellaneous', 'neutral', 'NULL')]
580	Authentic Shanghai style and I cannot recommend a better Shanghai place in New York.	[('restaurant miscellaneous', 'positive', 'NULL')]
581	Have frequented 'ino for several years and the food remains excellent.	[('food quality', 'positive', 'food')]
582	Cheese plate is a varied delight and great bargain at $10.	[('food quality', 'positive', 'Cheese plate'), ('food style_options', 'positive', 'Cheese plate'), ('food prices', 'positive', 'Cheese plate')]
583	The large selection of bruschettas, paninis, tramezzinis keep the palate from stagnating.	[('food style_options', 'positive', 'bruschettas'), ('food style_options', 'positive', 'paninis'), ('food style_options', 'positive', 'tramezzinis')]
584	(The asparagus, truffle oil, parmesan bruschetta is a winner!)	[('food quality', 'positive', 'asparagus, truffle oil, parmesan bruschetta')]
585	Wine list is extensive without being over-priced.	[('drinks style_options', 'positive', 'Wine list'), ('drinks prices', 'positive', 'Wine list')]
586	Be sure to try the seasonal, and always delicious, specials.	[('food quality', 'positive', 'specials')]
587	Definitely a neighborhood favorite.	[('restaurant general', 'positive', 'NULL')]
588	I loved this place!!	[('restaurant general', 'positive', 'place')]
589	I almost hesititate to write a review because the atmosphere was so great and I would hate for it too become to crowded.	[('ambience general', 'positive', 'atmosphere')]
590	The food was very good, a great deal, and the place its self was great.	[('food quality', 'positive', 'food'), ('food prices', 'positive', 'food'), ('ambience general', 'positive', 'place')]
591	The wait staff is very freindly, they make it feel like you're eating in a freindly little european town.	[('service general', 'positive', 'wait staff')]
592	I like Cafe Noir dont get me wrong, it is jsut that the people who work there are evil and incompetent!!	[('service general', 'negative', 'people'), ('restaurant general', 'positive', 'Cafe Noir')]
593	The service was terrible, we had to wait for everything and ask several of different people for the same thing before we were allowed to be served.	[('service general', 'negative', 'service')]
594	The waitress, seems to be more concerned of looking good than actually waitressing.	[('service general', 'negative', 'waitress')]
595	After dinner the manager grabbed my boyfriend, asked him: Where are you from...maybe you dont know how things work in America...and in the end stormed away almost teareyed yelling that tips are the only thing they survive on.	[('service general', 'negative', 'manager')]
596	We did tip, I guess the model/waitress just wanted more and complained to the manager.	[('service general', 'negative', 'waitress')]
597	The whole set up is truly unprofessional and I wish Cafe Noir would get some good staff, because despite the current one this is a great place.	[('service general', 'negative', 'staff'), ('restaurant general', 'positive', 'Cafe Noir')]
598	Pizza here is consistently good.	[('food quality', 'positive', 'Pizza')]
599	Salads are a delicious way to begin the meal.	[('food quality', 'positive', 'Salads')]
600	You should pass on the calamari.	[('food quality', 'negative', 'calamari')]
601	It is thick and slightly soggy.	[('food quality', 'negative', 'NULL')]
602	Decor is charming.	[('ambience general', 'positive', 'Decor')]
603	Service is average.	[('service general', 'neutral', 'Service')]
604	What a great place.	[('restaurant general', 'positive', 'place')]
605	The ambience was so fun, and the prices were great, on top of the fact that the food was really tasty.	[('ambience general', 'positive', 'ambience'), ('restaurant prices', 'positive', 'NULL'), ('food quality', 'positive', 'food')]
606	I wasn't thrilled to have to wait on line for thirty minutes, but I guess that's the price you pay for a popular place.	[('service general', 'neutral', 'NULL')]
607	I would definitely recommend SEA if you like thai cuisine!	[('food quality', 'positive', 'thai cuisine')]
608	I was here a few weeks back and we had the worst customer service experience at a restaurant ever.	[('service general', 'negative', 'customer service')]
609	A gentleman, maybe the manager, came to our table, and without so much as a smile or greeting asked for our order.	[('service general', 'negative', 'gentleman')]
610	When asked about how a certain dish was prepared in comparison to a similar at other thai restaurants, he replied this is not Mcdonald's, every place makes things differently 	[('service general', 'negative', 'NULL')]
611	While it is understandable that every place is indeed different, there was not a need to be uncourteous to customers and downright rude.	[('service general', 'negative', 'NULL')]
612	Never again!	[('restaurant general', 'negative', 'NULL')]
613	I absolutely Loved this place.	[('restaurant general', 'positive', 'place')]
614	Excellent atmosphere, delicious dishes good and friendly service.	[('ambience general', 'positive', 'atmosphere'), ('food quality', 'positive', 'dishes'), ('service general', 'positive', 'service')]
615	this is can became on e of the NY Italian Food fare institutions.	[('restaurant general', 'positive', 'NULL')]
616	I think that it is absolutely brilliant and well runned business operation.	[('restaurant general', 'positive', 'NULL')]
617	The wine list is also really nice.	[('drinks style_options', 'positive', 'wine list')]
618	Everything was wonderful; food, drinks, staff, mileau.	[('restaurant general', 'positive', 'NULL'), ('food quality', 'positive', 'food'), ('drinks quality', 'positive', 'drinks'), ('service general', 'positive', 'staff'), ('ambience general', 'positive', 'mileau')]
619	I would highly recommend this place!	[('restaurant general', 'positive', 'place')]
620	I have been to Casimir over 5 times and I have always had a great time there.	[('restaurant general', 'positive', 'Casimir')]
621	The food is great and reasonably priced.	[('food quality', 'positive', 'food'), ('food prices', 'positive', 'food')]
622	I have tried to make reservations, but both times, the hostess didn't have my name.	[('service general', 'negative', 'hostess')]
623	If the weather is nice, try to snag an outside table.	[('ambience general', 'positive', 'outside table')]
624	The staff has been nice, but they seemed really stressed and the unisex bathroom needs to be cleaned more often.	[('service general', 'positive', 'staff'), ('service general', 'negative', 'staff'), ('ambience general', 'negative', 'unisex bathroom')]
625	My boyfriend and I went there to celebrate my birthday the other night and all I can say is that it was magnificent.	[('restaurant general', 'positive', 'NULL')]
626	From the spectacular caviar to the hospitable waitstaff, I felt like royalty and enjoyed every second of it.	[('food quality', 'positive', 'caviar'), ('service general', 'positive', 'waitstaff')]
627	Considering we were the last patrons there and it was after the closing time, the waitstaff did not rush us at all and made us feel comfortable and relaxed.	[('service general', 'positive', 'waitstaff')]
628	I highly recommend Caviar Russe to anyone who wants delicious top grade caviar and fantastic service.	[('food quality', 'positive', 'caviar'), ('service general', 'positive', 'service')]
629	Nice Family owned traditional restaurant.	[('restaurant general', 'positive', 'restaurant')]
630	Fresh ingredients and everything is made to order.	[('food quality', 'positive', 'ingredients'), ('food quality', 'positive', 'NULL')]
631	I was pleasantly surprised to find this gem in Hoboken.	[('restaurant general', 'positive', 'NULL')]
632	Friendly staff that actually lets you enjoy your meal and the company you're with.	[('service general', 'positive', 'staff')]
633	I found the food to be outstanding, particulary the salmon dish I had.	[('food quality', 'positive', 'food'), ('food quality', 'positive', 'salmon dish')]
634	I also ordered the Change Mojito, which was out of this world.	[('drinks quality', 'positive', 'Change Mojito')]
635	My friends settled for rice dishes, but we came back the following day to try the dim sum, which was good...not outstanding, but good.	[('food quality', 'neutral', 'dim sum')]
636	We ate out in the back patio, which is worth it as it's cool and the music is hear well there.	[('ambience general', 'positive', 'back patio'), ('ambience general', 'positive', 'music')]
637	Overall, excellent restaurant!	[('restaurant general', 'positive', 'restaurant')]
638	The food was good.	[('food quality', 'positive', 'food')]
639	The place was nice and calm.	[('ambience general', 'positive', 'place')]
640	but the service was a bit slow.	[('service general', 'negative', 'service')]
641	The buffet had a nice selection.	[('food style_options', 'positive', 'buffet')]
642	The food was average or above including some surprising tasty dishes.	[('food quality', 'positive', 'food'), ('food quality', 'positive', 'dishes')]
643	Service was also very good.	[('service general', 'positive', 'Service')]
644	I would go back.	[('restaurant general', 'positive', 'NULL')]
645	I got an excellent piece of cheesecake and we had several other nice pastries.	[('food quality', 'positive', 'cheesecake'), ('food quality', 'positive', 'pastries')]
646	I would recommend Roxy's for that, but not for their food.	[('food quality', 'negative', 'food'), ('food quality', 'positive', 'NULL')]
647	My son and his girlfriend both wanted cheeseburgers and they were huge!	[('food style_options', 'neutral', 'cheeseburgers')]
648	But, they were too big for the bun.	[('food style_options', 'negative', 'NULL')]
649	Consequently, their burgers fell apart in their hands and made such a mess that they did'nt feel like finishing them.	[('food style_options', 'negative', 'burgers')]
650	Also they were $15 each!	[('food prices', 'negative', 'NULL')]
651	I had a huge pastrami sandwich on a roll.	[('food style_options', 'neutral', 'pastrami sandwich on a roll')]
652	It was $14 not really bad for a pound of Pastrami-but it didn't have much taste-I've had better for less elsewhere!	[('food prices', 'neutral', 'NULL'), ('food quality', 'negative', 'NULL')]
653	This place is really trendi but they have forgotten about the most important part of a  restaurant, the food.	[('food quality', 'negative', 'food'), ('ambience general', 'positive', 'place')]
654	The last two times I ordered from here my food was soo spicy that  I could barely eat it, and the spice took away from the flavor of the dish.	[('food quality', 'negative', 'food'), ('food quality', 'negative', 'spice')]
655	And the Tom Kha soup was pathetic.	[('food quality', 'negative', 'Tom Kha soup')]
656	If you want good authentic Thai this place is not the place to go.	[('food quality', 'negative', 'Thai')]
657	We went here for lunch a couple of weeks ago on a Saturday, and I was thoroughly impressed with the food.	[('food quality', 'positive', 'food')]
658	The pesto pizza was excellent, thin-crust pizza with a nice amount of spicy Italian cheese that I'd never heard of before.	[('food quality', 'positive', 'pesto pizza'), ('food quality', 'positive', 'spicy Italian cheese')]
659	Conveniently located too, being right on Bedford ave.	[('location general', 'positive', 'NULL')]
660	THe back garden sitting area is very pleasant, where you can see their personal herb garden.	[('ambience general', 'positive', 'back garden sitting area')]
661	I will definetly be going back.	[('restaurant general', 'positive', 'NULL')]
662	We had the lobster sandwich and it was FANTASTIC.	[('food quality', 'positive', 'lobster sandwich')]
663	My husband said he could've eaten several more, the portion was fine for me he even exclaimed that the french fries were the best he has had.	[('food style_options', 'negative', 'NULL'), ('food style_options', 'positive', 'portion'), ('food quality', 'positive', 'french fries')]
664	We had the scallops as an appetizer and they were delicious and the sauce was wonderful.	[('food quality', 'positive', 'scallops'), ('food quality', 'positive', 'sauce')]
665	We waited at the bar and had martinis that were just right.	[('drinks quality', 'positive', 'martinis')]
666	We will be back.	[('restaurant general', 'positive', 'NULL')]
667	love the food.	[('food quality', 'positive', 'food')]
668	it's the only place you can get yummy authentic japanese comfort food.	[('food quality', 'positive', 'japanese comfort food')]
669	and you can't beat the prices.	[('restaurant prices', 'positive', 'NULL')]
670	highly recommended.	[('restaurant general', 'positive', 'NULL')]
671	I've lived in NY for 5 years and this place has it all.	[('restaurant general', 'positive', 'place')]
672	Great food, good size menu, great service and an unpretensious setting.	[('food quality', 'positive', 'food'), ('food style_options', 'positive', 'menu'), ('service general', 'positive', 'service'), ('ambience general', 'positive', 'setting')]
673	The dishes offered were unique, very tasty and fresh from the lamb sausages, sardines with biscuits, large whole shrimp to the amazing pistachio ice cream (the best and freshest I've ever had).	[('food quality', 'positive', 'dishes'), ('food quality', 'positive', 'lamb sausages'), ('food quality', 'positive', 'sardines with biscuits'), ('food quality', 'positive', 'large whole shrimp'), ('food quality', 'positive', 'pistachio ice cream')]
674	I'm glad I was introduced to this place and this is a rare gem in NY.	[('restaurant general', 'positive', 'place')]
675	The freshest, best variety, and the fastest delivery.	[('food quality', 'positive', 'NULL'), ('food style_options', 'positive', 'NULL'), ('service general', 'positive', 'delivery')]
676	Also very inexpensive.	[('restaurant prices', 'positive', 'NULL')]
677	A great choice at any cost and a great deal.	[('restaurant general', 'positive', 'NULL'), ('restaurant prices', 'positive', 'NULL')]
678	The service was excellent and the food was delicious.	[('service general', 'positive', 'service'), ('food quality', 'positive', 'food')]
679	We are very particular about sushi and were both please with every choice which included: ceviche mix (special), crab dumplings, assorted sashimi, sushi and rolls, two types of sake, and the banana tempura.	[('food quality', 'positive', 'sushi'), ('food quality', 'positive', 'ceviche mix (special)'), ('food quality', 'positive', 'crab dumplings'), ('food quality', 'positive', 'assorted sashimi'), ('food quality', 'positive', 'sushi'), ('food quality', 'positive', 'rolls'), ('drinks quality', 'positive', 'sake'), ('food quality', 'positive', 'banana tempura')]
680	Definitely a great spot for a nice occasion or date.	[('restaurant miscellaneous', 'positive', 'spot')]
681	Average to good Thai food, but terrible delivery.	[('food quality', 'positive', 'Thai food'), ('service general', 'negative', 'delivery')]
682	I've waited over one hour for food.	[('service general', 'negative', 'NULL')]
683	They were very abrupt with me when I called and actually claimed the food was late because they were out of rice.	[('service general', 'negative', 'NULL')]
684	A Thai restaurant out of rice during dinner?	[('restaurant miscellaneous', 'negative', 'Thai restaurant')]
685	The food arrived 20 minutes after I called, cold and soggy.	[('food quality', 'negative', 'food'), ('service general', 'negative', 'NULL')]
686	This is a wonderful place on all stand points especially value ofr money.	[('restaurant prices', 'positive', 'place'), ('restaurant general', 'positive', 'place')]
687	An excellent service	[('service general', 'positive', 'service')]
688	We were greeted promptly by the waiter who was very nice and cordial.	[('service general', 'positive', 'waiter')]
689	She was very helpful in suggesting us drinks and helped us in ordering a lot of good dishes since we knew nothing about Indian food.	[('service general', 'positive', 'NULL'), ('food quality', 'positive', 'dishes')]
690	The food looked very appetizing and delicious since it came on a variety of fancy plates.	[('food style_options', 'positive', 'food')]
691	We ended our great experience by having Gulab Jamun (dessert) recommended by the waiter.	[('food quality', 'positive', 'Gulab Jamun (dessert)')]
692	I thanked my friend who recommended me this restaurant and will certainly recommend it to others.	[('restaurant general', 'positive', 'restaurant')]
693	Service here was great, food was fantastic.	[('service general', 'positive', 'Service'), ('food quality', 'positive', 'food')]
694	Guacamole+shrimp appetizer was really great, we both had the filet, very good, didn't much like the frites that came with, but the filet was so good, neither of us cared.	[('food quality', 'positive', 'Guacamole+shrimp appetizer'), ('food quality', 'positive', 'filet'), ('food quality', 'negative', 'frites')]
695	Will absolutely visit again.	[('restaurant general', 'positive', 'NULL')]
696	You cannot go wrong with this place.	[('restaurant general', 'positive', 'place')]
697	The food is outstanding and the service is quick, friendly and very professional.	[('food quality', 'positive', 'food'), ('service general', 'positive', 'service')]
698	Always a nice crowd, but never loud.	[('restaurant miscellaneous', 'positive', 'crowd'), ('ambience general', 'positive', 'NULL')]
699	Go here.	[('restaurant general', 'positive', 'NULL')]
700	Good for dates or with friends.	[('restaurant miscellaneous', 'positive', 'NULL')]
701	I am reluctant to write because I would not want my jem of a pizza place to become overcrowded.	[('restaurant miscellaneous', 'positive', 'pizza place')]
702	However, it is jus too good to not praise it.	[('restaurant general', 'positive', 'NULL')]
703	By far, the best pizza in Manhattan.	[('food quality', 'positive', 'pizza')]
704	The crust is thin, the ingredients are fresh and the staff is friendly.	[('food quality', 'positive', 'crust'), ('service general', 'positive', 'staff'), ('food quality', 'positive', 'ingredients')]
705	The menu has so many fish items and oysters.	[('food style_options', 'positive', 'menu')]
706	The fish was really,really fresh.	[('food quality', 'positive', 'fish')]
707	We all agreed that mare is one of the best seafood restaurants in New York.	[('restaurant general', 'positive', 'mare')]
708	I stumbled upon this great pizzeria as I explored my new neighborhood.	[('restaurant general', 'positive', 'pizzeria')]
709	All of the pizzas are terrific and the price is even better!	[('food quality', 'positive', 'pizzas'), ('food prices', 'positive', 'pizzas')]
710	I highly recommend the Sophia pizza.	[('food quality', 'positive', 'Sophia pizza')]
711	It's to die for!	[('food quality', 'positive', 'NULL')]
712	The food was mediocre at best but it was the horrible service that made me vow never to go back.	[('food quality', 'negative', 'food'), ('service general', 'negative', 'service')]
713	Immediately after we paid, the waiter took the money and said, okay, you guys are outta here.	[('service general', 'negative', 'waiter')]
714	So rushing us out was absolutely unnecessary!	[('service general', 'negative', 'NULL')]
715	For the people who want great food plus great service, Roxy is a place to AVOID!	[('food quality', 'negative', 'food'), ('service general', 'negative', 'service')]
716	The first time the sushi was outstanding, the second time it was a little bland.	[('food quality', 'positive', 'sushi'), ('food quality', 'negative', 'sushi')]
717	I'm sure I'll return for a final judgement tho.	[('restaurant general', 'neutral', 'NULL')]
718	The blond wood decor is very soothing, the premium sake is excellent and the service is great.	[('ambience general', 'positive', 'blond wood decor'), ('drinks quality', 'positive', 'premium sake'), ('service general', 'positive', 'service')]
719	Mizu is the Japenese find in Grammercy.	[('restaurant general', 'positive', 'Mizu')]
720	While their kitchen food is delicious, their Sushi is out of this world.	[('food quality', 'positive', 'kitchen food'), ('food quality', 'positive', 'Sushi')]
721	Mizu is home to creative and unique rolls not to found anywhere else.	[('food style_options', 'positive', 'rolls')]
722	Not only is the cuisine the best around, the service has always been attentive and charming.	[('food quality', 'positive', 'cuisine'), ('service general', 'positive', 'service')]
723	Warning: You may find it difficult to dine at other Japanese restaurants after a visit to Mizu!	[('restaurant general', 'positive', 'Mizu')]
724	Thalia is a beautiful restaurant with beautiful people serving you, but the food doesn't quite match up.	[('service general', 'positive', 'people'), ('food quality', 'negative', 'food'), ('ambience general', 'positive', 'Thalia')]
725	I ordered the smoked salmon and roe appetizer and it was off flavor.	[('food quality', 'negative', 'smoked salmon and roe appetizer')]
726	The entree was bland and small, dessert was not inspired.	[('food quality', 'negative', 'entree'), ('food style_options', 'negative', 'entree'), ('food quality', 'negative', 'dessert')]
727	I expected quite a bit more from such an expensive menu.	[('food prices', 'negative', 'menu'), ('food quality', 'negative', 'menu')]
728	The view is spectacular, and the food is great.	[('location general', 'positive', 'view'), ('food quality', 'positive', 'food')]
729	Wonderful strawberry daiquiries as well!	[('drinks quality', 'positive', 'strawberry daiquiries')]
730	Definitely worth the trip to Battery Park City!	[('restaurant general', 'positive', 'NULL')]
731	One of my favorite places in Manhattan.	[('restaurant general', 'positive', 'NULL')]
732	Authentic Taiwanese food that's cheap... what more could you ask for?	[('food quality', 'positive', 'Taiwanese food'), ('food prices', 'positive', 'Taiwanese food')]
733	(Besides that there should be more restaurants like it around the city).	[('restaurant general', 'positive', 'NULL')]
734	The cold appetizer dishes taste like the way I remember them to taste when I was growing up in Taiwan.	[('food quality', 'positive', 'cold appetizer dishes')]
735	delicious simple food in nice outdoor atmosphere.	[('food quality', 'positive', 'food'), ('food style_options', 'positive', 'food'), ('ambience general', 'positive', 'outdoor atmosphere')]
736	Kind, attentive wait staff.	[('service general', 'positive', 'wait staff')]
737	I really like both the scallops and the mahi mahi (on saffron risotto-yum!).	[('food quality', 'positive', 'scallops'), ('food quality', 'positive', 'mahi mahi (on saffron risotto')]
738	My friend devoured her chicken and mashed potatos.	[('food quality', 'positive', 'chicken and mashed potatos')]
739	Delicious crab cakes too.	[('food quality', 'positive', 'crab cakes')]
740	Even if the food wasn't this good, the garden is a great place to sit outside and relax.	[('ambience general', 'positive', 'garden'), ('food quality', 'positive', 'food')]
741	Great neighborhood joint.	[('restaurant general', 'positive', 'joint')]
742	This is a nice pizza place with good selection of thin crust pizza including the Basil slice.	[('food style_options', 'positive', 'selection of thin crust pizza'), ('food quality', 'positive', 'selection of thin crust pizza'), ('restaurant general', 'positive', 'pizza place'), ('food quality', 'positive', 'Basil slice')]
743	Their calzones are horrific, bad, vomit-inducing, YUCK.	[('food quality', 'negative', 'calzones')]
744	They smell like they stuff them with old canned vegetables like the spinach mushroom calzone.	[('food quality', 'negative', 'NULL')]
745	The counter service is bad.	[('service general', 'negative', 'counter service')]
746	They charge different prices all the time.	[('service general', 'negative', 'NULL')]
747	They're rude at times, and not very friendly.	[('service general', 'negative', 'NULL')]
748	NO PIZZA 33 for me!	[('restaurant general', 'negative', 'PIZZA 33')]
749	Anybody who likes this place must be from a different planet, where greasy, dry and tasteless are complimentary.	[('food quality', 'negative', 'NULL')]
750	The dosas are skimpy, unattractive and drip with grease, and personally I'd drink popcorn topping before I'd eat another one of these.	[('food style_options', 'negative', 'dosas'), ('food quality', 'negative', 'dosas')]
751	The sandwiches are dry, tasteless and way overpriced.	[('food quality', 'negative', 'sandwiches'), ('food prices', 'negative', 'sandwiches')]
752	Calling the place Hampton Chutney Co. does warn you that these folks offer more style than substance, but in this unattractive room with unhelpful clerks there was a dearth of the former too.	[('restaurant general', 'negative', 'place'), ('ambience general', 'negative', 'room'), ('service general', 'negative', 'clerks')]
753	Seriously, this place kicks ass.	[('restaurant general', 'positive', 'place')]
754	The atmosphere is unheralded, the service impecible, and the food magnificant.	[('ambience general', 'positive', 'atmosphere'), ('service general', 'positive', 'service'), ('food quality', 'positive', 'food')]
755	Best Italian food I ever had (and being Italian, that means alot).	[('food quality', 'positive', 'Italian food')]
756	It is nearly impossible to get a table, so if you ever have the chance to go here for dinner, DO NOT pass it up.	[('restaurant general', 'positive', 'NULL')]
757	This is such a lovely, peaceful place to eat outside.	[('ambience general', 'positive', 'place')]
758	The restaurant looks out over beautiful green lawns to the Hudson River and the Statue of Liberty.	[('location general', 'positive', 'restaurant')]
759	It is set far from the small street it's on, and there is no traffic noise.	[('location general', 'positive', 'NULL')]
760	The food is good, especially their more basic dishes, and the drinks are delicious.	[('food quality', 'positive', 'food'), ('food quality', 'positive', 'basic dishes'), ('drinks quality', 'positive', 'drinks')]
761	This is a great place to take out-of-towners, and perfect for watching the sunset.	[('location general', 'positive', 'place')]
762	Great sushi experience.	[('food quality', 'positive', 'sushi')]
763	Nice value.	[('restaurant prices', 'positive', 'NULL')]
764	Unique apppetizers.	[('food quality', 'positive', 'apppetizers')]
765	Try sushimi cucumber roll.	[('food quality', 'positive', 'sushimi cucumber roll')]
766	Good spreads, great beverage selections and bagels really tasty.	[('food quality', 'positive', 'spreads'), ('drinks style_options', 'positive', 'beverage selections'), ('food quality', 'positive', 'bagels')]
767	THE BIG COMPLAINT: NO TOASTING AVAILABLE.	[('service general', 'negative', 'NULL')]
768	Murray won't do it.	[('service general', 'negative', 'NULL')]
769	Won't or Can't is not in the service directory.	[('service general', 'negative', 'NULL')]
770	But who says Murray's is anything about service.	[('service general', 'negative', 'service')]
771	So close, but not good enough.	[('restaurant general', 'neutral', 'NULL')]
772	Don't be fooled by crowds of people.	[('restaurant miscellaneous', 'negative', 'NULL')]
773	The service is awful.	[('service general', 'negative', 'service')]
774	This place is not worth the prices.	[('restaurant general', 'negative', 'place'), ('restaurant prices', 'negative', 'place')]
775	Also, don't plan on asking for your favorite roll, if it's not on the menu, you can't have it.	[('service general', 'negative', 'NULL')]
776	Love Pizza 33..	[('restaurant general', 'positive', 'Pizza 33')]
777	I will be out with friends and all of a sudden I am hungry and I only crave one thing... their Pizza.	[('food quality', 'positive', 'Pizza')]
778	It hits the spot every time	[('restaurant general', 'positive', 'NULL')]
779	This tiny Williamsburg spot is always pleasantly surprising.	[('restaurant general', 'positive', 'Williamsburg spot')]
780	The pizza is delicious and the proprietor is one of the nicest in NYC.	[('food quality', 'positive', 'pizza'), ('service general', 'positive', 'proprietor')]
781	I've been many time and have never been disappointed.	[('restaurant general', 'positive', 'NULL')]
782	They even scoop it out nice (for those on a diet) not too much not to little.	[('food style_options', 'positive', 'NULL')]
783	The cream cheeses are out of this world and I love that coffee!!	[('food quality', 'positive', 'cream cheeses'), ('drinks quality', 'positive', 'coffee')]
784	A little crowded but they move that line really fast!	[('service general', 'positive', 'NULL'), ('restaurant miscellaneous', 'negative', 'NULL')]
785	A little pricey but it really hits the spot on a Sunday morning!	[('restaurant prices', 'negative', 'NULL'), ('restaurant general', 'positive', 'NULL')]
786	Bagels are ok, but be sure not to make any special requests!	[('food quality', 'neutral', 'Bagels'), ('service general', 'negative', 'NULL')]
787	I asked for an open faced cheese sandwich and the manager basically told me to take my business elsewhere!	[('service general', 'negative', 'manager')]
788	Be sure not to get anything other than bagels!..	[('food quality', 'negative', 'NULL'), ('food quality', 'positive', 'bagels')]
789	the turkey burgers are scary!	[('food quality', 'negative', 'turkey burgers')]
790	The worst excuse for Japanese food I've ever encountered.	[('food quality', 'negative', 'Japanese food')]
791	The soup for the udon was soy sauce and water.	[('food quality', 'negative', 'soup for the udon')]
792	The sushi was awful!	[('food quality', 'negative', 'sushi')]
793	The rice was poor quality and was cooked so badly it was hard.	[('food quality', 'negative', 'rice')]
794	Furthermore, the rice had no seasoning, so the sushi was bland and disgusting.	[('food quality', 'negative', 'rice'), ('food quality', 'negative', 'sushi')]
795	The fish was adequate, but inexpertly sliced.	[('food style_options', 'negative', 'fish')]
796	It is obvious that no one in the restaurant has any idea about or experience with Japanese cuisine.	[('food quality', 'negative', 'Japanese cuisine')]
797	Good, fast service.	[('service general', 'positive', 'service')]
798	I would highly recommend.	[('restaurant general', 'positive', 'NULL')]
799	Food is great and inexpensive.	[('food quality', 'positive', 'Food'), ('food prices', 'positive', 'Food')]
800	The location is perfect.	[('location general', 'positive', 'location')]
801	Give it a try and enjoy.	[('restaurant general', 'positive', 'NULL')]
802	Well, this place is so Ghetto its not even funny.	[('ambience general', 'negative', 'place')]
803	If you like your music blasted and the system isnt that great and if you want to pay at least 100 dollar bottle minimun then you'll love it here.	[('drinks prices', 'negative', 'bottle minimun'), ('ambience general', 'negative', 'music')]
804	Would NEVER go back there.	[('restaurant general', 'negative', 'NULL')]
805	Awsome Pizza especially the Margheritta slice.	[('food quality', 'positive', 'Pizza'), ('food quality', 'positive', 'Margheritta slice')]
806	Always busy but fast moving.	[('service general', 'positive', 'NULL')]
807	Great atmoshere and worth every bit.	[('ambience general', 'positive', 'atmoshere'), ('restaurant general', 'positive', 'NULL')]
808	Open late (well as late as I ever got there and I'm a night person)	[('restaurant miscellaneous', 'positive', 'NULL')]
809	Winnie and her staff are the best crew you can find serving you.	[('service general', 'positive', 'staff'), ('service general', 'positive', 'Winnie')]
810	The food is reliable and the price is moderate.	[('food quality', 'positive', 'food'), ('restaurant prices', 'neutral', 'NULL')]
811	What more can you ask for?	[('restaurant general', 'positive', 'NULL')]
812	For authentic Thai food, look no further than Toons.	[('food quality', 'positive', 'Thai food')]
813	Try the Pad Thai, or sample anything on the appetizer menu...they're all delicious.	[('food quality', 'positive', 'Pad Thai'), ('food quality', 'positive', 'appetizer menu')]
814	Everything about this restaurant was special.	[('restaurant general', 'positive', 'restaurant')]
815	The service was attentive, yet discreet.	[('service general', 'positive', 'service')]
816	The flavors robust and subtle.	[('food quality', 'positive', 'NULL')]
817	The brioche and lollies as party favors is a cute and sweet touch to a most memorable meal.	[('food quality', 'positive', 'brioche and lollies')]
818	I'm saving up for my next visit.	[('restaurant general', 'positive', 'NULL')]
819	The place was quiet and delightful.	[('ambience general', 'positive', 'place')]
820	Service was good and food is wonderful.	[('service general', 'positive', 'Service'), ('food quality', 'positive', 'food')]
821	I did not try the caviar but I tried their salmon and crab salad (they are all good)  	[('food quality', 'positive', 'salmon'), ('food quality', 'positive', 'crab salad')]
822	It is definitely a good spot for snacks and chat.	[('restaurant general', 'positive', 'spot')]
823	As a retired hipster, I can say with some degree of certainty that for the last year Lucky Strike has been the best laid-back late night in the city.	[('restaurant general', 'positive', 'Lucky Strike')]
824	The wait staff is pleasant, fun, and for the most part gorgeous (in the wonderful aesthetic beautification way, not in that she's-way-cuter-than-me-that-b@#$* way).	[('service general', 'positive', 'wait staff')]
825	The food is yummy, especially their cooked-to-perfection mussels in spicy tomato sauce and their shoestring crispy fries.	[('food quality', 'positive', 'food'), ('food quality', 'positive', 'mussels in spicy tomato sauce'), ('food quality', 'positive', 'fries')]
826	But the best part about LS is the late night atmosphere, delightfully free of the BTs.	[('ambience general', 'positive', 'late night atmosphere')]
827	You can get a completely delish martini in a glass (that's about 2 1/2 drinks) for $8.50 (I recommend the Vanilla Shanty, mmmm!) in a great homey setting with great music.	[('drinks quality', 'positive', 'martini'), ('drinks style_options', 'positive', 'martini'), ('drinks prices', 'positive', 'martini'), ('drinks quality', 'positive', 'Vanilla Shanty'), ('ambience general', 'positive', 'setting'), ('ambience general', 'positive', 'music')]
828	The in-house lady DJ on Saturday nights has outrageously good taste in music, and moreover, takes requests.	[('ambience general', 'positive', 'in-house lady DJ')]
829	You can't go wrong with this place.	[('restaurant general', 'positive', 'place')]
830	Suan is a great place that I often take my friends (classmates) too.	[('restaurant general', 'positive', 'Suan')]
831	Its location is good and the fact that Hutner College is near and their prices are very reasonable, makes students go back to Suan again and again.	[('location general', 'positive', 'location'), ('restaurant prices', 'positive', 'Suan')]
832	I LOVE their Thai	[('food quality', 'positive', 'Thai')]
833	noodles with shrimp and chicken and coconut juice is the MUST!	[('food quality', 'positive', 'noodles with shrimp and chicken and coconut juice')]
834	I will go back to Suan soon!	[('restaurant general', 'positive', 'Suan')]
835	In summer-eat outside on a terrace (another great feature of Suan)!!!	[('ambience general', 'positive', 'terrace')]
836	I cannot imagine a friendlier staff working in a restaurant.	[('service general', 'positive', 'staff')]
837	I cannot imagine better Indian food in all of the city.	[('food quality', 'positive', 'Indian food')]
838	I cannot imagine you not rushing out to eat there.	[('restaurant general', 'positive', 'NULL')]
839	During the course of the past 3 months, the chef and staff changed and it was not for the better.	[('food quality', 'negative', 'chef'), ('service general', 'negative', 'staff')]
840	I wish they would change back to what it was before.	[('restaurant general', 'negative', 'NULL')]
841	The food now is inconsistent.	[('food quality', 'negative', 'food')]
842	This is the kind of place you'd like to take all your friends to and still keep a secret.	[('restaurant miscellaneous', 'positive', 'place')]
843	The setting is casual and romantic.	[('ambience general', 'positive', 'setting')]
844	Prices are very good.	[('restaurant prices', 'positive', 'NULL')]
845	The food is excellent! 	[('food quality', 'positive', 'food')]
846	if you're daring, try the balsamic vinegar over icecream, it's wonderful!	[('food quality', 'positive', 'balsamic vinegar over icecream')]
847	Do not get the Go Go Hamburgers, no matter what the reviews say.	[('food quality', 'negative', 'Go Go Hamburgers')]
848	They were such a rip-off ($8.95 for four small meat patties in steamed buns) and not worth trying.	[('food quality', 'negative', 'NULL'), ('food style_options', 'negative', 'NULL'), ('food prices', 'negative', 'NULL')]
849	The rest of the dim sum, though pricey by Chinatown standards, is worth it.	[('food prices', 'negative', 'dim sum'), ('food quality', 'positive', 'dim sum')]
850	Steamed fresh so brought hot hot hot to your table.	[('food quality', 'positive', 'NULL')]
851	The wait here is long for dim sum, but if you don't like sharing tables or if the typical raucous dim sum atmosphere is not your gig, this is a sleek (for Chinatown) alternative.	[('service general', 'negative', 'wait'), ('ambience general', 'negative', 'atmosphere'), ('restaurant miscellaneous', 'negative', 'NULL')]
852	A few tips: skip the turnip cake, roast pork buns and egg custards.	[('food quality', 'negative', 'turnip cake'), ('food quality', 'negative', 'roast pork buns'), ('food quality', 'negative', 'egg custards')]
853	These are overpriced and you can get better just around the corner:	[('food prices', 'negative', 'NULL'), ('food quality', 'negative', 'NULL')]
854	I was pleasantly suprised.	[('restaurant general', 'positive', 'NULL')]
855	The food was exceptional.	[('food quality', 'positive', 'food')]
856	I choose to go with one of the special, the braised lamb shank in red wine, which was excellent.	[('food quality', 'positive', 'braised lamb shank in red wine')]
857	The service was friendly and the atmosphere was casual.	[('service general', 'positive', 'service'), ('ambience general', 'neutral', 'atmosphere')]
858	The restaurant is a bit noisy but that is something that can be overlooked once you sit down and enjoy a great meal	[('food quality', 'positive', 'meal'), ('ambience general', 'neutral', 'restaurant')]
859	this little place has a cute interior decor and affordable city prices.	[('ambience general', 'positive', 'interior decor'), ('restaurant prices', 'positive', 'place')]
860	the pad se ew chicken was delicious, however the pad thai was far too oily.	[('food quality', 'positive', 'pad se ew chicken'), ('food quality', 'negative', 'pad thai')]
861	Have eaten at Ginger House several times, and it's always good.	[('restaurant general', 'positive', 'Ginger House')]
862	The fried dumplings are GREAT!	[('food quality', 'positive', 'fried dumplings')]
863	Finally a reliable Chinese restaurant!	[('restaurant general', 'positive', 'Chinese restaurant')]
864	This place would be so much better served by being run by a group that actually understands customer service.	[('service general', 'negative', 'customer service')]
865	The only thing you can do here is walk in and eat .. but planning an event, especially a small, intimate one, forget about it.	[('restaurant miscellaneous', 'negative', 'NULL')]
866	They are not helpful in the least and will give you the grand run around so by the time the event date rolls around you will not only regret chosing this place, but also become hostile!	[('service general', 'negative', 'NULL')]
867	Nobody at this restaurant will give firm answers about anything and in the end, not one person takes responsibility for anything.	[('service general', 'negative', 'NULL')]
868	Terrible, terrible management - deserves to be shut-down.	[('service general', 'negative', 'management'), ('restaurant general', 'negative', 'NULL')]
869	Never fails to please.	[('restaurant general', 'positive', 'NULL')]
870	delicious bagels, especially when right out of the oven.	[('food quality', 'positive', 'bagels')]
871	Spreads and toppings are great - though a bit pricey.	[('food quality', 'positive', 'Spreads'), ('food quality', 'positive', 'toppings'), ('food prices', 'negative', 'Spreads'), ('food prices', 'negative', 'toppings')]
872	Service is fast and friendly.	[('service general', 'positive', 'Service')]
873	Only drawback - they won't toast your bagel, and they don't make eggs for the bagel.	[('service general', 'negative', 'NULL')]
874	But that is highly forgivable.	[('service general', 'positive', 'NULL')]
875	Been there, done that, and New York, it's not that big a deal.	[('restaurant general', 'neutral', 'NULL')]
876	The food is decent at best, and the ambience, well, it's a matter of opinion, some may consider it to be a sweet thing, I thought it was just annoying.	[('food quality', 'negative', 'food'), ('ambience general', 'negative', 'ambience')]
877	If celebrities make you sweat, then your in for a ride, but if your like most around these parts then you'll just yawn and wonder whats with all the hype.	[('restaurant miscellaneous', 'negative', 'NULL')]
878	Rao is a good restaurant, but it's nothing special.	[('restaurant general', 'neutral', 'Rao')]
879	But after last night, Spice Grill is the only place I'm eating indian cuisine.	[('food quality', 'positive', 'indian cuisine')]
880	You must try the shrimp appetizers.	[('food quality', 'positive', 'shrimp appetizers')]
881	Even my Indian friend couldn't believe how good and tasty everything was.	[('food quality', 'positive', 'NULL')]
882	This place has the the correct ambience and an excellent staff to make you feel like a guest and a friend at the same time.	[('ambience general', 'positive', 'ambience'), ('service general', 'positive', 'staff')]
883	Great food, great prices, great service.	[('food quality', 'positive', 'food'), ('restaurant prices', 'positive', 'NULL'), ('service general', 'positive', 'service')]
884	If you are looking for a good quality, cheap eats - this is the place.	[('food quality', 'positive', 'eats'), ('food prices', 'positive', 'eats')]
885	it's a perfect place to have a amanzing indian food.	[('food quality', 'positive', 'indian food')]
886	I really loved the different and inovated touch that's the cheff gives to the food.	[('food style_options', 'positive', 'cheff')]
887	also it's great to have dinner in a very romantic and confortable place, the service it's just perfect...they're so frendly that we never want to live the place!	[('ambience general', 'positive', 'place'), ('service general', 'positive', 'service')]
888	Their bagels are fine, but they are a little overcooked, and not really a 'special' bagel experience.	[('food quality', 'negative', 'bagels')]
889	Great bagels made the old-fashioned way.	[('food quality', 'positive', 'bagels'), ('food style_options', 'positive', 'bagels')]
890	Drawbacks: service is slow and they don't toast!	[('service general', 'negative', 'service')]
891	The food was absolutely amazing!!	[('food quality', 'positive', 'food')]
892	The baked clams octopus we shared as appetizers were the best we've ever had!! 	[('food quality', 'positive', 'baked clams octopus')]
893	The lamb was tender so full of flavor, the dessert was divine!!	[('food quality', 'positive', 'lamb'), ('food quality', 'positive', 'dessert')]
894	The waiter was attentive.	[('service general', 'positive', 'waiter')]
895	The place itself is beautiful the bar scene seems to be happening.	[('ambience general', 'positive', 'place'), ('ambience general', 'positive', 'bar scene')]
896	Downtown Dinner 2002 - Prixe fix: Appetizers were ok, waiter gave me poor suggestion..try the potato stuff kanish best one.	[('food quality', 'neutral', 'Appetizers'), ('service general', 'negative', 'waiter'), ('food quality', 'positive', 'potato stuff kanish')]
897	Small servings for main entree, i had salmon (wasnt impressed) girlfriend had chicken, it was good.	[('food quality', 'negative', 'salmon'), ('food quality', 'positive', 'chicken'), ('food style_options', 'negative', 'servings for main entree')]
898	Dessert is a joke...dont bother	[('food quality', 'negative', 'Dessert')]
899	Volare virgins or weekly regulars, everyone gets treated the same and you can't ask for more than that when the service is this friendly.	[('service general', 'positive', 'service')]
900	The restaurant has a Family feel, not least with regard to the portions which are enormous; the veal alone could have single-handedly solved third world famine.	[('ambience general', 'positive', 'feel'), ('food style_options', 'positive', 'portions'), ('food style_options', 'positive', 'veal')]
901	The anti-pasta was excellent, especially the calamari, as were the filling pasta mains.	[('food quality', 'positive', 'anti-pasta'), ('food quality', 'positive', 'calamari'), ('food quality', 'positive', 'pasta mains'), ('food style_options', 'positive', 'pasta mains')]
902	The wine list is extensive and can easily hike up an otherwise reasonably priced meal.	[('drinks style_options', 'positive', 'wine list'), ('food prices', 'positive', 'meal')]
903	Still, any quibbles about the bill were off-set by the pour-your-own measures of liquers which were courtesey of the house...	[('restaurant prices', 'neutral', 'NULL'), ('drinks style_options', 'positive', 'measures of liquers')]
904	Fantastic place.	[('restaurant general', 'positive', 'place')]
905	Cute and decorative.	[('ambience general', 'positive', 'NULL')]
906	A pleasant surprise.	[('restaurant general', 'positive', 'NULL')]
907	Go there to relax and feel like your somewhere else.	[('ambience general', 'positive', 'NULL')]
908	Lucky Strike is a great casual place to just grab a bite to eat.	[('restaurant general', 'positive', 'Lucky Strike')]
909	Great food, great decor, great service.	[('food quality', 'positive', 'food'), ('ambience general', 'positive', 'decor'), ('service general', 'positive', 'service')]
910	I recommend it!	[('restaurant general', 'positive', 'NULL')]
911	This is the perfect spot for meeting friends, having lunch, dinner, pre-theatre or after-theatre drinks!	[('restaurant miscellaneous', 'positive', 'spot')]
912	(Always ask the bartender for the SEASONAL beer!!!	[('drinks quality', 'positive', 'SEASONAL beer')]
913	Guaranteed to be a tasty experience!)	[('drinks quality', 'positive', 'NULL')]
914	Excellent spot for holiday get togethers with co-workers or friends that you haven't seen in a while.	[('restaurant miscellaneous', 'positive', 'spot')]
915	I have been doing all of the above at the Heartland Brewery for over 5 years now and I HAVE NEVER BEEN DISAPPOINTED!	[('restaurant general', 'positive', 'Heartland Brewery')]
916	All the people that I bring there go back on their own and bring THEIR friends!	[('restaurant miscellaneous', 'positive', 'NULL')]
917	Go there once and oh yes...you will go back...you will...	[('restaurant general', 'positive', 'NULL')]
918	What a great place!	[('restaurant general', 'positive', 'place')]
919	Not the typical NYC gimmick theme restaurant.	[('ambience general', 'positive', 'restaurant')]
920	A cool bar with great food, and tons of excellent beer.	[('ambience general', 'positive', 'bar'), ('food quality', 'positive', 'food'), ('drinks quality', 'positive', 'beer'), ('drinks style_options', 'positive', 'beer')]
921	And even with it's Pub atmosphere they were great to my kids too!	[('service general', 'positive', 'NULL')]
922	Loved it!	[('restaurant general', 'positive', 'NULL')]
923	The shrimp scampi was excellent and the antipasti were plentiful.	[('food quality', 'positive', 'shrimp scampi'), ('food style_options', 'positive', 'antipasti')]
924	It is expensive but well worth the money.	[('restaurant prices', 'negative', 'NULL'), ('restaurant general', 'positive', 'NULL')]
925	If you venture off the island of Manhattan and can't seem to find a great Italian restaurant, drive to Corona.	[('restaurant general', 'positive', 'Corona')]
926	The only thing more wonderful than the food (which is exceptional) is the service.	[('food quality', 'positive', 'food'), ('service general', 'positive', 'service')]
927	The only thing the waiters don't do for you is wipe your chin when you leave.	[('service general', 'positive', 'waiters')]
928	Wonderful at holiday time.	[('restaurant miscellaneous', 'positive', 'NULL')]
929	Cozy romantic atomosphere with only around 15 tables at most.	[('ambience general', 'positive', 'atomosphere')]
930	Service was very prompt but slightly rushed.	[('service general', 'positive', 'Service'), ('service general', 'negative', 'Service')]
931	Food was very good, but not what I would consider out of this world.	[('food quality', 'neutral', 'Food')]
932	Go here for a romantic dinner but not for an all out wow dining experience.	[('ambience general', 'positive', 'NULL'), ('restaurant miscellaneous', 'negative', 'NULL')]
933	My friend from Milan and myself were pleasantly surprised when we arrived and everyone spoke italian.	[('restaurant miscellaneous', 'positive', 'NULL')]
934	Too bad the food wasn't of the same heritage.	[('food quality', 'negative', 'food')]
935	The porcini mushroom pasta special was tasteless, so was the seafood tagliatelle.	[('food quality', 'negative', 'porcini mushroom pasta special'), ('food quality', 'negative', 'seafood tagliatelle')]
936	A real dissapointment.	[('food quality', 'negative', 'NULL')]
937	But that wasn't the icing on the cake: a tiramisu that resembled nothing I have ever had.	[('food quality', 'negative', 'tiramisu')]
938	They should have called it mascarpone with chocolate chips-good but a far cry from what the name implies.	[('food quality', 'negative', 'NULL')]
939	Priced at upper intermediate range.	[('restaurant prices', 'negative', 'NULL')]
940	I really liked this place.	[('restaurant general', 'positive', 'place')]
941	Everything I had was good, and I'm a eater.	[('food quality', 'positive', 'NULL')]
942	It was pretty inexpensive too.	[('restaurant prices', 'positive', 'NULL')]
943	This place has the best Chinese style BBQ ribs in the city.	[('food quality', 'positive', 'BBQ ribs'), ('food style_options', 'positive', 'BBQ ribs')]
944	I also recommend the rice dishes or the different varieties of congee (rice porridge).	[('food quality', 'positive', 'rice dishes'), ('food quality', 'positive', 'congee (rice porridge)')]
945	It's great to go for a quick lunch either alone or with a friend.	[('restaurant miscellaneous', 'positive', 'NULL')]
946	It's definately not a place to go if you want to impress someone.	[('restaurant miscellaneous', 'negative', 'place')]
947	However, if you want great food at a great price and don't mind the decor, you can't beat this place.	[('food quality', 'positive', 'food'), ('ambience general', 'neutral', 'decor'), ('food prices', 'positive', 'food')]
948	Quick and friendly service.	[('service general', 'positive', 'service')]
949	This is one of the best comfort food places in the city.	[('restaurant general', 'positive', 'NULL')]
950	It's somewhere you can eat and be happy.	[('restaurant general', 'positive', 'NULL')]
951	When you're sitting in their main dining room (which has a spectacular, hand-painted high ceiling) you'd never know there was a world outside.	[('ambience general', 'positive', 'main dining room'), ('ambience general', 'positive', 'ceiling')]
952	The food is wonderful, tasty and filling, and the service is professional and friendly.	[('food quality', 'positive', 'food'), ('food style_options', 'positive', 'food'), ('service general', 'positive', 'service')]
953	I can't wait for summer, when they serve outside on their gigantic patio.	[('ambience general', 'positive', 'patio')]
954	I recently tried Suan and I thought that it was great.	[('restaurant general', 'positive', 'Suan')]
955	This little place definitely exceeded my expectations and you sure get a lot of food for your money.	[('food style_options', 'positive', 'food'), ('restaurant general', 'positive', 'place'), ('food prices', 'positive', 'food')]
956	The service was fast and friendly and the food was very tasty and they had the best hot sauce to add to your meals.	[('service general', 'positive', 'service'), ('food quality', 'positive', 'food'), ('food quality', 'positive', 'hot sauce')]
957	I have to say that I am pleasantly suprised and I will most likely stop in again if I am in the neighborhood.	[('restaurant general', 'positive', 'NULL')]
958	They all know you.	[('service general', 'positive', 'NULL')]
959	Good food.	[('food quality', 'positive', 'food')]
960	Good drink.	[('drinks quality', 'positive', 'drink')]
961	How do you rate home?	[('restaurant miscellaneous', 'positive', 'NULL')]
962	I have never had cheescake like this.	[('food quality', 'positive', 'cheescake')]
963	I thought I had died and gone to heaven.	[('food quality', 'positive', 'NULL')]
964	Great spot, whether looking for a couple of drinks or quiet dinner.	[('restaurant general', 'positive', 'spot'), ('restaurant miscellaneous', 'positive', 'spot')]
965	Warm and friendly in the winter and terrific outdoor seating in the warmer months.	[('ambience general', 'positive', 'NULL'), ('ambience general', 'positive', 'outdoor seating')]
966	The food is great and they have a good selecion of wines at reasonable prices.	[('food quality', 'positive', 'food'), ('drinks style_options', 'positive', 'selecion of wines'), ('drinks prices', 'positive', 'selecion of wines')]
967	Have been several times and it never dissapoints.	[('restaurant general', 'positive', 'NULL')]
968	We were less than impressed.	[('restaurant general', 'negative', 'NULL')]
969	While the ambiance and atmosphere were great, the food and service could have been a lot better.	[('ambience general', 'positive', 'ambiance'), ('ambience general', 'positive', 'atmosphere'), ('food quality', 'negative', 'food'), ('service general', 'negative', 'service')]
970	We ordered the chicken casserole, but what we got were a few small pieces of chicken, all dark meat and on the bone.	[('food quality', 'negative', 'chicken casserole'), ('food style_options', 'negative', 'chicken casserole')]
971	Probably would not go again...	[('restaurant general', 'negative', 'NULL')]
972	i've been to sapphire twice and both times the food was fine, if not good.	[('food quality', 'positive', 'food')]
973	stick with the chicken, beef, and lamb dishes.	[('food quality', 'positive', 'chicken'), ('food quality', 'positive', 'beef'), ('food quality', 'positive', 'lamb dishes')]
974	service is friendly, and never had a problem walking in and getting a table.	[('service general', 'positive', 'service'), ('restaurant miscellaneous', 'positive', 'NULL')]
975	skip dessert.	[('food quality', 'negative', 'dessert')]
976	Best Reuben sandwich ever!	[('food quality', 'positive', 'Reuben sandwich')]
977	A classic!	[('food quality', 'positive', 'NULL')]
978	Don't miss Bloom's on your next trip to Manhatten.	"[('restaurant general', 'positive', ""Bloom's"")]"
979	It was the first place we ate on our first trip to New York, and it will be the last place we stop as we head out of town on our next trip to New York.	[('restaurant miscellaneous', 'positive', 'place')]
980	Thanks Bloom's for a lovely trip.	"[('restaurant general', 'positive', ""Bloom's"")]"
981	The food was not fresh, the sauces were bland and very oily.	[('food quality', 'negative', 'food'), ('food quality', 'negative', 'sauces')]
982	It just wasn't Thai.	[('food quality', 'negative', 'NULL')]
983	Was surprisingly disappointed.	[('food quality', 'negative', 'NULL')]
984	Pizza was a little soggy.	[('food quality', 'negative', 'Pizza')]
985	Ravioli was good...but I have to say that I found everything a bit overpriced.	[('food quality', 'positive', 'Ravioli'), ('food prices', 'negative', 'NULL')]
986	Not enough wines by the glass either.	[('drinks style_options', 'negative', 'wines by the glass')]
987	Service, however, was excellent...and I liked the setting/atmosphere a lot. 	[('service general', 'positive', 'Service'), ('ambience general', 'positive', 'setting/atmosphere')]
988	Food was just average...if they lowered the prices just a bit, it would be a bigger draw.	[('food quality', 'neutral', 'Food'), ('food prices', 'negative', 'Food')]
989	This place is a great bargain.	[('restaurant prices', 'positive', 'place')]
990	Authentic Pakistani food.	[('food quality', 'positive', 'Pakistani food')]
991	People are always friendly.	[('service general', 'positive', 'People')]
992	Don't waste money on decor.	[('ambience general', 'neutral', 'decor')]
993	Just straight up cheap, good food.	[('food quality', 'positive', 'food'), ('food prices', 'positive', 'food')]
994	Faan is sooo good.	[('restaurant general', 'positive', 'Faan')]
995	The best pad thai i've ever had.	[('food quality', 'positive', 'pad thai')]
996	The design and atmosphere is just as good.	[('ambience general', 'positive', 'design'), ('ambience general', 'positive', 'atmosphere')]
997	bottles of wine are cheap and good.	[('drinks prices', 'positive', 'bottles of wine'), ('drinks quality', 'positive', 'bottles of wine')]
998	What more could you want?	[('restaurant general', 'positive', 'NULL')]
999	The food was actually aweful.	[('food quality', 'negative', 'food')]
1000	I'm not picky - but it was actually gross.	[('food quality', 'negative', 'NULL')]
1001	The mussles were the fishiest things I've ever tasted, the seabass was bland, the goat cheese salad was missing the goat cheese, the penne w/ chicken had bones in it... It was disgusting.	[('food quality', 'negative', 'mussles'), ('food quality', 'negative', 'seabass'), ('food quality', 'negative', 'goat cheese salad'), ('food quality', 'negative', 'penne w/ chicken'), ('food quality', 'negative', 'NULL')]
1002	Nice atmosphere, the service was very pleasant and the desert was good.	[('ambience general', 'positive', 'atmosphere'), ('service general', 'positive', 'service'), ('food quality', 'positive', 'desert')]
1003	Wouldn't recomend it for dinner!	[('restaurant general', 'negative', 'NULL')]
1004	This is the perfect date spot for Williamsburg couples.	[('restaurant miscellaneous', 'positive', 'NULL')]
1005	The jukebox plays everything from Italian Opera to The Strokes.	[('ambience general', 'positive', 'jukebox')]
1006	The food is amazing, rich pastas and fresh doughy pizza.	[('food quality', 'positive', 'food'), ('food style_options', 'positive', 'pastas'), ('food quality', 'positive', 'pizza')]
1007	Best of all is the warm vibe, the owner is super friendly and service is fast.	[('ambience general', 'positive', 'vibe'), ('service general', 'positive', 'owner'), ('service general', 'positive', 'service')]
1008	If only they delivered, they'd make a mint!	[('restaurant miscellaneous', 'neutral', 'NULL')]
1009	go here for the drinks!	[('drinks quality', 'positive', 'drinks')]
1010	the drinks are amazing and half off till 8pm.	[('drinks quality', 'positive', 'drinks'), ('drinks prices', 'positive', 'drinks')]
1011	Ask for Usha, the nicest bartender in manhattan.	[('service general', 'positive', 'Usha')]
1012	My fav was the sassy lassi...	[('drinks quality', 'positive', 'sassy lassi')]
1013	This is an amazing place to try some roti rolls.	[('food quality', 'positive', 'roti rolls')]
1014	I really recommend the very simple Unda (Egg) rolls.	[('food quality', 'positive', 'Unda (Egg) rolls')]
1015	Delicate spices, onions, eggs and a kick-ass roti.	[('food quality', 'positive', 'spices'), ('food quality', 'positive', 'onions'), ('food quality', 'positive', 'eggs'), ('food quality', 'positive', 'roti')]
1016	Amazing!	[('food quality', 'positive', 'NULL')]
1017	Toons has recently been redone, so it's now a very attractive space.	[('ambience general', 'positive', 'Toons')]
1018	The food's as good as ever.	[('food quality', 'positive', 'food')]
1019	In an area sadly lacking in decent Thai food, this is one of the best spots.	[('food quality', 'positive', 'Thai food')]
1020	Went here last night - nice decor, good service, but the food was surprisingly excellent.	[('ambience general', 'positive', 'decor'), ('service general', 'positive', 'service'), ('food quality', 'positive', 'food')]
1021	The portions are HUGE, so it might be good to order three things to split (rather than one appetizer and entree per person) for two people.	[('food style_options', 'positive', 'portions')]
1022	Can't wait to go back.	[('restaurant general', 'positive', 'NULL')]
1023	Best drumsticks over rice and sour spicy soup in town!	[('food quality', 'positive', 'drumsticks over rice'), ('food quality', 'positive', 'sour spicy soup')]
1024	Beef noodle soup is good as well.	[('food quality', 'positive', 'Beef noodle soup')]
1025	The service is good and the resturant is clean.	[('service general', 'positive', 'service'), ('ambience general', 'positive', 'resturant')]
1026	Best Taiwanese food in NY!	[('food quality', 'positive', 'Taiwanese food')]
1027	I have been to Rao's probably 15 times the past 3 years and it keeps getting better.	"[('restaurant general', 'positive', ""Rao's"")]"
1028	For those that go once and don't enjoy it, all I can say is that they just don't get it.	[('restaurant general', 'positive', 'NULL')]
1029	Rao's has the best service and atmosphere in NYC.	[('service general', 'positive', 'service'), ('ambience general', 'positive', 'atmosphere')]
1030	Good luck getting a table.	[('restaurant miscellaneous', 'neutral', 'NULL')]
1031	My roommate and I LOVE this place.	[('restaurant general', 'positive', 'place')]
1032	We recently decided to try this location, and to our delight, they have outdoor seating, perfect since I had my yorkie with me.	[('ambience general', 'positive', 'outdoor seating')]
1033	Indoor was very cozy and cute.	[('ambience general', 'positive', 'Indoor')]
1034	The portion sizes here are huge, and the sushi is good.	[('food style_options', 'positive', 'portion'), ('food quality', 'positive', 'sushi')]
1035	Staff is very accomodating.	[('service general', 'positive', 'Staff')]
1036	Excellent dumplings served amid clean, chic decor.	[('food quality', 'positive', 'dumplings'), ('ambience general', 'positive', 'decor')]
1037	I got the $10 10-piece dim sum combo, every bite of which was great.	[('food quality', 'positive', '$10 10-piece dim sum combo')]
1038	But $1 for each small piece???	[('food prices', 'negative', 'NULL')]
1039	Not worth it.	[('food prices', 'negative', 'NULL')]
1040	I won't go back unless someone else is footing the bill.	[('restaurant general', 'negative', 'NULL'), ('restaurant prices', 'negative', 'NULL')]
1041	The decor is very simple but comfortable.	[('ambience general', 'positive', 'decor')]
1042	The food was delicious but do not come here on a empty stomach.	[('food quality', 'positive', 'food'), ('food style_options', 'negative', 'food')]
1043	The portions are small but being that the food was so good makes up for that.	[('food style_options', 'negative', 'portions'), ('food quality', 'positive', 'food')]
1044	You must have the crabmeat lasagna which is out of this world and the chocolate bread pudding for dessert.	[('food quality', 'positive', 'crabmeat lasagna'), ('food quality', 'positive', 'chocolate bread pudding')]
1045	The staff there is very attentive and down to earth.	[('service general', 'positive', 'staff')]
1046	I loved it and would go again.	[('restaurant general', 'positive', 'NULL')]
1047	Great Indian food and the service is incredible.	[('food quality', 'positive', 'Indian food'), ('service general', 'positive', 'service')]
1048	The owner truly caters to all your needs.	[('service general', 'positive', 'owner')]
1049	When family came in he gave them apps to test their palets, and then ordered for them.	[('service general', 'positive', 'NULL')]
1050	Everyone was more then happy with his choices.	[('service general', 'positive', 'NULL')]
1051	Great food and the prices are very reasonable.	[('food quality', 'positive', 'food'), ('restaurant prices', 'positive', 'NULL')]
1052	The food here does a great service to the name (Cantonese that is...).	[('food quality', 'positive', 'food')]
1053	I fell in love with the egg noodles in the beef broth with shrimp dumplings and slices of BBQ roast pork.	[('food quality', 'positive', 'egg noodles in the beef broth with shrimp dumplings and slices of BBQ roast pork')]
1054	This dish is my favorite and I always get it when I go there and never get tired of it.	[('food quality', 'positive', 'dish')]
1055	Try the congee and the donut like deep fried dough they call Ow Ley Soh, a delicious and sweet tasting bread.	[('food quality', 'positive', 'congee'), ('food quality', 'positive', 'Ow Ley Soh')]
1056	Simply some good tasting Chinese food at incredible prices...	[('food quality', 'positive', 'Chinese food'), ('food prices', 'positive', 'Chinese food')]
1057	Service is not what you are coming here for...	[('service general', 'negative', 'Service')]
1058	Big Wong is a great place to eat and fill your stomach.	[('restaurant general', 'positive', 'Big Wong')]
1059	whoever the jazz duo was, they were on POINT.	[('ambience general', 'positive', 'jazz duo')]
1060	good music, great food, speedy service affordable prices.	[('ambience general', 'positive', 'music'), ('food quality', 'positive', 'food'), ('service general', 'positive', 'service'), ('restaurant prices', 'positive', 'NULL')]
1061	even the wine by the glass was good.	[('drinks quality', 'positive', 'wine by the glass')]
1062	its a little out of the way if you don't live in the neighborhood, but definitely worth the trip from wherever you are.	[('location general', 'neutral', 'NULL'), ('restaurant general', 'positive', 'NULL')]
1063	Consistently good Japanese Tapas.	[('food quality', 'positive', 'Japanese Tapas')]
1064	Always good drinks and service is pretty good;	[('drinks quality', 'positive', 'drinks'), ('service general', 'positive', 'service')]
1065	Atmosphere is nice and relaxed too...	[('ambience general', 'positive', 'Atmosphere')]
1066	A great place to meet up for some food and drinks...  	[('restaurant miscellaneous', 'positive', 'place')]
1067	Yakitori (bbq meats) is tasty too.	[('food quality', 'positive', 'Yakitori (bbq meats)')]
1068	If you don't mind pre-sliced low quality fish, unfriendly staff and a sushi chef that looks like he is miserable then this is your place.	[('food quality', 'negative', 'fish'), ('service general', 'negative', 'staff'), ('restaurant miscellaneous', 'negative', 'sushi chef')]
1069	Price and quality of fish alone will keep us from making a return visit.	[('food prices', 'negative', 'fish'), ('food quality', 'negative', 'fish'), ('restaurant general', 'negative', 'NULL')]
1070	Wasn't going to share but I feel obligated...while sitting at the sushi bar dining we watched the chef accidentally drop a piece of Unagi on the floor and upon retrieving it from the floor proceed to use the piece in the delivery order he was preparing.	[('food quality', 'negative', 'chef')]
1071	No thanks!!!	[('restaurant general', 'negative', 'NULL')]
1072	This place, which is only a few months old, is perhaps Queens' biggest secret!	[('restaurant general', 'positive', 'place')]
1073	Fabulous decor - makes you feel like you're in a trendy Manhattan restaurant, very very good food, cheaply-priced, generally friendly staff, and if you're a Manhattanite, or spend most of your time in Manhattan, Rice Avenue will make you feel at home.....very Soho/Village/Upper West Side minus the expensive prices and pretentious clientele.....all on Roosevelt Avenue!	[('ambience general', 'positive', 'decor'), ('food quality', 'positive', 'food'), ('food prices', 'positive', 'food'), ('service general', 'positive', 'staff'), ('ambience general', 'positive', 'Rice Avenue'), ('location general', 'positive', 'Rice Avenue'), ('restaurant prices', 'positive', 'Rice Avenue')]
1074	We were seated outside and the waiter spilled red wine and hot tea on myself and my date.	[('service general', 'negative', 'waiter')]
1075	We were then shooed inside.	[('service general', 'negative', 'NULL')]
1076	One would think we'd get an apology or complimentary drinks - instead, we got a snobby waiter wouldn't even take our order for 15 minutes and gave us lip when we asked him to do so.	[('service general', 'negative', 'waiter')]
1077	We left, never to return.	[('restaurant general', 'negative', 'NULL')]
1078	With so many good restaurants on the UWS, I don't need overpriced food, absurdly arrogant wait-staff who don't recognize they work at a glorified diner, clumsy service, and management that doesn't care.	[('food prices', 'negative', 'food'), ('service general', 'negative', 'wait-staff'), ('service general', 'negative', 'service'), ('service general', 'negative', 'management')]
1079	I am relatively new to the area and tried Pick a bgel on 2nd and was disappointed with the service and I thought the food was overated and on the pricey side.	[('service general', 'negative', 'service'), ('food prices', 'negative', 'food'), ('food quality', 'negative', 'food')]
1080	The food is okay and the prices here are mediocre.	[('food quality', 'neutral', 'food'), ('restaurant prices', 'neutral', 'NULL')]
1081	Baluchi's has solid food and a nice decor at reasonable prices.	"[('food quality', 'positive', 'food'), ('ambience general', 'positive', 'decor'), ('restaurant prices', 'positive', ""Baluchi's"")]"
1082	The only problem is that the manager is a complete incompetent.	[('service general', 'negative', 'manager')]
1083	He offers subpar service and has no personality.	[('service general', 'negative', 'service')]
1084	In fact, it appears he is going to go postal at any moment.	[('service general', 'negative', 'NULL')]
1085	There is no excuse for such lousy service!	[('service general', 'negative', 'service')]
1086	I have never before eaten 40 pieces of relatively good nigiri.	[('food quality', 'neutral', 'nigiri')]
1087	You can do it here.	[('food style_options', 'positive', 'NULL')]
1088	$20 for all you can eat sushi cannot be beaten.	[('food prices', 'positive', 'all you can eat sushi')]
1089	I went to Areo on a Sunday afternoon with four of my girlfriends, and spent three enjoyable hours there.	[('restaurant general', 'positive', 'Areo')]
1090	Most of the servers are very attentive, friendly and quite attractive.	[('service general', 'positive', 'servers')]
1091	The vibe is very relaxed and cozy, service was great and the food was excellent!	[('ambience general', 'positive', 'vibe'), ('service general', 'positive', 'service'), ('food quality', 'positive', 'food')]
1092	Me and my girls will definitely go back.	[('restaurant general', 'positive', 'NULL')]
1093	Food was good and the view of the new york city skiline was terrific even on a foggy rainy day like that of when I went.	[('food quality', 'positive', 'Food'), ('location general', 'positive', 'view of the new york city skiline')]
1094	I would highly recommand requesting a table by the window.	[('location general', 'positive', 'NULL')]
1095	Although they do the typical what kind of water would you like questions the service was good and overall very relaxing to place to eat.	[('service general', 'positive', 'service'), ('ambience general', 'positive', 'place')]
1096	The food is great.	[('food quality', 'positive', 'food')]
1097	Personal pans are the perfect size for those hungry nights.	[('food style_options', 'positive', 'Personal pans')]
1098	I heartily recommend.	[('restaurant general', 'positive', 'NULL')]
1099	There is a downside if you're ordering in -- the delivery guys have MAJOR attitude.	[('service general', 'negative', 'delivery guys')]
1100	Never have I had such dramatic delivery guys (a lot of huffing and panting and muttering under breath b/c I live in a walkup) who always seem disappointed with their tips.	[('service general', 'negative', 'delivery guys')]
1101	Love the scene first off- the place has a character and nice light to it..very fortunate, location wise.	[('ambience general', 'positive', 'scene'), ('ambience general', 'positive', 'place'), ('location general', 'positive', 'location')]
1102	The pizza was pretty good and huge.	[('food quality', 'positive', 'pizza'), ('food style_options', 'positive', 'pizza')]
1103	The price very reasonable.	[('restaurant prices', 'positive', 'NULL')]
1104	We were 4 and got the family size penne a la vodka which was tremendously gigantic portion...a bucket of food literally.	[('food style_options', 'positive', 'penne a la vodka')]
1105	I would say that all was fine and tasty but the heaviness on my stomach someting that i can't not mention or undermine.	[('food quality', 'negative', 'NULL')]
1106	The pasta penne was pretty extra buttery, creamy which means a big task to diggest.. tasty at first but i would say that i was full with a slice of pizza and 7 to count, penne...got a little moody afterwards cause was stuffed...lol	[('food quality', 'negative', 'pasta penne'), ('food style_options', 'negative', 'pasta penne')]
1107	La Rosa waltzes in, and I think they are doing it the best.	[('food quality', 'positive', 'La Rosa')]
1108	Interesting selection, good wines, service fine, fun decor.	[('drinks quality', 'positive', 'wines'), ('service general', 'positive', 'service'), ('ambience general', 'positive', 'decor'), ('food style_options', 'positive', 'selection')]
1109	I love it.	[('restaurant general', 'positive', 'NULL')]
1110	I plan on stopping by next week as well.	[('restaurant general', 'positive', 'NULL')]
1111	I found it on a cold night, the perfect spot to warm up.	[('restaurant miscellaneous', 'positive', 'spot')]
1112	I recieved prompt service with a smile.	[('service general', 'positive', 'service')]
1113	To me it exemplifies Soho, cute, artsy, interesting.	[('ambience general', 'positive', 'NULL')]
1114	Definately check it out!!!	[('restaurant general', 'positive', 'NULL')]
1115	This place blew me away...by far my new favorite restaurant on the uppereast side.	[('restaurant general', 'positive', 'place')]
1116	The wine list is extensive and impressive.	[('drinks style_options', 'positive', 'wine list')]
1117	LOVE the atmosphere - felt like I was in Paris.	[('ambience general', 'positive', 'atmosphere')]
1118	The mussels were fantastic and so was the dessert...definitely going to be back very soon.	[('food quality', 'positive', 'mussels'), ('food quality', 'positive', 'dessert'), ('restaurant general', 'positive', 'NULL')]
1119	I have been coming here for years and have nothing but good things to say about the service and the great staff at La Lanterna.	[('service general', 'positive', 'service'), ('service general', 'positive', 'staff')]
1120	Over the years the host, Vittorio, and his crew, have always treated me as family--although with all the business this not-so-little gem does, it amazing he's even able to remember a consistent but not-so-frequent visitor.	[('service general', 'positive', 'Vittorio'), ('service general', 'positive', 'crew')]
1121	I've also been amazed at all the new additions in the past few years: A new Jazz Bar, the most fantastic Dining Garden, the Best Thin Crust Pizzas, and now a Lasagna Menu which is to die for (these are not your average lasagnas)!	[('ambience general', 'positive', 'Dining Garden'), ('ambience general', 'positive', 'Jazz Bar'), ('food quality', 'positive', 'Thin Crust Pizzas'), ('food quality', 'positive', 'Lasagna Menu')]
1122	I lOVE THIS PLACE!	[('restaurant general', 'positive', 'PLACE')]
1123	Keep up the good work guys!	[('restaurant general', 'positive', 'NULL')]
1124	I have to say I have never had a disapointing meal here.	[('food quality', 'positive', 'meal')]
1125	We could have made a meal of the yummy dumplings from the dumpling menu.	[('food quality', 'positive', 'dumplings')]
1126	Luckily we saved room for the BBQ Salmon, Sea Bass and Crispy Duck.	[('food quality', 'positive', 'BBQ Salmon'), ('food quality', 'positive', 'Sea Bass'), ('food quality', 'positive', 'Crispy Duck')]
1127	Love Al Di La	[('restaurant general', 'positive', 'Al Di La')]
1128	I recommend this place to everyone.	[('restaurant general', 'positive', 'place')]
1129	Great food.	[('food quality', 'positive', 'food')]
1130	One of my favorite places in Brooklyn. 	[('restaurant general', 'positive', 'NULL')]
1131	The pastas are incredible, the risottos (particularly the sepia) are fantastic and the braised rabbit is amazing.	[('food quality', 'positive', 'pastas'), ('food quality', 'positive', 'risottos'), ('food quality', 'positive', 'sepia'), ('food quality', 'positive', 'braised rabbit')]
1132	Overpriced and not tasty 	[('food prices', 'negative', 'NULL'), ('food quality', 'negative', 'NULL')]
1133	The food here was mediocre at best. 	[('food quality', 'negative', 'food')]
1134	It was totally overpriced- fish and chips was about $15.... 	[('food prices', 'negative', 'NULL'), ('food prices', 'negative', 'fish and chips')]
1135	Tasty Dog!	[('food quality', 'positive', 'Dog')]
1136	An awesome organic dog, and a conscious eco friendly establishment.	[('food quality', 'positive', 'dog'), ('restaurant miscellaneous', 'positive', 'establishment')]
1137	One of the best hot dogs I have ever eaten.	[('food quality', 'positive', 'NULL')]
1138	Can't wait to go back.	[('restaurant general', 'positive', 'NULL')]
1139	The Cypriot restaurant has a lot going for it.	[('restaurant general', 'positive', 'Cypriot restaurant')]
1140	But the best pork souvlaki I ever had is the main thing.	[('food quality', 'positive', 'pork souvlaki')]
1141	Run don't walk.	[('restaurant general', 'positive', 'NULL')]
1142	Super YUMMY Pizza!	[('food quality', 'positive', 'Pizza')]
1143	I was visiting New York City with a friend and we discovered this really warm and inviting restaurant.	[('ambience general', 'positive', 'restaurant')]
1144	I LOOOVE their eggplant pizza, as well as their pastas!	[('food quality', 'positive', 'eggplant pizza'), ('food quality', 'positive', 'pastas')]
1145	We had half/half pizza, mine was eggplant and my friend had the buffalo and it was sooo huge for a small size pizza!	[('food style_options', 'positive', 'half/half pizza')]
1146	We had fun eating in there, we were there like around 3 a.m. in the morning!	[('restaurant general', 'positive', 'NULL')]
1147	Will comeback for sure, wish they have it here in LA..	[('restaurant general', 'positive', 'NULL')]
1148	Excellent food, although the interior could use some help.	[('food quality', 'positive', 'food'), ('ambience general', 'negative', 'interior')]
1149	The space kind of feels like an Alice in Wonderland setting, without it trying to be that.	[('ambience general', 'negative', 'space')]
1150	I paid just about $60 for a good meal, though :)	[('food quality', 'positive', 'meal'), ('food prices', 'positive', 'meal')]
1151	Great sake!	[('drinks quality', 'positive', 'sake')]
1152	Reliable, Fresh Sushi	[('food quality', 'positive', 'Sushi')]
1153	The sashimi is always fresh and the rolls are innovative and delicious.	[('food quality', 'positive', 'sashimi'), ('food style_options', 'positive', 'rolls'), ('food quality', 'positive', 'rolls')]
1154	Have never had a problem with service save a missing rice once.	[('service general', 'positive', 'service')]
1155	Delivery can be spot on or lacking depending on the weather and the day of the week.	[('service general', 'negative', 'Delivery')]
1156	Delivery guy sometimes get upset if you don't tip more than 10%.	[('service general', 'negative', 'Delivery guy')]
1157	Best. Sushi. Ever.	[('food quality', 'positive', 'Sushi')]
1158	This place has ruined me for neighborhood sushi.	[('food quality', 'positive', 'sushi')]
1159	Creative, consistent, fresh.	[('food quality', 'positive', 'NULL'), ('food style_options', 'positive', 'NULL')]
1160	Excellent sashimi, and the millennium roll is beyond delicious.	[('food quality', 'positive', 'sashimi'), ('food quality', 'positive', 'millennium roll')]
1161	Not cheap but very yummy.	[('food prices', 'negative', 'NULL'), ('food quality', 'positive', 'NULL')]
1162	Love it.	[('restaurant general', 'positive', 'NULL')]
1163	Very, very nice	[('restaurant general', 'positive', 'NULL')]
1164	The place is a bit hidden away, but once you get there, it's all worth it.	[('location general', 'neutral', 'place'), ('restaurant general', 'positive', 'place')]
1165	not only is the food	[('food quality', 'positive', 'food'), ('restaurant general', 'positive', 'NULL')]
1166	Loved It	[('restaurant general', 'positive', 'NULL')]
1167	We had a very nice time.	[('restaurant general', 'positive', 'NULL')]
1168	The waiter was attentive, the food was delicious and the views of the city were great.	[('service general', 'positive', 'waiter'), ('food quality', 'positive', 'food'), ('location general', 'positive', 'views of the city')]
1169	I'd definitely go back again.	[('restaurant general', 'positive', 'NULL')]
1170	Great place to relax and enjoy your dinner	[('ambience general', 'positive', 'place')]
1171	There is something about their atmosphere that makes me come back nearly every week.	[('ambience general', 'positive', 'atmosphere')]
1172	Place is open till late, no dress code.	[('restaurant miscellaneous', 'positive', 'Place')]
1173	Good food: my favorite is the seafood spaghetti.	[('food quality', 'positive', 'food'), ('food quality', 'positive', 'seafood spaghetti')]
1174	Highly recommended!	[('restaurant general', 'positive', 'NULL')]
1175	Excellent food for great prices	[('food quality', 'positive', 'food'), ('food prices', 'positive', 'food')]
1176	My husband and I have been sold on this from the first visit.	[('restaurant general', 'positive', 'NULL')]
1177	The wait staff is very courteous and accomodating.	[('service general', 'positive', 'wait staff')]
1178	The space is limited so be prepared to wait up to 45 minutes - 1 hour, but be richly rewarded when you savor the delicious indo-chinese food.	[('restaurant miscellaneous', 'negative', 'space'), ('food quality', 'positive', 'indo-chinese food')]
1179	There are no negatives to speak of.	[('restaurant general', 'positive', 'NULL')]
1180	the bestt!	[('restaurant general', 'positive', 'NULL')]
1181	my favorite place lol	[('restaurant general', 'positive', 'place')]
1182	i love their chicken pasta cant remember the name but is sooo good	[('food quality', 'positive', 'chicken pasta')]
1183	its alright	[('restaurant general', 'neutral', 'NULL')]
1184	im not necessarily fanatical about this place, but it was a fun time for low pirces.	[('restaurant general', 'positive', 'place'), ('restaurant prices', 'positive', 'place')]
1185	lobster was good, nothing spectacular.	[('food quality', 'neutral', 'lobster')]
1186	its just a fun place to go, not a five star restaraunt.	[('restaurant general', 'neutral', 'restaraunt')]
1187	Way below average	[('restaurant general', 'negative', 'NULL')]
1188	I think the pizza is so overrated and was under cooked.	[('food quality', 'negative', 'pizza')]
1189	Had no flavor and the staff is rude and not attentive.	[('service general', 'negative', 'staff'), ('food quality', 'negative', 'NULL')]
1190	Would NEVER go back	[('restaurant general', 'negative', 'NULL')]
1191	I love this place	[('restaurant general', 'positive', 'place')]
1192	I wasn't here for the pizza so I can't comment on that yet but what I had was very good.	[('food quality', 'positive', 'NULL')]
1193	The service was quick and friendly.	[('service general', 'positive', 'service')]
1194	Everyone was smiling so that made me feel welcome.	[('service general', 'positive', 'NULL')]
1195	I thought the restaurant was nice and clean.	[('restaurant general', 'positive', 'restaurant'), ('ambience general', 'positive', 'restaurant')]
1196	I ordered the vitello alla marsala and I was pretty impressed.	[('food quality', 'positive', 'vitello alla marsala')]
1197	The veal and the mushrooms were cooked perfectly.	[('food quality', 'positive', 'veal'), ('food quality', 'positive', 'mushrooms')]
1198	The potato balls were not dry at all... in fact it was buttery.	[('food quality', 'positive', 'potato balls')]
1199	The only downside... they only take cash which is OK if you know about it ahead of time.	[('restaurant miscellaneous', 'negative', 'NULL')]
1200	I'll be back for sure.	[('restaurant general', 'positive', 'NULL')]
1201	WORST PLACE ON SMITH STREET IN BROOKLYN	[('restaurant general', 'negative', 'PLACE')]
1202	Very immature bartender, didnt know how to make specific drinks, service was so slowwwww, the food was not fresh or warm, waitresses were busy flirting with men at the bar and werent very attentive to all the customers.	[('service general', 'negative', 'bartender'), ('service general', 'negative', 'service'), ('food quality', 'negative', 'food'), ('service general', 'negative', 'waitresses')]
1203	I would never recommend this place to anybody even for a casual dinner.	[('restaurant general', 'negative', 'place')]
1204	awesome	[('restaurant general', 'positive', 'NULL')]
1205	the food is always fresh ...	[('food quality', 'positive', 'food')]
1206	overpriced japanese food with mediocre service	[('food prices', 'negative', 'japanese food'), ('service general', 'neutral', 'service')]
1207	Went here on sat 1/26 and was disappointed.	[('restaurant general', 'negative', 'NULL')]
1208	Chicken teriyaki had tomato or pimentos on top??	[('food style_options', 'negative', 'Chicken teriyaki')]
1209	food was luke warm.	[('food quality', 'negative', 'food')]
1210	The waitress was not attentive at all.	[('service general', 'negative', 'waitress')]
1211	I was looking for banana tempura for dessert and they dont have.	[('food style_options', 'negative', 'dessert')]
1212	"Not because you are ""The Four Seasons""... – you are allowed to charge an arm and a leg for a romatic dinner."	[('restaurant prices', 'negative', 'The Four Seasons')]
1213	The food was excellent as well as service, however, I left The Four Seasons very dissappointed.	[('food quality', 'positive', 'food'), ('service general', 'positive', 'service'), ('restaurant general', 'negative', 'The Four Seasons')]
1214	I do not think dinner in Manhattan should cost $400.00 where I am not swept off my feet.	[('food prices', 'negative', 'dinner')]
1215	Red Dragon Roll - my favorite thing to eat, of any food group - hands down	[('food quality', 'positive', 'Red Dragon Roll')]
1216	Just go to Yamato and order the Red Dragon Roll.	[('restaurant general', 'positive', 'Yamato'), ('food quality', 'positive', 'Red Dragon Roll')]
1217	If you don't like it, I don't know what to tell you.	[('food quality', 'positive', 'NULL')]
1218	The Seafood Dynamite is also otherworldly.	[('food quality', 'positive', 'Seafood Dynamite')]
1219	I'm not even going to bother to describe it; it speaks for itself.	[('food quality', 'positive', 'NULL')]
1220	Favorite Sushi in NYC	[('food quality', 'positive', 'Sushi')]
1221	An unpretentious spot in Park Slope, the sushi is consistently good, the service is pleasant, effective and unassuming.	[('ambience general', 'positive', 'spot'), ('food quality', 'positive', 'sushi'), ('service general', 'positive', 'service')]
1222	In the summer months, the back garden area is really nice.	[('ambience general', 'positive', 'back garden area')]
1223	The rolls are creative and I have yet to find another sushi place that serves up more inventive yet delicious japanese food.	[('food style_options', 'positive', 'rolls'), ('food style_options', 'positive', 'japanese food'), ('food quality', 'positive', 'japanese food')]
1224	The Dancing, White River and Millenium rolls are musts.	[('food quality', 'positive', 'Dancing, White River and Millenium rolls')]
1225	SO GOOD	[('restaurant general', 'positive', 'NULL')]
1226	I CAN EAT HERE EVERY DAY OF THE WEEK REALLY LOL LOVE THIS PLACE ...)	[('restaurant general', 'positive', 'PLACE')]
1227	Gross food – Wow-	[('food quality', 'negative', 'food')]
1228	I can't remember the last time I had such gross food in New York.	[('food quality', 'negative', 'food')]
1229	My quesadilla tasted like it had been made by a three-year old with no sense of proportion or flavor.	[('food quality', 'negative', 'quesadilla'), ('food style_options', 'negative', 'quesadilla')]
1230	And $11 for a plate of bland guacamole?	[('food quality', 'negative', 'guacamole'), ('food prices', 'negative', 'guacamole')]
1231	Don't get me started on the margaritas, either.	[('drinks quality', 'negative', 'margaritas')]
1232	Mine tasted like the bartender had forgotten to add the tequila.	[('drinks quality', 'negative', 'NULL')]
1233	Save your money and your time and go somewhere else.	[('restaurant general', 'negative', 'NULL')]
1234	Oh, and I never write reviews--I just was so moved by how bad this place was, I felt it was my duty to spread the word.	[('restaurant general', 'negative', 'place')]
1235	Great Indian Food!	[('food quality', 'positive', 'Indian Food')]
1236	When I got there the place was packed but they made sure to seat me quickly.	[('service general', 'positive', 'NULL')]
1237	The food was good, the place was clean and affordable.	[('food quality', 'positive', 'food'), ('ambience general', 'positive', 'place'), ('restaurant prices', 'positive', 'place')]
1238	I noticed alot of indian people eatting there which is a great sign for an indian place!	[('restaurant miscellaneous', 'positive', 'indian place')]
1239	This is one of my favorite spot, very relaxing the food is great all the times , celebrated my engagement and my wedding here , it was very well organized .	[('restaurant general', 'positive', 'NULL'), ('ambience general', 'positive', 'NULL'), ('food quality', 'positive', 'food'), ('restaurant miscellaneous', 'positive', 'NULL')]
1240	The staff is very good.	[('service general', 'positive', 'staff')]
1241	Love their drink menu.	[('drinks style_options', 'positive', 'drink menu')]
1242	I highly recommend this beautiful place.	[('ambience general', 'positive', 'place'), ('restaurant general', 'positive', 'place')]
1243	Nice for one time special occasion.	[('restaurant miscellaneous', 'positive', 'NULL')]
1244	They honored reservation on Sunday afternoon very well. 	[('service general', 'positive', 'NULL')]
1245	We were offered water for the table but were not told the Voss bottles of water were $8 a piece.	[('drinks prices', 'negative', 'Voss bottles of water')]
1246	Food was OK.	[('food quality', 'neutral', 'Food')]
1247	Nice view of river and NYC.	[('location general', 'positive', 'view of river and NYC')]
1248	I come here enjoy very much with husband.	[('restaurant general', 'positive', 'NULL')]
1249	Remind me of home.	[('restaurant miscellaneous', 'positive', 'NULL')]
1250	Great survice	[('service general', 'positive', 'survice')]
1251	MMMMMMMMMmmmmmm so delicious	[('food quality', 'positive', 'NULL')]
1252	A beautifully designed dreamy Egyptian restaurant that gets sceney at night.	[('ambience general', 'positive', 'Egyptian restaurant')]
1253	Watch the talented belly dancers as you enjoy delicious baba ganoush that's more lemony than smoky.	[('food quality', 'positive', 'baba ganoush'), ('ambience general', 'positive', 'belly dancers')]
1254	Oh, and there's hookah.	[('ambience general', 'positive', 'hookah')]
1255	Raymond the bartender rocks!	[('service general', 'positive', 'Raymond')]
1256	Pacifico is a great place to casually hang out.	[('restaurant miscellaneous', 'positive', 'Pacifico')]
1257	The drinks are great, especially when made by Raymond.	[('drinks quality', 'positive', 'drinks'), ('service general', 'positive', 'Raymond')]
1258	The omlette for brunch is great...	[('food quality', 'positive', 'omlette for brunch')]
1259	the spinach is fresh, definately not frozen...	[('food quality', 'positive', 'spinach')]
1260	quacamole at pacifico is yummy, as are the wings with chimmichuri.	[('food quality', 'positive', 'quacamole'), ('food quality', 'positive', 'wings with chimmichuri')]
1261	A weakness is the chicken in the salads.	[('food quality', 'negative', 'chicken in the salads')]
1262	It's just average, just shredded, no seasoning on it.	[('food quality', 'negative', 'NULL')]
1263	Also, I personally wasn't a fan of the portobello and asparagus mole.	[('food quality', 'negative', 'portobello and asparagus mole')]
1264	Overall, decent food at a good price, with friendly people.	[('food quality', 'neutral', 'food'), ('food prices', 'positive', 'food'), ('service general', 'positive', 'people')]
1265	Best Indian Restaurant in the City	[('restaurant general', 'positive', 'Indian Restaurant')]
1266	Decor needs to be upgraded but the food is amazing!	[('ambience general', 'negative', 'Decor'), ('food quality', 'positive', 'food')]
1267	This small Astoria souvlaki spot makes what many consider the best gyros in New York.	[('food quality', 'positive', 'gyros')]
1268	What really makes it shine is the food, which is aggressively seasoned with Cyrpriot spices, and all made in-house (even the gyro meat and sausages), and made of much higher quality ingredients that might otherwise be expected.	[('food quality', 'positive', 'food'), ('food quality', 'positive', 'gyro meat'), ('food quality', 'positive', 'sausages'), ('food quality', 'positive', 'ingredients')]
1269	All the various Greek and Cypriot dishes are excellent, but the gyro is the reason to come--if you don't eat one your trip was wasted.	[('food quality', 'positive', 'Greek and Cypriot dishes'), ('food quality', 'positive', 'gyro')]
1270	Best restaurant in Brooklyn	[('restaurant general', 'positive', 'restaurant')]
1271	The best!	[('restaurant general', 'positive', 'NULL')]
1272	Great food, amazing service, this place is a class act.	[('food quality', 'positive', 'food'), ('service general', 'positive', 'service'), ('restaurant general', 'positive', 'place')]
1273	The veal was incredible last night.	[('food quality', 'positive', 'veal')]
1274	Fresh, mind blowing flavors.	[('food quality', 'positive', 'NULL')]
1275	This place is a must visit!	[('restaurant general', 'positive', 'place')]
1276	Delicious, creative and fun.	[('food quality', 'positive', 'NULL'), ('food style_options', 'positive', 'NULL')]
1277	Got a date? Go here!	[('restaurant miscellaneous', 'positive', 'NULL')]
1278	Every time I have a special occasion with my boyfriend I have a hard time going anywhere else.	[('restaurant miscellaneous', 'positive', 'NULL')]
1279	It is so romantic.	[('ambience general', 'positive', 'NULL')]
1280	Its dark, and cozy.. there is always jazz music playing when we go.	[('ambience general', 'positive', 'NULL')]
1281	Most of the booths allow you to sit next to eachother without looking like 'that' couple.	[('ambience general', 'positive', 'booths')]
1282	The food is all shared so we get to order together and eat together.	[('food style_options', 'positive', 'food')]
1283	I've enjoyed 99% of the dishes we've ordered with the only exceptions being the occasional too-authentic-for-me dish (I'm a daring eater but not THAT daring).	[('food quality', 'positive', 'dishes'), ('food quality', 'negative', 'dish')]
1284	Once you try it for a special occasion beware.. you can't stop!	[('restaurant miscellaneous', 'positive', 'NULL')]
1285	You'll be ther for every anniversary, birthday, valentines day...	[('restaurant miscellaneous', 'positive', 'NULL')]
1286	For a Fabulous Wedding!	[('restaurant miscellaneous', 'positive', 'NULL')]
1287	My daughter's wedding reception at Water's Edge received the highest compliments from our guests.	"[('restaurant miscellaneous', 'positive', ""Water's Edge"")]"
1288	Everyone raved about the atmosphere (elegant rooms and absolutely incomparable views) and the fabulous food!	[('ambience general', 'positive', 'atmosphere'), ('ambience general', 'positive', 'rooms'), ('location general', 'positive', 'views'), ('food quality', 'positive', 'food')]
1289	Service was wonderful;	[('service general', 'positive', 'Service')]
1290	everyone was cheerfully cooperative and helpful.	[('service general', 'positive', 'NULL')]
1291	Paul, the maitre d', was totally professional and always on top of things.	[('service general', 'positive', 'Paul')]
1292	Thank you everyone at Water's Edge.	"[('restaurant general', 'positive', ""Water's Edge"")]"
1293	would NOT go back.	[('restaurant general', 'negative', 'NULL')]
1294	Service ok but unfriendly,filthy bathroom.	[('service general', 'negative', 'Service'), ('ambience general', 'negative', 'bathroom')]
1295	The high prices you're going to pay is for the view not for the food.	[('location general', 'neutral', 'view'), ('food quality', 'negative', 'food'), ('restaurant prices', 'negative', 'NULL')]
1296	The bar drinks were Eh, ok to say the least.	[('drinks quality', 'negative', 'bar drinks')]
1297	The stuff tilapia was horrid...tasted like cardboard.	[('food quality', 'negative', 'stuff tilapia')]
1298	We thought the dessert would be better, Wrong!	[('food quality', 'negative', 'dessert')]
1299	$170 down the toilet...	[('restaurant general', 'negative', 'NULL'), ('restaurant prices', 'negative', 'NULL')]
1300	oh speaking of bathroom , the mens bathroom was disgusting.	[('ambience general', 'negative', 'mens bathroom')]
1301	The floor was wet, the trash can filled with hand towels n all over the floor, no soap, and no hand towels left.	[('ambience general', 'negative', 'NULL')]
1302	Good Experience	[('restaurant general', 'positive', 'NULL')]
1303	The wine list was extensive - though the staff did not seem knowledgeable about wine pairings.	[('drinks style_options', 'positive', 'wine list'), ('service general', 'negative', 'staff')]
1304	"The bread we received was horrible - rock hard and cold - and the ""free"" appetizer of olives was disappointing."	[('food quality', 'negative', 'bread'), ('food quality', 'negative', 'appetizer of olives')]
1305	However, our main course was wonderful.	[('food quality', 'positive', 'main course')]
1306	I had fish and my husband had the filet - both of which exceeded our expectations.	[('food quality', 'positive', 'fish'), ('food quality', 'positive', 'filet')]
1307	The dessert (we had a pear torte) was good - but, once again, the staff was unable to provide appropriate drink suggestions.	[('food quality', 'positive', 'pear torte'), ('service general', 'negative', 'staff')]
1308	When we inquired about ports - the waitress listed off several but did not know taste variations or cost.	[('service general', 'negative', 'waitress')]
1309	Not what I would expect for the price and prestige of this location.	[('service general', 'negative', 'NULL'), ('restaurant prices', 'neutral', 'location'), ('restaurant miscellaneous', 'neutral', 'location')]
1310	All in all, I would return - as it was a beautiful restaurant - but I hope the staff pays more attention to the little details in the future.	[('restaurant general', 'positive', 'restaurant'), ('ambience general', 'positive', 'restaurant'), ('service general', 'negative', 'staff')]
1311	short and sweet – seating is great:it's romantic,cozy and private.	[('ambience general', 'positive', 'seating')]
1312	The boths are not as small as some of the reviews make them out to look they're perfect for 2 people.	[('ambience general', 'positive', 'boths')]
1313	The service was extremely fast and attentive(thanks to the service button on your table) but I barely understood 1 word when the waiter took our order.	[('service general', 'positive', 'service'), ('service general', 'positive', 'service button'), ('service general', 'negative', 'waiter')]
1314	The food was ok and fair nothing to go crazy.	[('food quality', 'neutral', 'food')]
1315	Over all the looks of the place exceeds the actual meals.	[('ambience general', 'positive', 'looks'), ('food quality', 'negative', 'meals')]
1316	So what you really end up paying for is the restaurant not the food.	[('restaurant prices', 'negative', 'restaurant'), ('ambience general', 'neutral', 'restaurant'), ('food quality', 'negative', 'food')]
1317	Will prob. not return but it is a great dinning experience to try atleast once.	[('restaurant general', 'negative', 'NULL'), ('restaurant general', 'positive', 'NULL')]
1318	Impressed...	[('restaurant general', 'positive', 'NULL')]
1319	Subtle food and service	[('food quality', 'positive', 'food'), ('service general', 'positive', 'service')]
1320	Noodle pudding is exactly the type of service and food I enjoy.	[('service general', 'positive', 'service'), ('food quality', 'positive', 'food')]
1321	Servers are all different, Greg is my favorite.	[('service general', 'positive', 'Greg')]
1322	Sometimes tables don't understand his sense of humor but it's refreshing to have a server who has personality, professionalism, and respects the privacy of your dinner.	[('service general', 'positive', 'server')]
1323	This is the first place I've been that a runner remembers my order... hope he likes his job because I have half a mind to steal him for my restaurant.	[('service general', 'positive', 'runner')]
1324	Prices are fair across the board for both food and bev.	[('food prices', 'positive', 'food'), ('drinks prices', 'positive', 'bev')]
1325	I go out to eat and like my courses, servers are patient and never rush courses or force another drink.	[('service general', 'positive', 'servers')]
1326	amazing fresh dogs but best of all endless toppings!!!	[('food quality', 'positive', 'dogs'), ('food style_options', 'positive', 'toppings')]
1327	this place had ALL the trimmings and i mean all.	[('food style_options', 'positive', 'trimmings')]
1328	peppers, onions, relish, chilli, cheeses, you NAME it.	[('food style_options', 'positive', 'NULL')]
1329	amazing fun for hot dog lovers of all ages PLEASE do yourself a favor and check this place out!!!!	[('restaurant general', 'positive', 'place'), ('food quality', 'positive', 'hot dog')]
1330	BEST DINING EXPERIENCE IN THE WEST VILLAGE!	[('restaurant general', 'positive', 'NULL')]
1331	Stepping into Casa La Femme last night was a true experience unlike any other in New York!	[('restaurant general', 'positive', 'Casa La Femme')]
1332	Highly impressed from the decor to the food to the hospitality to the great night I had!	[('ambience general', 'positive', 'decor'), ('food quality', 'positive', 'food'), ('service general', 'positive', 'NULL'), ('restaurant general', 'positive', 'NULL')]
1333	The have a great cocktail with Citrus Vodka and lemon and lime juice and mint leaves that is to die for!	[('drinks quality', 'positive', 'cocktail with Citrus Vodka and lemon and lime juice and mint leaves')]
1334	Food took some time to prepare, all worth waiting for.	[('food quality', 'positive', 'Food'), ('service general', 'neutral', 'NULL')]
1335	We were drawn into the belly dancing show that captivated the crowd.	[('ambience general', 'positive', 'belly dancing show')]
1336	I never write on these sites but this restaurant is def worth commending!	[('restaurant general', 'positive', 'restaurant')]
1337	Great find in the West Village!	[('restaurant general', 'positive', 'NULL')]
1338	Maggot in the food!	[('food quality', 'negative', 'food')]
1339	The menu looked great, and the waiter was very nice, but when the food came, it was average.	[('food style_options', 'positive', 'menu'), ('service general', 'positive', 'waiter'), ('food quality', 'neutral', 'food')]
1340	Nevertheless, I finished my plate, and that's when I found a maggot in mushroom sauce at the bottom.	[('food quality', 'negative', 'mushroom sauce')]
1341	I showed it to the manager, and he smilingly apologized and brought us two free desserts (but did not ask us what we wanted and so brought the last two desserts we would have asked for).	[('service general', 'positive', 'manager'), ('service general', 'negative', 'manager')]
1342	When the bill came, nothing was comped, so I told the manager very politely that we were willing to pay for the wine, but I didn't think I should have to pay for food with a maggot in it.	[('service general', 'negative', 'NULL')]
1343	The manager finally said he would comp the two glasses of wine (which cost less than the food), and made it seem like a big concession.	[('service general', 'negative', 'manager')]
1344	We paid and left because we didn't feel like arguing any more.	[('service general', 'negative', 'NULL')]
1345	I have worked in restaurants and cook a lot, and there is no way a maggot should be able to get into well prepared food.	[('food quality', 'negative', 'food')]
1346	For a restaurant with such a good reputation and that is usually so packed, there was no reason for such a lack of intelligent customer service.	[('restaurant miscellaneous', 'positive', 'restaurant'), ('service general', 'negative', 'customer service')]
1347	Unhygienic	[('food quality', 'negative', 'NULL')]
1348	I do not recommend.	[('restaurant general', 'negative', 'NULL')]
1349	I got hair in my food 2 times of then !	[('food quality', 'negative', 'food')]
1350	Great place, great value.	[('restaurant general', 'positive', 'place'), ('restaurant prices', 'positive', 'place')]
1351	The food is flavorful, plentiful and reasonably priced.	[('food quality', 'positive', 'food'), ('food style_options', 'positive', 'food'), ('food prices', 'positive', 'food')]
1352	The atmosphere is relaxed and casual.	[('ambience general', 'positive', 'atmosphere')]
1353	It's a great place to order from or sit-in.	[('restaurant miscellaneous', 'positive', 'place')]
1354	Awesome	[('restaurant general', 'positive', 'NULL')]
1355	Inexpensive, unassuming, great time!	[('restaurant prices', 'positive', 'NULL'), ('restaurant general', 'positive', 'NULL')]
1356	Sushi experience was unbelievable with my fiance.	[('food quality', 'positive', 'Sushi')]
1357	Try it!	[('restaurant general', 'positive', 'NULL')]
1358	Very pleased	[('restaurant general', 'positive', 'NULL')]
1359	Good creative rolls!	[('food quality', 'positive', 'rolls'), ('food style_options', 'positive', 'rolls')]
1360	Yamato is an excellent place to go if youre not into sashimi, or if you have friends who doesnt like sushi much.	[('restaurant miscellaneous', 'positive', 'Yamato')]
1361	They have great rolls, the triple color and norwegetan rolls, are awesome and filling.	[('food quality', 'positive', 'rolls'), ('food quality', 'positive', 'triple color and norwegetan rolls'), ('food style_options', 'positive', 'triple color and norwegetan rolls')]
1362	One special roll and one regular roll is enough to fill you up, but save room for dessert!	[('food quality', 'positive', 'dessert'), ('food style_options', 'positive', 'special roll'), ('food style_options', 'positive', 'regular roll')]
1363	They have a delicious banana chocolate dessert, as well as a great green tea tempura.	[('food quality', 'positive', 'banana chocolate dessert'), ('food quality', 'positive', 'green tea tempura')]
1364	The appetizers are also delicious!	[('food quality', 'positive', 'appetizers')]
1365	Amazing food.	[('food quality', 'positive', 'food')]
1366	Mazing interior.	[('ambience general', 'negative', 'interior')]
1367	Great food!	[('food quality', 'positive', 'food')]
1368	I've had my fair share of modern Japanese and this spot delivers.	[('food quality', 'positive', 'modern Japanese')]
1369	The atmosphere was pretty nice but had a bit lacking, which it tries to make up for with a crazy scheme of mirrors.	[('ambience general', 'negative', 'atmosphere'), ('ambience general', 'negative', 'scheme of mirrors')]
1370	If you're into being lost when you're just five feet from your table then hey, that's a good thing.	[('ambience general', 'negative', 'NULL')]
1371	Despite the confusing mirrors this will likely be my go-to for modern Japanese food for the foreseeable future.	[('food quality', 'positive', 'modern Japanese food'), ('ambience general', 'negative', 'mirrors')]
1372	Indo Chinese food, pretty good...	[('food quality', 'positive', 'Indo Chinese food')]
1373	Not a very fancy place but very good Chinese style Indian food.	[('ambience general', 'neutral', 'place'), ('food quality', 'positive', 'Chinese style Indian food')]
1374	The chicken lollipop is my favorite, most of the dishes (I have to agree with a previous reviewer) are quite oily and very spicy, espeically the Chilli Chicken.	[('food quality', 'positive', 'chicken lollipop'), ('food quality', 'negative', 'dishes'), ('food quality', 'negative', 'Chilli Chicken')]
1375	My mom originally introduced me to this place, but even she (being Indian) feels the food can be somewhat over the top spicy and far too oily.	[('food quality', 'negative', 'food')]
1376	Still we keep going back :)	[('restaurant general', 'positive', 'NULL')]
1377	I was speechless by the horrible food.	[('food quality', 'negative', 'food')]
1378	I attended a holiday dinner at the restaurant, and the food was majorly disappointing.	[('food quality', 'negative', 'food')]
1379	Rather than preparing vegetarian dish, the chef presented me with a plate of steamed vegetables (minus sauce, seasoning, or any form or aesthetic presentation).	[('service general', 'negative', 'chef'), ('food quality', 'negative', 'vegetarian dish'), ('food style_options', 'negative', 'vegetarian dish')]
1380	I was so stunned, and I left the dinner hungry and majorly disappointing.	[('restaurant general', 'negative', 'NULL')]
1381	This place survives on reputation alone.	[('restaurant miscellaneous', 'negative', 'place')]
1382	I will NEVER return.	[('restaurant general', 'negative', 'NULL')]
1383	Best In ALL of NYC	[('restaurant general', 'positive', 'NULL')]
1384	This is the MOST wonderful restaurant in all of New York City, not just Brooklyn...	[('restaurant general', 'positive', 'restaurant')]
1385	for 7 years they have put out the most tasty, most delicious food and kept it that way...	[('food quality', 'positive', 'food')]
1386	never swaying, never a bad meal, never bad service...	[('restaurant general', 'positive', 'NULL'), ('food quality', 'positive', 'meal'), ('service general', 'positive', 'service')]
1387	you should travel from the Bronx to try it...	[('restaurant general', 'positive', 'NULL')]
1388	great food, great wine list, great service in a great neighborhood...	[('food quality', 'positive', 'food'), ('drinks style_options', 'positive', 'wine list'), ('service general', 'positive', 'service'), ('location general', 'positive', 'neighborhood')]
1389	so delicious!!!!!!	[('food quality', 'positive', 'NULL')]
1390	Patsy's Pizza = true love	"[('restaurant general', 'positive', ""Patsy's Pizza"")]"
1391	Hands down the best pizza on the planet.	[('food quality', 'positive', 'pizza')]
1392	In about 12 minutes, the thing is gone.	[('food quality', 'positive', 'NULL')]
1393	great hot dogs..	[('food quality', 'positive', 'hot dogs')]
1394	the hot dogs were juicy and tender inside and had plenty of crunch and snap on the outside.	[('food quality', 'positive', 'hot dogs')]
1395	great toppings definitely a place you need to check out for late night munchies or a mid day boost!	[('food quality', 'positive', 'toppings'), ('restaurant miscellaneous', 'positive', 'place')]
1396	great taste	[('food quality', 'positive', 'NULL')]
1397	Great, original taste.	[('food quality', 'positive', 'NULL')]
1398	For me dishes a little oily, but overall dining experience good.	[('food quality', 'negative', 'dishes'), ('restaurant general', 'positive', 'NULL')]
1399	Helpful service and average price per dish $10.	[('service general', 'positive', 'service'), ('food prices', 'positive', 'dish')]
1400	The only thing that strikes you is the decor?(not very pleasant).	[('ambience general', 'negative', 'decor')]
1401	great food	[('food quality', 'positive', 'food')]
1402	This place has great indian chinese food.	[('food quality', 'positive', 'indian chinese food')]
1403	The flavors are amazing and the value is phenomenal.	[('food quality', 'positive', 'NULL'), ('food prices', 'positive', 'NULL')]
1404	Be prepared to wait, because the place is pretty tiny.	[('restaurant miscellaneous', 'negative', 'place')]
1405	Also, they do not take credit card so come with cash!	[('restaurant miscellaneous', 'neutral', 'NULL')]
1406	Even though the place is not beautiful, the food speaks for itself.	[('ambience general', 'negative', 'place'), ('food quality', 'positive', 'food')]
1407	Best Indian Chinese in the city, by far!	[('food quality', 'positive', 'Indian Chinese')]
1408	AMAZING MY FAVORITE!!!	[('restaurant general', 'positive', 'NULL')]
1409	I came across Village Underground by accident, now I go there all the time.	[('restaurant general', 'positive', 'Village Underground')]
1410	The martinis are amazing and very fairly priced.	[('drinks quality', 'positive', 'martinis'), ('drinks prices', 'positive', 'martinis')]
1411	THE SERVICE IS AMAZING, i've had different waiters and they were all nice, which is a rare thing in NYC.	[('service general', 'positive', 'SERVICE'), ('service general', 'positive', 'waiters')]
1412	The DJ is awesome, I have been there for my birthday and a bunch of other times with friends and I keep going back.	[('ambience general', 'positive', 'DJ'), ('restaurant general', 'positive', 'NULL')]
1413	You can get a table without a reservation if you get there early I they don't make you by bottles.	[('service general', 'positive', 'NULL')]
1414	Which lets face it....at times it's a good thing.	[('service general', 'positive', 'NULL')]
1415	In the end you end up with a fair tab and NOTHING BUT A GREAT TIME!!!	[('restaurant prices', 'positive', 'NULL'), ('restaurant general', 'positive', 'NULL')]
1416	Highly recommended!	[('restaurant general', 'positive', 'NULL')]
1417	One of the best, if not THE best, restaurants in Park Slope (and NY in general)	[('restaurant general', 'positive', 'NULL')]
1418	Everything on the menu is great. 	[('food quality', 'positive', 'menu')]
1419	This establishment is the real deal. 	[('restaurant general', 'positive', 'establishment')]
1420	Wish NY had more of these kind of places: intimate, superb food, homey, top notch all the way around, certainly worth the wait.	[('ambience general', 'positive', 'NULL'), ('food quality', 'positive', 'food'), ('restaurant general', 'positive', 'NULL')]
1421	But $500 for a dinner for two that didn't include Wine?	[('food prices', 'negative', 'dinner for two')]
1422	Look, the appetizers were really good.	[('food quality', 'positive', 'appetizers')]
1423	The entree was also very good.	[('food quality', 'positive', 'entree')]
1424	Can't argue about that, but they are clearly over priced.	[('food prices', 'negative', 'NULL')]
1425	What you are paying for is the environment and the name.	[('ambience general', 'neutral', 'environment'), ('restaurant miscellaneous', 'neutral', 'NULL'), ('restaurant prices', 'negative', 'NULL')]
1426	Yes, the place is classy and beautiful, but they most certainly target the uber whealthy Not the common joe that wants to go all out every once in a while.	[('ambience general', 'positive', 'place'), ('restaurant prices', 'negative', 'place')]
1427	Which of course is not real Kobe but Wagyu beef.	[('food quality', 'negative', 'NULL')]
1428	Surprised that a place of this caliber would advertise it as Kobe.	[('restaurant miscellaneous', 'negative', 'NULL')]
1429	Vanison was good but not amazing.	[('food quality', 'neutral', 'Vanison')]
1430	Bison was quite excellent however.	[('food quality', 'positive', 'Bison')]
1431	Dessert: pure disaster.	[('food quality', 'negative', 'Dessert')]
1432	Just not good at all.	[('food quality', 'negative', 'NULL')]
1433	Some Pineapple covered in a glaze of some kind and some pear tart thing Not impressive at all.	[('food style_options', 'negative', 'NULL'), ('food quality', 'negative', 'NULL')]
1434	I read reviews that called the restaurant too expensive and I thought to myself, but may be it is worth it.	[('restaurant prices', 'negative', 'restaurant'), ('restaurant general', 'negative', 'restaurant')]
1435	"The Four Seasons has history and it is a sort of landmark of New York City restaurants, but trust me, they will charge you through the nose just so that you can say ""I've been to the four seasons restaurant""."	[('restaurant miscellaneous', 'neutral', 'The Four Seasons'), ('restaurant prices', 'negative', 'The Four Seasons')]
1436	I wanted to go there to see if it was worth it and sadly, curiousity got the best of me and I paid dearly for it.	[('restaurant general', 'negative', 'NULL'), ('restaurant prices', 'negative', 'NULL')]
1437	All in all, the food was great (except for the dessserts).	[('food quality', 'positive', 'food'), ('food quality', 'negative', 'dessserts')]
1438	The environment is very upscale and you will see a lot of rich guys with trophy wives or just highly paid escorts.	[('ambience general', 'neutral', 'environment'), ('restaurant miscellaneous', 'neutral', 'NULL')]
1439	If you are going for the food, it will not be worth it.	[('food quality', 'negative', 'food')]
1440	You would think they would make up for it with service, sadly, no.	[('service general', 'negative', 'service')]
1441	Service was just ok, it is not what you'd expect for $500.	[('service general', 'negative', 'Service'), ('restaurant prices', 'negative', 'NULL')]
1442	Terrible Waste of money.. scammers	[('restaurant general', 'negative', 'NULL'), ('restaurant prices', 'negative', 'NULL')]
1443	I agree that dining at Casa La Femme is like no other dining experience!	[('restaurant general', 'negative', 'Casa La Femme')]
1444	I am actually offended to have spent so much money on such a bad experience.	[('restaurant general', 'negative', 'NULL'), ('restaurant prices', 'negative', 'NULL')]
1445	I literally just got back home after visiting Casa La Femme and was so offended by my visit felt it necessary to try and warn other diners who value their money and time.	[('restaurant general', 'negative', 'Casa La Femme'), ('restaurant prices', 'negative', 'Casa La Femme')]
1446	Our visit their to say the least, was an unpleasant and costly experience!	[('restaurant general', 'negative', 'NULL'), ('restaurant prices', 'negative', 'NULL')]
1447	And even more so unpleasant because it was so costly for such an unpleasant experience.	[('restaurant general', 'negative', 'NULL'), ('restaurant prices', 'negative', 'NULL')]
1448	We did arrive late for our reservation so I can not complain too much about the wait for a table.	[('service general', 'neutral', 'wait')]
1449	Although we were told 10-15 minutes and it was more like 45 minutes.	[('service general', 'negative', 'NULL')]
1450	We were ushered to the bar to wait momentarily and upon arrival were so excited.	[('restaurant general', 'positive', 'NULL')]
1451	The place is beautiful!	[('ambience general', 'positive', 'place')]
1452	The hostess was very pleasant.	[('service general', 'positive', 'hostess')]
1453	However, our $14 drinks were were horrible!	[('drinks quality', 'negative', 'drinks'), ('drinks prices', 'negative', 'drinks')]
1454	Once we finally got a table, despite indicating we wanted an alla carte menu we were pushed into a table that was only price fixed!	[('service general', 'negative', 'NULL')]
1455	Our experience did not ever get any better.	[('restaurant general', 'negative', 'NULL')]
1456	For each course we waited over 1/2 hour to 45 minutes and were never offered a drink.	[('service general', 'negative', 'NULL')]
1457	We also asked for Hooka six times and the waiter kept telling us one minute and never returning with the Hooka.	[('service general', 'negative', 'waiter')]
1458	After the 4th time i asked again and the waiter than said after our dinner.	[('service general', 'negative', 'waiter')]
1459	We asked for beverages and never received them.	[('service general', 'negative', 'NULL')]
1460	We asked for sides which the waiter than admitted that he forgot to put in that part of our order.	[('service general', 'negative', 'waiter')]
1461	My chicken was inedible as there were so many fatty lumps which i had to keep spitting out into my napkin.	[('food quality', 'negative', 'chicken')]
1462	I would not expect this for a $55 dinner.	[('food quality', 'negative', 'dinner'), ('food prices', 'negative', 'dinner')]
1463	By the time we finished our dinner we still had not received one beverage NOR hooka!	[('service general', 'negative', 'NULL')]
1464	What we did do was waste 3 hours being trapped in a table waiting and waiting for food and drinks and hooka.. some of which we never received!	[('service general', 'negative', 'NULL')]
1465	The only beverage we did receive was water in dirty glasses!	[('service general', 'negative', 'NULL')]
1466	To top it all off.. the main reason we came to your restaurant was for the belly dancers and missed the first show as we were not seated yet and the 2nd belly dancer only danced at two tables in the back of the restaurant and never made it around to the other half of the restaurant.	[('service general', 'negative', 'NULL'), ('restaurant miscellaneous', 'negative', 'NULL')]
1467	By the time we left our wallets were empy and so were our stomachs AND we missed the show we were supposed to see following our dinner, which would have been acceptable if we got to enjoy the experience of good food and belly dancers!	[('food quality', 'negative', 'food'), ('restaurant prices', 'negative', 'NULL'), ('restaurant miscellaneous', 'negative', 'NULL')]
1468	If it seemed possible to do so while there I would have fought my bill since my dinner portion of my meal was inedible!	[('food quality', 'negative', 'meal'), ('restaurant prices', 'negative', 'NULL')]
1469	I have never left a restaurant feeling as if i was abused, and wasted my hard earned money.	[('restaurant general', 'negative', 'restaurant'), ('restaurant prices', 'negative', 'restaurant')]
1470	MY husbands birthday and my sons was not as it was intended... and we drove two hours to spend too much money to be treated terribly!	[('restaurant general', 'negative', 'NULL'), ('restaurant prices', 'negative', 'NULL'), ('service general', 'negative', 'NULL')]
1471	I wish I COULD be refunded!	[('restaurant general', 'negative', 'NULL')]
1472	Don't go with a larger group than 4! 	[('restaurant miscellaneous', 'negative', 'NULL')]
1473	At first we were a little taken aback, as this seemed to present a problem, although the restaurant looked fairly empty, but they hastily put the table together for us.	[('service general', 'positive', 'NULL')]
1474	The menu is fairly simple without much descriptions. 	[('food style_options', 'neutral', 'menu')]
1475	There was no tap beer that evening, which was a disappointment. 	[('drinks style_options', 'negative', 'beer')]
1476	Not much of a selection of bottled beer either, we went with Brahma. 	[('drinks style_options', 'negative', 'selection of bottled beer')]
1477	The appetizers we ordered were served quickly - an order of fried oysters and clams were delicious but a tiny portion (maybe 3 of each). 	[('food quality', 'positive', 'fried oysters and clams'), ('food style_options', 'negative', 'fried oysters and clams'), ('service general', 'positive', 'NULL')]
1478	The lobster knuckles (special of the day) were ok, but pretty tasteless.	[('food style_options', 'neutral', 'lobster knuckles'), ('food quality', 'negative', 'lobster knuckles')]
1479	"I believe there were 2 shrimp in the ""salt encrusted shrimp"" appetizer. "	[('food style_options', 'negative', 'salt encrusted shrimp appetizer')]
1480	"She replied ""well it would be more convenient for us if you ordered now, since you are a larger party, and it might get crowded."" "	[('service general', 'negative', 'NULL')]
1481	The food arrived in about 15 minutes. 	[('service general', 'neutral', 'NULL')]
1482	I had the Thai style Fried Sea Bass...which was very good. 	[('food quality', 'positive', 'Thai style Fried Sea Bass')]
1483	Everyone seemed generally happy with their food, except my brother who had the grilled Mahi Mahi, seemingly drenched in Grapfruit Juice! 	[('food quality', 'positive', 'food'), ('food quality', 'negative', 'grilled Mahi Mahi'), ('food style_options', 'negative', 'grilled Mahi Mahi')]
1484	I heard the lobster roll was excellent. 	[('food quality', 'positive', 'lobster roll')]
1485	They seemed to continue to rush us along, taking plates without asking if we were done (my sister still had her fork in hand). 	[('service general', 'negative', 'NULL')]
1486	All in all the food was good - a little on the expensive side, but fresh. 	[('food quality', 'positive', 'food'), ('food prices', 'negative', 'food')]
1487	"Service not the friendliest to our ""large party""! "	[('service general', 'negative', 'Service')]
1488	Probably would not go back here.	[('restaurant general', 'negative', 'NULL')]
1489	Great Indian food	[('food quality', 'positive', 'Indian food')]
1490	Food was amazing - I love Indian food and eat it quite regularly, but I can say this is one of the best I've had.	[('food quality', 'positive', 'Food')]
1491	"Very ""normal Indian food"", but done really well."	[('food style_options', 'neutral', 'Indian food'), ('food quality', 'positive', 'Indian food')]
1492	I have it a 4 instead of 5 because of the price (just chicken tikka masala - no bread of rice - is $25), which I would expect at a upscale Indian restaurant but this place doesn't have an upscale feel.	[('restaurant general', 'positive', 'place'), ('restaurant prices', 'negative', 'place'), ('food prices', 'negative', 'chicken tikka masala'), ('ambience general', 'negative', 'feel')]
1493	Also, waiters try to push more food on you, like suggest things as if they are complimentary when they actually cost $.	[('service general', 'negative', 'waiters')]
1494	I don't appreciate places or people that try to drive up the bill without the patron's knowledge so that was a huge turnoff (more than the price).	[('service general', 'negative', 'NULL'), ('restaurant prices', 'negative', 'NULL')]
1495	But if you're prepared to spend some $ and remember to ask if something they offer is complimentary, then this is the place to go for Indian food	[('food quality', 'positive', 'Indian food'), ('restaurant prices', 'negative', 'place')]
1496	One of the BEST	[('restaurant general', 'positive', 'NULL')]
1497	"Bukhara Grill, the tagline says it all.. ""INDIAN SPICE RAVE"""	[('restaurant general', 'positive', 'Bukhara Grill')]
1498	The lunch buffet is expensive but is deff worth it.	[('food prices', 'negative', 'lunch buffet'), ('food quality', 'positive', 'lunch buffet')]
1499	We have gone for dinner only a few times but the same great quality and service is given.	[('service general', 'positive', 'service'), ('food quality', 'positive', 'dinner')]
1500	Bukhara is on my top 5 Indian places in NYC	[('restaurant general', 'positive', 'Bukhara')]
1501	Wretched and retching	[('restaurant general', 'negative', 'NULL')]
1502	I have never been so disgusted by both food an service.	[('food quality', 'negative', 'food'), ('service general', 'negative', 'service')]
1503	For starters they delivered us someone else's order.	[('service general', 'negative', 'NULL')]
1504	However, once I received my predictably mediocre order of what Dokebi thinks passes as Korean fair, (sometimes you have to settle when it's your only option), I got through about half my kimchee before I found a piece of random lettuce accompanied by a far more disgusting, slimy, clearly bad piece of fish skin.	[('food quality', 'negative', 'kimchee'), ('food quality', 'negative', 'Korean fair')]
1505	My main concern was the sanity of the food that was being sent out to myself and others, but I would be lying is I said that as someone who has worked in restaurants since the age of fifteen I was expecting at least a minimal effort on the part of the restaurant to amend the situation.	[('food quality', 'negative', 'food'), ('service general', 'negative', 'NULL')]
1506	None was made so i hung up.	[('service general', 'negative', 'NULL')]
1507	Less than three minutes passed before I found myself doubled over the toilet.	[('food quality', 'negative', 'NULL')]
1508	My girlfriend, being slightly more aggressive, and having been equally disgusted causing her to throw out the remainder of her barely eaten meal, called back only to be informed that I was probably wrong and that it was most likely an oyster, and that we were also blacklisted from their restaurant.	[('food quality', 'negative', 'meal'), ('service general', 'negative', 'NULL')]
1509	It wasn't as if this restaurant had any major bragging points before hand, but now it's simply repulsive.	[('restaurant general', 'negative', 'restaurant')]
1510	Eat at your own risk.	[('food quality', 'negative', 'NULL')]
1511	Gorgeous place ideal for a romantic dinner	[('ambience general', 'positive', 'place'), ('restaurant miscellaneous', 'positive', 'place')]
1512	I book a gorgeous white organza tent which included a four course prix fix menu which we enjoyed a lot.	[('food quality', 'positive', 'four course prix fix menu'), ('ambience general', 'positive', 'white organza tent')]
1513	The service was spectacular as the waiter knew everything about the menu and his recommendations were amazing!	[('service general', 'positive', 'service'), ('service general', 'positive', 'waiter')]
1514	I completely recommend Casa La Femme for any special occasion and to REALLY impress your date.	[('restaurant miscellaneous', 'positive', 'Casa La Femme')]
1515	More Williamsburg Garbage	[('restaurant general', 'negative', 'NULL')]
1516	The dishes came out around 5 minutes apart.	[('service general', 'negative', 'NULL')]
1517	The bibimbap was average, but the stone bowl wasn't even close to sizzling.	[('food quality', 'neutral', 'bibimbap'), ('food style_options', 'negative', 'stone bowl')]
1518	Too bad I had paid an extra $2 for the stone bowl.	[('food prices', 'negative', 'stone bowl')]
1519	The nakgi-bokum was horrible.	[('food quality', 'negative', 'nakgi-bokum')]
1520	Easily the worst stir-fried squid I've ever tasted.	[('food quality', 'negative', 'stir-fried squid')]
1521	The sauce tasted more like Chinese fast food than decent Korean.	[('food quality', 'negative', 'sauce')]
1522	The side dishes were passable, and I did get a refill upon request.	[('food quality', 'neutral', 'side dishes'), ('food style_options', 'neutral', 'side dishes')]
1523	The real problem I had with this place was the complete lack of service.	[('service general', 'negative', 'service')]
1524	She just nodded and walked off.	[('service general', 'negative', 'NULL')]
1525	As to my comment about the food, no apology or acknowledgment was made.	[('service general', 'negative', 'NULL')]
1526	My wife had barely touched that mess of a dish.	[('food quality', 'negative', 'dish')]
1527	We were charged full price.	[('service general', 'negative', 'NULL')]
1528	Lives up to the hype	[('restaurant general', 'positive', 'NULL')]
1529	We've tried before but it always packed and doesn't take reservations.	[('restaurant miscellaneous', 'neutral', 'NULL')]
1530	It was well worth the wait.	[('restaurant general', 'positive', 'NULL')]
1531	The wife had the risotto which was amazing.	[('food quality', 'positive', 'risotto')]
1532	It doesn't look appetizing as it's covered in squid ink and it turns your lips and teeth black, but the taste was phenomenal.	[('food style_options', 'negative', 'NULL'), ('food quality', 'positive', 'NULL')]
1533	The farro salad and the mashed yukon potatoes were also extremely tasty.	[('food quality', 'positive', 'farro salad'), ('food quality', 'positive', 'mashed yukon potatoes')]
1534	i love margherita pizza – i looove east village pizza	[('restaurant general', 'positive', 'east village pizza'), ('food quality', 'positive', 'margherita pizza')]
1535	Love this place, every time we are in the city this is one of the places we always go.	[('restaurant general', 'positive', 'place')]
1536	A quintessential slice of NYC pizza.	[('food quality', 'neutral', 'slice of NYC pizza')]
1537	The crust has a great bite and a good chew, the sauce is light with a nice acidity to it, the salt from the cheese is great, really heightens the flavor of all the other components.	[('food quality', 'positive', 'crust'), ('food quality', 'positive', 'sauce'), ('food quality', 'positive', 'cheese')]
1538	Personally I like the margherita pizza better, but they are all good.	[('food quality', 'positive', 'margherita pizza'), ('food quality', 'positive', 'NULL')]
1539	Possibly the Most Romantic Restaurant in the City	[('ambience general', 'positive', 'Restaurant')]
1540	This is undoubtedly my favorite modern Japanese brasserie (that don’t serve sushi), and in my opinion, one of the most romantic restaurants in the city!	[('restaurant general', 'positive', 'modern Japanese brasserie'), ('ambience general', 'positive', 'modern Japanese brasserie')]
1541	Not only is it an adventure getting to this somewhat hidden spot, once you enter the unmarked wooden doors, the zen and intimate décor will make you feel like you’re no longer in the city.	[('location general', 'neutral', 'spot'), ('ambience general', 'positive', 'unmarked wooden doors'), ('ambience general', 'positive', 'décor')]
1542	If you’re planning to come here, make sure that your date is someone whom you really like since you’ll be ushered to private booths where there will be no people or food watching (choose the ones on the ground level that have glass ceilings so you may see the stars in the sky!).	[('ambience general', 'positive', 'private booths'), ('ambience general', 'positive', 'glass ceilings')]
1543	It’s just you and your date and an occasional cute ‘excuse me’ before the waiter opens the little curtain to your booth!	[('ambience general', 'positive', 'NULL'), ('service general', 'positive', 'waiter')]
1544	My party had the BBE $29 fixe prix menu, which was such a wonderful deal since it also came with a flight of sake!	[('food prices', 'positive', 'BBE $29 fixe prix menu'), ('food style_options', 'positive', 'BBE $29 fixe prix menu')]
1545	We started off with a delightful sashimi amuse bouche.	[('food quality', 'positive', 'sashimi amuse bouche')]
1546	I picked the Grilled Black Cod as my entree, which I absolutely devoured while someone commented that the Grilled Salmon dish was better.	[('food quality', 'positive', 'Grilled Black Cod'), ('food quality', 'positive', 'Grilled Salmon dish')]
1547	The sake’s complimented the courses very well and is successfully easing me into the sake world.	[('drinks quality', 'positive', 'sake’s')]
1548	For desserts, we tried the frozen black sesame mousse (interesting but not extraordinary) and matcha (powdered green tea) and blueberry cheesecake, which was phenomenal.	[('food quality', 'neutral', 'frozen black sesame mousse'), ('food quality', 'positive', 'matcha (powdered green tea) and blueberry cheesecake')]
1549	Maybe it was the great company (I had friends visiting from Philly – yes, it was not a date this time) or the super reasonable price point, but I just can’t say enough good things about this brasserie.	[('restaurant general', 'positive', 'brasserie'), ('restaurant prices', 'positive', 'brasserie')]
1550	I don’t usually visit the same establishment more than once, what more twice, but I’ll come to Zenkichi anytime for a quiet, unhurried and memorable dinner.	[('restaurant general', 'positive', 'Zenkichi'), ('ambience general', 'positive', 'Zenkichi')]
1551	Terrible would be a compliment!	[('restaurant general', 'negative', 'NULL')]
1552	The service leaves much to be desired, from feeling like you are rushed the place your order, to being ignored the rest of the night.	[('service general', 'negative', 'service')]
1553	We paid a fixed pricce but got nothing!!	[('service general', 'negative', 'NULL')]
1554	We never ate because by close to 2 in the monring we were not served and were too upset ad tired to start eating.	[('service general', 'negative', 'NULL')]
1555	They are extremely rude, not even apologizing for the horrible service we got and handing us a bill well over $500 for some drinks adn their pita bread!	[('service general', 'negative', 'service'), ('drinks prices', 'negative', 'drinks'), ('food prices', 'negative', 'pita bread'), ('service general', 'negative', 'NULL')]
1556	Stay away	[('restaurant general', 'negative', 'NULL')]
1557	Great Shabu Shabu	[('food quality', 'positive', 'Shabu Shabu')]
1558	I love it.	[('restaurant general', 'positive', 'NULL')]
1559	I tried a couple other dishes but wasn't too impressed.	[('food quality', 'neutral', 'dishes')]
1560	But for the Shabu Shabu, you won't find much better in NY.	[('food quality', 'positive', 'Shabu Shabu')]
1561	The meat is fresh, the sauces are great, you get kimchi and a salad free with your meal and service is good too.	[('food quality', 'positive', 'meat'), ('food quality', 'positive', 'sauces'), ('service general', 'positive', 'service'), ('food style_options', 'positive', 'meal'), ('food prices', 'positive', 'kimchi'), ('food prices', 'positive', 'salad')]
1562	Dokebi gives Williamsburg the right one-two punch of classic Korean food and fusion twists like pork belly tacos.	[('food quality', 'positive', 'Korean food'), ('food quality', 'positive', 'fusion twists'), ('food quality', 'positive', 'pork belly tacos')]
1563	The hot dogs are good, yes, but the reason to get over here is the fantastic pork croquette sandwich, perfect on its supermarket squishy bun.	[('food quality', 'positive', 'hot dogs'), ('food quality', 'positive', 'pork croquette sandwich'), ('food quality', 'positive', 'bun')]
1564	Restaurant with a view	[('location general', 'neutral', 'view')]
1565	The food tasted very good.	[('food quality', 'positive', 'food')]
1566	The family seafood entree was very good.	[('food quality', 'positive', 'family seafood entree')]
1567	The main entree was also very good.	[('food quality', 'positive', 'main entree')]
1568	Price is high but the food is good, so I would come back again.	[('food quality', 'positive', 'food'), ('food prices', 'negative', 'food'), ('restaurant general', 'positive', 'NULL')]
1569	This place doesn't make any sense	[('restaurant general', 'negative', 'place')]
1570	Just want to warn you all - don't waste your time and money.	[('restaurant general', 'negative', 'NULL')]
1571	This place has totally weird decor, stairs going up with mirrored walls - I am surprised how no one yet broke their head or fall off the stairs - mirrored walls make you dizzy and delusional...	[('ambience general', 'negative', 'decor'), ('ambience general', 'negative', 'mirrored walls')]
1572	This place is not inviting and the food is totally weird.	[('ambience general', 'negative', 'place'), ('food quality', 'negative', 'food')]
1573	The concept of japanese tapas is newly created and clearly doesn't work.	[('food style_options', 'negative', 'japanese tapas')]
1574	The food they serve is not comforting, not appetizing and uncooked.	[('food quality', 'negative', 'food')]
1575	Good Food	[('food quality', 'positive', 'Food')]
1576	The food was great and tasty, but the sitting space was too small, I don't like being cramp in a corner.	[('food quality', 'positive', 'food'), ('ambience general', 'negative', 'sitting space')]
1577	Over all it was a very nice romantic place .	[('restaurant general', 'positive', 'place'), ('ambience general', 'positive', 'place')]
1578	Loved it	[('restaurant general', 'positive', 'NULL')]
1579	A coworker and I tried Pacifico after work a few Fridays and loved it.	[('restaurant general', 'positive', 'Pacifico')]
1580	The atmosphere was great.	[('ambience general', 'positive', 'atmosphere')]
1581	The food we ordered was excellent, although I wouldn't say the margaritas were anything to write home about.	[('food quality', 'positive', 'food'), ('drinks quality', 'neutral', 'margaritas')]
1582	Our waitress wasn't mean, but not especially warm or attentive either.	[('service general', 'neutral', 'waitress')]
1583	I must say I am surprised by the bad reviews of the restaurant earlier in the year, though.	[('restaurant general', 'positive', 'restaurant')]
1584	Regardless, we'll be back and can't wait to visit in the summer to take advantage of the patio.	[('ambience general', 'positive', 'patio'), ('restaurant general', 'positive', 'NULL')]
1585	Dumbfoundingly Poor	[('restaurant general', 'negative', 'NULL')]
1586	This was, from start to finish, a mind-bogglingly uncomfortable experience.	[('restaurant general', 'negative', 'NULL')]
1587	Lexicographers take note: a new and fascinating definition of rudeness is alive and flourishing right here in Brooklyn.	[('service general', 'negative', 'NULL')]
1588	The servers at Flatbush Farm appear to have perfected that ghastly technique of making you feel guilty and ashamed for deigning to attract their attention.	[('service general', 'negative', 'servers')]
1589	Polite acknowledgement is out;	[('service general', 'negative', 'NULL')]
1590	supercilious scorn is in.	[('service general', 'negative', 'NULL')]
1591	And how many times can you pick up the same perfectly aligned set of napkins, inspect them vapidly and plonk them down in exactly the same place instead of venturing a glance at people who are there to help you make the rent?	[('service general', 'negative', 'NULL')]
1592	A different server enhanced the fun, dumping our entrees in front of us halfway through our appetizer (which was delicious).	[('service general', 'negative', 'server'), ('food quality', 'positive', 'appetizer')]
1593	Overall the food quality was pretty good, though I hear the salmon is much better when it hasn't sat cooling in front of the guest.	[('food quality', 'positive', 'food'), ('service general', 'negative', 'NULL')]
1594	The place has a nice fit-out, some attractive furnishings and, from what I could tell, a reasonable wine list (I was given the food menu when I asked for the carte des vins)	[('ambience general', 'positive', 'fit-out'), ('ambience general', 'positive', 'furnishings'), ('drinks style_options', 'positive', 'wine list'), ('service general', 'negative', 'NULL')]
1595	At $120 for two people, however, this in no way represents value, unless you're looking to pay by the hour for passive-aggressive torture.	[('restaurant prices', 'negative', 'NULL'), ('restaurant general', 'negative', 'NULL'), ('service general', 'negative', 'NULL')]
1596	On that scale, it's a world-beater.	[('restaurant general', 'negative', 'NULL')]
1597	How is this palce still open?	[('restaurant general', 'negative', 'palce')]
1598	I honestly don't even know where to begin.	[('restaurant general', 'negative', 'NULL')]
1599	We arrived and were seated immediately, which made us both happy.	[('service general', 'positive', 'NULL')]
1600	Everything was going good until we got our meals.	[('restaurant general', 'positive', 'NULL'), ('food quality', 'negative', 'meals')]
1601	I took one look at the chicken and I was appalled.	[('food style_options', 'negative', 'chicken')]
1602	It was served with skin, over a bed of extremely undercooked spinach and mashed potatoes.	[('food style_options', 'negative', 'NULL'), ('food quality', 'negative', 'spinach')]
1603	I took one bite from the $24 salmon, and I have never, in the 17 years I have been going to restaurants tasted salmon as fishy, as dry, and as bland as the one in Flatbush Farms.	[('food quality', 'negative', 'salmon'), ('food prices', 'negative', 'salmon')]
1604	At this point, the waitress comes over and asks us if everything was okay, I was literally so shocked that I was speechless and didn't say anything, and guess what, the waitress WALKED away.	[('service general', 'negative', 'waitress')]
1605	So, I switch with my boyfriend again to see if maybe I could stomach the meat and spinach again, but the spinach was so undercooked that I just could not bite through it.	[('food quality', 'negative', 'spinach')]
1606	I couldn't even enjoy the mashed potatoes because it was hidden completely under the chicken and spinach.	[('food style_options', 'negative', 'NULL')]
1607	So I decide to report back to the waitress because it was completely inedible.	[('food quality', 'negative', 'NULL')]
1608	"Guess what, I waited for TWENTY minutes before she came over and when she finally did, she says, ""oh well, I wish you would have said something earlier"" No apology, nothing."	[('service general', 'negative', 'NULL')]
1609	After that she simply took our plates, walked away, came back another TWENTY minutes later with the bill and the chicken on it!!!!!!!!!!!!	[('service general', 'negative', 'NULL')]
1610	No desert menu, no apology, nothing!!!!!!	[('service general', 'negative', 'NULL')]
1611	This is where it really really gets bad: the manager said, there is absolutely nothing we can do, it's a matter of taste that she didn't like it, and I cannot comp it.	[('service general', 'negative', 'manager')]
1612	Again, no apology, no is there anything else I can get you, no can I get you a drink to make up for it, nothing!!!!	[('service general', 'negative', 'NULL')]
1613	The level of rudeness was preposterous.	[('service general', 'negative', 'NULL')]
1614	The manager came to the table and said we can do what we want, so we paid for what we did enjoy, the drinks and appetizers, and walked out.	[('service general', 'negative', 'manager'), ('drinks quality', 'positive', 'drinks'), ('food quality', 'positive', 'appetizers')]
1615	I HAVE NEVER EVER HAD SUCH AN UNPLEASANT EXPERIENCE.	[('restaurant general', 'negative', 'NULL')]
1616	THIS STAFF SHOULD BE FIRED.	[('service general', 'negative', 'STAFF')]
1617	cirspy crust margherita pizza	[('food quality', 'positive', 'margherita pizza')]
1618	it was really good pizza.	[('food quality', 'positive', 'pizza')]
1619	the crust was imazingly cooked well and pizza was fully loaded:):):)	[('food quality', 'positive', 'crust'), ('food style_options', 'positive', 'pizza')]
1620	you know what i mean all the positives things happening there made mw write this review.	[('restaurant general', 'positive', 'NULL')]
1621	Single Worst Restaurant in Manhattan	[('restaurant general', 'negative', 'Restaurant')]
1622	I'll being with a couple of positives: cool decor, good pita and hummus, and grilled octopus that was actually pretty tasty.	[('ambience general', 'positive', 'decor'), ('food quality', 'positive', 'pita'), ('food quality', 'positive', 'hummus'), ('food quality', 'positive', 'grilled octopus')]
1623	If I could give 0 stars I would do so for this place.	[('restaurant general', 'negative', 'place')]
1624	The reason there are 4 different results on citysearch for the same place is because they keep trying to start a new thread so they can stock it with positive reviews.	[('restaurant miscellaneous', 'negative', 'NULL')]
1625	Well...they can run but they can't hide.	[('restaurant general', 'negative', 'NULL')]
1626	This place...god where do i begin.	[('restaurant general', 'negative', 'place')]
1627	It is quite a spectacular scene i'll give them that.	[('ambience general', 'positive', 'scene')]
1628	The decor however seems to be the distraction so you won't notice that you just payed 300 bucks for some cold eggplant that took 2 FRICKIN HOURS TO COME!!!!	[('ambience general', 'neutral', 'decor'), ('food quality', 'negative', 'eggplant'), ('food prices', 'negative', 'eggplant'), ('service general', 'negative', 'NULL')]
1629	How this place survives the competitive west village market in this economy, or any other for that matter, is beyond me.	[('restaurant general', 'negative', 'place')]
1630	Great Hot Dogs!	[('food quality', 'positive', 'Hot Dogs')]
1631	Though it's been crowded most times I've gone here, Bark always delivers on their food.	[('food quality', 'positive', 'food'), ('restaurant miscellaneous', 'neutral', 'Bark')]
1632	The hot dogs are top notch, and they're Slamwich is amazing!	[('food quality', 'positive', 'hot dogs'), ('food quality', 'positive', 'Slamwich')]
1633	Going to Bark is always worth the train ride, and will make your tongue and belly very happy!	[('restaurant general', 'positive', 'Bark'), ('food quality', 'positive', 'NULL')]
1634	Only complaint is the pricing--I believe it would be more reasonable to pay a dollar less on each item listed on the menu.	[('food prices', 'negative', 'menu')]
1635	But nonetheless--great spot, great food.	[('restaurant general', 'positive', 'spot'), ('food quality', 'positive', 'food')]
1636	Fabulous food - if the front of house staff don't put you off – 	[('food quality', 'positive', 'food'), ('service general', 'negative', 'front of house staff')]
1637	It's a little out of our price range for dining there except on special occasions, but we've eaten there 6 times in the last 2 years. 	[('restaurant prices', 'negative', 'NULL')]
1638	Each time we've been, the front of house staff (not the waiters - they're fantastic - but the people who greet and seat you) has been so hideous to us that were it not for the exceptional fish dishes I would never return. 	[('service general', 'positive', 'waiters'), ('service general', 'negative', 'front of house staff'), ('food quality', 'positive', 'fish dishes')]
1639	As BFC doesn't take reservations you almost always have to wait by the bar - and be abused by the front of house staff until you are seated, which can be over an hour later!	[('restaurant miscellaneous', 'negative', 'BFC'), ('service general', 'negative', 'front of house staff'), ('service general', 'negative', 'NULL')]
1640	The frizzy retro girl (with winged/ Dame Edna glasses) will yell at you if you try to order a drink. 	[('service general', 'negative', 'girl')]
1641	"I was almost amused by the fact that she was turning away customers at 9pm on a Friday night because she ""had a BBQ to go to"" that night - WTF??"	[('service general', 'negative', 'NULL')]
1642	I'd be horrified if my staff were turning away customers so early and so rudely!	[('service general', 'negative', 'staff')]
1643	"There's another girl who I can't describe, she is about 5'6"" with brown hair, who eavesdrops on your conversation and chimes in - except she only hears the last part of what you said, so her uninvited opinions are often out of context and nothing to do with what you're *really* talking about. "	[('service general', 'negative', 'girl')]
1644	I'm a friendly person, so I wouldn't mind had she not been so nasty and gotten so personal. 	[('service general', 'negative', 'NULL')]
1645	Again, I'd be super upset if that were my employee.	[('service general', 'negative', 'NULL')]
1646	Considering you will spend at least $60 a head, I expect better service. 	[('service general', 'negative', 'service'), ('restaurant prices', 'negative', 'NULL')]
1647	So, if you're walking by and thinking about dining, you might want to see who's going to be seating you first...	[('service general', 'negative', 'NULL')]
1648	"Maitre-D-""Eat and get out"""	[('service general', 'negative', 'Maitre-D')]
1649	The food and service were fine, however the maitre-D was incredibly unwelcoming and arrogant.	[('food quality', 'positive', 'food'), ('service general', 'positive', 'service'), ('service general', 'negative', 'maitre-D')]
1650	While finishing our meals which included a high-end bottle of wine, our son's fiance joined us for a glass of wine and dessert.	[('drinks quality', 'positive', 'bottle of wine')]
1651	This guy refused to seat her and she left, followed shortly by the four of us, but not before I told him that in my 40 years of world travel, including Paris, that I had never seen such a display of bad behavior by a frontman in a restaurant.	[('service general', 'negative', 'frontman')]
1652	His response was smug, arrogant, and condescending, totally consistent with his deportment on display all evening.	[('service general', 'negative', 'NULL')]
1653	"A word to the wise: you can't dine here and disturb the maitre-D's sense of "" table turnover"", as whacked as it is, or else."	[('service general', 'negative', 'maitre-D')]
1654	If you go here, do it on his off-night.	[('service general', 'negative', 'NULL')]
1655	Best meal in a long time!	[('food quality', 'positive', 'meal')]
1656	Mussles and calamari were superb Saturday evening.	[('food quality', 'positive', 'Mussles'), ('food quality', 'positive', 'calamari')]
1657	I had the Lamb special which was perfect.	[('food quality', 'positive', 'Lamb special')]
1658	My father had the flank steak which was very good, and my mother had the swordfish.	[('food quality', 'positive', 'flank steak')]
1659	The Four Seasons restaurant is a great experience.	[('restaurant general', 'positive', 'The Four Seasons restaurant')]
1660	The food is great and the environment is even better.	[('food quality', 'positive', 'food'), ('ambience general', 'positive', 'environment')]
1661	Everyone must come here at least once.	[('restaurant general', 'positive', 'NULL')]
1662	Highly recommend it!	[('restaurant general', 'positive', 'NULL')]
1663	Taking Hot Dogs to the next level	[('food quality', 'positive', 'Hot Dogs')]
1664	At first glance this place seems a bit pricey for a hot dog joint, but at Bark you don't just get your average hot dog.	[('restaurant prices', 'negative', 'Bark'), ('food quality', 'positive', 'hot dog')]
1665	Here the hot dog is elevated to the level of a real entree with numerous variations available.	[('food quality', 'positive', 'hot dog'), ('food style_options', 'positive', 'hot dog')]
1666	Great Atmosphere	[('ambience general', 'positive', 'Atmosphere')]
1667	I highly recommend the fish tacos, everything else was ok.	[('food quality', 'positive', 'fish tacos'), ('food quality', 'neutral', 'NULL')]
1668	Cool atmosphere, the fire place in the back really ads to it but needs a bit more heat throughout on a cold night.	[('ambience general', 'positive', 'atmosphere'), ('ambience general', 'positive', 'fire place'), ('ambience general', 'negative', 'NULL')]
1669	Poor service and management	[('service general', 'negative', 'service'), ('service general', 'negative', 'management')]
1670	Don’t go to this place!	[('restaurant general', 'negative', 'place')]
1671	Had an awful experience at Casa la Femme on a Saturday dinner.	[('restaurant general', 'negative', 'Casa la Femme')]
1672	Appetizers took nearly an hour.	[('service general', 'negative', 'NULL')]
1673	When the main course finally arrived (another 45mins) half of our order was missing.	[('service general', 'negative', 'NULL')]
1674	Never got an explanation as to what was going on.	[('service general', 'negative', 'NULL')]
1675	The manager was rude and handled the situation extremely poorly.	[('service general', 'negative', 'manager')]
1676	When we threatened to leave, we were offered a meager discount even though half the order was missing.	[('service general', 'negative', 'NULL')]
1677	On the way out, we heard of other guests complaining about similar issues.	[('service general', 'negative', 'NULL')]
1678	Can’t believe how an expensive NYC restaurant can be so disrespectful to its clients.	[('restaurant prices', 'negative', 'restaurant'), ('service general', 'negative', 'NULL')]
1679	What a hassle!	[('restaurant general', 'negative', 'NULL')]
1680	The food is very good, but not outstanding.	[('food quality', 'neutral', 'food')]
1681	There is no way it justifies the accolades it receives, the attitude of the staff or the wait for a table.	[('service general', 'negative', 'staff'), ('food quality', 'negative', 'NULL'), ('service general', 'negative', 'wait')]
1682	On our last visit, they skipped over our name on the list, leaving us waiting an extra hour for a table.	[('service general', 'negative', 'NULL')]
1683	Mistakes happen, but they are usually accompanied by an apology, perhaps even a glass of wine...but not the grunt that we received from the Al Di La staff.	[('service general', 'negative', 'staff')]
1684	Expensive	[('restaurant prices', 'negative', 'NULL')]
1685	The bread was stale, the salad was overpriced and empty.	[('food quality', 'negative', 'bread'), ('food prices', 'negative', 'salad'), ('food style_options', 'negative', 'salad')]
1686	The pasta was well cooked, didn't have enough sauce though or flavor.	[('food quality', 'positive', 'pasta'), ('food quality', 'negative', 'pasta'), ('food style_options', 'negative', 'pasta')]
1687	So rude!!!	[('service general', 'negative', 'NULL')]
1688	I was one of the people that went for this horrible experience.	[('restaurant general', 'negative', 'NULL')]
1689	The hostess was rude and I got a distinct feeling that they did not want to serve us.	[('service general', 'negative', 'hostess'), ('service general', 'negative', 'NULL')]
1690	The only thing that my friend left out is that when we sat down at the bar the bartender disappeared.	[('service general', 'negative', 'bartender')]
1691	I asked for a menu and the same waitress looked at my like I was insane.	[('service general', 'negative', 'waitress')]
1692	"I was shocked that my friends wanted to stay after the waitress said, ""can I help you"" and ""how many are in your party."""	[('service general', 'negative', 'waitress')]
1693	The three of us standing in front of her should have been an indication of how many of us there were.	[('service general', 'negative', 'NULL')]
1694	We didn't look like the other patrons in there so unfortunately I think that may have been part of the problem.	[('restaurant miscellaneous', 'negative', 'NULL')]
1695	Shame on this place for the horrible rude staff and non-existent customer service.	[('service general', 'negative', 'staff'), ('service general', 'negative', 'customer service')]
1696	bad staff	[('service general', 'negative', 'staff')]
1697	I generally like this place.	[('restaurant general', 'positive', 'place')]
1698	The food is good.	[('food quality', 'positive', 'food')]
1699	The design of the space is good.	[('ambience general', 'positive', 'space')]
1700	But the service is HORRID!	[('service general', 'negative', 'service')]
1701	I was there for brunch recently, and we were tag teamed by a waitress and a waiter.	[('service general', 'negative', 'waitress'), ('service general', 'negative', 'waiter')]
1702	The waiter delivered our food while holding what appeared to be a plastic bag of garbage in one hand.	[('service general', 'negative', 'waiter')]
1703	I can't believe that it was, but please put the bag down before delivering food!	[('service general', 'negative', 'NULL')]
1704	The waitress came to check in on us every few minutes, and began to clear the plates while half of us were still eating (a big pet peeve of mine that happens almost everywhere, so I try to ignore it).	[('service general', 'negative', 'waitress')]
1705	I couldn't ignore the fact that she reach over the plate of one of my friends, who was in mid bite, to clear the table.	[('service general', 'negative', 'NULL')]
1706	She then put the check down without asking if we were done, and came to check on the bill every two minutes, even though we were one of three occupied tables.	[('service general', 'negative', 'NULL')]
1707	I wish I could like this place more, and I wish someone would retrain the staff.	[('restaurant general', 'negative', 'place'), ('service general', 'negative', 'staff')]
