id	text	labels
0	Обслуживание хорошее нас встретил метрдотель и провёл до столика который отлично нам подашел.	[('service general', 'positive', 'Обслуживание'), ('service general', 'positive', 'метрдотель')]
1	Он был в уютном уголке в конце главного зала, приглушенный свет это основная часть этого ресторана там нет дневного освещения это было большим плюсом для нашего дня рожденья!	[('ambience general', 'positive', 'уголке'), ('ambience general', 'positive', 'приглушенный свет')]
2	На наш не большой банкетик мы заказали пару приятных блюд, я заказала себе улитки очень вкусно было и совсем недорого примерно 300 рублей помоему, мой молодой человек заказал блюда из мяса на мангале, которых у них полно, ему не угодишь обычно, а тут понравилось его друзья тоже заказали по порции разного мяса на мангале тоже очень понравились!	[('food quality', 'positive', 'блюд'), ('food prices', 'positive', 'улитки'), ('food quality', 'positive', 'улитки'), ('food quality', 'positive', 'блюда из мяса на мангале'), ('food style_options', 'positive', 'блюда из мяса на мангале'), ('food quality', 'positive', 'мяса на мангале')]
3	Ближе к вечеру нас предупредили о том, что будет живая музыка, мы так обрадовались этому неожиданному сюрпризу у нас как раз подошло время для танцев, а тут сопровождает такой прекрасный голос солистки……!!!	[('ambience general', 'positive', 'живая музыка'), ('ambience general', 'positive', 'голос солистки')]
4	В общем мы остались безумно довольны проведённым вечером в этом ресторане, так что всем советуем))	[('restaurant general', 'positive', 'ресторане')]
5	Совершенно не разочаровались!	[('restaurant general', 'positive', 'NULL')]
6	Еда вкусная, необычная.	[('food quality', 'positive', 'Еда')]
7	Интересно будет зайти и попробовать что-нибудь еще)	[('food quality', 'positive', 'NULL')]
8	По поводу интерьера: место спокойное, шумных компаний нет (не было, по крайней мере, в момент нашего посещения), очень приятная и уютная атмосфера, все в лучших традициях.	[('ambience general', 'neutral', 'интерьера'), ('restaurant general', 'neutral', 'место'), ('ambience general', 'positive', 'атмосфера')]
9	Остались очень довольны данным заведением.	[('restaurant general', 'positive', 'заведением')]
10	Я несколько раз была в этом заведении,о кухне могу сказать только самое хорошее.	[('food quality', 'positive', 'кухне')]
11	Потрясающая паста с лососем,очень вкусные супчики,отличные десерты.	[('food quality', 'positive', 'паста с лососем'), ('food quality', 'positive', 'супчики'), ('food quality', 'positive', 'десерты')]
12	Последний раз была с друзьями,все остались довольны и обслуживанием и едой.	[('service general', 'positive', 'обслуживанием'), ('food quality', 'positive', 'едой')]
13	Интерьер не плохой, несколько залов на разный вкус и компанию.	[('ambience general', 'neutral', 'Интерьер'), ('ambience general', 'neutral', 'залов')]
14	Вообщем стоящее место для обеда и посиделок с друзьями.	[('restaurant general', 'positive', 'место')]
15	Нам двоим все понравилось и мы решили пригласить туда гостей, одна из которых по части еды была большим знатоком и критиком.	[('restaurant general', 'positive', 'NULL')]
16	Сразу хочу сказать, что критиковать ей не пришлось, т.к. она осталась, как впрочем и все остальные гости, очень довольна!	[('restaurant general', 'positive', 'NULL')]
17	Интерьер в легком французском стиле с приятным освещением на столиках, обслуживание без навязывания лишних блюд и напитков (официантка Анна), все происходило четко и быстро.	[('ambience general', 'neutral', 'Интерьер'), ('ambience general', 'positive', 'освещением'), ('service general', 'neutral', 'обслуживание')]
18	Ну а о качестве и исполнении блюд даже нечего говорить!	[('food quality', 'positive', 'качестве и исполнении блюд'), ('food quality', 'positive', 'блюд')]
19	Взяли все разные салаты и горячие, и все остались очень довольны (ирыба, и мясо, и птица).	[('food quality', 'positive', 'салаты'), ('food quality', 'positive', 'горячие'), ('food quality', 'positive', 'ирыба'), ('food quality', 'positive', 'мясо'), ('food quality', 'positive', 'птица')]
20	Все красиво украшено и приготовлено прямо перед подачей на стол.	[('food quality', 'positive', 'NULL')]
21	"Думаю, что этот доселе незнакомый нам в центре города ресторан ""Веритас"", станет нашим семейным местом встреч!"	[('restaurant general', 'positive', 'ресторан Веритас')]
22	"Теперь при вопросе от знакомых ""в какой ресторан сходить с гостями из Москвы или отпраздновать день рождения?"" мы будем советовать ""Веритас""."	[('restaurant general', 'positive', 'Веритас')]
23	Большое спасибо персоналу ресторана за душевный и качественный прием.	[('service general', 'positive', 'персоналу'), ('service general', 'positive', 'прием')]
24	После посещения желания прийти ещё раз нет.	[('restaurant general', 'negative', 'NULL')]
25	Очень много недочетов как в работе официантов так и в блюдах. 1.	[('service general', 'negative', 'официантов'), ('food quality', 'negative', 'блюдах')]
26	К большому удивлению пицца (ещё раз - из детского меню!) была на столько острая, что и взрослые не смогли её есть, не говоря уже о ребенке.	[('food quality', 'negative', 'пицца')]
27	Официант вообще прокомментировала это так, что детское меню - это для взрослых, которые хотят заказать маленькие порции, а не для детей. :)) 2.	[('service general', 'negative', 'Официант')]
28	Попросили принести обычный яблочный сок, не свежевыжатый, принесли свежевыжатый, пришлось вернуть. 3.	[('service general', 'negative', 'NULL')]
29	"Просили принести ""свежевыжатый сок в большом стакане + газированную воду"" сок принесли в маленьком стакане про воду забыли. 4."	[('service general', 'negative', 'NULL')]
30	"Официант сказал ""у нас все вкусное"" и помочь с выбором не смог."	[('service general', 'negative', 'Официант')]
31	За кухню оценка 3, т.к. из всего заказа понравилась только панакота.	[('food quality', 'negative', 'кухню'), ('food quality', 'positive', 'панакота')]
32	Салат Цезарь был так себе + очень острая пицца из детского меню.	[('food quality', 'negative', 'Салат Цезарь'), ('food quality', 'negative', 'пицца')]
33	"За сервис 3, т.к. официант путала заказы, не могла помочь с выбором (или не хотела, когда клиент просит помочь определиться, он не хочет услышать ""все вкусное, берите все"")."	[('service general', 'negative', 'сервис'), ('service general', 'negative', 'официант')]
34	"А мнение что детское меню не для детей, вообще ""убило""."	[('service general', 'negative', 'NULL')]
35	Из плюсов хочу отметить няню в детской комнате, очень милая девушка, ребенку очень понравилась.	[('service general', 'positive', 'няню'), ('service general', 'positive', 'девушка')]
36	Я не ходила в этот ресторан в детстве, не знаю, как всё было когда-то, но сейчас это вполне симпатичное и уютное заведение с хорошей кухней.	[('restaurant general', 'positive', 'заведение'), ('ambience general', 'positive', 'заведение'), ('food quality', 'positive', 'кухней')]
37	Администрация любезно предоставила нам новый банкетный зал, где мы закрылись, включили свою музыку, курили кальян, веселились, и нам никто не мешал.	[('service general', 'positive', 'Администрация')]
38	Кухня всем друзьям понравилась, обслуживание тоже (девушки-официантки замечательные).	[('food quality', 'positive', 'Кухня'), ('service general', 'positive', 'обслуживание'), ('service general', 'positive', 'девушки-официантки')]
39	Меня же больше всего порадовало, что администрация пошла нам навстречу и сделала хорошую скидку на банкет :)	[('restaurant prices', 'positive', 'NULL'), ('service general', 'positive', 'администрация')]
40	"Уже через неделю моя подруга вернулась в ""Чебурек"" со своими родными, где они отметили юбилей отца."	[('restaurant general', 'positive', 'Чебурек')]
41	Мы также возвращаемся сюда снова и снова.	[('restaurant general', 'positive', 'NULL')]
42	Единственное, что расстраивает - это рост цен.	[('restaurant prices', 'negative', 'NULL')]
43	За последний месяц цены менялись уже два раза.	[('restaurant prices', 'negative', 'NULL')]
44	Растут они по чуть-чуть, но всё равно стоимость ужина на двоих с каждым посещением получалась у нас всё выше и выше :)	[('restaurant prices', 'negative', 'ужин')]
45	Из кухни могу порекомендовать: чебуреки с сыром сулугуни и зеленью (волшебные!), сациви из баклажан, суп чанахи, конечно же, хинкали, ну и, наверное, бараньи ножки (не помню точное название блюда).	[('food quality', 'positive', 'чебуреки с сыром сулугуни и зеленью'), ('food quality', 'positive', 'сациви из баклажан'), ('food quality', 'positive', 'суп чанахи'), ('food quality', 'positive', 'хинкали'), ('food quality', 'positive', 'бараньи ножки')]
46	"Всё это не оставит равнодушным никого, очень вкусно и ""аутентично""!))"	[('food quality', 'positive', 'NULL')]
47	Возвращаться туда заставляла лишь хорошая кухня..	[('food quality', 'positive', 'кухня')]
48	Неплохой выбор вин.	[('drinks style_options', 'neutral', 'вин')]
49	Интерьер приятный: есть гардероб, диваны, приглушенный свет, ненавязчивая музыка (даже как-то раз наткнулись там на саксофониста), приятная атмосфера...	[('ambience general', 'positive', 'Интерьер'), ('restaurant miscellaneous', 'positive', 'гардероб'), ('ambience general', 'positive', 'диваны'), ('ambience general', 'positive', 'музыка'), ('ambience general', 'positive', 'атмосфера')]
50	Обслуживание отвратительно!	[('service general', 'negative', 'Обслуживание')]
51	"Навсегда останется в памяти официант, который обращался к нам исключительно на ""ты"", дерзил, а когда ему было сделано замечание, он нам сообщил, что он поругался со своей девушкой и у него отвратительное настроение!"	[('service general', 'negative', 'официант')]
52	Муж заказал стейк и мы често ждали его прибытия больше часа!	[('service general', 'negative', 'NULL')]
53	Когда наша официантка все таки соизволила появиться (сидели мы почти у входа), от стейка мы отказались, но он волшебным образом всё равно оказался на столе уже через 5 минут и пришлось долго объяснять официантке, что его уже никто есть не будет!...	[('service general', 'negative', 'официантка')]
54	Резюме следующее: место в целом отличное, цены не кусаются, но следует серьезно задуматься о замене персонала...	[('restaurant prices', 'positive', 'NULL'), ('restaurant general', 'positive', 'место'), ('service general', 'negative', 'персонала')]
55	Нам любезно предложили разместиться в ресторане, а пирожные пообещали принести туда.	[('service general', 'positive', 'NULL')]
56	Для нас смогли найти только столик для курящих, но это сильно не помешало, так как вентиляция справляется.	[('ambience general', 'positive', 'вентиляция')]
57	То что мы заказывали, нам понравилось.	[('food quality', 'positive', 'NULL')]
58	Интерьер спокойный, сделано со вкусом, но без особых изысков.	[('ambience general', 'neutral', 'Интерьер')]
59	Что касается сервиса, то официантка в начале про нас забыла, пришлось окримнуть, чтоб сделать заказа.	[('service general', 'negative', 'сервиса'), ('service general', 'negative', 'официантка')]
60	Но в остальном всё вежливо и предупредительно.	[('service general', 'positive', 'NULL')]
61	Вначале повар сказал, что они могут предложить лишь майонез, что соус готовится утром одинаковый для всех.	[('food style_options', 'negative', 'повар'), ('food style_options', 'negative', 'майонез'), ('food style_options', 'negative', 'соус')]
62	В общем, зайдём в это место снова.	[('restaurant general', 'positive', 'место')]
63	Про сервис ничего негативного не скажешь- быстро подходят, все улябаются, подходят спрашивают, всё ли нравится.	[('service general', 'neutral', 'сервис')]
64	Интерьер на любителя, но мило и удобно.	[('ambience general', 'neutral', 'Интерьер')]
65	Еда хорошая.	[('food quality', 'positive', 'Еда')]
66	Вкусно, не так дорого.	[('food quality', 'positive', 'NULL'), ('food prices', 'positive', 'NULL')]
68	Я лично ожидал чуть боьше блюд из мяса в таком ресторане на мангале.	[('food style_options', 'negative', 'блюд из мяса')]
69	С другой стороны по одному шашлыку есть из каждого вида мяса, в принципе хватает, но хочется чего то необычное увидеть..	[('food style_options', 'neutral', 'шашлыку')]
70	Прямо с порога радушное отношение.	[('service general', 'positive', 'отношение')]
71	Очень вежливый и приятный мужчина из гардероба.	[('service general', 'positive', 'мужчина из гардероба')]
72	Улыбка, настроение улучшается!.	[('service general', 'positive', 'NULL')]
73	Вызвал нам администратора, наиприятнейшая девушка, все рассказала, показала, никаких вопросов не возникло ,даже заглянули краем глаза в малый зал (в это время там начинался банкет).	[('service general', 'positive', 'администратора'), ('service general', 'positive', 'девушка')]
74	Оставили координаты, в этот же вечер было получено на почту меню.	[('service general', 'positive', 'NULL')]
75	Девушки официантки все здороваются и улыбаются, интерьер потрясающий.	[('service general', 'positive', 'Девушки официантки'), ('ambience general', 'positive', 'интерьер')]
76	Опять радушная встреча в гардеробе.	[('service general', 'positive', 'встреча')]
77	Приятный комплимент в холодную погоду, пока ждали заказ попили горячего чая, потрясающе!	[('service general', 'positive', 'NULL'), ('drinks quality', 'positive', 'чая')]
78	Девушка официантка (в чеке было написано Луиза) вежливая, обслуживание ненавязчивое, качественное.	[('service general', 'positive', 'Девушка официантка'), ('service general', 'positive', 'обслуживание')]
79	Кухня очень хорошая!	[('food quality', 'positive', 'Кухня')]
80	Мясо из своей коптильни потрясающее, вкуснятина!	[('food quality', 'positive', 'Мясо')]
81	Порции большие.	[('food quality', 'positive', 'Порции')]
82	Остались очень довольны!	[('restaurant general', 'positive', 'NULL')]
83	Сомнений по поводу выбора ресторана на свадьбу не возникло, надеюсь, что в самый важный день нашей жизни мы тоже останемся довольны, на этой неделе идем заказывать :).	[('restaurant general', 'positive', 'ресторана')]
84	Всем советую сходить в это замечательное место!	[('restaurant general', 'positive', 'место')]
85	Могу сказать одно - нашли место, куда действительно стоит зайти каждому и приятно провести время в тихой, уютной обстановке.	[('restaurant general', 'positive', 'место'), ('ambience general', 'positive', 'обстановке')]
86	Правда, очень мило, романтично свечи в воде на каждом столике, удобные кресла, приглушенный свет, музыка, аромат даже..все как надо.	[('ambience general', 'positive', 'свечи'), ('ambience general', 'positive', 'кресла'), ('ambience general', 'positive', 'приглушенный свет'), ('ambience general', 'positive', 'музыка'), ('ambience general', 'positive', 'аромат')]
87	Японская кухня - на 5+..от запченных роллов сложно было оторваться)	[('food quality', 'positive', 'Японская кухня'), ('food quality', 'positive', 'запченных роллов')]
88	Европейская кухня не отстает..)все по высшему разрду. за достаточно низкие цены очень вкусно.и сервис..приятные девушки, очень быстро принесли заказ, все здорово.	[('food prices', 'positive', 'Европейская кухня'), ('food quality', 'positive', 'Европейская кухня'), ('service general', 'positive', 'сервис'), ('service general', 'positive', 'девушки')]
89	коктели и алкоголь видно что не разбавленные и тоже на 5+. в общем вывод один - еще и еще туда будм приходить и не раз! советую.	[('drinks quality', 'positive', 'коктели'), ('drinks quality', 'positive', 'алкоголь')]
90	Побывали впервые в День всех влюбленных в этом ресторане,уж очень понравился видео ролик этого ресторана и мы решили сходить.	[('restaurant general', 'positive', 'ресторана')]
91	Интерьер на высоком уровне,при входе нас встретил молодой человек и предложил выбрать понравившийся нам столик и предупредил нас, что горячее придется немного дольше подождать т.к. в ресторане было не мало народу,но нас это не смутило,поскольку мы заранее были предупреждены,а это не мало важно.	[('ambience general', 'positive', 'Интерьер'), ('service general', 'positive', 'молодой человек')]
92	Качество кухни было без замечаний,обслуживание было достаточно внимательное на наш взгляд,но было немного видно,что некая суета присутствовала.	[('food quality', 'neutral', 'Качество кухни'), ('service general', 'positive', 'обслуживание')]
93	В целом,мы остались под хорошим впечатлением о проведенном вечере.	[('restaurant general', 'positive', 'NULL')]
94	Обстановка милая, уютная.	[('ambience general', 'positive', 'Обстановка')]
95	Есть, конечно, как и в любом другом кафе столики, которые уютными не назовешь, но всем не угодишь и в целом мне обстановка понравилась.	[('ambience general', 'positive', 'обстановка')]
96	Сразу видно, что к интерьеру подходили как можно тщательнее, это радует.	[('ambience general', 'positive', 'интерьеру')]
97	Администратор и официанты весьма вежливы.	[('service general', 'positive', 'Администратор'), ('service general', 'positive', 'официанты')]
98	В кафе чувствуется от персонала, что люди хотят работать и это им нравится, а это самое главное!)	[('service general', 'positive', 'персонала')]
99	Никаких задержек при подаче блюд/напитков не было.	[('service general', 'positive', 'NULL')]
100	Единственное удивление образовалось, когда на десерт мне принесли ложку вместо десертной вилки, но это проблем не вызвало.	[('service general', 'negative', 'NULL')]
101	Но вы попробовали бы этот десерт м.м.м.	[('food quality', 'positive', 'десерт')]
102	Десерт был очень вкусный, нам понравилось)	[('food quality', 'positive', 'Десерт')]
103	Суши панированные в рыбных сухарях или как-то так вызвали очень много восхищения, т.к. это было действительно вкусно.	[('food quality', 'positive', 'Суши панированные в рыбных сухарях')]
104	По кухне можно сказать, что это кафе для тех, кто любит соотношение цены и качества.	[('food quality', 'positive', 'кухне'), ('restaurant prices', 'positive', 'кафе')]
105	В целом кафе оставляет очень приятные воспоминания.	[('restaurant general', 'positive', 'кафе')]
106	Всем очень рекомендую сходить и попробовать местную японскую кухню.	[('food quality', 'positive', 'японскую кухню')]
107	На втором этаже на диванчиках весьма удобно разместиться компанией.	[('ambience general', 'positive', 'втором этаже'), ('ambience general', 'positive', 'диванчиках')]
108	Безумно понравилось.	[('restaurant general', 'positive', 'NULL')]
109	Гости в восторге.	[('restaurant general', 'positive', 'NULL')]
110	Прекрасный интерьер, хорошее обслуживание, быстро, ненавязчиво.	[('ambience general', 'positive', 'интерьер'), ('service general', 'positive', 'обслуживание')]
111	Кухня понравилась.	[('food quality', 'positive', 'Кухня')]
112	Есть и восточные блюда, и европейские, и японские.	[('food style_options', 'positive', 'блюда')]
113	Так как в нашей компании у всех разные вкусы это очень порадовало, каждый нашел для себя подходящее блюдо.	[('food style_options', 'positive', 'блюдо')]
114	Большие порции, все очень вкусно.	[('food quality', 'positive', 'порции'), ('food style_options', 'positive', 'порции')]
115	Очень понравился кальян.	[('restaurant miscellaneous', 'positive', 'кальян')]
116	Так же большой выбор коктейлей, некоторые очень неплохие.	[('drinks style_options', 'positive', 'коктейлей')]
117	Особенно понравились оргазм и клубничная маргарита.	[('food quality', 'positive', 'оргазм'), ('food quality', 'positive', 'клубничная маргарита')]
118	В целом все остались довольны, все советую!	[('restaurant general', 'positive', 'NULL')]
119	"Была приятно удивлена ""китайским интерьером"" - диванчики как в бистро, скатерти на столах по типу а-ля столовая, европейские светильники/люстры, в общем в плане интерьера китайского никакого абсолютно!"	[('ambience general', 'negative', 'китайским интерьером'), ('ambience general', 'negative', 'диванчики'), ('ambience general', 'negative', 'скатерти на столах'), ('ambience general', 'negative', 'интерьера')]
120	Заведение неуютное.	[('ambience general', 'negative', 'Заведение')]
121	Меню не порадовало - отпечатанные листки, не особо понятен состав блюд и вес, о картинках даже речи не было.	[('food style_options', 'negative', 'Меню'), ('food style_options', 'negative', 'состав блюд')]
122	Ну ладно - с китайской кухней знакомы - заказали говядину, свинину, рис, пару закусок, порции оказались большими, еда - вкусной, принесли все горячее.	[('food quality', 'positive', 'говядину'), ('food quality', 'positive', 'свинину'), ('food quality', 'positive', 'рис'), ('food quality', 'positive', 'закусок'), ('food style_options', 'positive', 'порции'), ('food quality', 'positive', 'еда')]
123	Конечно посуда и сервировка стола могли бы быть и получше.	[('food style_options', 'negative', 'посуда'), ('food style_options', 'negative', 'сервировка')]
124	По поводу сервиса - официантка не здоровалась, не успели сесть - пришла за заказом,правда блюда вынесли быстро, но счет пришлось ждать....при том, что кроме нас было занято всего 2 столика еще.	[('service general', 'negative', 'официантка')]
125	в общем покушать было вкусно, но второй раз идти не хочется - люблю все же чтоб присутствоавал китайский антураж в подобных местах.	[('food quality', 'positive', 'NULL'), ('ambience general', 'negative', 'NULL')]
126	Заходим в ресторан, где нас встречает доброжелательная, красивая девушка.	[('service general', 'positive', 'девушка')]
127	Она провожает к столу, указывает где можно оставить верхнюю одежду(	[('service general', 'positive', 'NULL')]
128	Гардероба в заведении нет, зато есть напольные вешалки) .через несколько минут к нам подошел официант с меню .	[('ambience general', 'neutral', 'NULL'), ('service general', 'positive', 'официант')]
129	Интерьер мне очень понравился!	[('ambience general', 'positive', 'Интерьер')]
130	Весьма необычное и интересное дизайнерское решение.	[('ambience general', 'positive', 'дизайнерское решение')]
131	Все детали продуманы до мелочей и вместе создают замечательную атмосферу тепла и комфорта.	[('ambience general', 'positive', 'атмосферу')]
132	Меню хорошо смотреться и легко читается, а также присутствует специальное предложение.	[('food style_options', 'positive', 'Меню')]
133	Приятно удивили цены.	[('restaurant prices', 'positive', 'NULL')]
134	С сервисом полный порядок.	[('service general', 'positive', 'сервисом')]
135	Официанты Меню знают, работают слажено, внимательны к гостям.	[('service general', 'positive', 'Официанты')]
136	Улыбаются, что всегда приятно. одним словом обслуживание 10баллов придраться не к чему не смотря на большое количество гостей .	[('service general', 'positive', 'обслуживание')]
137	Готовят очень вкусно , особенно шашлыки и наполеон .(спасибо большое поварам )	[('food quality', 'positive', 'шашлыки'), ('food quality', 'positive', 'наполеон')]
138	А еще отличный кавказский базар.	[('restaurant miscellaneous', 'positive', 'кавказский базар')]
139	Благодаря вкусной еде и приятной атмосфере мы остались очень довольны и прекрасно провели вечер!	[('restaurant general', 'positive', 'NULL'), ('food quality', 'positive', 'еде'), ('ambience general', 'positive', 'атмосфере')]
140	Спасибо огромное за чудесный ресторан.	[('restaurant general', 'positive', 'ресторан')]
141	Теперь буду частенько посещать ваше заведение!!!!	[('restaurant general', 'positive', 'заведение')]
142	Один из моих любимых ресторанов.	[('restaurant general', 'positive', 'ресторанов')]
143	С самого открытия посещаю его, так как раньше жила рядом.	[('restaurant general', 'positive', 'NULL')]
144	При открытии подарили дисконтную карту 20% в подарок, и это стало мотивацией к частому посещению.	[('service general', 'positive', 'NULL')]
145	Все всегда все очень вкусное: борщ с копченостями, роллы на гриле, обалденная филадельфия.	[('food quality', 'positive', 'борщ с копченостями'), ('food quality', 'positive', 'роллы на гриле'), ('food quality', 'positive', 'филадельфия')]
146	Поели рибай, после чего сделали вывод, что он был лучше, чем в некоторых стейк-хаусах.	[('food quality', 'positive', 'рибай')]
147	Любимый салат цезарь с креветками тоже был хорош.	[('food quality', 'positive', 'салат цезарь с креветками')]
148	Порции большие, красивые тарелки, хорошее обслуживание.	[('food style_options', 'positive', 'Порции'), ('food style_options', 'positive', 'тарелки'), ('service general', 'positive', 'обслуживание')]
149	По обслуживание отдельно: есть официанты, которые работают с самого открытия-это тоже неплохой показатель качества.	[('service general', 'positive', 'обслуживание'), ('service general', 'positive', 'официанты')]
150	Шеф-повар тоже с самого открытия.	[('service general', 'positive', 'Шеф-повар')]
151	Даже бизнес-ланч вкусный.	[('food quality', 'positive', 'бизнес-ланч')]
152	"Интерьер достаточно спокойный, в бежево-коричневых тонах, но не дешевый, не скажешь, что это какое то кафе у ""черта на куличках""."	[('ambience general', 'neutral', 'Интерьер')]
153	А в этом заведении ни разу не было разочарований за все время-не вру!	[('restaurant general', 'positive', 'заведении')]
154	Это не реклама этого заведения и не какой нибудь пиар, так как не имею никакого отношения к этому заведению.	[('restaurant general', 'positive', 'заведения')]
155	Просто давно хотелось сказать СПАСИБО!	[('restaurant general', 'positive', 'NULL')]
156	Хочется, чтобы вы располагались ближе к центру или в самом центре, так как живу уже в центре.	[('location general', 'neutral', 'NULL')]
157	Пожелание: оставайтесь на том же уровне!	[('restaurant general', 'positive', 'NULL')]
158	Встречают, провожают всем составом.	[('service general', 'positive', 'NULL')]
159	Улыбаются, предлагают попробовать все, что есть в меню.	[('service general', 'positive', 'NULL')]
160	Доброжелательны до предела.	[('service general', 'positive', 'NULL')]
161	Рассказывают по составу блюд, советуют, одним словом : приятны в общении.	[('service general', 'positive', 'NULL')]
162	Приносят,уносят, сервируют, не придерешься, и это почти при полной заполненности зала.	[('service general', 'positive', 'NULL')]
163	Из небольших недостатков стоит отметить , долго ждали блюда, но обслуживающая нас официантка, сгладила все углы.	[('service general', 'neutral', 'официантка')]
164	Как итог вечер удался, спасибо Поленте.	[('restaurant general', 'positive', 'Поленте')]
165	Недавно посетила ресторан по рекомендации друзей.	[('restaurant general', 'positive', 'ресторан')]
166	Интересное меню, особенно порадовало соотношение цена-качество.	[('restaurant prices', 'positive', 'NULL'), ('food style_options', 'positive', 'меню')]
167	Понравился суп в хлебе, нигде такого не пробовала, очень необычно и вкусно.	[('food quality', 'positive', 'суп в хлебе')]
168	Приятный интерьер, улыбчивый персонал, уютная атмосфера.	[('ambience general', 'positive', 'интерьер'), ('service general', 'positive', 'персонал'), ('ambience general', 'positive', 'атмосфера')]
169	Кроме того в одном из залов есть детский уголок!	[('restaurant miscellaneous', 'positive', 'детский уголок')]
170	Так что это прекрасное место не только для тех, кто просто хочет вкусно и недорого покушать, но и для тех, кто желает выбраться отдохнуть всей семьей))).	[('food quality', 'positive', 'NULL'), ('restaurant general', 'positive', 'место'), ('restaurant prices', 'positive', 'место')]
171	К сервису действительно никаких нареканий все было прекрасно(конечно долго ждали, но достойную еду можно и подождать),интерьер такого рода мне нравится, но еда была ужасна(может быть нам не повезло).	[('service general', 'positive', 'сервису'), ('ambience general', 'positive', 'интерьер'), ('food quality', 'negative', 'еда')]
172	Салат цезарь вся тарелка это листья салата, немного бекона по кругу и все это в соусе, сверху сыр (цезарь готовится с курицей).	[('food quality', 'negative', 'Салат цезарь'), ('food quality', 'negative', 'листья салата'), ('food quality', 'negative', 'бекона'), ('food quality', 'negative', 'соусе'), ('food quality', 'negative', 'сыр')]
173	Затем были гребешки вроде ничего, но отдавали уксусом,пюре вместе с ним было пересолено.	[('food quality', 'neutral', 'гребешки'), ('food quality', 'negative', 'уксусом'), ('food quality', 'negative', 'пюре')]
174	Последним блюдом была телятина и к ней картофельная котлета, телятина тоже отдавала уксусом в картофельной котлете оказался волос или животного или человека.	[('food quality', 'negative', 'телятина'), ('food quality', 'negative', 'картофельной котлете')]
175	Нам счет пришел с 10% скидкой, видимо из-за волоса.	[('food prices', 'positive', 'скидкой')]
176	Вообщем, несмотря на то, что была очень голодная съела по ложке из каждого блюда.	[('food quality', 'negative', 'блюда')]
177	Муж заказал улиток и говядину, и то же все отдавало уксусом.	[('food quality', 'negative', 'улиток'), ('food quality', 'negative', 'говядину')]
178	Остались недовольны.	[('food quality', 'negative', 'NULL')]
179	К сожалению, не удалось попробывать знаменитых устриц, они закончились.	[('food style_options', 'negative', 'устриц')]
180	Свежевыжатый сок и хлеб были вкусными (такого хлеба никогда не ела)	[('drinks quality', 'positive', 'Свежевыжатый сок'), ('food quality', 'positive', 'хлеб'), ('food quality', 'positive', 'хлеба')]
181	больше не пойдем.	[('restaurant general', 'negative', 'NULL')]
182	Давно не была в таком ужасном месте.	[('restaurant general', 'negative', 'месте')]
183	"Обслуживание просто ни в какие рамки не лезет, офицантки просто не обращают на тебя никакого внимания, а если уж все-таки удастся кого-нибудь поймать, то на тебя смотрят с таким выражением лица.. ""ах, вам еще и принести что-то надо...""."	[('service general', 'negative', 'Обслуживание'), ('service general', 'negative', 'офицантки')]
184	По-поводу самой еды - ни одно блюдо восхищения не вызвало.	[('food quality', 'neutral', 'еды'), ('food quality', 'neutral', 'блюдо')]
185	В силу обстоятельств, была в этом ресторанчике не один раз, но как-то с каждым разом убеждаюсь в совем первом впечатлении.	[('restaurant general', 'negative', 'ресторанчике')]
186	Однажды при заказе супа из меню официантка сказала, что следует заказать другой, так как этот скис (!!!).	[('food quality', 'negative', 'супа')]
187	Интерьер - очень темный, не каждому тоже будет по вкусу.	[('ambience general', 'negative', 'Интерьер')]
188	В общем, не советую ходить в это место.	[('restaurant general', 'negative', 'место')]
189	Посетили вчера Твинс с подругой, в целом все очень понравилось!!	[('restaurant general', 'positive', 'Твинс')]
190	Официант (кажется Евгений) был просто замечательный: встретил, посадил, сразу же подал меню, поиинтересовался принести ли напитки, потом понравилась ли еда и вообще весь вечер появлялся как только это было нужно!!	[('service general', 'positive', 'Официант')]
191	Про кухню плохого сказать не могу, но самая обычная!	[('food quality', 'neutral', 'кухню')]
192	Америка- на вкус неплохо, но мало рыбы, чукка салат-хорошо, чай- не понравился!!	[('food quality', 'neutral', 'Америка'), ('food style_options', 'negative', 'рыбы'), ('food quality', 'positive', 'чукка салат'), ('drinks quality', 'negative', 'чай')]
193	Вечером остались довольны, можно в следующий раз зайти перед клубом попробовать коктейли!!))	[('restaurant general', 'positive', 'NULL')]
194	В общем очень даже неплохо!	[('restaurant general', 'positive', 'NULL')]
195	Интерьер милый, всего в меру!	[('ambience general', 'positive', 'Интерьер')]
196	Кухня понравилась!	[('food quality', 'positive', 'Кухня')]
197	Последний раз были 21 января, отлично посидели!	[('restaurant general', 'positive', 'NULL')]
198	Очень понравился музыкальный коллектив, хорошая музыка!	[('ambience general', 'positive', 'музыкальный коллектив'), ('ambience general', 'positive', 'музыка')]
199	По обслуживанию претензий нет, хорошо встретили, проводили за столик (забронировали заранее в VIP зоне, стоимость 400 руб.).	[('service general', 'positive', 'обслуживанию')]
200	Официанты не заставляли себя долго ждать, очень все вежливо и обходительно!	[('service general', 'positive', 'Официанты')]
201	Вполне прилично место!	[('restaurant general', 'positive', 'место')]
202	Была в этом ресторане только однажды, но с удовольствием схожу еще раз.	[('restaurant general', 'positive', 'ресторане')]
203	Отличное обслуживание, все приносили-уносили быстро и вежливо.	[('service general', 'positive', 'обслуживание')]
204	Очень понравился выбор в меню, долго не могли решить что заказать из-за большого разнообразия блюд.	[('food style_options', 'positive', 'меню'), ('food style_options', 'positive', 'разнообразия блюд')]
205	Все было очень вкусно, к кухне нет никаких нареканий.	[('food quality', 'positive', 'кухне')]
206	Очень понравилась их музыка.	[('ambience general', 'positive', 'музыка')]
207	Красиво, но ненавязчиво. в общем, ресторан отличный.	[('ambience general', 'positive', 'NULL'), ('restaurant general', 'positive', 'ресторан')]
208	С удовольствием схожу еще не один раз!	[('restaurant general', 'positive', 'NULL')]
209	Ну про 100 р при въезде и плохую дорогу мы знаем...это терпимо.	[('location general', 'negative', 'дорогу')]
210	Интерьер очень понравился, места много: никто никому не мешает, большой аквариум с красивыми рыбками улыбнул, народу почти не было, официанты приветливые.	[('ambience general', 'positive', 'Интерьер'), ('ambience general', 'positive', 'места'), ('ambience general', 'positive', 'аквариум'), ('service general', 'positive', 'официанты')]
211	Окна в пол - вид на залив просто волшебный!!	[('ambience general', 'positive', 'Окна в пол'), ('location general', 'positive', 'вид на залив')]
212	Цены отвечают этому заведению.	[('restaurant prices', 'neutral', 'заведению')]
213	Кофе, чай с мятой - вкусно.	[('food quality', 'positive', 'Кофе'), ('drinks quality', 'positive', 'чай с мятой')]
214	Кушали цезарь с тунцом (очень вкусный тунец), суп-пюре картофельный (после которого в качестве, видимо, комплимента подали ягодный сорбет) и пасту с морепродуктами - все очень вкусно.	[('food quality', 'positive', 'цезарь с тунцом'), ('food quality', 'positive', 'тунец'), ('food quality', 'positive', 'суп-пюре картофельный'), ('food quality', 'positive', 'ягодный сорбет'), ('food quality', 'positive', 'пасту с морепродуктами')]
215	Заказала на десерт мороженое - осталась очень довольна!!!	[('food quality', 'positive', 'десерт'), ('food quality', 'positive', 'мороженое')]
216	Такого вкусного мороженого давно не ела!!	[('food quality', 'positive', 'мороженого')]
217	Обслуживают быстро.	[('service general', 'positive', 'NULL')]
218	Когда принесли счет, были очень приятно удивлены: оказывается, по выходным счет на 50% дешевле с 13 до 17 вечера, а мы уж было подумали, что официанты ошиблись в нашу пользу))	[('restaurant prices', 'positive', 'NULL')]
219	Хлебная корзинка понравилась, и, кстати, она бесплатная.	[('food quality', 'positive', 'Хлебная корзинка'), ('food prices', 'positive', 'Хлебная корзинка')]
220	В общем и вдвоем романтик и веселой компанией посидеть там вполне приятно.	[('restaurant general', 'positive', 'NULL')]
221	Ждем лета, чтобы приехать на террасу.	[('restaurant general', 'positive', 'террасу')]
222	Была пару раз в пабе, очень понравилось.	[('restaurant general', 'positive', 'пабе')]
223	Вкусное пиво, сырные палочки.	[('drinks quality', 'positive', 'пиво'), ('food quality', 'positive', 'сырные палочки')]
224	Хорошее обслуживание.	[('service general', 'positive', 'обслуживание')]
225	Муж - испанец, в ресторан просто влюбился.	[('restaurant general', 'positive', 'ресторан')]
226	Оценивает его на пять баллов.	[('restaurant general', 'positive', 'NULL')]
227	Для меня же минус был в том, что сами блюда слишком специфические.	[('food style_options', 'negative', 'блюда')]
228	С добавлением ягод или фрукта и слишком много специй в мясе, поэтому его, к сожалению, лично мне было трудно доесть.	[('food style_options', 'negative', 'ягод'), ('food style_options', 'negative', 'фрукта'), ('food style_options', 'negative', 'специй'), ('food style_options', 'negative', 'мясе')]
229	Мы с мужем нигде не пробовали такого здорово сделанного стейка.	[('food quality', 'positive', 'стейка')]
230	Сочный, мягкий и режется как масло.	[('food quality', 'positive', 'NULL')]
231	Уровень приготовления европейский.	[('food quality', 'positive', 'приготовления')]
232	При том, что мой муж предпочитает мясо полусырое, как ему его и подали, а я хорошос деланное.	[('food style_options', 'positive', 'мясо полусырое')]
233	Когда пришли второй раз муж по этому поводу немного беспокоился, не поменяли ли повара?	[('food quality', 'positive', 'повара')]
234	Но когда убедился, что стейк сделан также здорово, остался доволен.	[('food quality', 'positive', 'стейк')]
235	Я же очень полюбила блюдо тартар с сырой рыбой и сырым яйцом.	[('food quality', 'positive', 'блюдо тартар с сырой рыбой и сырым яйцом')]
236	Официанты вежливы и предупредительны, обстановкая красивая.	[('service general', 'positive', 'Официанты'), ('ambience general', 'positive', 'обстановкая')]
237	В общем, ресторан высокого уровня.	[('restaurant general', 'positive', 'ресторан')]
238	Являемся постоянными посетителями данного заведения более года.	[('restaurant general', 'positive', 'заведения')]
239	Главное, что хотелось бы отметить - постоянно высокое качество кухни.	[('food quality', 'positive', 'качество кухни')]
240	Это одно из немногих мест, где хочется попробовать все и сразу.	[('restaurant general', 'positive', 'мест')]
241	Обязательно рекомендуем попробовать суши и роллы.	[('food quality', 'positive', 'суши'), ('food quality', 'positive', 'роллы')]
242	Она обалденны, готовят их быстро, всегда свежие и очень вкусные!	[('food quality', 'positive', 'NULL'), ('service general', 'positive', 'NULL')]
243	Удивительная особенность для сети ресторанов то, что и в других ресторанах (Комендантский, Петроградская) уровень сервиса и кухни остается на том же уровне.	[('restaurant general', 'positive', 'сети ресторанов'), ('service general', 'positive', 'сервиса'), ('food quality', 'positive', 'кухни')]
244	Единственное, что хочется отметить из негативного - в зале для некурящих бывает холодно, когда открывается входная дверь, но это мелочи.	[('ambience general', 'negative', 'зале для некурящих')]
245	Если Вы идете туда в первый раз - обязательно попробуйте мороженое в кляре - лучшее в городе.	[('food quality', 'positive', 'мороженое в кляре')]
246	А вот горячее раз на раз не приходится.	[('food quality', 'neutral', 'горячее')]
247	Бывает приносят и холодным..	[('food quality', 'negative', 'NULL')]
248	Обслуживание хорошее, но иногда приносят все сразу: и суши и суп и десерт.	[('service general', 'neutral', 'Обслуживание')]
249	Надеюсь, качество обслуживания и кухни будет столь же высоким, все-таки любимый ресторан!	[('service general', 'positive', 'обслуживания'), ('food quality', 'positive', 'кухни'), ('restaurant general', 'positive', 'ресторан')]
250	После прогулки решили с подругой зайти-перекусить, в этом ресторане была последний раз давно-года 4 назад, помню, что самую вкусную пиццу на тонком тесте ела я именно в Da Albertone, но с тех пор не получалось навестить это итальянское место, очень рада, что они до сих пор существуют, да и развились.	[('food quality', 'positive', 'пиццу')]
251	В общем и в целом впечатления сложились довольно приятные.	[('restaurant general', 'positive', 'NULL')]
252	При входе нас сразу же встретил официант и гардеробщик, вежливо раздели-проводили.	[('service general', 'positive', 'официант'), ('service general', 'positive', 'гардеробщик')]
253	Карбонара.	[('food quality', 'positive', 'Карбонара')]
254	Прекрасная, ароматная, дымящаяся - эта паста пока лучшая из тех, что я пробовала!!!	[('food quality', 'positive', 'паста')]
255	Филадельфию мне удалось только попробовать, сделали на отлично, хороший кусок лосося-филадельфии-чуток риса, смело возьму в следующий раз Десерт Тирамису просто таял во рту)))	[('food quality', 'positive', 'Филадельфию'), ('food quality', 'positive', 'лосося-филадельфии-чуток риса'), ('food quality', 'positive', 'Десерт Тирамису')]
256	Классический нежный кубик.	[('food quality', 'positive', 'NULL')]
257	Атмосфера порадовала - тёплое, уютное и спокойное место.	[('ambience general', 'positive', 'Атмосфера'), ('ambience general', 'positive', 'место')]
258	Фоновая музыка разговорам не мешала.	[('ambience general', 'neutral', 'музыка')]
259	Единственный минус-в дамской комнате ощущение такое, что в ней не очень часто убираются.	[('restaurant miscellaneous', 'negative', 'дамской комнате')]
260	Урна полностью забита.	[('restaurant miscellaneous', 'negative', 'Урна')]
261	Всем хватило места, стол был прекрасно сервирован, вообще было уютно и комфортно.	[('food style_options', 'positive', 'стол')]
262	Интерьер ресторана, мне лично, очень импонирует, мои гости тоже остались довольны.	[('ambience general', 'positive', 'Интерьер')]
263	Что касается кухни - не плохо, но я ожидала большего..	[('food quality', 'neutral', 'кухни')]
264	На горячее многие заказали шашлык из свинины и телятину с шалфеем, но увы, и то и другое было суховато и прямо скажем не вкусно(((	[('food quality', 'negative', 'шашлык из свинины'), ('food quality', 'negative', 'телятину с шалфеем')]
265	А вот рыба в беконе - порадовала)))	[('food quality', 'positive', 'рыба в беконе')]
266	Про салаты писать собственно не чего, не очень...	[('food quality', 'negative', 'салаты')]
267	Холодные закуски- вполне съедобны.	[('food quality', 'neutral', 'Холодные закуски')]
268	"Был и торт, отдельно заказанный на основе "" чизкейк"", к моему большому сожалению он тоже был не очень)))"	[('food quality', 'negative', 'торт')]
269	И за 1800 руб. я думаю можно было бы сделать и вкуснее, и нежнее, и красивее((	[('food quality', 'negative', 'NULL'), ('restaurant prices', 'negative', 'NULL')]
270	А музыкальное сопровождение это вообще отдельная история!	[('ambience general', 'negative', 'музыкальное сопровождение')]
271	Ну не хотела их аппаратура работать так как мы хотели, и наши диски мы тоже не могли прослушать.	[('ambience general', 'negative', 'аппаратура')]
272	Короче, этим очень вечер был омрачен!!!	[('restaurant general', 'negative', 'NULL')]
273	Обслуживали хорошо, девочки очень милые.	[('service general', 'positive', 'девочки')]
274	В целом осталось не плохое впечатление.	[('restaurant general', 'neutral', 'NULL')]
275	Была в Даче 2 раза, и думаю, при удобном случае приду еще!!!	[('restaurant general', 'positive', 'Даче')]
276	Интерьер, интерьер, и еще раз интерьер!!! общее цветовое решение и каждая деталь - просто восхитительны!!! особенно на контрасте с популярным сейчас минимализмом, Дача - самое домашне-уютное и при этом очень красивое место.	[('ambience general', 'positive', 'Интерьер'), ('ambience general', 'positive', 'цветовое решение'), ('ambience general', 'positive', 'Дача')]
277	Думаю, идеально и для встречи с подружками за чаем с пирожными- они, кстати, тоже отменные)), и для романтического свидания, когда хочется получить удовольствия от обстановки и от общения с любимым человеком, и для небольшого семейного торжества также чудесно подойдет!!!	[('food quality', 'positive', 'пирожными'), ('ambience general', 'positive', 'обстановки')]
278	По сервису - так как была 2 раза, могу сказать 1-1 ..)) видимо, как повезет.	[('service general', 'neutral', 'сервису')]
279	Хотя общего впечатления это не испортило.	[('restaurant general', 'positive', 'NULL')]
280	Всегда безупречно чисто, хорошие приборы и посуда, приятные столы, чистые подоконники, все - на уровне.	[('food style_options', 'positive', 'приборы'), ('food style_options', 'positive', 'посуда'), ('ambience general', 'positive', 'столы'), ('ambience general', 'positive', 'подоконники')]
281	Кухня тоже порадовала,- отличные сочетания, хорошие порции, и все очень вкусно. я - сладкоежка, поэтому десертам - дополнительный плюс!)	[('food quality', 'positive', 'Кухня'), ('food style_options', 'positive', 'порции'), ('food quality', 'positive', 'десертам')]
282	Для меня также плюсами стали - отдельный гардероб, удобное зонирование, и безусловно, живые шиншилки, которых можно покормить розовыми лепестками)))) спасибо!	[('restaurant miscellaneous', 'positive', 'гардероб'), ('ambience general', 'positive', 'зонирование'), ('restaurant miscellaneous', 'positive', 'шиншилки')]
283	Общее впечатление сложилось исключительно позитивное: - началось все с бронирования столика по телефону, вежливый администратор столик забронировал с учетом всех моих пожеланий; .	[('restaurant general', 'positive', 'NULL'), ('service general', 'positive', 'администратор')]
284	Когда мы пришли, нас встретила приветливая девушка, проводила до нашего столика и вручила меню; .	[('service general', 'positive', 'девушка')]
285	Столик был у окна, с мягким диванчиком: очень уютно и комфортно; .	[('ambience general', 'positive', 'диванчиком')]
286	Сделали заказ, все приготовили очень быстро: через 20 мин. все уже было на столе; .	[('service general', 'positive', 'NULL')]
287	Еда вкусная, но отдельно хочу отметить красивую сервировку блюд; .	[('food quality', 'positive', 'Еда'), ('food style_options', 'positive', 'сервировку блюд')]
288	После горячего, официант порекомендовал вкусный десерт, от которого мы не смогли отказаться.	[('service general', 'positive', 'официант'), ('food quality', 'positive', 'десерт')]
289	В итоге в данном заведении мы провели около 2х часов времени, прекрасно поужинали и пообщались, обтановка уютная и романтичная!	[('food quality', 'positive', 'NULL'), ('restaurant general', 'positive', 'заведении'), ('ambience general', 'positive', 'обтановка')]
290	После ужина мы сразу приняли решение, что скоро мы снова посетим сие заведение.	[('restaurant general', 'positive', 'заведение')]
291	Очень интересное заведение)	[('restaurant general', 'positive', 'заведение')]
292	Довольно-таки странно как такое неплохое местечко оказалось рядом с окраиной города оО..	[('restaurant general', 'positive', 'местечко')]
293	Я пришла сюда в 11 вечера, имеется гардероб,но меня почему-то никто не встретил,пришлось пару минут подождать)	[('service general', 'negative', 'NULL'), ('restaurant miscellaneous', 'positive', 'гардероб')]
294	После, подошла милая девушка, поздоровалась,улыбнулась и извинилась за ожидание)	[('service general', 'positive', 'девушка')]
295	Выбрала зал для дискотек-музыка негромкая-если что могут сделать потише..очень понравились удобные диванчики и сервировка стола..	[('ambience general', 'positive', 'музыка'), ('ambience general', 'positive', 'диванчики'), ('food style_options', 'positive', 'сервировка стола')]
296	Единственный минус, слегка прохладно т.к. дует с двери и окон..	[('ambience general', 'negative', 'NULL')]
297	Уютно, ничего не скажешь!	[('ambience general', 'positive', 'NULL')]
298	"Принесли на углях с картошечкой ..ммм.. действительно ,очень вкусно. ..и вино, несмотря на то,что девушка толком не смогла объяснить что за вино, ограничилась лишь ""ну оно хорошее""..да,белое полусладкое очень впечатлило))"	[('food quality', 'positive', 'на углях с картошечкой'), ('drinks quality', 'positive', 'вино'), ('service general', 'negative', 'девушка'), ('drinks quality', 'positive', 'белое полусладкое')]
299	Недорого, демократичные цены(250шашлык + 150 вино) за такое качество порадовали..приду сюда еще разок..и даже не один)	[('food prices', 'positive', 'шашлык'), ('drinks prices', 'positive', 'вино')]
300	Интерьер необычный, привлекает.	[('ambience general', 'positive', 'Интерьер')]
301	А в самом кафе было очень холодно, хотя у них есть конди, они их включили на тепло, только когда мы уже настойчиво попросили, но и это не спасло, руки оледенели просто!	[('ambience general', 'negative', 'кафе')]
302	Из кухни заказывали пиццу, так..... ничего особенного, поесть можно, допинга не было, добавить было нечего =(	[('food quality', 'neutral', 'пиццу'), ('food style_options', 'negative', 'допинга')]
303	Хотела еще десерт заказать, так фруктов у них тоже не оказалось((((	[('food style_options', 'negative', 'фруктов')]
304	Заказали чай, по вкусу был на самый дешевый похож.	[('drinks quality', 'negative', 'чай')]
305	Официант все время куда-то пропадал, хотя народу вообще не было.	[('service general', 'negative', 'Официант')]
306	Еще что не понравилось, так это то, что повара прямо через все кафе ходят, туда-сюда.	[('ambience general', 'negative', 'NULL')]
307	В общем - я не в восторге от этого заведения, туда больше не пойду.	[('restaurant general', 'negative', 'заведения')]
308	Столы были почти все заняты,заказала суп,несли не долго и было вкусно,на кухню там не когда не жаловалась,всегда приносят комплимент от шеф повара,а что касается спагетти,можно заказать пол порции если есть не особо хочется!	[('service general', 'positive', 'NULL'), ('food quality', 'positive', 'суп'), ('food quality', 'positive', 'кухню'), ('food style_options', 'positive', 'спагетти')]
309	Сам ресторан не очень большой,интерьер довольно приятный,как то там все уютно!	[('ambience general', 'positive', 'интерьер')]
310	Но есть огромный минус,ресторан находится на улице восстания и к сожалению,там не где парковаться и очень сложно найти место хотя бы поблизости,причем что днем,что вечером!	[('location general', 'negative', 'ресторан')]
311	НАМ ОЧЕНЬ ПОНРАВИЛОСЬ!!!	[('restaurant general', 'positive', 'НАМ ОЧЕНЬ ПОНРАВИЛОСЬ!!')]
312	Официантки все в красивых формах, очень приветливые.	[('service general', 'positive', 'Официантки')]
313	Пиво нам принесли буквально через пару минут, а затем следом принесли салаты.	[('service general', 'positive', 'NULL')]
314	Мы были приятно удивлены такой скорости обслуживания)))	[('service general', 'positive', 'скорости обслуживания')]
315	Салаты - пальчики оближешь!!!	[('food quality', 'positive', 'Салаты')]
316	Я брала с копченым угрем - СУПЕР!!!	[('food quality', 'positive', 'копченым угрем')]
317	Порции очень добротные.	[('food style_options', 'positive', 'Порции')]
318	Подруга заказывала рыбные рулетики, а принесли рулетики и +гору салата!!!	[('food style_options', 'positive', 'рулетики'), ('food style_options', 'positive', 'салата')]
319	Затем подали сорбет, тоже вкусненько)))	[('food quality', 'positive', 'сорбет')]
320	Мясо просто таяло во рту...	[('food quality', 'positive', 'Мясо')]
321	Я давно не получала такого удовольствия от похода в ресторан!	[('restaurant general', 'positive', 'ресторан')]
322	Понравилось все-обстановка, сервис и кухня на высоте!	[('ambience general', 'positive', 'обстановка'), ('service general', 'positive', 'сервис'), ('food quality', 'positive', 'кухня')]
323	Непременно этот ресторан войдет в число моих любимых)))	[('restaurant general', 'positive', 'ресторан')]
324	Нет зоны для некурящих(((	[('ambience general', 'negative', 'зоны для некурящих')]
325	НО при этом дымом не пахло (мы были с 16 до 18ч.)	[('ambience general', 'positive', 'NULL')]
326	"Мужчина ,не сомневаясь ответил,что на улице Московской есть чудесное кафе ""White-Rabbit""."	[('restaurant general', 'positive', 'кафе White-Rabbit')]
327	Придя туда ,меня удивила очень уютная атмосфера,приветливый персонал и конечно же интерьер,отдаю должное хозяевам и дизайнеру!	[('ambience general', 'positive', 'атмосфера'), ('service general', 'positive', 'персонал'), ('ambience general', 'positive', 'интерьер'), ('ambience general', 'positive', 'дизайнеру')]
328	В тот день я пила американо(пожалуй самый вкусный)и ела филадельфию,осталась довольна,продукты свежие,кофе ароматный!	[('drinks quality', 'positive', 'американо'), ('food quality', 'positive', 'филадельфию'), ('food quality', 'positive', 'продукты'), ('drinks quality', 'positive', 'кофе')]
329	Такие стейки редко встретишь в СПб,очень вкусные!	[('food quality', 'positive', 'стейки')]
330	Всё очень понравилось!	[('restaurant general', 'positive', 'NULL')]
331	Кстати обслуживание очень приятное,их не видно,но тарелки исчезают сразу же.!	[('service general', 'positive', 'обслуживание')]
332	Спасибо за такое чудесное место в Пушкине!	[('restaurant general', 'positive', 'место')]
333	Замечательное заведение, мы с мужем просто в восторге!	[('restaurant general', 'positive', 'заведение')]
334	"Интерьер отличный, кухня наивкуснейшая (порции правда меньше чем в других итальянских ресторанах) но мы остались очень довольны, даже объелись, муж особо отметил карпачо, а я десерт ""три шоколада"" полный восторг!!!"	[('ambience general', 'positive', 'Интерьер'), ('food quality', 'positive', 'кухня'), ('food style_options', 'negative', 'порции'), ('food quality', 'positive', 'карпачо'), ('food quality', 'positive', 'десерт три шоколада')]
335	А вот особенно хотелось остановиться на обслуживании, отдельное спасибо официанту Максиму, нам было очень приятно!	[('service general', 'positive', 'обслуживании'), ('service general', 'positive', 'официанту')]
336	Атмосфера заведения тоже порадовала, играла приятная Итальянская музыка, в общем высшая оценка ресторану, ждите нас ещё, мы обязательно придём))))	[('ambience general', 'positive', 'Атмосфера'), ('ambience general', 'positive', 'Итальянская музыка'), ('restaurant general', 'positive', 'ресторану')]
337	Кухня была нормальная, я бы даже сказал, что вкусно было все приготовлено.	[('food quality', 'positive', 'Кухня')]
338	При том что ресторан был практически пуст заказ, я ждал больше сорока минут плюс ко всему, про один десерт официантка совсем забыла и несла его еще минут 20.	[('service general', 'negative', 'официантка')]
339	И что больше всего удивили и не понравилось, то что в меню в составе десерта было написаны одни ингридиенты, а реальном блюде часть инегридиентов я так и не нашел!	[('food style_options', 'negative', 'блюде')]
340	Так что если кто собиреться там пообедать или поужинать, то учтите, что заказ вы можете ждать Очень долго!	[('service general', 'negative', 'NULL')]
341	А мы пришли туда с мужем в обед, мест полно, обслужили быстро.	[('service general', 'positive', 'NULL'), ('ambience general', 'positive', 'NULL')]
342	Очень приятная официантка, интерьер понравился, маленькое заведение, но все равно мило.	[('service general', 'positive', 'официантка'), ('ambience general', 'positive', 'интерьер'), ('restaurant general', 'positive', 'заведение')]
343	Заказ ждали минут 15, принесли роллы и суши, очень вкусные.	[('service general', 'positive', 'NULL'), ('food quality', 'positive', 'роллы'), ('food quality', 'positive', 'суши')]
344	У них акция сейчас до 17 часов скидка 50% на них...вот мы и назаказали...	[('restaurant prices', 'positive', 'NULL')]
345	Муж быстро скис, а я заказала еще порцию роллов, но, увы, уже не таких вкусных...не помню замысловатого названия, но были с зеленым луком и черным перцем..невкусные, сухие...а так вполне отлично.	[('food quality', 'negative', 'роллов')]
346	Из всех заведений японской кухни - это самое лучшее, придем туда еще раз до 20 ноября...по акции!!!!	[('restaurant general', 'positive', 'заведений японской кухни')]
347	Туалет порадовал наличием диванчика )))))))	[('restaurant miscellaneous', 'positive', 'Туалет')]
348	Не буду говорить об интерьере, так как наверно в предыдущих отзывах все уже написано,могу сказать одно-понравилось, кухня тоже нас порадовала- хачапури отличный, хинкали большие,но мясо чуть-чуть суховато,баклажаны запеченные отменные, люля неплох, но не хватало соуса, а официант не предложил дополнительно его заказать.	[('ambience general', 'positive', 'интерьере'), ('food quality', 'positive', 'кухня'), ('food quality', 'positive', 'хачапури'), ('food style_options', 'positive', 'хинкали'), ('food quality', 'negative', 'мясо'), ('food quality', 'positive', 'баклажаны'), ('food quality', 'neutral', 'люля'), ('food quality', 'negative', 'соуса'), ('service general', 'negative', 'официант')]
349	Вот и все хорошее заканчивается, так как сервис в этом заведение на нуле, блюда одновременно не приносили, в итоге я ела,когда все остальные свои блюда уже съели,тарелки грязные со стола не убирали,но самое главное,когда принесли сдачу- чека не было,сразу все хорошие впечатления об этом ресторане испарились,естественно никто к нам больше не подошел,а когда мы уходили никто с нами не попрощался.	[('service general', 'negative', 'сервис'), ('restaurant general', 'negative', 'ресторане')]
350	"Чаевые не оставили,так как считаю,что персонал этого заведения уже заработал себе на ""чай""."	[('service general', 'negative', 'персонал'), ('restaurant general', 'negative', 'заведения')]
351	К выбору ресторана подошли основательно, было много разных предложений, но лучше данного ресторана ничего не нашли.	[('restaurant general', 'positive', 'ресторана')]
352	Все прекрасно начиная от первого звонка в ресторан и общения с администратором и заканчивая нашим сбором после банкета.	[('restaurant general', 'positive', 'ресторан'), ('service general', 'positive', 'администратором')]
353	Всегда приветливый обслуживающий персонал в любое время, при личном общении и по телефону.	[('service general', 'positive', 'обслуживающий персонал')]
354	В ресторане несколько вариантов меню, на любой кошелек, в каждом из меню, большой выбор всего, закусок горячих и холодных, горячего, напитки.	[('food prices', 'positive', 'NULL'), ('food style_options', 'positive', 'меню'), ('food style_options', 'positive', 'закусок горячих и холодных'), ('food style_options', 'positive', 'горячего'), ('drinks style_options', 'positive', 'напитки')]
355	Мои гости, да в прочем как и мы молодые остались в полном восторге!!!)	[('restaurant general', 'positive', 'NULL')]
356	Кухня супер, атмосфера восхитительная, интерьер лучший, великолепный вид из ресторана!	[('food quality', 'positive', 'Кухня'), ('ambience general', 'positive', 'атмосфера'), ('ambience general', 'positive', 'интерьер'), ('location general', 'positive', 'вид из ресторана')]
357	Спасибо администрации!	[('service general', 'positive', 'администрации')]
358	Все очень понравилось.	[('restaurant general', 'positive', 'NULL')]
359	И место на диванчиках нашлось, и официантка очень приветливая, но ненавязчивая, интерьер приятный, живая музыка тоже расслабляет, вполне и под нее можно вести беседу.	[('service general', 'positive', 'официантка'), ('ambience general', 'positive', 'интерьер'), ('ambience general', 'positive', 'живая музыка')]
360	Обслуживание оперативное, ждать 1-2 минуты пиво, гренки чуть дольше, пиво отличное!!! я в восторге!!!	[('service general', 'positive', 'Обслуживание'), ('drinks quality', 'positive', 'пиво')]
361	обстановка очень уютная. а еще радует что недалеко от дома такое прекрасное заведение есть!!!	[('location general', 'positive', 'NULL'), ('ambience general', 'positive', 'обстановка'), ('restaurant general', 'positive', 'заведение')]
362	Пришли немного раньше, но нас уже ждали :-)	[('service general', 'positive', 'NULL')]
363	Нам настолько понравились закуски, что мы решили продегустировать все, что сможем, и заказали их в каких-то диких количествах, поэтому, к сожалению, не осталось места для горячего (я вообще шла за говядиной, но не получилось, значит, приедем еще))).	[('food quality', 'positive', 'закуски')]
364	На десерт заказали сорбе, его подача - целый ритуал!	[('service general', 'positive', 'подача')]
365	И вкус замечательный, у нас была земляника и манго.	[('food quality', 'positive', 'земляника'), ('food quality', 'positive', 'манго')]
366	В целом, мы оооочень довольны, обязательно придем снова и на этот раз оставим место для мяса =)	[('restaurant general', 'positive', 'NULL')]
367	Спокойный и стильный интерьер, приятная атмосфера, внимательное, но ненавязчивое обслуживание, отличная еда - все на твердую 10!	[('ambience general', 'positive', 'интерьер'), ('ambience general', 'positive', 'атмосфера'), ('service general', 'positive', 'обслуживание'), ('food quality', 'positive', 'еда')]
368	Марина и Катя, спасибо вам за отличный вечер, надеемся снова побывать у вас в гостях :-)	[('restaurant general', 'positive', 'NULL')]
369	При входе улыбчивая девушка хостесс встретила и проводила к столику-приятно.	[('service general', 'positive', 'девушка хостесс')]
370	Выбрали сациви(холодное пробовал впервые-изумительно,очень тонкий вкус),хачапури по-мегрельски(круче чем сырная пицца)))),блюда на мангале,ну и ребята взяли всякие закуски и салаты,просто не помню какие именно.	[('food quality', 'positive', 'сациви'), ('food quality', 'positive', 'хачапури по-мегрельски')]
371	На десерт жена взяла классический Наполеон,пробовала его и приговаривала-как в детстве,вкуснятина)))	[('food quality', 'positive', 'Наполеон')]
372	Я решился попробовать бараньи яички-не впечатлен,из-за того,что они были замороженные,вкус совершенно другой,нежели должен быть.	[('food quality', 'negative', 'NULL')]
373	А во всем остальном повара молодцы.	[('food quality', 'positive', 'повара')]
374	Официант Антон работал четко,без существенных задержек и никуда не торопясь.	[('service general', 'neutral', 'Официант')]
375	Очень приятно,когда хорошую кухню не подводит плохое обслуживание.	[('food quality', 'positive', 'кухню'), ('service general', 'neutral', 'обслуживание')]
376	Интерьер домашний и очень уютный,туалет вообще отличный,а играющие там сказки расслабляют))))	[('ambience general', 'positive', 'Интерьер'), ('restaurant miscellaneous', 'positive', 'туалет')]
377	В итоге,мы из-за обилия вкусной еды в конце вечера еле встали из-за стола,были довольные ,сытые и немного пьяные)))	[('food quality', 'positive', 'еды')]
378	Спасибо вам огромное.	[('restaurant general', 'positive', 'NULL')]
379	Привходе встретила милая девушка предложила столики на выбор!	[('service general', 'positive', 'девушка')]
380	Я решила выпить вина и поинтересовалась у официантки какое вином мне посоветуйте, явно меню в этом ресторане официанты не учат, ничего про вино она мне не смогла обьяснить!	[('service general', 'negative', 'официанты')]
381	Удивилась когда перед салатом принесли комплимент от шеф-повара, хотя мой восторг был не долгим, салат мне несли минут 40 если не больше, салат был на 4, после чего гребешки я ждала еще минут 30, десерт даже не стала заказывать!	[('service general', 'negative', 'NULL'), ('food quality', 'neutral', 'салат')]
382	Приятная атмосфера, но не более того и на 2ом этаже очень душно!	[('ambience general', 'neutral', 'атмосфера')]
383	Отличный паб!!!!!!	[('restaurant general', 'positive', 'паб')]
384	Я решила устроить мужу сюрприз, и он удался!	[('restaurant general', 'positive', 'NULL')]
385	Отличный интерьер!	[('ambience general', 'positive', 'интерьер')]
386	Очень вкусное пиво и большой его выбор, кухня тоже отличная, все заказанные блюда, были очень вкусны, а основное, почему я выбрала этот паб, потому что в тот день играла живая музыка, и мы были приятно удивлены, отличный получился концертик!	[('drinks quality', 'positive', 'пиво'), ('drinks style_options', 'positive', 'пиво'), ('food quality', 'positive', 'кухня'), ('food quality', 'positive', 'блюда'), ('ambience general', 'positive', 'живая музыка'), ('ambience general', 'positive', 'концертик')]
387	Отличная атмосфера заведения, обязательно будем посещать его ещё!!!	[('ambience general', 'positive', 'атмосфера')]
388	"Для меня ответ на вопрос ""Стоит ли идти в этот ресторан?"" -однозначный."	[('restaurant general', 'positive', 'ресторан')]
389	Да,конечно,стоит!	[('restaurant general', 'positive', 'NULL')]
390	Много причин для этого: Одна из главных причин - хорошая кухня.	[('food quality', 'positive', 'кухня')]
391	Затем-Внимательный персонал,адекватные цены,уютный и красивый интерьер, центр города.	[('restaurant prices', 'positive', 'NULL'), ('service general', 'positive', 'персонал'), ('ambience general', 'positive', 'интерьер')]
392	Мне нравиться место,где расположен ресторан. (Напротив Малого драматического театра.)	[('location general', 'positive', 'ресторан')]
393	Публика, которая приходит ,мне тоже нравиться .	[('ambience general', 'positive', 'Публика')]
394	Хорошая энергетика в этом ресторане,которую создают внимательные и профессиональные люди.	[('restaurant general', 'positive', 'ресторане'), ('service general', 'positive', 'люди')]
395	Жаль,что многие не знают этот замечательный ресторан.	[('restaurant general', 'positive', 'ресторан')]
396	Здесь чувствуешь себя очень хорошо в любое время и в любом зале,будь то большой праздник (например банкет)) или если случайно зайдёшь выпить чашку кофе.	[('ambience general', 'positive', 'зале')]
397	Тебе здесь рады всегда, атмосфера домашняя в этом ресторане.	[('ambience general', 'positive', 'атмосфера')]
398	Таких хороших и уютных мест в Питере не так много.	[('restaurant general', 'positive', 'мест'), ('ambience general', 'positive', 'мест')]
399	Я думаю, что гость,который посетит этот ресторан станет его постоянным гостем.	[('restaurant general', 'positive', 'ресторан')]
400	"Я желаю ресторану ""Рубинштайн"" процветания и успехов!"	[('restaurant general', 'positive', 'ресторану Рубинштайн')]
401	В общем-то, особо негативных впечатлений не получили.	[('restaurant general', 'neutral', 'NULL')]
402	Показалось странным маленький выбор пиццы, с учетом заявленного в названии ИТАЛЬЯНСКОГО ресторана.	[('food style_options', 'negative', 'пиццы')]
403	Да и по вкусу пицца оставляет желать лучшего.	[('food quality', 'negative', 'пицца')]
404	В целом, не отвратительно, но мы ели и лучше.	[('food quality', 'negative', 'NULL')]
405	Гораздо лучше дело обстоит с суши.	[('food quality', 'positive', 'суши')]
406	"Цены, конечно, не маленькие, соответствуют названию ""РЕСТОРАН""."	[('restaurant prices', 'neutral', 'РЕСТОРАН')]
407	Персоналу есть куда рости, но тоже на среднем уровне.	[('service general', 'neutral', 'Персоналу')]
408	Девушки ходят с лицами, будто посетители им что-то задолжали.	[('service general', 'negative', 'Девушки')]
409	Причем начиная от официанток, заканчивая администраторами.	[('service general', 'negative', 'официанток'), ('service general', 'negative', 'администраторами')]
410	Если уж администраторы не озадачивают себя улыбкой в адрес клиентов, то чего уж ожидать от младшего персонала.	[('service general', 'negative', 'администраторы'), ('service general', 'negative', 'младшего персонала')]
411	Порадовал только молодой человек, все время улыбался и хотя не он обслуживал наш столик, но не считал за труд и убирал посуду проходя мимо нас.	[('service general', 'positive', 'молодой человек')]
412	Очень долго, нет, ОЧЕНЬ-ОЧЕНЬ долго готовили/несли суши, с момента заказа прошло, наверное минут 40-50...	[('service general', 'negative', 'NULL')]
413	Еще неприятным показался тот факт, что в 15.50 у нас не приняли заказ на ланч, хотя в меню он заявлен до 16.00...	[('service general', 'negative', 'NULL')]
414	В общем, если Вы хотите посидеть в спокойном тихом месте, выпить бокальчик и поболтать с друзьями, то Розарио вполне подойдет.	[('restaurant general', 'neutral', 'Розарио')]
415	Если ваша цель поесть вкусной и недорогой пиццы, то данное заведение лучше не посещать.	[('food quality', 'negative', 'пиццы')]
416	Праздновали день рождения,все понравилось, удалось найти место,которое сочетало бы в себе уютный интерьер (первый зал), вкусную еду,приятный персонал и оооочень демократичные цены ( на счет скидка 33% в честь дня рождения),но все таки было несколько очень странных моментов.1.	[('restaurant prices', 'positive', 'место'), ('restaurant general', 'positive', 'место'), ('ambience general', 'positive', 'интерьер'), ('ambience general', 'positive', 'первый зал'), ('food quality', 'positive', 'еду'), ('service general', 'positive', 'персонал')]
417	Ресторан закрывается в половину 12, поэтому в какой то момент официант вежливо нам это сообщил,нас это не особо расстроило,мы поехали дальше танцевать,но все таки..в городе где любое заведение работает до последнего клиента немного странно .2.	[('restaurant miscellaneous', 'neutral', 'Ресторан'), ('service general', 'positive', 'официант')]
418	Вино взяли белое сицилийское,понравилось,попросили еще такое же, его оказалось больше нет,взяли другое, и оно тоже было в одном экземпляре,взяли третье....3.	[('drinks quality', 'positive', 'Вино'), ('drinks style_options', 'negative', 'Вино')]
419	Счет.как уже отметила цены настолько демократичные, что когда мне принесли счет я была сильно удивлена т.к. на компанию из 7человек,(все заказывали горячее+ 4 бутылки вина, салаты)	[('restaurant prices', 'positive', 'NULL')]
420	И уже итоговая сумма была дописана карандашом, я дала официантке банковскую карту на что она меня попросила счет который на чеке пробит оплатить картой,а обслуживание наличными.	[('service general', 'negative', 'официантке')]
421	Мы конечно без проблем расплатились(чека за наличные естественно не принесли!),но это получается откровенное вымогание чаевых,а мы бы и так их оставили!!	[('service general', 'negative', 'NULL')]
422	Знаете, если я скажу, что понравилось все, мне могут и не поверить.	[('restaurant general', 'positive', 'NULL')]
423	И замечательный интерьер, и красивая сервировка столов, и изумительная кухня, да еще с изысканным оформлением!	[('ambience general', 'positive', 'интерьер'), ('food style_options', 'positive', 'сервировка столов'), ('food quality', 'positive', 'кухня'), ('ambience general', 'positive', 'оформлением')]
424	А самое главное - это люди, которые здесь работают и с которыми мы общались по организации свадебного банкета.	[('service general', 'positive', 'люди')]
425	Это, в первую очередь, администратор Александр.	[('service general', 'positive', 'администратор')]
426	Очень вежливый, доброжелательный, знающий свое дело.	[('service general', 'positive', 'NULL')]
427	Все наши пожелания были им учтены.	[('service general', 'positive', 'NULL')]
428	Еще хочется отметить девочку-официанта, которая работала по обслуживанию нашего банкета (к сожалению я не знаю ее имени).	[('service general', 'positive', 'девочку-официанта'), ('service general', 'positive', 'обслуживанию')]
429	Незаметно убиралась лишняя посуда, появлялись новые блюда, напитки.	[('service general', 'positive', 'NULL')]
430	И все это сопровождалось ее приветливой улыбкой.	[('service general', 'positive', 'NULL')]
431	Спасибо вам огромное за вашу работу и такое теплое отношение к нам, вашим клиентам.	[('service general', 'positive', 'отношение')]
432	Все наши гости присоединяются к моим словам и также выражают вам свою благодарность за этот вечер.	[('restaurant general', 'positive', 'NULL')]
433	А наши молодожены просто в восторге от праздника, который мы все вместе устроили для них.	[('restaurant general', 'positive', 'NULL')]
434	Спасибо вам огромное!	[('restaurant general', 'positive', 'NULL')]
435	Днем там малолюдно и привлекает 20 процентная скидка на все блюда до 16 часов.	[('food prices', 'positive', 'скидка на все блюда')]
436	Гардероб действительно не работал, но нас это не напрягло, мест, куда можно положить одежду предостаточно.	[('restaurant miscellaneous', 'neutral', 'Гардероб')]
437	Всегда выбираем второй зал, нам там кажется уютнее.	[('ambience general', 'positive', 'второй зал')]
438	Интерьер в восточном стиле, приглушенное освещение, негромкая фоновая музыка, не мешающая беседе.	[('ambience general', 'neutral', 'Интерьер'), ('ambience general', 'neutral', 'освещение'), ('ambience general', 'neutral', 'музыка')]
439	На могу сказать о всех блюдах, а ассортимент там достаточно большой, но то, что выбираем мы- мне нравится.	[('food quality', 'positive', 'блюдах'), ('food style_options', 'positive', 'ассортимент')]
440	Все шашлыки, а мы заказывали их и из телятины и из говядины и из свинины, были превосходны.	[('food quality', 'positive', 'шашлыки'), ('food quality', 'positive', 'телятины'), ('food quality', 'positive', 'говядины'), ('food quality', 'positive', 'свинины')]
441	Очень нравится блюдо садж - мясо, говядина, телятина на выбор, с грибами и овощами подается в большой металлической тарелке на углях.	[('food style_options', 'positive', 'блюдо садж'), ('food quality', 'positive', 'блюдо садж')]
442	Очень вкусный чай по восточному с инжирным вареньем, он правда, достаточно дорогой.	[('drinks prices', 'negative', 'чай по восточному с инжирным вареньем'), ('drinks quality', 'positive', 'чай по восточному с инжирным вареньем')]
443	Обслуживания все те три раза, что мы там были, также было безупречным.	[('service general', 'positive', 'Обслуживания')]
444	Вежливые, доброжелательные официанты, всегда готовые, что-то подсказать и посоветовать.	[('service general', 'positive', 'официанты')]
445	По моей рекомендации этот ресторан посетили несколько пар моих друзей и также остались довольны.	[('restaurant general', 'positive', 'ресторан')]
446	Очень хорошее соотношение цены и качества.	[('restaurant prices', 'positive', 'NULL')]
447	Интерьер очень уютный.	[('ambience general', 'positive', 'Интерьер')]
448	Начиталась отзывов, что хорошая пицца - взяли именно ее, и остались очень довольны!!	[('food quality', 'positive', 'пицца')]
449	Все понравилось, десерт волшебный!	[('food quality', 'positive', 'десерт')]
450	Мило посидели, в окно видела Спас на крови...романтик)	[('restaurant general', 'positive', 'NULL'), ('location general', 'positive', 'окно')]
451	Официантка вежливая очень.	[('service general', 'positive', 'Официантка')]
452	Напитки принесла быстро...да и еду совсем не пришлось ждать! в общем большое спасибо за атмосферу и угощения.	[('service general', 'positive', 'NULL'), ('ambience general', 'positive', 'атмосферу'), ('food quality', 'positive', 'угощения')]
453	Обязательно придем еще!	[('restaurant general', 'positive', 'NULL')]
454	Заведение светлое, стильное.	[('ambience general', 'positive', 'Заведение')]
455	Единственный минус это то, что столики (справа от входа) поставлены очень близко друг к другу, и если бы рядом со мной столик был занят, мне было бы уже не так комфортно.	[('ambience general', 'negative', 'столики')]
456	Меня сразу заметили на входе и проводили за столик.	[('service general', 'positive', 'NULL')]
457	К обслуживанию нареканий никаких: обслужили быстро и с улыбкой!	[('service general', 'positive', 'обслуживанию')]
458	Пожалела я о заказе моего любимого борща! здесь он не вкусный: бульон с капустой... с большим количеством капусты! попробовала добавить побольше сметаны ))) но не помогло... к сожалению.	[('food quality', 'negative', 'борща'), ('food quality', 'negative', 'бульон с капустой'), ('food quality', 'negative', 'капусты')]
459	Паста - карбонара была достойной!!!	[('food quality', 'neutral', 'Паста - карбонара')]
460	А от десерта я просто в восторге!!! смела его за несколько минут ))) и это после борща с пастой!!!	[('food quality', 'positive', 'десерта')]
461	Общие впечатления положительные, даже не смотря на борщ )))	[('restaurant general', 'positive', 'NULL'), ('food quality', 'negative', 'борщ')]
462	Приятной оказалась скидка 15 % в обеденное время.	[('restaurant prices', 'positive', 'обеденное время')]
463	Планирую заехать как-нибудь вечерком, с мужем.	[('restaurant general', 'positive', 'NULL')]
464	По порядку: Кухня - Суп-Харчо, шашлыки (перепробовали практически все из представленных) 5+ оценка, лепешки, весьма неплохое вино (на мой вкус), ну и конечно чай с чабрецом :), вот зачем сюда стоит и нужно ходить, согласитесь, что в таком месте какой-нибудь салат Греческий брать совершенно бесполезно, он и не должен быть хорошим тут :)	[('food quality', 'positive', 'Кухня'), ('food quality', 'positive', 'Суп-Харчо'), ('food quality', 'positive', 'шашлыки'), ('food quality', 'positive', 'лепешки'), ('drinks quality', 'positive', 'вино'), ('drinks quality', 'positive', 'чай с чабрецом')]
465	Интерьер - В целом достаточно тематично, исключая уже упомянутую кем-то колонку в зале и может быть недостаток света в главном зале, мне, как и многим, кто здесь писал больше нравится светлый зал, он намного уютнее, единственное - стоит обратить внимание на чистоту скатертей, не всегда идеально.	[('ambience general', 'neutral', 'Интерьер'), ('ambience general', 'negative', 'колонку'), ('ambience general', 'negative', 'света в главном зале'), ('ambience general', 'positive', 'светлый зал'), ('service general', 'negative', 'чистоту скатертей')]
466	Обслуживание - Приятные, вежливые молодые люди, не слишком часто, но и не редко подходят, работают не бездушно, с улыбкой и вообще органично смотрятся, никаких нареканий.	[('service general', 'positive', 'Обслуживание'), ('service general', 'positive', 'молодые люди')]
467	"Вообще приятное место для посиделок, как деловых, так и частных, любителям ""понтов и собачек"" точно не сюда, заведение все-таки не дотягивает до того уровня, чтобы привлекать таких персонажей, но и слава богу."	[('restaurant general', 'positive', 'место')]
468	При всем написанном цена очень адекватная, по крайней мере на ту часть меню, которая нас интересует.	[('restaurant prices', 'positive', 'меню')]
469	Прекрасный ресторан!	[('restaurant general', 'positive', 'ресторан')]
470	Уютная обстановка и атмосфера, красивый вид на залив.	[('ambience general', 'positive', 'обстановка'), ('ambience general', 'positive', 'атмосфера'), ('location general', 'positive', 'вид на залив')]
471	Обслуживание хорошее, вежливый персонал, все пожелания выполнялись.	[('service general', 'positive', 'Обслуживание'), ('service general', 'positive', 'персонал')]
472	Вкусная еда и порции нормальные, готовили и приносили довольно быстро.	[('service general', 'positive', 'NULL'), ('food quality', 'positive', 'еда'), ('food style_options', 'neutral', 'порции')]
473	В целом остались очень хорошие и приятные впечатления от посещения, обязательно придем еще и не один раз.	[('restaurant general', 'positive', 'NULL')]
474	Спасибо!	[('restaurant general', 'positive', 'NULL')]
475	Ресторанчик очень милый.бывала там не раз!	[('restaurant general', 'positive', 'Ресторанчик')]
476	Готовят очень вкусно,и очень большие порции.	[('food style_options', 'positive', 'NULL'), ('food style_options', 'positive', 'порции')]
477	Одним салатом я вполне наелась,еле на суп хватило.обслуживание шикарное!	[('food quality', 'positive', 'салатом'), ('service general', 'positive', 'обслуживание')]
478	Особенно хорошая официантка Алёна,милая,добрая,приветливая и всегда поможет с выбором!	[('service general', 'positive', 'официантка')]
479	Повара отличные готовят на ура.	[('food quality', 'positive', 'Повара')]
480	"Особенно мне понравился шашлык из курицы и салат ""Розана"" всем советую попробовать."	[('food quality', 'positive', 'шашлык из курицы'), ('food quality', 'positive', 'салат Розана')]
481	На самом деле в 12 закрывается только кухня,а бар работает до последнего клиента!	[('service general', 'positive', 'бар')]
482	Всем советую туда сходить.	[('restaurant general', 'positive', 'NULL')]
483	Столик заказали заранее, нас встретили, проводили, принесли меню всё оперативно.	[('service general', 'positive', 'NULL')]
484	Заведение небольшое, очень камерное, что приятно.	[('ambience general', 'positive', 'Заведение')]
485	Интерьер обычный, как в других пабах, порадовали стеллажи с книгами и мягкие диваны.:)	[('ambience general', 'neutral', 'Интерьер'), ('ambience general', 'positive', 'стеллажи с книгами'), ('ambience general', 'positive', 'диваны')]
486	Пиво вкусное, есть из чего выбрать.	[('drinks quality', 'positive', 'Пиво'), ('drinks style_options', 'positive', 'Пиво')]
487	"Заказали: отварные креветки - креветки, как креветки, но какие-то слишком маленькие (240 руб.), салат ""Салмон"" с лососем, неплохой, но пресноват, соуса явно не хватает, кольца кальмара в кляре - под пиво нормально, мясные чипсы из говядины - вкусно, Рагу - вкусно, но больше напоминало бульон с мясом, королевские креветки с соусом - очень вкусное блюдо(599 руб.), к сожалению не все цены помню."	[('food quality', 'neutral', 'отварные креветки'), ('food quality', 'neutral', 'салат Салмон с лососем'), ('food quality', 'negative', 'соуса'), ('food quality', 'neutral', 'кольца кальмара в кляре'), ('food quality', 'positive', 'мясные чипсы из говядины'), ('food quality', 'positive', 'Рагу'), ('food quality', 'positive', 'королевские креветки с соусом')]
488	Была одна официантка на весь зал (пятница вечер все столики заняты), но справлялась, напитки и блюда долго ждать не приходилось, не хватало немного приветливости, а в общем неплохо.	[('service general', 'neutral', 'официантка')]
489	Подведя итог можно сказать, что хорошо провели время, милое заведение.	[('restaurant general', 'positive', 'заведение')]
490	Ресторан Атлантис остается на протяжении многих лет одним из самых приятных и уютных мест.	[('restaurant general', 'positive', 'Ресторан Атлантис')]
491	Интерьер просто прекрасный, летом очень приятно быть на веранде.	[('ambience general', 'positive', 'Интерьер'), ('ambience general', 'positive', 'веранде')]
492	Еда великолепная!	[('food quality', 'positive', 'Еда')]
493	Десерты это отдельная вкусная тема:)	[('food quality', 'positive', 'Десерты')]
494	Бланманже и Декуаз мои фавориты, очень рекомендую!	[('food quality', 'positive', 'Бланманже'), ('food quality', 'positive', 'Декуаз')]
495	Суши, для тех кто любит, просто супер вкусные, пожалуй, самые вкусные в городе, ну и за его пределами, на мой взгляд!:)	[('food quality', 'positive', 'Суши')]
496	Персонал всегда вежливый, и когда мы отмечали там не один наш праздник (в разное время от 10 до 50 гостей) все было на высшем уровне, и организация, и обсуждение меню, и подача блюд.	[('service general', 'positive', 'Персонал'), ('service general', 'positive', 'организация'), ('service general', 'positive', 'обсуждение меню'), ('food style_options', 'positive', 'подача блюд')]
497	Либо Вы ищете пыль на полках и подмечаете прочие мелочи, либо наслаждаетесь атмосферой, едой и всем, что Вас окружает.	[('ambience general', 'positive', 'атмосферой'), ('food quality', 'positive', 'едой')]
498	Если Вы решили провести чудесный день или вечер в приятной компании в уютном месте с хорошей едой, то ресторан Атлантис Вам в этом поможет.	[('food quality', 'positive', 'едой'), ('restaurant general', 'positive', 'ресторан Атлантис')]
499	Очень его рекомендую и благодарна ресторану за качественную работу на протяжении многих лет!	[('restaurant general', 'positive', 'ресторану')]
500	Сегодня ужинала в этом замечательном ресторане.	[('restaurant general', 'positive', 'ресторане')]
501	"Интерьер мне лично очень понравился, чем-то напомнил ресторан ""Русский Китч""."	[('ambience general', 'positive', 'Интерьер')]
502	Кухня просто волшебная.	[('food quality', 'positive', 'Кухня')]
503	Полностью согласна с NAVEX, что суп из печеного чеснока что-то замечательное.	[('food quality', 'positive', 'суп из печеного чеснока')]
504	Как нам сказали такого в городе больше нигде не подают, это фирменное блюдо их шеф-повара.	[('food quality', 'positive', 'фирменное блюдо')]
505	Также пробовали суп-пюре из белых грибов (чудесно) и салат с креветками (очень вкусно).	[('food quality', 'positive', 'суп-пюре из белых грибов'), ('food quality', 'positive', 'салат с креветками')]
506	Отдельно хочется отметить обслуживание - на высшем уровне.	[('service general', 'positive', 'обслуживание')]
507	Отдельное спасибо официанту Марии.	[('service general', 'positive', 'официанту')]
508	Всем рекомендую сходить и самим оценить.	[('restaurant general', 'positive', 'NULL')]
509	Очень просторно и светло, интерьер в моем любимом стиле:)	[('ambience general', 'positive', 'интерьер')]
510	места мнооооого, и вид из окна хороший.	[('ambience general', 'positive', 'места'), ('location general', 'positive', 'вид из окна')]
511	Я съела только тыквенный суп (понравилось, и булочки к нему подали очень вкусные), муж пил кофе.	[('food quality', 'positive', 'тыквенный суп'), ('food quality', 'positive', 'булочки')]
512	Надеюсь в следующий раз попробовать пиво, говорят оно там неплохое.	[('drinks quality', 'neutral', 'пиво')]
513	К официантам претензий нет, правда мы были днем, народу в зале мало, так что не знаю как там в вечерние часы обстоит дело с обслуживанием.	[('service general', 'neutral', 'официантам')]
514	Нас обслужили быстро:)	[('service general', 'positive', 'NULL')]
515	Обязательно придем еще!	[('restaurant general', 'positive', 'NULL')]
516	Недавно решились с семьей и друзьями посетить данное заведение и очень были приятно удивлены.	[('restaurant general', 'positive', 'заведение')]
517	Когда мы пришли в ресторане не было свободных мест, персонал суетился, но это не сказалось на скорости и внимании при обслуживании.	[('service general', 'positive', 'персонал')]
518	Чувствовалось, что здесь персоналу не безразлично настроение и впечатление посетителей.	[('service general', 'positive', 'персоналу')]
519	Кухня тоже очень порадовала, классические итальянские блюда были на удивление вкусны и крайне аутентичны.	[('food quality', 'positive', 'Кухня'), ('food quality', 'positive', 'итальянские блюда')]
520	Все было вкусно и достаточно щедро.	[('food quality', 'positive', 'NULL')]
521	Прочитав потом здесь отзывы сделал вывод, что ресторан ведет работу над ошибками, и поданное нам карпаччо из говядины было оформлено куда лучше, чем в отзыве от марта прошлого года.	[('restaurant general', 'positive', 'ресторан'), ('food style_options', 'positive', 'карпаччо из говядины')]
522	Отметили детскую комнату, в следующий раз наверно возьмем и детей.	[('restaurant miscellaneous', 'positive', 'детскую комнату')]
523	Положительно добило меня полное отсутствие табачного дыма.	[('ambience general', 'positive', 'NULL')]
524	В общем для нас это посещение было приятным открытием, что недалеко от дома есть место где можно вкусно поесть в теплой обстановке всей семьей.	[('food quality', 'positive', 'NULL'), ('restaurant general', 'positive', 'место'), ('ambience general', 'positive', 'обстановке')]
525	По крайней мере, теперь я знаю где недалеко от дома можно взять прекрасную пиццу, не хуже чем в северной Италии точно )	[('food quality', 'positive', 'пиццу')]
526	Красивый интерьер - сидели у окна за столиком с диванчиками.	[('ambience general', 'positive', 'интерьер')]
527	Порции небольшие, но паста была оч.вкусной)))	[('food style_options', 'negative', 'Порции'), ('food quality', 'positive', 'паста')]
528	Обслуживание не понравилось - готовят (или приносят??) заказ ОЧЕНЬ долго, учитывая что оба раза ресторан был полупустой...	[('service general', 'negative', 'Обслуживание')]
529	Если бы не это, то могла бы назвать Моджо приятным местом чтобы посидеть вечером с друзьями.	[('restaurant general', 'positive', 'Моджо')]
530	В зале сидело столика 3 вместе с нами, обслуживание-очень понравилось!	[('service general', 'positive', 'обслуживание')]
531	Наш официант в течение всего вечера подходил очень часто, узнавал все ли хорошо и не желаем ли мы чего!	[('service general', 'positive', 'официант')]
532	Кальян-супер!	[('restaurant miscellaneous', 'positive', 'Кальян')]
533	Заказывали закуски-крылья, сырные шарики, фрукты-все очень понравилось!!!	[('food quality', 'positive', 'закуски-крылья'), ('food quality', 'positive', 'сырные шарики'), ('food quality', 'positive', 'фрукты')]
534	Несли не долго!	[('service general', 'positive', 'NULL')]
535	Мы остались довольны!!	[('restaurant general', 'positive', 'NULL')]
536	Спасибо!	[('restaurant general', 'positive', 'NULL')]
537	Придем снова к вам!!!	[('restaurant general', 'positive', 'NULL')]
538	Так вот мне все понравилось.	[('restaurant general', 'positive', 'NULL')]
539	Были с мужем в понедельник около восьми вечера, встретила девушка, проводила до столика и принесла меню.	[('service general', 'neutral', 'девушка')]
540	Буквально через 5 минут подошел официант, сделали заказ, он принес специи и разложил приборы, напитки быстро появились на столе.	[('service general', 'positive', 'официант')]
541	В рекламе увидела, что у них есть детская комната, официант показал, где она, конечно маловата, но 3-4 ребенка там найдут, чем заняться, есть телевизор, компьютер, доска с мелками и стол для рисования, моему сыну там бы понравилось.	[('restaurant miscellaneous', 'positive', 'детская комната'), ('restaurant miscellaneous', 'positive', 'телевизор'), ('restaurant miscellaneous', 'positive', 'компьютер'), ('restaurant miscellaneous', 'positive', 'доска с мелками'), ('restaurant miscellaneous', 'positive', 'стол для рисования')]
542	Так вот салаты принесли через 20 минут, я заказывала с тунцом, очень понравился, муж цезарь с креветками- без особо восторга, но и без нареканий.	[('service general', 'positive', 'NULL'), ('food quality', 'positive', 'тунцом'), ('food quality', 'neutral', 'цезарь с креветками')]
543	Горячее, мое – стейк с соусом из белых грибов хорошей прожарки, очень понравился, муж заказал стейк из мраморной говядины с чем то там, оказался суховат, но приправив соусом вполне сносно.	[('food quality', 'positive', 'стейк с соусом из белых грибов'), ('food quality', 'positive', 'прожарки'), ('food quality', 'neutral', 'стейк из мраморной говядины')]
544	Десерт с латте были хорошими.	[('food quality', 'positive', 'Десерт'), ('drinks quality', 'positive', 'латте')]
545	Вся еда на вид была аппетитная, размер порций достойный.	[('food quality', 'positive', 'еда'), ('food style_options', 'positive', 'порций')]
546	Обслуживание хорошее, пепельницу меняли быстро, официант парень тактично помог с выбором десерта.	[('service general', 'positive', 'Обслуживание'), ('service general', 'positive', 'официант')]
547	При случае еще заедем на десерт с ребенком.	[('restaurant general', 'positive', 'NULL')]
548	Впервые побывала в этом пабе совсем недавно и могу сказать, что это весьма неплохое место!	[('restaurant general', 'positive', 'место')]
549	Очень понравился интерьер - чисто пабовский, но при этом ненавязчивый и комфортный.	[('ambience general', 'positive', 'интерьер')]
550	Атмосфера что надо - располагает к веселью и дружескому общению.	[('ambience general', 'positive', 'Атмосфера')]
551	Что касается обслуживания, то для субботнего вечера вполне приемлемо.	[('service general', 'neutral', 'обслуживания')]
552	Порадовал широкий выбор пива, прочего алкоголя, а также закусок и различных блюд на любой вкус.	[('drinks style_options', 'positive', 'пива'), ('drinks style_options', 'positive', 'алкоголя'), ('food style_options', 'positive', 'закусок'), ('food style_options', 'positive', 'блюд')]
553	Была удивлена таким обширным меню в пабе!	[('food style_options', 'positive', 'меню')]
554	Из недочетов можно отметить забывчивость официантки - друг дождался своих сигарет только после третьей просьбы.	[('service general', 'negative', 'официантки')]
555	Но это можно компенсировать весьма вежливым обслуживанием.	[('service general', 'positive', 'обслуживанием')]
556	Из заказанного понравилось пиво – наивкуснейшее!	[('drinks quality', 'positive', 'пиво')]
557	Коктейли тоже на неплохом уровне.	[('drinks quality', 'positive', 'Коктейли')]
558	К гренкам и стейку претензий нет, в цезаре приправ многовато.	[('food quality', 'neutral', 'гренкам'), ('food quality', 'neutral', 'стейку'), ('food quality', 'negative', 'цезаре'), ('food quality', 'negative', 'приправ')]
559	А вот суши совсем разочаровали – не пабовское это блюдо все-таки!	[('food quality', 'negative', 'суши')]
560	В конце пришлось долго ждать счет, а затем еще сдачу ждали минут 15.	[('service general', 'negative', 'NULL')]
561	Но в целом хорошо посидели!	[('restaurant general', 'positive', 'NULL')]
562	Думаю, будем почаще заходить.	[('restaurant general', 'positive', 'NULL')]
563	По ценам, кстати, тоже нормально все – средние для подобных заведений, не завышенные как у многих.	[('restaurant prices', 'neutral', 'заведений')]
564	Блюда приносят холодными, выносят не вовремя.	[('service general', 'negative', 'NULL'), ('food quality', 'negative', 'Блюда')]
565	В итоге подругам пришлось есть все холодным.	[('food quality', 'negative', 'NULL')]
566	Мне в тот раз вообще принесли пресные макароны, политые маслом и посыпаные тертым сыром.	[('food quality', 'negative', 'макароны')]
567	Это никак не похоже на пасту!!!	[('food quality', 'negative', 'пасту')]
568	И это готовят профессионалы!!!???	[('food quality', 'negative', 'NULL')]
569	"Сделали замечание официанту, а она на нас смотрит, хлопает глазами и спрашивает: ""А что не так?""."	[('service general', 'negative', 'официанту')]
570	Просишь подогреть - сделала такое недовольное лицо, что лучше холодное есть будешь...	[('service general', 'negative', 'NULL')]
571	И блюда путали.	[('service general', 'negative', 'NULL')]
572	Заказывали одно - принесли другое, и даже не извинились.	[('service general', 'negative', 'NULL')]
573	Сколько раз ходили - каждый раз уходили с испорченным настроением!!!	[('restaurant general', 'negative', 'NULL')]
574	Вобщем, обслуживание ужасное, больше я туда никогда не пойду!!!	[('service general', 'negative', 'обслуживание')]
575	Первый раз один, зашел по обедать, сразу понравился интерьер, посадли за удобный диван, обслужили быстро и без нарекание, очень порадовала сумма счета, для заведения находящегося на Невском очень недорого.	[('service general', 'positive', 'NULL'), ('ambience general', 'positive', 'интерьер'), ('ambience general', 'positive', 'диван'), ('restaurant general', 'positive', 'заведения'), ('restaurant prices', 'positive', 'заведения')]
576	Второй раз пришел с девушкой, предварительно заказал столик, где сидел первый раз, обслуживание было на хорошем уровне, очень хороший кальянщик, кальян был супер.	[('service general', 'positive', 'обслуживание'), ('service general', 'positive', 'кальянщик'), ('restaurant miscellaneous', 'positive', 'кальян')]
577	Приятно провели время, девушке очень понравилось.	[('restaurant general', 'positive', 'NULL')]
578	Думаю был не последний раз.	[('restaurant general', 'positive', 'NULL')]
579	Посмотрев вокруг мы подумали что ждать придется долго- ресторан был полон, однако мы ошиблись , ожидание было недолгим- вполне приемлимым для любого заведения,за приятной беседой мы не заметили как прошло время...	[('service general', 'positive', 'NULL')]
580	Бизнес ланч, на удивление, оказался очень вкусным и сытным- вполне соответствует своей цене.	[('food quality', 'positive', 'Бизнес ланч')]
581	В общем очень хорошее место, разнообразное вкусное меню, приемлемые цены и высокое качество обслуживания! нам очень все понравилось. спасибо этому заведению!	[('restaurant prices', 'positive', 'место'), ('restaurant general', 'positive', 'место'), ('food quality', 'positive', 'меню'), ('food style_options', 'positive', 'меню'), ('service general', 'positive', 'обслуживания'), ('restaurant general', 'positive', 'заведению')]
582	обязательно придем на выходных.	[('restaurant general', 'positive', 'NULL')]
583	Ресторан выбрали случайно, больше по местоположению, но не пожалели.	[('restaurant general', 'positive', 'Ресторан')]
584	Ресторан небольшой, но для нашего торжества места было достаточно, веранда тоже была в нашем распоряжении.	[('restaurant general', 'neutral', 'Ресторан')]
585	Интерьер приятный, светлый и чувствуешь себя в нем комфортно.	[('ambience general', 'positive', 'Интерьер')]
586	Кухня хорошая: вкусные мясные блюда, закуска с нежнейшим салом покорила мужчин, изумительные салаты.	[('food quality', 'positive', 'Кухня'), ('food quality', 'positive', 'мясные блюда'), ('food quality', 'positive', 'закуска с нежнейшим салом'), ('food quality', 'positive', 'салаты')]
587	Гостям понравилось домашнее вино.	[('drinks quality', 'positive', 'домашнее вино')]
588	Первые блюда в ресторане отличные (суп с копченым лососем и икрой попробовали при следующем посещении).	[('food quality', 'positive', 'Первые блюда'), ('food quality', 'positive', 'суп с копченым лососем и икрой')]
589	Коллектив ресторана достоин отдельного упоминания.	[('service general', 'positive', 'Коллектив')]
590	Официантки вежливы и предупредительны.	[('service general', 'positive', 'Официантки')]
591	Администратор Светлана помогла нам при составлении банкетного меню и позаботилась об украшнии зала, отняслась к нам с большим вниманием.	[('service general', 'positive', 'Администратор'), ('ambience general', 'positive', 'украшнии зала')]
592	"В общем, ресторан ""Драго"" оставляет самое положительное впечатление и после проведения тожества и после семейного ужина."	[('restaurant general', 'positive', 'ресторан')]
593	Выбрали зал для некурящих, который в отличии от Харбина на Приморской, расположен совершенно отдельно от курящих посетителей.	[('ambience general', 'neutral', 'зал для некурящих')]
594	Стулья в зале для некурящих европейские, очень удобные, в отличии от другого зала, где они выполнены в китайском стиле, но сидеть на них не удобно.	[('ambience general', 'positive', 'Стулья'), ('ambience general', 'negative', 'зала')]
595	Заказ приняли быстро, и, каково же было наше удивление, уже через 5 минут принесли первое блюдо.	[('service general', 'positive', 'NULL')]
596	В течении 15 минут весь заказ был на столе.	[('service general', 'positive', 'NULL')]
597	Блюда в ресторане очень вкусные, качество приготовления, на наш вкус, гораздо лучше, чем в Харбине на Приморской (в целях сравнения заказали несколько блюд, таких же как и в другом ресторане).	[('food quality', 'positive', 'Блюда'), ('food quality', 'positive', 'качество приготовления')]
598	Выбор здесь гораздо лучше и богаче.	[('drinks style_options', 'positive', 'NULL')]
599	Приятно то, что чай не пакетированный в отличии от ресторана на Приморской.	[('drinks quality', 'positive', 'чай')]
600	В меню хорошее французское красное сухое вино.	[('drinks quality', 'positive', 'французское красное сухое вино')]
601	Понравилось обслуживание, быстро и качественно, своевременно убиралась освободившаяся посуда, и другие мелочи, было приятно.	[('service general', 'positive', 'обслуживание')]
602	Рекомендуем ресторан для посещения.	[('restaurant general', 'positive', 'ресторан')]
603	Уже при первой встрече с рестораном (при заказе) все понравилось.	[('restaurant general', 'positive', 'рестораном')]
604	Хороший интерьер, приятный, воспитанный администратор Светлана.	[('ambience general', 'positive', 'интерьер'), ('service general', 'positive', 'администратор')]
605	Очень помогала при выборе меню.	[('service general', 'positive', 'NULL')]
606	При обслуживании банкета официанты внимательно смотрели за столом. чтобы не было пустых тарелок, при этом очень не навязчиво.	[('service general', 'positive', 'официанты')]
607	Гости тоже остались очень довольны.	[('restaurant general', 'positive', 'NULL')]
608	За барной стойкой помогал с музыкой молодой человек, к сожалению не знаю всех имен.	[('service general', 'positive', 'молодой человек')]
609	Очень советую посетить ресторан, атмосфера домашняя.	[('restaurant general', 'positive', 'ресторан'), ('ambience general', 'positive', 'атмосфера')]
610	Всем огромное спасибо, еще не один раз посетим это приятное заведение и будем рекомендовать своим друзьям.	[('restaurant general', 'positive', 'заведение')]
611	"Посещение ""Крапивы"" останется на всю жизнь!!!"	[('restaurant general', 'positive', 'Крапивы')]
612	Домашний интерьер - да, атмосфера...	[('ambience general', 'positive', 'интерьер')]
613	атмосфера все-таки создается посетителями, не хватало немного лишнего шума, голосов, лиц...	[('ambience general', 'neutral', 'атмосфера')]
614	В целом кафе оставило очень приятное впечатление.	[('restaurant general', 'positive', 'кафе')]
615	Маленькое, уютное, сухарики из собственного вкусного хлеба скрашивают ожидание блюд.	[('food quality', 'positive', 'сухарики из собственного вкусного хлеба')]
616	Пива нет, но кажется, что так и должно быть в таком формате.	[('drinks style_options', 'neutral', 'Пива')]
617	Но впечатление формируется на эмоциях - они от посещения остались только положительные!	[('restaurant general', 'positive', 'NULL')]
618	Еда не разочаровала, но и особенных восторгов не вызвала.	[('food quality', 'neutral', 'Еда')]
619	Порции приличные.	[('food style_options', 'positive', 'Порции')]
620	Девушка - официант и кассир в одном лице, большую часть времени была в первом зале, и не всегда контролировала, когда нужно убрать тарелки или отреагировать на новые желания.	[('service general', 'negative', 'NULL')]
621	Подарили карту соседа со скидкой 15%, были этим приятно удивлены.	[('service general', 'positive', 'NULL')]
622	Придем еще.	[('restaurant general', 'positive', 'NULL')]
623	Хочу вам сказать,что посещение вашего заведения на марата изменило мое отношение в наилучшую сторону.	[('restaurant general', 'positive', 'заведения на марата')]
624	Зашли к вам вечером,уставшие, оказалось что все залы забиты а на веранде все же прохладно сидеть с ребенком, встретил нас молодой человек предложил несколько столов куда можно было присесть,Проводила нас до столика уже девушка(имени к сожалению не запомнила) судя по внешнему виду администратор,она же и подала меню,что больше всего удивило нам налили абсолютно бесплатной воды по бокалам, было очень приятно.	[('ambience general', 'negative', 'залы'), ('ambience general', 'negative', 'веранде'), ('service general', 'positive', 'молодой человек'), ('service general', 'positive', 'девушка'), ('service general', 'positive', 'администратор')]
625	Обслуживание ненавязчивое, почувствовали себя как дома.	[('service general', 'positive', 'Обслуживание')]
626	Обычно любим покушать где нибудь по вечерам и даже немного удивлена, что администратор помогает в выборе,обычно где ни крути это тени мелькающие в зале возле кассы,что то бормочащие официантам..	[('service general', 'positive', 'администратор')]
627	Принес нам заказ молодой человек,буквально через минут 20 горячее.а еще и живая музыка началась.	[('service general', 'positive', 'молодой человек'), ('ambience general', 'positive', 'живая музыка')]
628	В общем вечер прошел на ура.	[('restaurant general', 'positive', 'NULL')]
629	Отдельное спасибо девушке за приятную атмосферу и молодому человеку, таких сотрудников и хочется видеть в питерских заведениях.	[('service general', 'positive', 'девушке'), ('ambience general', 'positive', 'атмосферу'), ('service general', 'positive', 'молодому человеку'), ('service general', 'positive', 'сотрудников')]
630	Думаю еще не раз вас посетим	[('restaurant general', 'positive', 'NULL')]
631	И интерьер меня не разочаровал,а, наоборот, очень обрадовал.	[('ambience general', 'positive', 'интерьер')]
632	Очень красивое и уютное место.	[('ambience general', 'positive', 'место')]
633	Обслуживающий персонал очень приятный.	[('service general', 'positive', 'Обслуживающий персонал')]
634	Нашему официанту пришлось много нам объяснять, так как с азиатской такой кухней я не знакома была.	[('service general', 'positive', 'официанту')]
635	Но он много предлагал, описывал, помог выбрать.	[('service general', 'positive', 'NULL')]
636	Я и моя подруга были очень довольны этим выбором.	[('food quality', 'positive', 'NULL')]
637	Но то люблю острое и была в восторге от блюда.	[('food quality', 'positive', 'блюда')]
638	Нам все очень понравилось.	[('restaurant general', 'positive', 'NULL')]
639	Было безумно вкусно!!!!	[('food quality', 'positive', 'NULL')]
640	Советую всем обязательно посетить это заведение!!!!	[('restaurant general', 'positive', 'заведение')]
641	Очень вкусный, большой шашлык на шампуре с оригинальной подставкой.	[('food quality', 'positive', 'шашлык')]
642	"Овощи на гриле и ""Айдахо"" тоже очень хороши."	[('food quality', 'positive', 'Овощи на гриле'), ('food quality', 'positive', 'Айдахо')]
643	Одним словом кухня отличная.	[('food quality', 'positive', 'кухня')]
644	"Интерьер ""Ресторанчика"" на меня особого впечатления не произвел."	[('ambience general', 'neutral', 'Интерьер')]
645	За счет того что стены из стеклопакетов ощущение что находишься в теплице.	[('ambience general', 'negative', 'стены из стеклопакетов')]
646	Обслуживание мне понравилось, но было одно но: При заказе официантка предложила сама взять морс по 500 млт, а принесли высокие тонкие стаканы по 200 млт.	[('service general', 'positive', 'Обслуживание'), ('service general', 'negative', 'официантка')]
647	А в конце когда сказал об этом официантке она очень смутилась.	[('service general', 'negative', 'официантке')]
648	Быстро, вежливо , аккуратно.	[('service general', 'positive', 'NULL')]
649	Ждать заказа долго не пришлось.	[('service general', 'positive', 'NULL')]
650	Убирали использованную посуду быстро.	[('service general', 'positive', 'NULL')]
651	Все доброжелательно и с улыбкой.	[('service general', 'positive', 'NULL')]
652	На мой взгляд очень не плохое заведение.	[('restaurant general', 'positive', 'заведение')]
653	Рекомендую.	[('restaurant general', 'positive', 'NULL')]
654	Зашли в кафе с подругой по рекомендации родителей, они были недавно им очень понравилось!	[('restaurant general', 'positive', 'кафе')]
655	Нам тоже!!	[('restaurant general', 'positive', 'NULL')]
656	Очень понравился интерьер, мы сидели в первом зале, занавесочки просто супер, и еще была парочка картин, которые жутко хотелось бы иметь у себя дома)	[('ambience general', 'positive', 'интерьер'), ('ambience general', 'positive', 'занавесочки'), ('ambience general', 'positive', 'картин')]
657	По еде тоже весьма неплохо, готовят достаточно быстро, брала судака с овощами и рисом, очень вкусно было и потрясающий кофе Борджиа, раньше его не пробовала!!	[('food quality', 'positive', 'еде'), ('food quality', 'positive', 'судака с овощами и рисом'), ('drinks quality', 'positive', 'кофе Борджиа')]
658	Подруга брала один из восточных салатов, к сожалению не смогу воспроизвести точно название, но тоже осталась довольна!	[('food quality', 'positive', 'восточных салатов')]
659	Американо ее также не разочаровал!	[('drinks quality', 'positive', 'Американо')]
660	Единственное мы были в пятницу вечером и сервис несколько тормознут, девушка и молодой человек, которые там были, больше занимались своими делами!	[('service general', 'negative', 'сервис')]
661	Общий вывод: уютное местечко в центре, с разумными ценами и весьма комфортной обстановкой)	[('restaurant general', 'positive', 'местечко'), ('restaurant prices', 'positive', 'местечко'), ('ambience general', 'positive', 'местечко'), ('location general', 'positive', 'центре'), ('ambience general', 'positive', 'обстановкой')]
662	Очень душевную и теплую атмосферу смогли создать для нас в ресторане Проспект.	[('ambience general', 'positive', 'атмосферу')]
663	В петербургском стиле выдержан интерьер ресторана, кухня прекрасна, все очень вкусно, великолепное оформление стола и отдельных блюд.	[('ambience general', 'neutral', 'интерьер'), ('food quality', 'positive', 'кухня'), ('food style_options', 'positive', 'оформление стола'), ('food style_options', 'positive', 'блюд')]
664	Цены приятно удивили.	[('restaurant prices', 'positive', 'NULL')]
665	Все остались довольны обслуживанием и великолепным вечером.	[('restaurant general', 'positive', 'NULL'), ('service general', 'positive', 'обслуживанием')]
666	Большое спасибо персоналу ресторана.	[('service general', 'positive', 'персоналу')]
667	Был будний день, на входе нас встретила замученная девушка, сказав что мест нету... оглядевшись и правда все столики были заняты.	[('service general', 'negative', 'девушка')]
668	Сели за столик для двоих, рядом сидела шумная компания, и вообще в целом было очень шумно.	[('ambience general', 'negative', 'NULL')]
669	Меню...несколько заламинированных листочков: очень много паст, пицц, и мало салатов и закусок.	[('food style_options', 'negative', 'Меню'), ('food style_options', 'positive', 'паст'), ('food style_options', 'positive', 'пицц'), ('food style_options', 'negative', 'салатов'), ('food style_options', 'negative', 'закусок')]
670	Очень маленький выбор вина.	[('drinks style_options', 'negative', 'вина')]
671	Официант подошел довольно быстро, принял заказ.	[('service general', 'positive', 'Официант')]
672	Напитки тоже подали быстро.	[('service general', 'positive', 'NULL')]
673	Кофе капуччино, в большой кружке, очень хорош, шампанское не плохое.	[('drinks quality', 'positive', 'Кофе капуччино'), ('drinks quality', 'neutral', 'шампанское')]
674	Кухня... нам не понравилась.	[('food quality', 'negative', 'Кухня')]
675	Но с другой стороны цена соответствует качеству.	[('restaurant prices', 'positive', 'NULL')]
676	Это не ресторан, а кафе.	[('restaurant general', 'neutral', 'NULL')]
677	Впечатление в целом довольно приятное.	[('restaurant general', 'neutral', 'NULL')]
678	В ресторан МИСО на московском ходим с коллегами обедать практически каждый день, обычно компания 5-6 человек, до этого инцидента мы были очень довольны кухней и обслуживанием, прекрасный интерьер и атмосфера, но в очередной наш ланч был добавлен человеческий волос!!!!!!	[('food quality', 'positive', 'кухней'), ('service general', 'positive', 'обслуживанием'), ('ambience general', 'positive', 'интерьер'), ('ambience general', 'positive', 'атмосфера'), ('food quality', 'negative', 'ланч')]
679	Черный и плотный, прекрасно намотанный на кусочек мяса, который попал мне в рот.	[('food quality', 'negative', 'кусочек мяса')]
680	Хорошее настроение ушло вместе с аппетитом.	[('food quality', 'negative', 'NULL')]
681	Конечно мне предложили заменить блюдо, но желание есть больше не было!	[('food quality', 'negative', 'блюдо')]
682	Не думаю, что в ближайшее время у меня, либо у моих коллег появится желание посещать данное заведение.	[('restaurant general', 'negative', 'заведение')]
683	Тогда понравилась вкусная еда и большие порции + гуманные цены.	[('food quality', 'positive', 'еда'), ('food prices', 'positive', 'еда'), ('food style_options', 'positive', 'порции')]
684	Зал симпатичный, обслуживание не выдающееся, но и не навязчивое.	[('ambience general', 'positive', 'Зал'), ('service general', 'neutral', 'обслуживание')]
685	Впечатление осталось положительное.	[('restaurant general', 'positive', 'NULL')]
686	Как и раньше - еда вкусная, цены достойные.	[('food quality', 'positive', 'еда'), ('food prices', 'positive', 'еда')]
687	Меню большое - можно долго выбирать.	[('food style_options', 'positive', 'Меню')]
688	Интерьер интересный - такого не видел раньше.	[('ambience general', 'positive', 'Интерьер')]
689	Гостям и мне в целом понравилось.	[('restaurant general', 'positive', 'NULL')]
690	Отдыхали с друзями, гуляли, отмечали День рождение друга, решили зайти в ресторан Трес Амигос нас очень порадовала сразу обстановка и интерьер, очень уютно и веет домашней обстановкой!	[('ambience general', 'positive', 'обстановка'), ('ambience general', 'positive', 'интерьер')]
691	Так как мы все не курим, то нас проводили доброжелательные и улыбающиеся официанты в не курящий зал, зал оказался просторным и светлым, достаточно уютным!	[('service general', 'positive', 'официанты'), ('ambience general', 'positive', 'зал')]
692	Хотелось бы отметить работу персонала: все очень доброжелательные и улыбающиеся ребята, Оля наш официант проводив нас за столик, сразу предложила нам напитки, предложила свою помощь с выбором блюд, все подробно рассказала, что нам и не пришлось долго мучаться читая меню!	[('service general', 'positive', 'персонала'), ('service general', 'positive', 'официант')]
693	Напитки нам принесли сразу, еду долго ждать не пришлось, все было очень быстро и оперативно, хоть и гостей в ресторане на тот момент было не мало!	[('service general', 'positive', 'NULL')]
694	Еда была очень вкусной, порции оказались большими!!!!!	[('food quality', 'positive', 'Еда'), ('food style_options', 'positive', 'порции')]
695	Весь вечер мы себя чувствовали как дома!!!!	[('ambience general', 'positive', 'NULL')]
696	В этом ресторане понравилось все и зажигательные танцы(которые были вечером) и обслуживание, и еда, и очень вкусные коктели!!	[('ambience general', 'positive', 'танцы'), ('service general', 'positive', 'обслуживание'), ('food quality', 'positive', 'еда'), ('drinks quality', 'positive', 'коктели')]
697	Так что мы открыли для себя новое заведение в которое будем теперь ходить постоянно, где все тебе улыбаются и где тебя рады видеть)))))	[('service general', 'positive', 'NULL'), ('restaurant general', 'positive', 'заведение')]
698	Трес Амигос вы лучшие!!!!	[('restaurant general', 'positive', 'Трес Амигос')]
699	Так держать)))))))))))))))))))))	[('restaurant general', 'positive', 'NULL')]
700	Данное заведение посетили первый раз случайно, после чего стали довольно частыми гостями, приятно видеть уже знакомые лица среди персонала, т.к. к сожалению, одно время он менялся очень часто.	[('restaurant general', 'positive', 'заведение'), ('service general', 'positive', 'персонала')]
701	В понедельник пришли впервые, и были приятно удивлены: песни БЕСПЛАТНО!))	[('restaurant miscellaneous', 'positive', 'песни')]
702	Что касается кухни, то готовят довольно быстро и вкусно, из всего хотелось бы отметить стейки из говядины и лосося!	[('food quality', 'positive', 'кухни'), ('food quality', 'positive', 'стейки из говядины и лосося')]
703	Единственный момент- приходили пару раз в четверг не работала японская кухня ( а роллы мы тоже очень любим!).	[('food quality', 'negative', 'NULL')]
704	Отдельное спасибо за обслуживание милой Татьяне, очень часто на неё попадаем, и всегда получаем приветливое и качественное обслуживание, всегда посоветует и ответит на шутку, видно что девушка с чувством юмора).	[('service general', 'positive', 'обслуживание'), ('service general', 'positive', 'обслуживание'), ('service general', 'positive', 'девушка')]
705	Спасибо Вам!	[('restaurant general', 'positive', 'NULL')]
706	Было занято где-то 20 % столов, но на просьбу принести еще одно меню, ответили, что нет свободных(((( кто-то видно читал сразу два?)	[('service general', 'negative', 'NULL')]
707	Воспользовались мы на свою голову их предложением на пасту и суши.	[('food quality', 'negative', 'пасту'), ('food quality', 'negative', 'суши')]
708	Паста представляла из себя разбухшие макароны с непонятным соусом, а суши....суши были вкусные, но готовились они ровно 1 час 20 минут (это как я уже писала при фактически пустом ресторане).	[('food quality', 'negative', 'Паста'), ('food quality', 'negative', 'макароны'), ('food quality', 'negative', 'соусом'), ('food quality', 'positive', 'суши')]
709	Официантка объяснила задержку именно большим объемом заказов, и после замечаний вообще перестала к нам подходить.	[('service general', 'negative', 'Официантка')]
710	Несколько раз спрошенные горячие полотенца, так и не были принесены.	[('service general', 'negative', 'горячие полотенца')]
711	Жалобную книгу мне тоже не дали (видимо в ней нет свободных листов).	[('restaurant general', 'negative', 'NULL')]
712	Все могло бы быть неплохо: месторасположение, интерьер, кухня, но организация работы ужасна, просто непонятно кто занимается этим.	[('location general', 'neutral', 'месторасположение'), ('ambience general', 'neutral', 'интерьер'), ('food quality', 'neutral', 'кухня'), ('service general', 'negative', 'организация работы')]
713	И не организуйте никакие акции, если у вас один повар и он не способен обслужить сразу АЖ 4 столика!	[('service general', 'negative', 'повар')]
714	А девушка официантка видя, что с нами дети, могла бы предупредить, что средний срок ожидания еды 1-1,5 часа!!!!!!!	[('service general', 'negative', 'девушка официантка'), ('service general', 'negative', 'срок ожидания')]
715	Думаю такое заведение постигнет участь предшественникОВ.	[('restaurant general', 'negative', 'заведение')]
716	Много о нем слышала, но ни разу не была , а тут случай подвернулся… Мы заняли столик, официант подошел буквально через пару минут.	[('service general', 'positive', 'официант')]
717	Что касается меню, то в пабе достаточно большая пивная карта.	[('drinks style_options', 'positive', 'пивная карта')]
718	При этом мне показалось не совсем уместным существование суши-меню в пабе.	[('food style_options', 'negative', 'суши-меню')]
719	Если уж паб, то пусть бы он оставался пабом… Но на свой страх и риск, я не удержалась от соблазна и заказала мои любимые суши, хотя много раз зарекалась… Если особо не придираться, то суши, в общем то были обычными, но.. как то чуть –чуть недотягивали до уровня чтобы ими можно было действительно наслаждаться.	[('restaurant general', 'negative', 'паб'), ('food quality', 'neutral', 'суши')]
720	Подруги же заказали себе пасту пене и стейк- им понравился как вкус принесенных блюд, так и размер порций.	[('food quality', 'positive', 'пасту пене'), ('food quality', 'positive', 'стейк'), ('food quality', 'positive', 'блюд'), ('food style_options', 'positive', 'порций')]
721	Пиво также всем понравилось , да и выбор достаточно большой- как и должно быть в Пабе.	[('drinks style_options', 'positive', 'Пиво'), ('drinks quality', 'positive', 'Пиво')]
722	Обслуживали нас достаточно быстро, к интерьеру также претензий нет.	[('service general', 'positive', 'NULL'), ('ambience general', 'neutral', 'интерьеру')]
723	Вывод: приходить в Паб стоит, но особо придирчивым к японской кухне заказывать суши лучше в специально отведенных для этого местах.	[('restaurant general', 'positive', 'Паб')]
724	Очень понравилось.	[('restaurant general', 'positive', 'NULL')]
725	Интерьер отличный, все из дерева и очень красиво!	[('ambience general', 'positive', 'Интерьер')]
726	Официанты внимательны и ненавязчивы!	[('service general', 'positive', 'Официанты')]
727	Играет приятная музыка!	[('ambience general', 'positive', 'музыка')]
728	Что касается кухни: Остался в восторге от теплого салата с говядиной, и конечно стейк из говядины!	[('food quality', 'positive', 'теплого салата с говядиной'), ('food quality', 'positive', 'стейк из говядины')]
729	Еще не могу не отметить крем-суп из лосося!	[('food quality', 'positive', 'крем-суп из лосося')]
730	Ребята просто молодцы - очень очень вкусно!	[('food quality', 'positive', 'NULL')]
731	"И порции ""достойные""."	[('food style_options', 'positive', 'порции')]
732	В общем были приятно удивлены таким замечательным местом, обязательно придем еще, и не один раз!	[('restaurant general', 'positive', 'местом')]
733	Очень неплохо.	[('restaurant general', 'positive', 'NULL')]
734	Ресторану еще много есть над чем поработать, конечно, но тем не менее, место довольно милое, обслуживание приятное и еда довольно вкусна.	[('restaurant general', 'neutral', 'Ресторану'), ('ambience general', 'positive', 'место'), ('service general', 'positive', 'обслуживание'), ('food quality', 'positive', 'еда')]
735	Принесли быстро.	[('service general', 'positive', 'NULL')]
736	Крепкого алкоголя, кроме пива у них пока нет, видимо с лицензией проблемы, но медовуха оказалась очень даже приятной.	[('food style_options', 'neutral', 'алкоголя'), ('drinks quality', 'positive', 'медовуха')]
737	Хотелось бы, конечно, большего разнообразия в меню, но так как они недавно открылись, думаю, со временем все у них наладится.	[('food style_options', 'neutral', 'меню')]
738	Ну во-первых, хочется отметить одно маленькое разочарование, которое меня охватило сразу же: интерьер.	[('ambience general', 'negative', 'интерьер')]
739	Я действительно ожидала увидеть нечто большее.	[('ambience general', 'negative', 'NULL')]
740	Просто осталось чувство, что столь интересную задумку gangster bar-а не до конца смогли реализовать.	[('ambience general', 'negative', 'gangster bar-а')]
741	Во-вторых: Встреча гостей в ресторане- отсутствовала, мы стояли ждали...оглядывались, пару официантов делали свои дела...	[('service general', 'negative', 'Встреча гостей'), ('service general', 'negative', 'официантов')]
742	Не дождавшись хоть какого-то внимания в наш адрес, подошли к ближайшей девушке-официанту, и попросили посадить нас за столик, заказанный ранее.	[('service general', 'negative', 'девушке-официанту')]
743	Заказ принимали быстро, еду приносили тоже достаточно быстро, убирали пустые тарелки, бокалы вовремя.	[('service general', 'positive', 'NULL')]
744	Сама еда-названия соответствуют выбранному стилю заведения.	[('food style_options', 'neutral', 'еда'), ('restaurant general', 'neutral', 'заведения')]
745	Хотя на деле, ничего особенного и не предлагают.	[('food style_options', 'negative', 'NULL')]
746	Персонал улыбчивый, приветливый.	[('service general', 'positive', 'Персонал')]
747	Сырная тарелка оставляет желать лучшего-для любителей сыра ее ну просто ОЧЕНЬ мало:)	[('food style_options', 'negative', 'Сырная тарелка')]
748	Салат цезарь-тарелка капусты, и три тонюсеньких (0,3см) ломтика курицы, сухарики, соус.	[('food style_options', 'negative', 'Салат цезарь'), ('food style_options', 'negative', 'курицы')]
749	Из блюд больше ничего нареканий не вызвало.	[('food quality', 'neutral', 'блюд')]
750	В итоге, хочу сделать вывод: соотношение цена-качество выдержано.	[('restaurant prices', 'positive', 'NULL')]
751	Отличное место для большой компании.	[('restaurant general', 'positive', 'место')]
752	Ресторан интересный.	[('restaurant general', 'positive', 'Ресторан')]
753	Бываем там достаточно часто и не разу не уходили разочарованные.	[('restaurant general', 'positive', 'NULL')]
754	Первый мне не нравится.	[('ambience general', 'negative', 'NULL')]
755	Почему-то не оставляет ощущение столовой(хотя по сути это не так)	[('ambience general', 'negative', 'столовой')]
756	Стулья не удобные.	[('ambience general', 'negative', 'Стулья')]
757	Много столов в центре.	[('ambience general', 'negative', 'столов')]
758	Нет ощущения уюта.	[('ambience general', 'positive', 'NULL')]
759	Третий, как я понимаю, в основном для банкетов... тоже ничего особенного.	[('ambience general', 'neutral', 'NULL')]
760	А вот второй этаж очень уютный.	[('ambience general', 'positive', 'второй этаж')]
761	Приглушенный свет... и все такое.	[('ambience general', 'positive', 'свет')]
762	Меню достаточно разнообразное.	[('food style_options', 'positive', 'Меню')]
763	Очень нравится цезарь с лососем.(очень свежий, хрустящий и главное с очень мало соленой рыбой)	[('food quality', 'positive', 'цезарь с лососем'), ('food quality', 'positive', 'мало соленой рыбой')]
764	Приносят прямо на сковородке запеченная под сыром и помидорами.	[('food quality', 'positive', 'сыром'), ('food quality', 'positive', 'помидорами')]
765	Очень вкусно.	[('food quality', 'positive', 'NULL')]
766	Десерты очень хороши!!!	[('food quality', 'positive', 'Десерты')]
767	Фроузен парфе просто восторг!	[('food quality', 'positive', 'Фроузен парфе')]
768	Обслуживание очень хорошее.	[('restaurant general', 'positive', 'Обслуживание')]
769	Бывает конечно что-нибудь «накосячат»...но в этом случае приносят какой-нибудь комплимент.(так было дважды)	[('service general', 'positive', 'комплимент')]
770	Цены чуть выше среднего.	[('restaurant prices', 'neutral', 'NULL')]
771	Ресторан как нельзя лучше подходит как для романтического ужина ,так и для празднования например дня рождения.	[('restaurant general', 'positive', 'Ресторан')]
772	Обязательно вернемся туда ещё.	[('restaurant general', 'positive', 'NULL')]
773	Нас встретила очень милая девушка проводила в зал для не курящих,народу было скажем не мало,после прочтенных отзывов ожидала ,что буду сидеть в пустом зале ,но нет, свободных было только два столика у прохода,там мы и сели.	[('service general', 'positive', 'девушка')]
774	Заказала я салат,большую порцию,как ни странно его принесли в большом количестве,из горячего заказала стейк из телятины,мясо было мягким и сочным,и конечно же мое самое любимое это десерт,заказала тирамису,и правильно сделала,очень вкусный десерт.	[('food style_options', 'positive', 'салат'), ('food quality', 'positive', 'стейк из телятины'), ('food quality', 'positive', 'мясо'), ('food quality', 'positive', 'тирамису'), ('food quality', 'positive', 'десерт')]
775	Теперь всегда буду его у них есть .	[('food quality', 'positive', 'NULL')]
776	Обслуживание мне понравилось ,достаточно быстро все принесли,на столе использованные тарелки не задерживались ,официанты всех оперативно обслуживали ,я специально следила за ними ))),просто хотелось сравнить отзывы с реальностью ,оказалось отзывы были ошибочными ,хотя может мне просто повезло,и все же я туду еще пойду.	[('service general', 'positive', 'Обслуживание'), ('service general', 'positive', 'официанты')]
777	А на счет интерьера то мне понравился,спокойный непринужденный,все чистенько и аккуратно,без пафоса.	[('ambience general', 'positive', 'интерьера')]
778	К чему нет претензий, так это к меню, интерьеру и пиву.	[('food style_options', 'neutral', 'меню'), ('ambience general', 'neutral', 'интерьеру'), ('drinks quality', 'neutral', 'пиву')]
779	Очень уютно (не забывайте - это пивной ресторан с присущей подобному заведению атмосферой).	[('ambience general', 'positive', 'атмосферой')]
780	Богатое меню, есть из чего выбрать.	[('food style_options', 'positive', 'меню')]
781	Блюда на любой вкус.	[('food style_options', 'positive', 'Блюда')]
782	Отличное темное пиво (светлое не пробовал, больше уважаю темное).	[('drinks quality', 'positive', 'темное пиво')]
783	Оба раза были обслужены крайне вежливо, остались довольны.	[('service general', 'positive', 'NULL')]
784	Может, чуть дольше, чем хотелось бы, но во-первых, тут все зависит не только от официанток, но и от поваров, а во-вторых длительное ожидание было компенсировано вежливостью и внимательностью.	[('service general', 'neutral', 'NULL')]
785	Не могу сказать, что во второй раз было несъедобно.	[('food quality', 'neutral', 'NULL')]
786	"В мае с друзьями вновь едем в Питер и обязательно зайдем в ""Гусыню""."	[('restaurant general', 'positive', 'Гусыню')]
787	Дело в том, что являюсь постоянным посетителем Токио уже несколько лет, и считаю. что в нашем районе это одно из лучших мест, куда можно пойти.	[('restaurant general', 'positive', 'Токио'), ('restaurant general', 'positive', 'мест')]
788	Пока у меня к ним не было особых претензий.	[('restaurant general', 'neutral', 'NULL')]
789	Очень вкусная еда (и главное-свежая рыба!), причем совсем недорого, есть возможность разнообразить японское меню европейской кухней.	[('food prices', 'positive', 'NULL'), ('food quality', 'positive', 'еда'), ('food quality', 'positive', 'рыба'), ('food style_options', 'positive', 'японское меню'), ('food style_options', 'positive', 'европейской кухней')]
790	Абсолютно адекватный персонал, приятный интерьер.	[('service general', 'positive', 'персонал'), ('ambience general', 'positive', 'интерьер')]
791	Единственный минус- иногда приходится долго ждать заказ, и можно не найти свободный столик, но мы последнее время всегда заказываем стол по телефону, и накладок не было. хочется сказать спасибо ресторану.	[('service general', 'negative', 'NULL'), ('restaurant general', 'positive', 'ресторану')]
792	Токио, мы с вами! p.s. там всегда многолюдно, мне кажется, это показатель того, что ресторан пользуется неплох. столько людей не могут ошибаться	[('restaurant general', 'positive', 'Токио'), ('restaurant general', 'positive', 'ресторан')]
793	Уютная и тёплая домашняя обстановка!	[('ambience general', 'positive', 'обстановка')]
794	Милый и отзывчивый персонал, очень внимательное обслуживание.	[('service general', 'positive', 'персонал'), ('service general', 'positive', 'обслуживание')]
795	Еда, стоит ли говорить, что трудно удивить человека, привыкшего и знающего грузинскую кухню.	[('food quality', 'positive', 'Еда')]
796	Могу сказать одно, я была приятно удивлена!	[('restaurant general', 'positive', 'NULL')]
797	Спасибо персоналу, ему удается создать ощущение, что этот ресторан - особенное место где каждый чувствует себя долгожданным гостем!)))))))))))	[('service general', 'positive', 'персоналу'), ('restaurant general', 'positive', 'ресторан'), ('restaurant general', 'positive', 'место')]
798	очень люблю это место,бываю там каждую неделю и думаю буду посещать так же часто, т.к. для меня оно идеально во всех отношениях.	[('restaurant general', 'positive', 'место')]
799	Атмосфера спокойная и комфортная, интерьер именно такой какой нужно, особо не привлекает внимание, но в целом приятен и ненавящив, очень расслабляет, и музыка этому способствует.	[('ambience general', 'neutral', 'Атмосфера'), ('ambience general', 'neutral', 'интерьер'), ('ambience general', 'neutral', 'музыка')]
800	официанты очень милые, может потому что уже все знакомые лица, не знаю, так что тут возможно необъективная оценка) но такое впечатление было и в первое посещение.	[('service general', 'positive', 'официанты')]
801	Кухня...это нечто.	[('food quality', 'positive', 'Кухня')]
802	Всё,что я пробовала в этом месте-великолепно!	[('food quality', 'positive', 'NULL')]
803	паста - особенно, просто чудо, думаю, нужно попробовать каждому.	[('food quality', 'positive', 'паста')]
804	Из десертов стоит попробовать теплый шоколадный торт с ванильным мороженым - очень очень...	[('food quality', 'positive', 'шоколадный торт с ванильным мороженым')]
805	Кто еще не был в этом месте думаю стоит посетить, и ради панорамного вида, и ради вкусной кухни, и просто чтоб окунуться в расслабляющую обстановку 7-ого неба..	[('restaurant general', 'positive', 'месте'), ('location general', 'positive', 'панорамного вида'), ('food quality', 'positive', 'кухни'), ('ambience general', 'positive', 'обстановку')]
806	Столик заказала заранее,попросила посадить поуютнее-не разочаровали,посадили именно туда куда и хотели.	[('service general', 'neutral', 'NULL')]
807	Интерьер очень приятный,играет спокойная музыка.	[('ambience general', 'positive', 'Интерьер'), ('ambience general', 'neutral', 'музыка')]
808	Кухня очень понравилась,особенно мясо (говядина с рукколой) и десерты(грушевый наполеон).	[('food quality', 'positive', 'Кухня'), ('food quality', 'positive', 'мясо'), ('food quality', 'positive', 'говядина с рукколой'), ('food quality', 'positive', 'десерты'), ('food quality', 'positive', 'грушевый наполеон')]
809	Все гости остались очень довольны,спасибо большое!!!	[('restaurant general', 'positive', 'NULL')]
810	С обслуживанием повезло,попалась милая девушка,которая подробно рассказывала и отвечала на все вопросы с улыбкой.	[('service general', 'positive', 'обслуживанием'), ('service general', 'positive', 'девушка')]
811	Придем еще обязательно!	[('restaurant general', 'positive', 'NULL')]
812	Встретили приветливые девушки, спросили забронирован ли столик.	[('service general', 'positive', 'девушки')]
813	Официанты очень приветливые, постоянно смотрят за посетителями, поэтому долго ждать не пришлось, что очень приятно.	[('service general', 'positive', 'Официанты')]
814	Меню довольно интересное, больше имеет восточную направленность, но главное по ценам очень демократичное.	[('food style_options', 'positive', 'Меню'), ('food prices', 'positive', 'Меню')]
815	В первый раз попробовал жареного осьминога, конечно сравнивать не с чем, но мне понравилось)))	[('food quality', 'positive', 'жареного осьминога')]
816	Интерьер довольно симпатичный, мало освещения, но зато ставятся свечи на стол.	[('ambience general', 'positive', 'Интерьер'), ('ambience general', 'positive', 'свечи')]
817	Думаю, если стоит задача найти уютное недорогое местечко в районе метро московская, то это наверно один из лучших вариантов.	[('ambience general', 'positive', 'местечко'), ('restaurant prices', 'positive', 'местечко'), ('restaurant general', 'positive', 'местечко')]
818	Думаю, что обязательно еще раз туда схожу!	[('restaurant general', 'positive', 'NULL')]
819	Хачипури немного подкачало, показалось что маловато сыра, хотя наверное на любителя.	[('food quality', 'neutral', 'Хачипури'), ('food quality', 'neutral', 'сыра')]
820	Салат сочный и вкусный, баранина и овощи очень достойные.	[('food quality', 'positive', 'Салат'), ('food quality', 'positive', 'баранина'), ('food quality', 'positive', 'овощи')]
821	Сервис оставляет приятное впечатление.	[('service general', 'positive', 'Сервис')]
822	Официант ненавязчивы, но учтивый...очень хорошее сочетание.	[('service general', 'positive', 'Официант')]
823	Интерьер к сожалению не оценил...на уровне, но не более, хотя может быть для приятного обеда более и не надо.	[('ambience general', 'neutral', 'Интерьер'), ('food quality', 'positive', 'обеда')]
824	Родители остались очень довольны.	[('restaurant general', 'positive', 'NULL')]
825	Особенно хочется выразить признательность администратору, работавшему в эти дни (к сожалению не запомнил имя девушки).	[('service general', 'positive', 'администратору')]
826	Очень хотелось, чтобы родителям понравилось, и сервис оказался выше всяких похвал.	[('service general', 'positive', 'сервис')]
827	Были на 8 марта, приятно удивлены и обслуживанием и кухней!	[('service general', 'positive', 'обслуживанием'), ('food quality', 'positive', 'кухней')]
828	Еще раз скажу, что были удивлены (в хорошем смысле).	[('restaurant general', 'positive', 'NULL')]
829	Интерьер похож на первый паб, довольно уютно: диваны, камин.	[('ambience general', 'positive', 'Интерьер'), ('ambience general', 'positive', 'диваны'), ('ambience general', 'positive', 'камин')]
830	Нас обслуживал молодой человек, и надо сказать, что обслуживал так что уходить потом не хотели)))	[('service general', 'positive', 'молодой человек')]
831	С шутками, с хорошим настроением, быстро, вкусно и качественно.	[('service general', 'positive', 'NULL'), ('food quality', 'positive', 'NULL')]
832	Вообщем нам всем очень понравилось, будем постоянными гостями!!!	[('restaurant general', 'positive', 'NULL')]
833	Большое спасибо за такое отличное заведение!	[('restaurant general', 'positive', 'заведение')]
834	Интерьер не то что оставляет желает лучшего......!!!!! такого я не видела давно.	[('ambience general', 'negative', 'Интерьер')]
835	Ладно, первый зал проходной, но там есть столики,надеюсь они всегда пустые... похож на магазин , где стоят холодильники с мороженным!	[('ambience general', 'negative', 'зал')]
836	Два других зала нормальные, конечно до хороших) им ползти и ползти..., но вот еда!!!!!	[('ambience general', 'neutral', 'зала'), ('food quality', 'negative', 'еда')]
837	Я заказала баклажаны жаренные( в сладком соусе) ...мне есть с чем сравнивать..... я попробовала и очень расстроилась(((( такое г... я ещё не ела, они были пресные(хотя в соусе), а соус!!!! такое ощущение, что туда высморкались все с кухни!!!!!!	[('food quality', 'negative', 'баклажаны жаренные'), ('food quality', 'negative', 'соус')]
838	есть я это не стала, выпила сок ,заказывать побоялась.	[('drinks quality', 'negative', 'NULL')]
839	Очень хочется думать, что люди писали правду, а мне всего лишь не повело, но увы,... туда я больше не пойду!!!!	[('restaurant general', 'negative', 'NULL')]
840	Вчера с друзьями, решили все таки посетить, столь расхваленное заведение, но уже со входа, я начала разочаровываться.	[('restaurant general', 'negative', 'заведение')]
841	Как только зашли, нас никто не обязался встретить, на первом этаже, было чье-то день рождение, судя по всему, детское(хотя я не думаю, что Манилов, то заведение, где стоит устраивать детские праздники).	[('service general', 'negative', 'NULL')]
842	Далее мы поднялись на второй этаж, опять же нас никто не встретил, и вообще зал ресторана был пуст, только какая то компания, которая нам разрешила пройти(кто это был, без понятия, или администрация, которая уже начала праздновать 8 марта, то ли очень наглые гости).	[('service general', 'negative', 'NULL')]
843	Через минут 10 подошел официант, принял заказ, заказали коктейли, пасту и греческий салат с курицей.	[('service general', 'negative', 'официант')]
844	Заказ ждали долго, если учесть, что паста, салат максимум готовятся полчаса, мы ждали час.	[('service general', 'negative', 'NULL')]
845	"Когда я спросила у официанта, столько еще ожидать наш заказ, на что прозвучал ответ: ""ну, не знаю может минут через 10, у нас банкет внизу и повара не успевают......."", на что я сказала, что Вас это не оправдывает, или надо было предупредить."	[('service general', 'negative', 'официанта')]
846	По поводу еды, паста была ну ничего, средненько, чуток пересоленная, цезарь был не очень, заветренные и холодные кусочки куриного филе меня не особо вдохновили.	[('food quality', 'neutral', 'паста'), ('food quality', 'negative', 'цезарь'), ('food quality', 'negative', 'куриного филе')]
847	Затем мы попросили счет, его так же долго не могли принести, как и заказ.	[('service general', 'negative', 'NULL')]
848	В общем не в восторге.	[('restaurant general', 'negative', 'NULL')]
849	Есть гардероб и приятный гардеробщик,далее открывается вид в зал-хорошая мебель и приятный интерьер ,печально что нет некурящей зоны!	[('restaurant miscellaneous', 'positive', 'гардероб'), ('service general', 'positive', 'гардеробщик'), ('ambience general', 'positive', 'мебель'), ('ambience general', 'positive', 'интерьер'), ('restaurant miscellaneous', 'negative', 'некурящей зоны')]
850	Встретили нормально (никакой улыбки на лице администратора при этом не было) ,проводили к столу.	[('service general', 'neutral', 'администратора')]
851	Официант не ориентируется в меню,не видит столы,из рук все валится,грязные тарелки стояли по 10 минут на столе и это при неполном зале!!!?	[('service general', 'negative', 'Официант')]
852	Кухня:кушали японскую кухню,вкусная еда и немаленькие порции,подача обычная.	[('food quality', 'positive', 'японскую кухню'), ('food quality', 'positive', 'еда'), ('food style_options', 'positive', 'порции'), ('food style_options', 'neutral', 'подача')]
853	А еще салат цезарь-тоже вкусно!	[('food quality', 'positive', 'салат цезарь')]
854	Проводили всем персоналом,уже с улыбкой и доброжелательным видом!	[('service general', 'positive', 'персоналом')]
855	Хорошее место, где можно посидеть большой компанией и отлично отдохнуть.	[('restaurant general', 'positive', 'место')]
856	Мы заняли столик, и через 5 минут официант принял у нас заказ.	[('service general', 'positive', 'официант')]
857	Меню очень большое, так что есть чем себя побаловать.	[('food style_options', 'positive', 'Меню')]
858	Большой выбор десертов!	[('food style_options', 'positive', 'десертов')]
859	Я взяла себе тирамису, просто обалденный!	[('food quality', 'positive', 'тирамису')]
860	Такой я пробовала только в Италии, на удивление торт оказался нежный и воздушный, просто пальчики оближешь!	[('food quality', 'positive', 'торт')]
861	А вот вторые блюда ждали мы минут 30 - это, конечно, не есть хорошо, но оно того стоило!	[('service general', 'negative', 'NULL')]
862	Друг заказал стейк рибай, по его словам, он был просто изумительный, а вот подруга заказала себе свиную рульку, она была суховата.	[('food quality', 'positive', 'стейк рибай'), ('food quality', 'neutral', 'свиную рульку')]
863	Стоит отметить, что цены у них приемлемые, не сказать что очень дорого.	[('restaurant prices', 'neutral', 'NULL')]
864	Обслуживание, конечно, оставляет желать лучшего, хотелось бы, чтобы официанты работали быстрей, но так как народу было много, мы старались входит в их положение.	[('service general', 'negative', 'Обслуживание'), ('service general', 'neutral', 'официанты')]
865	В общей сложности хороший паб, пропитанный футбольной тематикой.	[('restaurant general', 'positive', 'паб')]
866	На мой взгляд, отличное место для посиделок шумной компанией.	[('restaurant general', 'positive', 'место')]
867	Заведение хорошее, сказать, что это ресторан было бы не совсем корректно, это даже скорее концертный зал с возможностью заказать еду и напитки.	[('restaurant general', 'positive', 'Заведение')]
868	Зал очень просторный и атмосферный, свободного места предостаточно.	[('ambience general', 'positive', 'Зал'), ('ambience general', 'positive', 'места')]
869	Удобные столики на небольшую компанию друзей-знакомых.	[('ambience general', 'positive', 'столики')]
870	Меню достаточно разнообразное, есть отдельное меню японской кухни, ну это на любителя.	[('food style_options', 'neutral', 'Меню')]
871	Попробовала палтуса запеченного – хорош, да и красиво смотрится на тарелке.	[('food quality', 'positive', 'палтуса запеченного'), ('food style_options', 'positive', 'палтуса запеченного')]
872	Салат грибной тоже хорош, порция достойная.	[('food quality', 'positive', 'Салат грибной'), ('food style_options', 'positive', 'порция')]
873	Кофе-десерт – тоже без претензий, все вкусно.	[('food quality', 'positive', 'Кофе-десерт')]
874	Итого приятный вечер, в хорошей компании в хорошем месте.	[('restaurant general', 'positive', 'месте')]
875	Мне понравилось!	[('restaurant general', 'positive', 'NULL')]
876	На входе нас встретил неприятный молодой человек-администратор.	[('service general', 'negative', 'молодой человек-администратор')]
877	Нам предложили присесть на мягких и удобных диванчиках.	[('ambience general', 'positive', 'диванчиках')]
878	Конечно не у окна, но вид все же как всегда был прекрасен.	[('location general', 'positive', 'вид')]
879	Буквально через 5 минут к нам подошел любезный официант и принял наш заказ.	[('service general', 'positive', 'официант')]
880	Приблизительно через 15 минут мы уже наслаждались теплым мексиканским салатом и карпаччо из утиной грудки.	[('food quality', 'positive', 'теплым мексиканским салатом'), ('food quality', 'positive', 'карпаччо из утиной грудки')]
881	Холодные закуска и салат были великолепны!	[('food quality', 'positive', 'Холодные закуска'), ('food quality', 'positive', 'салат')]
882	Горячее тоже очень порадовало.	[('food quality', 'positive', 'Горячее')]
883	Официант был всегда внимателен и любезен.	[('service general', 'positive', 'Официант')]
884	Появлялся всегда в тот момент, в который нужно.	[('service general', 'positive', 'NULL')]
885	Не надоедал, ну и не оставлял нас совсем одних.	[('service general', 'positive', 'NULL')]
886	В общем все было прекрасно!	[('restaurant general', 'positive', 'NULL')]
887	Нам очень понравилось..	[('restaurant general', 'positive', 'NULL')]
888	Будем приходить еще и еще много раз.=)	[('restaurant general', 'positive', 'NULL')]
889	Пришли.....встретили хорошо, посадили за уютный столик в уголке....	[('service general', 'positive', 'NULL'), ('ambience general', 'positive', 'столик')]
890	Официант принёс меню и.......пропал, прошло 20 минут, подруги готовы были уже идти сами на кухню за едой....	[('service general', 'negative', 'Официант')]
891	Наконец наш заказ приняли, вместо свежевыжитого сока принесли обычный из коробки, мартини со льдом, но без щипцов (глядя на предыдущий комментарий могу сказать, что наверно тут так принято)........	[('service general', 'negative', 'NULL')]
892	К столику постоянно приходили разные официанты, может 3 или 4....кому платить чаевые???????????????	[('service general', 'negative', 'официанты')]
893	На кухне стоял крик и странный треск...	[('ambience general', 'negative', 'NULL')]
894	Когда принесли счёт В НЁМ НЕ БЫЛО НАПИСАНО О ВКЛЮЧЁННЫХ ЧАЕВЫХ, но сдачу нам так и не принесли (это тоже здесь видимо норма), а она была не маленькой, уж явно не 10 % от заказа(((	[('service general', 'negative', 'NULL')]
895	Большой ресторан, хорошее и главное довольно выгодное место и кухня очень приличная, но вот обслуживание оставляет желать лучшего....	[('restaurant general', 'positive', 'ресторан'), ('location general', 'positive', 'место'), ('food quality', 'positive', 'кухня'), ('service general', 'negative', 'обслуживание')]
896	Первое впечатление было приятным.	[('restaurant general', 'positive', 'NULL')]
897	И встретили нас и проводили к столику, а официантка какая была, просто чудо, приветливая, внимательная, но самое главное все в меру, ее не было слишком много, но работу она выполняла на все 100, а то и 200 %.	[('service general', 'positive', 'официантка')]
898	Да, первое восприятие блюд отличное, оформление, какие-то находки повара.	[('food style_options', 'positive', 'блюд')]
899	Но, на вкус!!!!!!!!!!!!!!!!!!!!!!!!!!!	[('food quality', 'negative', 'NULL')]
900	Нет не то, что было отвратительно, но ни одно юдюдо не было в достаточном смысле хорошоим.	[('food quality', 'negative', 'NULL')]
901	То мясо суховато, то рыба не досолена, чего не скажешь о спиртных напитках.	[('food quality', 'negative', 'мясо'), ('food quality', 'negative', 'рыба'), ('drinks quality', 'positive', 'спиртных напитках')]
902	Винная карта прекрасная.	[('drinks style_options', 'positive', 'Винная карта')]
903	качество вин тоже порадовало.	[('drinks quality', 'positive', 'вин')]
904	Вообщем, если идете туда целенаправленно-лучше не стоит, ну а если просто мимо проходили и решили зайти, ради любопытства, то можно.	[('restaurant general', 'neutral', 'NULL')]
905	Но боюсь комментарии после. будут не лучшие.	[('restaurant general', 'negative', 'NULL')]
906	Подруга очень рекомендовала это место.	[('restaurant general', 'positive', 'место')]
907	А так как оно удачно расположено - в одном из любимых районов города - добралась я до него быстро.	[('location general', 'positive', 'районов города')]
908	В первый раз мне очень понравилось: народу было не очень много, официантка внимательная, заказ принесла быстро.	[('service general', 'positive', 'официантка')]
909	Меню меня поразило: большой выбор интересных десертов, огромный выбор алкогольных коктейлей...правда, цены далеко не низкие, особенно на горячее и салаты.	[('food style_options', 'positive', 'Меню'), ('food style_options', 'positive', 'десертов'), ('drinks style_options', 'positive', 'алкогольных коктейлей'), ('food prices', 'negative', 'горячее'), ('food prices', 'negative', 'салаты')]
910	Чуть выше средних это называется, наверное.	[('restaurant prices', 'negative', 'NULL')]
911	А вот в последующие разы я была разочарована: свободных мест почти не бывает, официанты ничего не успевают, десертов в наличии практически не бывает...	[('ambience general', 'negative', 'свободных мест'), ('service general', 'negative', 'официанты'), ('food style_options', 'negative', 'десертов')]
912	Но, как бы там ни было, атмосфера этого места мне нравится.	[('ambience general', 'positive', 'атмосфера')]
913	И меню всё-таки поражает.	[('food style_options', 'positive', 'меню')]
914	Кстати, в последний раз ела пасту 4 сыра и была приятно удивлена вкусом и размером порции)	[('food style_options', 'positive', 'пасту 4 сыра'), ('food quality', 'positive', 'пасту 4 сыра')]
915	Скажу Вам, что впечатления остались только положительные, не без курьезов, но....тем не менее, остался доволен.	[('restaurant general', 'positive', 'NULL')]
916	Встретили душевно, здесь нареканий нет и никогда не было, до столика не проводили,не есть минус(оставили право выбора за мной))) ).	[('service general', 'positive', 'NULL')]
917	Дело было вечером, поэтому зажгли свечи, убавили свет и..... господа и дамы, скажу Вам, что там стало настолько уютно, что никогда бы не подумал, что это заведение при дневном свете выглядит как кафе.	[('ambience general', 'positive', 'свечи'), ('restaurant general', 'positive', 'заведение')]
918	Короче, приглушенный свет, спокойная музыка, милый и заботливый персонал - сделали свое дело - заставили расслабиться)))).	[('ambience general', 'positive', 'приглушенный свет'), ('ambience general', 'positive', 'музыка'), ('service general', 'positive', 'персонал')]
919	Про кухню много говорить не буду - все достойно.	[('food quality', 'neutral', 'кухню')]
920	"""Капрезе"", медальоны,"" Цезарь"", фирменный ролл - особого восторга не произвели, но и нареканий тоже, а это уже не плохо, зато атмосфера (повторюсь) произвела неизгладимое впечатление."	[('food quality', 'neutral', 'Капрезе'), ('food quality', 'neutral', 'медальоны'), ('food quality', 'neutral', ' Цезарь'), ('food quality', 'neutral', 'фирменный ролл'), ('ambience general', 'positive', 'атмосфера')]
921	Рекомендую, особенно тем кто был там днем, зайдите вечером, поверьте, вы попадете в абсолютно другое заведение.	[('restaurant general', 'positive', 'заведение')]
922	Отдельное спасибо Ирине, за ее внимательное и вежливое обслуживание.	[('service general', 'positive', 'обслуживание')]
923	Для себя решил одно, вернусь и не раз.	[('restaurant general', 'positive', 'NULL')]
924	Спасибо!	[('restaurant general', 'positive', 'NULL')]
925	Кухня радует, а вот обслуживание не очень хорошее.	[('food quality', 'positive', 'Кухня'), ('service general', 'negative', 'обслуживание')]
926	Блюда то ли готовятся долго, то ли их долго несут, хотя народу все 2 раза было немного - казалось бы...	[('service general', 'negative', 'NULL')]
927	Один раз вообще сложилось ощущение, что про нас забыли.	[('service general', 'negative', 'NULL')]
928	Но хуже то, что в наличии постоянно нет чего-то из меню - и, как назло, именно того, что хочется попробовать!	[('food style_options', 'negative', 'NULL')]
929	Выбор десертов оказывается вообще маленьким.	[('food style_options', 'negative', 'десертов')]
930	Паста вкусная, всем рекомендую.	[('food quality', 'positive', 'Паста')]
931	А вот пицца не фонтан - обычная такая, ничего особенного.	[('food quality', 'neutral', 'пицца')]
932	Не стоит тех денег, которые за неё берут.	[('food prices', 'negative', 'NULL')]
933	Начилось все не с очень приятных моментов, т.к когда мы пришли туда, то оказалось что нет свободных столиков и только спустя наверное минут 20 официант все нашел нам подходящий стол.	[('service general', 'positive', 'официант')]
934	В целом заведение понравилось, и обстановка, и интерьер, и меню.	[('restaurant general', 'positive', 'заведение'), ('ambience general', 'positive', 'обстановка'), ('ambience general', 'positive', 'интерьер'), ('food quality', 'positive', 'меню')]
935	Из плюсов: достаточно быстро обслуживание несмотря на огромное количество людей, хорошая атмосфера(играли диджеи) для субботнего вечера, большой выбор еды и алкогольных напитков(хотя мы так и не поели, но алкоголя было выпито много))).	[('service general', 'positive', 'обслуживание'), ('ambience general', 'positive', 'атмосфера'), ('food style_options', 'positive', 'еды'), ('drinks style_options', 'positive', 'алкогольных напитков')]
936	Минусы: показалось, что слишком громко играла музыка; отсутствие подсветки над столом(хотя над некоторыми другими свет все же был), из-за чего пришлось подсвечивать меню телефоном и наверное главный минус для меня-это то, что в таком большом заведении не оказалось место для гардероба, вследствие чего наши куртки постоянно падали на пол с дивана.	[('ambience general', 'negative', 'музыка'), ('ambience general', 'negative', 'подсветки над столом'), ('restaurant general', 'negative', 'заведении'), ('restaurant miscellaneous', 'negative', 'гардероба')]
937	За наш стол попросили депозит 5 тыс, но для большой компании это не так уж много, мы, например, оставили там 8 тыс.	[('service general', 'neutral', 'депозит')]
938	Но несмотря на все минусы, остались вполне довольными этим заведением, думаю что посетим еще не раз.	[('restaurant general', 'positive', 'заведением')]
939	Ну и приятная мелочь в конце, попросили у официанта дисконтную карту и он нам ее дал.	[('service general', 'positive', 'официанта')]
940	Обслуживанием очень довольны, скатерти меняют после каждого посетителя, все очень чисто.	[('service general', 'positive', 'Обслуживанием')]
941	Официанты очень подготовленные, могут рассказать, что из чего готовиться, как подаётся.	[('service general', 'positive', 'Официанты')]
942	Порции достаточно большие.	[('food style_options', 'positive', 'Порции')]
943	Всё вкусно!	[('food quality', 'positive', 'NULL')]
944	Единственный минус - в праздники и выходные у них очень много посетителей, хотя это говорит о том, что ресторан хороший...	[('restaurant general', 'positive', 'ресторан')]
945	И поэтому готовят очень долго!	[('service general', 'negative', 'NULL')]
946	Закуски и салаты приносят быстро, а горячее нужно ждать.	[('service general', 'negative', 'NULL')]
947	За ожидание нам принесли комплимент - мороженое для ребенка.	[('service general', 'positive', 'комплимент')]
948	Кстати, мороженое они готовят сами!	[('food style_options', 'positive', 'мороженое')]
949	Очень вкусно!	[('food quality', 'positive', 'NULL')]
950	"Я был в этом БАРЕ 28.10.09, могу сказать что обслуживание ни чем особенным не выделяеться, пиво стоит достаточно дорого да потом пиво ""Береста светлое "" 220р мне не очень понравилось, но вот закуски к пиву мне очень понравились и надо отметить что их большой выбор с преобладанием мясных, что для меня лично очень важно."	[('service general', 'neutral', 'обслуживание'), ('drinks prices', 'negative', 'пиво'), ('drinks quality', 'negative', 'Береста светлое '), ('food quality', 'positive', 'закуски к пиву'), ('food style_options', 'positive', 'закуски к пиву')]
951	Был недавно в этом ресторане с друзьями днем, все очень понравилось.	[('restaurant general', 'positive', 'ресторане')]
952	Встретили, предложили выбрать столик, народу было немного, атмосфера приятная.	[('service general', 'positive', 'NULL'), ('ambience general', 'positive', 'атмосфера')]
953	Сразу подошла официантка, с темными волосами, к сожалению имя не запомнил, обслуживание в ресторане отличное, тут ничего не скажешь!	[('service general', 'positive', 'официантка'), ('service general', 'positive', 'обслуживание')]
954	На мою просьбу помочь выбрать блюдо, девушка с радостью предложила нам пару салатиков и горячее, готовили все очень быстро и все блюда были обалденно вкусными.	[('service general', 'positive', 'девушка'), ('food quality', 'positive', 'блюда')]
955	Очень рад что приехал сюда, хоть и находится далековато,но я ни разу не пожалел, буду советовать всем своим друзьям это заведение.	[('location general', 'negative', 'NULL'), ('restaurant general', 'positive', 'заведение')]
956	Если Вы хотите съесть большой ролл который даже не сможет поместиться в рот, то Вам сюда.	[('food style_options', 'positive', 'ролл')]
957	Здесь чудесные роллы, а так же есть и большой выбор других блюд европейской кухни.	[('food quality', 'positive', 'роллы'), ('food style_options', 'positive', 'блюд европейской кухни')]
958	Таких роллов как в этом кафе я не встречал больше ни где, езжу сюда специально из другого конца города, но это оправдывает, в целом заведение не плохое примерно год назад без заказа столика мест было не найти и это даже по будним дням, сейчас места практически всегда есть, а летом ещё и помогает веранда.	[('food quality', 'positive', 'роллов'), ('restaurant general', 'positive', 'заведение'), ('ambience general', 'positive', 'веранда')]
959	По ценам могу сказать так если поесть и роллы и ещё какое-нибудь блюдо,десерт, холодные напитки то получиться 1450-1750р с человека, но столько еды не каждый может съесть поэтому оринтироваться на большой аппетит, а так может и 750 р. хватить вполне.	[('restaurant prices', 'neutral', 'еды')]
960	Посещаю это место уже в течении двух лет качество еды и обслуживания не меняется а постоянство признак професссионализма.	[('restaurant general', 'positive', 'место'), ('food quality', 'positive', 'еды'), ('service general', 'positive', 'обслуживания')]
961	Достаточно однообразная еда как и во многих других китайских ресторанах (что рыба, что мясо - всё на один вкус, всё с одним и тем же соусом), всё конечно съедобное, но не сказать, что очень вкусное.	[('food quality', 'negative', 'еда'), ('food quality', 'negative', 'рыба'), ('food quality', 'negative', 'мясо'), ('food quality', 'negative', 'соусом')]
962	Из десертов мне очень понравилось мороженое с сыром гарганзолла (но это, естественно, не их приготовления) 2)	[('food quality', 'positive', 'мороженое с сыром гарганзолла')]
963	Всё зависит от официанта, есть приветливые, а есть и не очень. 3)	[('service general', 'neutral', 'официанта')]
964	Интерьер довольно бедненький, на полу какой-то линолиум.	[('ambience general', 'negative', 'Интерьер'), ('ambience general', 'negative', 'линолиум')]
965	Музыка слишком громкая и навязчивая.	[('ambience general', 'negative', 'Музыка')]
966	Играет Русское радио - и это ужасно!	[('ambience general', 'negative', 'Русское радио')]
967	Из плюсов можно отметить только то, что в этом заведении всегда мало народу, всегда есть много свободных мест.	[('ambience general', 'positive', 'заведении')]
968	Зашла в ресторан первое впечатление отличное, но правда, что сразу не понравилось это то, что заранее заказали столик у окна, но нас посадили в самое ужасное место!	[('service general', 'negative', 'NULL'), ('restaurant general', 'positive', 'ресторан')]
969	Официанты очень приятные, не навязчивые, сервис отличный!	[('service general', 'positive', 'Официанты'), ('service general', 'positive', 'сервис')]
970	Что касается кухни, честно, мне не понравилось((	[('food quality', 'negative', 'кухни')]
971	мясо ждали минут30, если не больше....	[('service general', 'negative', 'NULL')]
972	интерьер отлиный, персонал тоже, но кухня не вкусная	[('ambience general', 'positive', 'интерьер'), ('service general', 'positive', 'персонал'), ('food quality', 'negative', 'кухня')]
973	Персонал мне понравился, официантка была очень приятной, общительной и доброжелательной, по нашей просьбе без проблем сфотографировала нас, еду приносила быстро, лишнии тарелки тоже не задерживалаись на столе.	[('service general', 'positive', 'Персонал'), ('service general', 'positive', 'официантка')]
974	В гардеробе дядечка тоже очень вежливый и все остальные кого видели из персонала произвели приятное впечатление. 2.	[('service general', 'positive', 'дядечка'), ('service general', 'positive', 'персонала')]
975	Зал большой, мебель приличная, большой телевизор на стене удобно смотреть с любого столика наверно. 3.	[('ambience general', 'positive', 'Зал'), ('ambience general', 'neutral', 'мебель'), ('ambience general', 'positive', 'телевизор')]
976	Сначала хотели заказать чешские спиртные напитки, но их не оказалось к сожалению, немного расстроились, но не сильно.	[('drinks style_options', 'negative', 'чешские спиртные напитки')]
977	Заказали виски - виски нормальное, понравилось.	[('drinks quality', 'positive', 'виски')]
978	Претензий к качеству блюд нету.	[('food quality', 'neutral', 'качеству блюд')]
979	Ничего суперского, но на уровне.	[('food quality', 'neutral', 'NULL')]
980	В целом ресторан оставил приятное впечатление.	[('restaurant general', 'positive', 'ресторан')]
981	Примерно месяц назад посетили это заведение, т. к. многие рекомендовали его, как замечательное место.	[('restaurant general', 'positive', 'место')]
982	Да, действительно, место очень хорошее, приятное.	[('restaurant general', 'positive', 'место')]
983	Как и большинству знакомых, посетивших данное место, понравился интерьер, очень располагает к дружескому, теплому общению.	[('restaurant general', 'positive', 'место'), ('ambience general', 'positive', 'интерьер')]
984	Персонал приветливый, отзывчивый.	[('service general', 'positive', 'Персонал')]
985	Еда на уровне и что порадовало--порции большие))	[('food quality', 'neutral', 'Еда'), ('food style_options', 'positive', 'порции')]
986	Если говорить о минусах этого ресторана, очень людно и если хотите туда попасть вечером, то обязательно заказывайте стол заранее.	[('ambience general', 'negative', 'NULL')]
987	Остались в полнейшем восторге.	[('restaurant general', 'positive', 'NULL')]
988	Действительно, Ресторан, причем хороший.	[('restaurant general', 'positive', 'Ресторан')]
989	Интерьер впечатляющий, очень добротно, красиво, стильно.	[('ambience general', 'positive', 'Интерьер')]
990	Столики, что особенно понравилось, расставлены удаленно друг от друга, посетители не мешают друг другу, их не видно и не слышно, создается эдакий уединенный комфорт.	[('ambience general', 'positive', 'Столики')]
991	Обслуживание великолепное!	[('service general', 'positive', 'Обслуживание')]
992	Но обслуживал по высшему классу: предупредителен, корректен, ненавязчив.	[('service general', 'positive', 'NULL')]
993	Кухня на высоте: салаты необычны, вкусны, порции весьма приличные по размеру.	[('food quality', 'positive', 'Кухня'), ('food quality', 'positive', 'салаты'), ('food style_options', 'positive', 'порции')]
994	Горячее - обалденное.	[('food quality', 'positive', 'Горячее')]
995	Медальоны из телятины потрясающи, мясо тает во рту, соус очень вкусный.	[('food quality', 'positive', 'Медальоны из телятины'), ('food quality', 'positive', 'мясо'), ('food quality', 'positive', 'соус')]
996	Утка в апельсиновом соусе тоже удалась на славу.	[('food quality', 'positive', 'Утка в апельсиновом соусе')]
997	Десерт, бизе со сливками и фруктами, тоже оказалось неплохим, хотя и в самом конце трапезы - устали есть:)	[('food quality', 'positive', 'Десерт'), ('food quality', 'positive', 'бизе со сливками и фруктами')]
998	виски 2 салата 2 горячих блюда 1 десерт 2 эспрессо Результат вместе с чаевыми: 5000= Впечатления отличные!	[('restaurant general', 'positive', 'NULL')]
999	Спасибо.	[('restaurant general', 'positive', 'NULL')]
1000	Всем рекомендуем.	[('restaurant general', 'positive', 'NULL')]
1001	Официантка попалась хорошая: внимательная, без оценивающих взглядов, и ждать часами её не приходилось.	[('service general', 'positive', 'Официантка')]
1002	Сервис в Террасе не плохой, но раз на раз не приходится.	[('service general', 'neutral', 'Сервис')]
1003	Кухня, как всегда, на уровне.	[('food quality', 'positive', 'Кухня')]
1004	Меню интересное и разнообразное.	[('food style_options', 'positive', 'Меню')]
1005	Салаты и паста просто потрясающие.	[('food quality', 'positive', 'Салаты'), ('food quality', 'positive', 'паста')]
1006	Алкоголь, действительно, вкусный.)	[('drinks quality', 'positive', 'Алкоголь')]
1007	Цены приемлемые.	[('restaurant prices', 'neutral', 'NULL')]
1008	В целом Терраса не разочаровывает и продолжает оставаться одним из любимых мест.	[('restaurant general', 'positive', 'Терраса')]
1009	Сегодня с подругой посетил данное заведение! очень всё понравилось,обслуживание порадовало еще при входе,доброжелательная и улыбчивая администратор Екатерина встретила нас и посадила за очень хороший столик,откуда открывался отличный вид.	[('service general', 'positive', 'обслуживание'), ('service general', 'positive', 'администратор'), ('ambience general', 'positive', 'столик'), ('location general', 'positive', 'вид')]
1010	Обслуживала нас очень приятная девушка-официант.	[('service general', 'positive', 'девушка-официант')]
1011	Заказывали фондю,обслуживали нас очень оперативно и что порадовало это не сказалось на качестве блюда.	[('service general', 'positive', 'NULL'), ('food quality', 'neutral', 'фондю')]
1012	Официант и весь обслуживающий персонал,отлично знает своё дело.	[('service general', 'positive', 'Официант'), ('service general', 'positive', 'обслуживающий персонал')]
1013	Молодцы.	[('service general', 'positive', 'NULL')]
1014	"Теперь ""Чердак Художника"" будет часто посещаемым местом в нашем городе."	[('restaurant general', 'positive', 'Чердак Художника')]
1015	Спасибо вам большое за хорошее настроение на весь день!!!!	[('restaurant general', 'positive', 'NULL')]
1016	Хочу оставить свой отзыв об этом замечательном кафе.	[('restaurant general', 'positive', 'кафе')]
1017	Отмечали мамин юбилей, все было просто замечательно!	[('restaurant general', 'positive', 'NULL')]
1018	Недовольных не осталось, всем очень понравилась кухня!	[('food quality', 'positive', 'кухня')]
1019	Большие порции, интересные салаты и горячее, все было очень сытно и вкусно за сравнительно небольшую цену!	[('food style_options', 'positive', 'порции'), ('food prices', 'positive', 'салаты'), ('food quality', 'positive', 'салаты'), ('food quality', 'positive', 'горячее'), ('food prices', 'positive', 'горячее')]
1020	Очень приятное ненавязчивое обслуживание!	[('service general', 'positive', 'обслуживание')]
1021	Отдельное спасибо администратору Сергею!	[('service general', 'positive', 'администратору')]
1022	Остались только хорошие воспоминания!	[('restaurant general', 'positive', 'NULL')]
1023	И какой восхитительный был торт!	[('food quality', 'positive', 'торт')]
1024	Всем рекомендую посетить это замечательное кафе!	[('restaurant general', 'positive', 'кафе')]
1025	Отлично подходит для проведения небольших банкетов!	[('restaurant general', 'positive', 'NULL')]
1026	Уютно и по-домашнему!	[('ambience general', 'positive', 'NULL')]
1027	Интерьер приятный, помещение не большое, но очень уютное.	[('ambience general', 'positive', 'Интерьер')]
1028	Отдельно хочется отметить работу официанта в вопросе обслуживания.	[('service general', 'positive', 'официанта'), ('service general', 'positive', 'обслуживания')]
1029	Все делал быстро, качественно а главное незаметно!!!! правда один раз вино все таки пролил.	[('service general', 'positive', 'NULL')]
1030	Готовиться оно 1,5 часа но очень вкусно!	[('food quality', 'positive', 'NULL')]
1031	Вообще все блюда кот. мы заказывали были приготовлены из свежих качественных продуктов.так что подведя итог скажу что там действительно можно вкусно поесть, но когда расплачивались по счету, официант просто не принес обратно сдачу!!!!!!!	[('food quality', 'positive', 'блюда'), ('food quality', 'positive', 'продуктов'), ('service general', 'negative', 'официант')]
1032	Видимо он посчитал что 1000 руб сдачи мы решили оставить ему на чай!	[('service general', 'negative', 'NULL')]
1033	И даже когда пытались его подозвать, чтобы он собрал нам оставшиеся блюда с собой, лн просто отворачивался и уходил в другой конец зала.	[('service general', 'negative', 'NULL')]
1034	Вообще частенько туда заходим поужинать после работы с мужем.	[('restaurant general', 'positive', 'NULL')]
1035	Очень нравится спокойная атмосфера, тихая фоновая музыка не мешает беседе, всегда есть свободный столик.	[('ambience general', 'positive', 'атмосфера'), ('ambience general', 'positive', 'музыка'), ('ambience general', 'positive', 'столик')]
1036	Мне гораздо спокойнее и уютнее есть в заведении, где не толпится народ, нет шума и беготни.	[('ambience general', 'positive', 'заведении')]
1037	Кухня тоже очень нравится, если брать японскую кухню в Петербурге.	[('food quality', 'positive', 'Кухня')]
1038	Очень приемлемо, по более чем приемлемым ценам.	[('restaurant prices', 'positive', 'NULL')]
1039	Рыба опасения не вызывает.	[('food quality', 'neutral', 'Рыба')]
1040	Конечно, хотелось бы чуть больше ассортимента роллов, но те, что есть, очень нравятся.	[('food quality', 'positive', 'роллов'), ('food style_options', 'negative', 'роллов')]
1041	Супы просто супер всегда!!	[('food quality', 'positive', 'Супы')]
1042	И очень хороши свежевыжатые соки.	[('drinks quality', 'positive', 'свежевыжатые соки')]
1043	"Драники с беконом очень вкусные и порция прямо настоящая ""мужская""."	[('food style_options', 'positive', 'Драники с беконом'), ('food quality', 'positive', 'Драники с беконом')]
1044	С обслуживанием нам везет.	[('service general', 'positive', 'обслуживанием')]
1045	Как-то раз попали на неопытную официантку, которой остались недовольны, но больше ее не видели.	[('service general', 'negative', 'официантку')]
1046	Обычно все делают быстро, не оставляют без внимания, предупреждают, если что-то из меню придется ждать.	[('service general', 'positive', 'NULL')]
1047	В первый раз нам пришлось ждать полчаса, за что получили скидочную карту.	[('service general', 'neutral', 'NULL')]
1048	Скидки предоставляют всегда, даже если карты нет с собой (находят по фамилии).	[('restaurant prices', 'positive', 'NULL')]
1049	В общем обслуживанием довольны, ненавязчиво, но внимательно.	[('service general', 'positive', 'обслуживанием')]
1050	Это единственное место в Петербурге, где я спокойно ем суши и роллы, не смотря на беременность.	[('restaurant general', 'positive', 'место'), ('food quality', 'positive', 'суши'), ('food quality', 'positive', 'роллы')]
1051	Постараюсь) с улицы его почти не видно, и вывеска не очень располагает зайти внутрь... так бы не зашла, честно.	[('restaurant miscellaneous', 'negative', 'вывеска')]
1052	Но друзья позвали. и я не пожалела! внутри очень здорово!мест мало, даже не знаю, плюс это или минус.буквально 5-6 столиков, ну и барная стойка) очень уютно) самый классный- столик в конце зала, в уголке, с диваном и подушками)	[('ambience general', 'positive', 'столиков'), ('ambience general', 'positive', 'барная стойка'), ('ambience general', 'positive', 'столик'), ('ambience general', 'positive', 'диваном'), ('ambience general', 'positive', 'подушками')]
1053	интерьер мне понравился. в светлых тонах, висят картины, занавесочки из то ли бисера, то ли ещё чего)	[('ambience general', 'positive', 'интерьер'), ('ambience general', 'positive', 'картины'), ('ambience general', 'positive', 'занавесочки')]
1054	барная карта хорошая. есть из чего выбрать. правда цены на кальян мне завышенными показались..	[('drinks style_options', 'positive', 'барная карта'), ('restaurant prices', 'negative', 'кальян')]
1055	Выбор еды небольшой. заказывала тарелку фруктов и салат ( честно, не помню название). всё как на картинке-красииво)). но опять же, вот и минус маленького помещения.	[('food style_options', 'negative', 'еды'), ('food style_options', 'positive', 'тарелку фруктов'), ('food style_options', 'positive', 'салат'), ('ambience general', 'negative', 'помещения')]
1056	еду ждать минут 15, не меньше. и так как бармен один-то и напитки тоже приносят по мере приготовления каждому.. а вот и плюс бара)	[('service general', 'negative', 'NULL')]
1057	Сервис! точнее отношение бармена к посетителям. каждого встретит, проводит) здорово) вообщем!	[('service general', 'positive', 'Сервис'), ('service general', 'positive', 'бармена')]
1058	место отличное! посидеть с друзьями вечером самое то! да и просто придти,хоть одной/одному, тоже нормально! садишься за барную стойку и ведёшь душевные разговоры с приветливым барменом)	[('restaurant general', 'positive', 'место'), ('ambience general', 'positive', 'барную стойку'), ('service general', 'positive', 'барменом')]
1059	Мы и наши гости остались очень довольны обслуживанием и вкусно приготовленными блюдами.	[('service general', 'positive', 'обслуживанием'), ('food quality', 'positive', 'блюдами')]
1060	В ресторане спокойная, уютная атмосфера.	[('ambience general', 'positive', 'атмосфера')]
1061	Особенно мне понравилось как вкусно был приготовлен десерт тирамису.	[('food quality', 'positive', 'десерт тирамису')]
1062	Такого вкусного десерта я не ела ни в одном ресторане.	[('food quality', 'positive', 'десерта')]
1063	Ушли мы оттуда в хорошем настроении и отдохнувшие.	[('restaurant general', 'positive', 'NULL')]
1064	Скоро день рождения у мужа и мы будем его отмечать здесь.	[('restaurant general', 'positive', 'NULL')]
1065	Интерьер в нашем зале нам понравился - уютно, красивая мебель.	[('ambience general', 'positive', 'Интерьер'), ('ambience general', 'positive', 'мебель')]
1066	Меню не очень большое, цены среднегородские.	[('food prices', 'neutral', 'Меню'), ('food style_options', 'neutral', 'Меню')]
1067	Отсутствие некоторых заказанных салатов нам объяснили большим спросом:-)	[('food style_options', 'negative', 'NULL')]
1068	Несколько удивило огромное количество обслуживающего персонала в пересчете на кв.м. и посетителя, наш стол обслуживало двое, хотя нас было за столом всего 5 чел.	[('service general', 'neutral', 'обслуживающего персонала')]
1069	"По залам постоянно ходит персонал, у входа стоит несколько ""встречающих""."	[('service general', 'neutral', 'персонал')]
1070	По качеству салатов претензий не было, а вот десерты не впечатлили, нам показалось, что готовятся они не в ресторане.	[('food quality', 'neutral', 'салатов'), ('food quality', 'negative', 'десерты')]
1071	Наверное надо будет зайти еще, чтобы увидеть динамику развития...	[('restaurant general', 'neutral', 'NULL')]
1072	Первый раз заглянули в Набережную и остались ОЧЕНЬ довольны проведенным вечером!!! не было ни одного негативного момента, что редко бывает! =)	[('restaurant general', 'positive', 'Набережную')]
1073	Ресторан огромный!! но при этом очень уютный и действительно МНОГО места!	[('ambience general', 'positive', 'Ресторан')]
1074	столики не стоят впритык, думаю, даже при большом количестве народа посетители не чувствуют себя селедками в бочке (мы были во вторник, было совсем просторно).	[('ambience general', 'positive', 'столики')]
1075	Местное пиво понравилось сразу)))	[('drinks quality', 'positive', 'пиво')]
1076	"Малиновое ""Аптекарское"" - очень оригинально!"	[('food quality', 'positive', 'Малиновое Аптекарское')]
1077	Обслуживание замечательное! все вовремя, напитки - практически моментально! милая девушка Анна нам все рассказала и дала дельные советы по меню, четко и быстро.	[('service general', 'positive', 'Обслуживание'), ('service general', 'positive', 'девушка')]
1078	Было очень приятно пообщаться с ней, спасибо!	[('service general', 'positive', 'NULL')]
1079	Салаты вкусные, свинина с сыром Фета, фисташками и грибным соусом - это просто восторг!!!	[('food quality', 'positive', 'Салаты'), ('food quality', 'positive', 'свинина с сыром Фета, фисташками и грибным соусом')]
1080	Паста с морепродуктами в пергаменте - очень оригинально, шикарный томатный соус, тонкий вкус, веточки тимьяна - очень пикантно!	[('food quality', 'positive', 'Паста с морепродуктами'), ('food quality', 'positive', 'томатный соус'), ('food quality', 'positive', 'тимьяна')]
1081	Хочу сказать, что в меню очень много оригинальных блюд, и в Набережную определенно стоит ходить за свежими кулинарными впечатлениями!	[('food style_options', 'positive', 'блюд'), ('restaurant general', 'positive', 'Набережную')]
1082	Мы обязательно придем туда снова и, безусловно, будем рекомендовать это место своим друзьям!	[('restaurant general', 'positive', 'место')]
1083	Захожу в ресторан, сказка! сказка! сказка!	[('restaurant general', 'positive', 'ресторан')]
1084	Встретили с улыбкой.	[('service general', 'positive', 'NULL')]
1085	Милая девушка принесла меню.	[('service general', 'positive', 'девушка')]
1086	Меню хорошее, скромное.	[('food style_options', 'positive', 'Меню')]
1087	М-м-м, какой великолепный салат!	[('food quality', 'positive', 'салат')]
1088	Такой я еще не пробовал.	[('food quality', 'positive', 'NULL')]
1089	А суп даже лучше.	[('food quality', 'positive', 'суп')]
1090	Очень необычный.	[('food quality', 'positive', 'NULL')]
1091	Каре баранины буду, еще раз буду.	[('food quality', 'positive', 'Каре баранины')]
1092	Да, спасибо повару большое.	[('food quality', 'positive', 'повару')]
1093	Так держать!	[('food quality', 'positive', 'NULL')]
1094	Было вкусно!	[('food quality', 'positive', 'NULL')]
1095	Интерьер красивый, все со вкусом.	[('ambience general', 'positive', 'Интерьер')]
1096	Цвет, гамма, стулья — все красиво и удобно.	[('ambience general', 'positive', 'Цвет'), ('ambience general', 'positive', 'гамма'), ('ambience general', 'positive', 'стулья')]
1097	Как в королевстве.	[('ambience general', 'positive', 'NULL')]
1098	Сюда лучше прийти с любимым человеком поужинать.	[('restaurant general', 'positive', 'NULL')]
1099	Сервис хороший.	[('service general', 'positive', 'Сервис')]
1100	На 8, но я поставлю 9.	[('restaurant general', 'positive', 'NULL')]
1101	Потому что видно — люди стремятся к лучшему.	[('restaurant general', 'positive', 'NULL')]
1102	Обязательно приеду еще раз.	[('restaurant general', 'positive', 'NULL')]
1103	Сегодня решила почитать отзывы по этому заведению, так как вечер был просто испорчен.	[('restaurant general', 'negative', 'заведению')]
1104	Да, неплохой интерьер, неплохая кухня... но все остальное просто ужас.	[('ambience general', 'neutral', 'интерьер'), ('food quality', 'neutral', 'кухня')]
1105	Во-первых такого отвратительного обслуживания я не видела нигде.	[('service general', 'negative', 'обслуживания')]
1106	На весь ресторан работала одна официантка, что само по себе странно.	[('service general', 'negative', 'официантка')]
1107	Если бы она просто не справлялась с обилием заказов, то еще как то извинительно, но она не очень то и старалась.	[('service general', 'negative', 'NULL')]
1108	Например вино нам несли 20 мин., курить мы выходили на улицу, где для этого стоят кресла и столик, попросили ее принести пепельницу... она пообещала, но до конца нашего застолья так этого и не сделала.	[('service general', 'negative', 'NULL')]
1109	На закуску мы среди прочего заказывали оливки, так их нам принесли почти в конце вечера, про один заказ она вообще забыла, на что просто извинилась.	[('service general', 'negative', 'NULL')]
1110	Отдельная история - живая музыка.	[('ambience general', 'negative', 'живая музыка')]
1111	Хороший певец, с хорошим голосом... но для такого маленького помещения - это просто тихий ужас.	[('ambience general', 'negative', 'помещения')]
1112	Разговаривать было невозможно не только с другим концом стола, но и соседей справа-слева приходилось переспрашивать.	[('ambience general', 'negative', 'NULL')]
1113	Соглашусь, на вкус и цвет товарищей нет, но я в этот ресторан больше ни ногой и всех своих друзей обязательно предупрежу	[('restaurant general', 'negative', 'ресторан')]
1114	Отличное место, с отличной кухней.	[('restaurant general', 'positive', 'место'), ('food quality', 'positive', 'кухней')]
1115	Салаты свежие, ингредиенты явно не из ленты и холодильника.	[('food quality', 'positive', 'Салаты')]
1116	Лаваш свежий, съели сразу, еще салат не успели принести.	[('food quality', 'positive', 'Лаваш')]
1117	Да, не через 10 минут приносят, но сразу говорят, надо подождать 40 минут.	[('service general', 'neutral', 'NULL')]
1118	Шашлык свежий, тает, никакого жира и костей.	[('food quality', 'positive', 'Шашлык')]
1119	Приборы даются не одни.	[('service general', 'positive', 'Приборы')]
1120	Из минусов (для меня это не минус), нет отдельно зала для курящих, ну и возможно персонал немного назойлив (хотя по мне так в самый раз).	[('ambience general', 'neutral', 'зала для курящих'), ('service general', 'neutral', 'персонал')]
1121	Бокалы всегда полные и не надо ждать несколько минут, когда к тебе подойдут (во многих заведениях именно так).	[('service general', 'positive', 'NULL')]
1122	Порции вполне нормальные, не огромные, но и не маленькие.	[('food style_options', 'neutral', 'Порции')]
1123	Дешево и очень вкусно.	[('restaurant prices', 'positive', 'NULL'), ('restaurant general', 'positive', 'NULL')]
1124	Ушли довольные и сытые.	[('food quality', 'positive', 'NULL')]
1125	"Рядом с Домом Книги, с окнами на набережную расположился небольшой ресторанчик с вкусным названием ""Аппетит""."	[('restaurant general', 'positive', 'ресторанчик')]
1126	Несколько залов удобно расположены, правда зал для некурящих расположен прямо при входе.	[('ambience general', 'positive', 'залов'), ('ambience general', 'negative', 'зал для некурящих')]
1127	Наиболее уютные диванчики в зоне для курящих.	[('ambience general', 'positive', 'диванчики'), ('ambience general', 'positive', 'зоне для курящих')]
1128	На больших экранах транслируется Fashion. приятный, спокойный интерьер для дружеских встреч.	[('ambience general', 'positive', 'интерьер')]
1129	Обслуживание- плохо.	[('service general', 'negative', 'Обслуживание')]
1130	Встретили, усадили, дали меню- нормально.	[('service general', 'neutral', 'NULL')]
1131	Видимо девушка работала если не первый день,то второй точно.	[('service general', 'negative', 'девушка')]
1132	Может научится- лучше будет, учиться всегда полезно.	[('service general', 'negative', 'NULL')]
1133	Но то, что пасту мне несли 1,5 часа-это варварство.	[('service general', 'negative', 'NULL')]
1134	Я практически умерла от голода.	[('service general', 'negative', 'NULL')]
1135	Хорошо супчик успела съесть.	[('food quality', 'neutral', 'супчик')]
1136	Относительно кухни: повар поменялся? так я и не поняла...	[('food quality', 'negative', 'повар')]
1137	Мой заказ: мисо ;хотела суп с норвежским лососем, но, оказалось, что в ресторане нет лосося, о чем официантка сказала нам минут через двадцать(еще один камень в ее огород); паста с грибами, сливками и томатной пастой(в основном мне пришолсь есть именно томатную пасту).	[('food style_options', 'negative', 'лосося'), ('service general', 'negative', 'официантка'), ('food quality', 'negative', 'паста с грибами, сливками и томатной пастой'), ('food quality', 'negative', 'томатную пасту')]
1138	"Расстроил меня ранее любимый ""Аппетит""=(("	[('restaurant general', 'negative', 'Аппетит')]
1139	Зашли, нас встретили, проводили, посадили, принесли меню и....	[('service general', 'positive', 'NULL')]
1140	официантка пропала...минут на 20 (при том, что в ресторане не было много посетителей).	[('service general', 'negative', 'официантка')]
1141	Минут через 15 принесли напитки...	[('service general', 'negative', 'NULL')]
1142	Еще минут через 15 появилась первая порция пасты... вторая и третья были поданы еще минут через 15, а последнюю порцию принесли когда остальные уже закончили....	[('service general', 'negative', 'NULL')]
1143	ждали долго... терпение на пределе... итог - чаевых не оставили (возможно, это не совсем правильно, человек все-таки работал, НО... благодарность заслужил только на словах)	[('service general', 'negative', 'NULL')]
1144	Пиво, конечно, вкусное.. но обслуживание - нет. заказали тарелку к пиву, чтобы пиво было с чем пить и мясо.	[('drinks quality', 'positive', 'Пиво'), ('service general', 'negative', 'обслуживание')]
1145	Тарелку к пиву принесли, когда уже взяли по 2 кружке пива.	[('service general', 'negative', 'NULL')]
1146	Если заведение всеж называет себя рестораном, то будьте добры хотя бы горячее приносить всем одновременно!	[('service general', 'negative', 'NULL')]
1147	Компания из 4 человек, каждый получал свою порцию через длительное время, хотя некоторые блюда были одинаковы..	[('service general', 'negative', 'NULL')]
1148	Мясо оооочень долго ждали, причем принесли сначала гарнир, а через минут 40 мясо.	[('service general', 'negative', 'NULL')]
1149	Причем на вопрос почему так, девушка сказала: ну я же вам принесла гарнир, а вы его съели... вот вам мясо))))))))))	[('service general', 'negative', 'девушка')]
1150	Так как открылись они недавно,отзывов нет никаких,было немного страшно идти в новое место,но так как живем рядом,решили рискнуть,и не пожалели!!!!	[('restaurant general', 'positive', 'NULL')]
1151	Заранее все оплатили,нам помогли меню составить индивидуально под наши запросы и бюджет.	[('service general', 'positive', 'NULL')]
1152	К нашему приходу все уже было готово,столы накрыты,еда вынесена.	[('service general', 'positive', 'NULL')]
1153	Кухня просто обалденная,порции большие,все остались очень довольны!!	[('food quality', 'positive', 'Кухня'), ('food style_options', 'positive', 'порции')]
1154	Приятно удивила программа-живая музыка(девушка очень красиво пела),и грузинские танцевальный коллектив,потрясающе!!!	[('ambience general', 'positive', 'программа'), ('ambience general', 'positive', 'живая музыка'), ('ambience general', 'positive', 'грузинские танцевальный коллектив')]
1155	Зал очень большой, светлый,кроме нас там было еще 2 банкета,но за счет большого пространства никто никому не мешал.	[('ambience general', 'positive', 'Зал')]
1156	Огромный плюс,что алкоголь можно с собой приносить,пробкового сбора нет.	[('service general', 'positive', 'пробкового сбора')]
1157	В общем все остались очень очень довольны,спасибо Вам большое за чудесный праздник,обязательно придем к Вам еще!!!!!!	[('restaurant general', 'positive', 'NULL')]
1158	Прошло 15 минут - ни пледа, ни официанта.	[('service general', 'negative', 'официанта')]
1159	Сходили сами, забрали пледы.	[('service general', 'negative', 'NULL')]
1160	Чай принесли спустя минут 10 после заказа.	[('service general', 'negative', 'NULL')]
1161	Потом, спустя минут 20 принесли 1 салат.	[('service general', 'negative', 'NULL')]
1162	Прошло еще минут 20 принесли 1 горячее (заказ был сделан на 6-х человек).	[('service general', 'negative', 'NULL')]
1163	И вот так весь вечер (кто из друзей ел, а кто-то просто ждал) - в общем, свое блюдо я получила спустя 1 час 40 минут после заказа (овощи, приготовленные на углях, можно было бы приготовить побыстрее) и после 3 походов моего мужа к официанту.	[('service general', 'negative', 'NULL')]
1164	Порции, заявленные в меню явно, не соответствуют действительному размеру - такой порцией и ребенка не накормишь!	[('food style_options', 'negative', 'Порции')]
1165	Не советую никому!	[('restaurant general', 'negative', 'NULL')]
1166	Приехали вечером, шел дождь и это единственный недостаток вечера)	[('restaurant general', 'positive', 'NULL')]
1167	"Что сразу же приятно удивило, официантки!!!-все как на подбор улыбаются совершенно искренне и доброжелательно, а не с целью получить чаевые (к тому же какие чаевые-это же банкет), встречают, провожают, а в течение всего праздника ненавязчиво ""как невидимки"" меняли блюда, в то же время когда надо было-они тут же появлялись)"	[('service general', 'positive', 'официантки')]
1168	Вобщем отдельное спасибо, давно не встречала такого обслуживания!	[('service general', 'positive', 'обслуживания')]
1169	Очень понравился салат с креветками и листьями, рулетики из баклажанов (начинка включала в себя грецкие орехи, остальное не поняла))), холодный рыбный рулет и, корюшка, фаршированная рисом и овощами-поистине красивое и вкусное блюдо.	[('food quality', 'positive', 'салат с креветками и листьями'), ('food quality', 'positive', 'рулетики из баклажанов'), ('food quality', 'positive', 'начинка'), ('food quality', 'positive', 'грецкие орехи'), ('food quality', 'positive', 'холодный рыбный рулет'), ('food quality', 'positive', 'корюшка, фаршированная рисом и овощами'), ('food style_options', 'positive', 'блюдо'), ('food quality', 'positive', 'блюдо')]
1170	Свинина почему-то была непрожарена.	[('food quality', 'negative', 'Свинина')]
1171	"Отдельно хочется отметить интерьер-особенно снаружи - качели, беседки, ""веселые"" фигурки...вобщем фотографии получились красочные)"	[('ambience general', 'positive', 'интерьер')]
1172	Уже порекомендовала это заведение всем друзьям.	[('restaurant general', 'positive', 'заведение')]
1173	Не только молодым там понравилось, но и людям постарше.	[('restaurant general', 'positive', 'NULL')]
1174	Персонал действительно очень приятный, все рассказывают, показывают, улыбаются, двери открывают.	[('service general', 'positive', 'Персонал')]
1175	На первом этаже открытая кухня, все выложено плиточкой и много столов - не очень уютно, но интерьер и правда интересный, хотя бы что-то оригинальное для такого формата.	[('ambience general', 'neutral', 'интерьер')]
1176	Из еды по наводке из предыдущего отзыва взяла шаверму с курицей (270 р) - без восторга, слишком много теста и как-то пресновато, картофель фри к ней понравился больше самой шавермы.	[('food quality', 'neutral', 'шаверму с курицей'), ('food quality', 'negative', 'теста'), ('food quality', 'positive', 'картофель фри')]
1177	Еще попробовала лапшу с креветками (360 р), она понравилась.	[('food quality', 'positive', 'лапшу с креветками')]
1178	Порция могла бы быть и побольше, конечно, но это в идеале)	[('food style_options', 'neutral', 'Порция')]
1179	Немного странное хрустящее нечто украшало блюдо сверху, вкуса не было, так и не поняла, что это было и зачем его положили)	[('food style_options', 'negative', 'NULL')]
1180	Пила молочный улун (180 р) про него сказать нечего, кроме того что готовился он минут 20-25 примерно, как и минералка.	[('service general', 'negative', 'NULL')]
1181	Еду принесли, а напитков все не было, пришлось вежливо напомнить и все появилось.	[('service general', 'negative', 'NULL')]
1182	Для зайти перекусить и убежать - хорошее место в самом центре, если будут обслуживать побыстрее)	[('restaurant general', 'neutral', 'место')]
1183	Общались всегда с менеджером Екатериной, которая отвечала на все наши вопросы, во многом шла нам на встречу, и всё, что было договорено - было сделано.	[('service general', 'positive', 'менеджером')]
1184	Спасибо ей огромное!	[('service general', 'positive', 'NULL')]
1185	Обслуживанием вполне довольны.	[('service general', 'positive', 'Обслуживанием')]
1186	Из минусов: Дважды посещая этот ресторан мы заказывали еду, которая была очень вкусной.	[('restaurant general', 'positive', 'ресторан')]
1187	На банкете же кухня была весьма обычной - всё сделано хорошо, но ничего запоминающегося, на наш взгляд и взгляд многих из гостей.	[('food quality', 'neutral', 'кухня')]
1188	Горячее, а именно шашлык из свинины и лосось, сделаны очень хорошо, всё мягко и сочно.	[('food quality', 'positive', 'Горячее'), ('food quality', 'positive', 'шашлык из свинины'), ('food quality', 'positive', 'лосось')]
1189	На следующий день после торжества, мы вспомнили, что на столах не было фруктов, хотя они были внесены в договор, и соответственно, оплачены.	[('service general', 'negative', 'NULL')]
1190	Детей во время банкета можно кормить по специальному детскому меню, однако, в тот день повара подумали (по словам официанта), что принести заказанную детям еду нужно только к основному блюду всех гостей (а это примерно через два часа после начала мероприятия).	[('service general', 'negative', 'повара')]
1191	То, что детки сидят голодные и смотрят по сторонам несколько часов - это для них нормально?!	[('service general', 'negative', 'NULL')]
1192	После обращения к менеджеру, сразу всё приготовили и подали.	[('service general', 'positive', 'менеджеру')]
1193	Решила с девочками сходить куда-нибудь отдохнуть,в интернете нашла уютное гранд-кафе 21 Верста.	[('ambience general', 'positive', 'гранд-кафе 21 Верста')]
1194	Позвонила заказать столик,ответил приятный молодой человек Евгений,забронировал нам столик учитывая все наши пожелания,за что ему отдельное огромное СПАСИБО!!!!!!	[('service general', 'positive', 'молодой человек')]
1195	Приехав в кафе в назначеное время нас встретила приятная молодая девушка и проводила к столику.	[('service general', 'positive', 'молодая девушка')]
1196	Обслуживала нас замечательная девушка,вежливо и терпеливо отвечала на все наши вопросы.	[('service general', 'positive', 'девушка')]
1197	Кухня превосходная,порции огромные,поворам отдельное спасибо!!!!!!!!!	[('food quality', 'positive', 'Кухня'), ('food style_options', 'positive', 'порции')]
1198	Обслуживание на высшем уровне.	[('service general', 'positive', 'Обслуживание')]
1199	Понравилось абсолютно все:интерьер,кухня,персонал,живая музыка,атмосфера царящая в кафе,ни на минуту не пожалели,что пришли сюда.	[('ambience general', 'positive', 'интерьер'), ('food quality', 'positive', 'кухня'), ('service general', 'positive', 'персонал'), ('ambience general', 'positive', 'живая музыка'), ('ambience general', 'positive', 'атмосфера')]
1200	Буду рекомендовать его своим друзьям и обязательно вернусь сюда снова.	[('restaurant general', 'positive', 'NULL')]
1201	МОЛОДЦЫ!!!!!!!!	[('restaurant general', 'positive', 'NULL')]
1202	ТАК ДЕРЖАТЬ!!!!!	[('restaurant general', 'positive', 'NULL')]
1203	Отдельное СПАСИБО за песню))))))	[('ambience general', 'positive', 'песню')]
1204	Впечатление заведение оставило не самые лучшие!!	[('restaurant general', 'negative', 'заведение')]
1205	А жаль.....новое место в центре города!!	[('location general', 'positive', 'место')]
1206	Во-первых гостей никто не встречает и не провожает к столу,не говоря уже о том,что зал для курящих или не курящих предложен вообще не был!!	[('service general', 'negative', 'NULL')]
1207	Подруга заказала бизнес-ланч,а меню я так и не увидела,так как его просто не принесли!!!	[('service general', 'negative', 'NULL')]
1208	Заказ был принят ужасно,вслед уходящему официанту мы договаривали свой заказ!!!	[('service general', 'negative', 'официанту')]
1209	Я заказала чай,но даже его принесли без жасмина!!)))	[('service general', 'negative', 'NULL')]
1210	Хлеб не был предложен,в принципе вообще ничего предложено не было!!!	[('service general', 'negative', 'NULL')]
1211	С таким обслуживанием у заведения вряд ли появятся постоянные гости!!	[('service general', 'negative', 'обслуживанием')]
1212	Дальше..хуже...счёт нам вынесли,когда мы еще кушали,и даже не просили его,видно в этом заведении не любят ,когда гости задерживаются,сложилось впечатление,что нам определённо пора!!!=)))	[('service general', 'negative', 'NULL')]
1213	Интерьер милый,есть диванчики,правда не очень мягкие!!	[('ambience general', 'neutral', 'Интерьер'), ('ambience general', 'negative', 'диванчики')]
1214	"Именно нам, в прошлую пятницу, откровенно не повезло: работали 4 девушки , две из них явно ""плавали"" - вино принесли через почти час ожидания, после нескольких любезных напоминаний, не охлажденное и совсем другое,нежели было заказано (""не нашли"") - еду ждали очень долго, блюда, несмотря ни на что, оказались вкусными, хотя порции могли б быть и больше (особенно гарнир) 2."	[('service general', 'negative', 'девушки'), ('food quality', 'positive', 'блюда'), ('food style_options', 'negative', 'порции'), ('food style_options', 'negative', 'гарнир')]
1215	Ходили по купонам, в итоге на двух человек с 2 бутылками столового вина - всего 3000 рублей. 3.	[('restaurant prices', 'positive', 'NULL')]
1216	Хозяйка, действительно, замечательно поёт	[('ambience general', 'positive', 'Хозяйка')]
1217	В общем и целом понравилось.	[('restaurant general', 'positive', 'NULL')]
1218	По меню: Ценник выше среднего Небольшой выбор салатов Из блюд компаний перепробовали: соленья, кармашки с грибами и рыбой, жареный камамбер, шашлык из свинины, свинину с моцареллой и грибами, угря.	[('food prices', 'negative', 'меню'), ('food style_options', 'negative', 'салатов')]
1219	Все понравилось- порции большие.	[('food quality', 'positive', 'NULL'), ('food style_options', 'positive', 'порции')]
1220	По обслуживанию: Несколько медлительные официантки.	[('service general', 'negative', 'официантки')]
1221	Блюда несли долго и неравномерно (половина народу сидела уже с пустыми тарелками, а вторая еще даже не получила закусок).	[('service general', 'negative', 'NULL')]
1222	Особенно долго получилось с булочками( а они оказались очень вкусными).	[('service general', 'negative', 'NULL'), ('food quality', 'positive', 'булочками')]
1223	Рассчитываться пришлось на стойке, официантка так и не принесла счет.	[('service general', 'negative', 'официантка')]
1224	В принципе праздник удался и недочеты не испортили общего впечатления.	[('restaurant general', 'positive', 'NULL')]
1225	Встретили нас усталые но приветливые девушки и тут же проводили до столика.	[('service general', 'positive', 'NULL')]
1226	Виды из окна - выше всяких похвал.	[('location general', 'positive', 'Виды из окна')]
1227	Интерьер не запомнился.	[('ambience general', 'neutral', 'Интерьер')]
1228	Меню показалось немного скучным, но мы быстро определились с выбором.	[('food style_options', 'neutral', 'Меню')]
1229	Мясо было прожарено чуть сильнее,чем заказывала, но,тем не менее, вкусным и нежным.	[('food quality', 'positive', 'Мясо')]
1230	Вот что было действительно невероятно вкусно.	[('food quality', 'positive', 'NULL')]
1231	Их рекомендую попробовать всем!	[('food quality', 'positive', 'NULL')]
1232	Обслуживание не впечатлило.	[('service general', 'negative', 'Обслуживание')]
1233	Пепельницу меняли крайне редко, грязную посуду не замечали минут по 10, и это притом,что пробегали мимо стола не раз и не два.	[('service general', 'negative', 'NULL')]
1234	Но во время непосредственного общения официант был милым и дружелюбным, что сгладило отрицательное впечатление.	[('service general', 'positive', 'официант')]
1235	В общем все было очень мило.	[('restaurant general', 'positive', 'NULL')]
1236	Скорее да,чем нет.	[('restaurant general', 'neutral', 'NULL')]
1237	Скорее нет,чем да.	[('restaurant general', 'negative', 'NULL')]
1238	Понравилось оформление стола, подсвечник с горящими свечами создал уютную атмосферу семейного торжества.	[('food style_options', 'positive', 'оформление стола'), ('ambience general', 'positive', 'подсвечник с горящими свечами'), ('ambience general', 'positive', 'атмосферу')]
1239	Обслуживание прекрасное: тарелки убирали сразу, новые блюда приносили быстро, так что ничего не надо было ждать.	[('service general', 'positive', 'Обслуживание')]
1240	Кухня тоже приятно удивила, особенно размер порций.	[('food quality', 'positive', 'Кухня'), ('food style_options', 'positive', 'порций')]
1241	Все было свежим и отменно вкусным.	[('food quality', 'positive', 'NULL')]
1242	"Единственное ""но""- это отсутствие живой музыки, с ней наш вечер был бы еще приятнее."	[('ambience general', 'negative', 'NULL')]
1243	иЗа сравнительно небольшие деньги отлично отдохнули и поели.	[('food quality', 'positive', 'NULL'), ('restaurant general', 'positive', 'NULL'), ('restaurant prices', 'positive', 'NULL')]
1244	Следующий раз не буду думать, куда пойти отмечать какое-нибудь торжество.	[('restaurant general', 'positive', 'NULL')]
1245	Недавно посетила данный ресторан,я согласна со многими,что основной зал тесноват,но понравилась,что есть детская комната,гда с ребенком сидела няня пока мы ужинали,плюс то что для детей есть бесплатное детское меню.	[('ambience general', 'negative', 'основной зал'), ('restaurant miscellaneous', 'positive', 'детская комната'), ('service general', 'positive', 'няня'), ('food prices', 'positive', 'детское меню')]
1246	Да музыка играла громко,но при этом понравилось,что это национальная и живая музыка.	[('ambience general', 'negative', 'музыка'), ('ambience general', 'positive', 'живая музыка')]
1247	Обслуживал очень приятный молодой человек,постоянно улыбающийся и посоветовавший нам хорошие блюда.	[('service general', 'positive', 'молодой человек'), ('food quality', 'positive', 'блюда')]
1248	Вкусный шашлык и прекрасный выбор салатов, довольно большой выбор алкоголя.	[('food quality', 'positive', 'шашлык'), ('food style_options', 'positive', 'салатов'), ('drinks style_options', 'positive', 'алкоголя')]
1249	Плюс цена довольна не высокая для центра города.	[('restaurant prices', 'positive', 'NULL')]
1250	Так что думаю еще не раз семьей сходим.	[('restaurant general', 'positive', 'NULL')]
1251	Слышали много лестного - вот и решили сами убедиться .	[('restaurant general', 'positive', 'NULL')]
1252	Впечатления остались очень дажи хорошие.	[('restaurant general', 'positive', 'NULL')]
1253	Встретили нас радушно,показали залы,в итоге мы выбрали столик на веранде.	[('service general', 'positive', 'NULL')]
1254	Народу было немного, обстановка очень уютная и располагающая к долгим посиделкам.	[('ambience general', 'positive', 'обстановка')]
1255	Интерьер достаточно простой,но в грузинском стиле,играет приятная музыка.	[('ambience general', 'neutral', 'Интерьер'), ('ambience general', 'positive', 'музыка')]
1256	В общем уходить быстро не хочется...	[('restaurant general', 'positive', 'NULL')]
1257	Очень повезло с официантом,который очень любезно и оперативно нас обслуживал.	[('service general', 'positive', 'официантом')]
1258	Видя некоторые наши затруднения,очень подробно нам рассказал о блюдах,дал свои рекомендации относительно выбора блюд.	[('service general', 'positive', 'NULL')]
1259	Заказ был выполнен очень быстро,ждали не больше 15 минут.	[('service general', 'positive', 'NULL')]
1260	Что можно сказать о кухне...горячее очень порадовало,особенно вкусно приготовлено мясо-нежное сочное,вкучно приготовлены овощи.	[('food quality', 'positive', 'горячее'), ('food quality', 'positive', 'мясо'), ('food quality', 'positive', 'овощи')]
1261	Шашлыка из лосося в порции было явно маловато,и практически отсутствовали овощи.	[('food style_options', 'negative', 'Шашлыка из лосося')]
1262	Особо не наешься.	[('food style_options', 'negative', 'NULL')]
1263	Салат оказался приправлен слишком острым соусом.	[('food quality', 'negative', 'Салат'), ('food quality', 'negative', 'соусом')]
1264	Вино оказалось очень дорогим,поэтому пришлось обойтись пивом и довольно вкусным домашним морсом.	[('drinks prices', 'negative', 'Вино'), ('food quality', 'positive', 'домашним морсом')]
1265	Выбор блюд достаточно широкий,поэтому думаю,что следующий раз мы попробуем что-нибудь еще.	[('food style_options', 'positive', 'блюд')]
1266	Очень уютная атмосфера.	[('ambience general', 'positive', 'атмосфера')]
1267	Обслуживание и внимание персонала выше всяких похвал! (отдельное спасибо официанту Евгению, обслуживающего наш столик).	[('service general', 'positive', 'Обслуживание'), ('service general', 'positive', 'персонала'), ('service general', 'positive', 'официанту')]
1268	Долгое время мы были завсегдатаями другого итальянского ресторана, теперь наши сердца (и желудки))) принадлежат Капоне!!!	[('restaurant general', 'positive', 'Капоне')]
1269	Но мы остались в полном восторге, и уже сегодня с утра, созваниваясь с друзьями всем настоятельно рекомендовала к вам прийти!!!	[('restaurant general', 'positive', 'NULL')]
1270	НО вчера ... впервые за много лет вернулось настроение праздника, как из детства!	[('restaurant general', 'positive', 'NULL')]
1271	За что огромное вам спасибо!!!	[('restaurant general', 'positive', 'NULL')]
1272	Отдельно хочется отметить качество живой музыки!	[('ambience general', 'positive', 'живой музыки')]
1273	И конечно наши комплименты повару!!!	[('food quality', 'positive', 'повару')]
1274	И вкус и оформление блюд достойны самой высокой оценки!!!	[('food style_options', 'positive', 'блюд'), ('food quality', 'positive', 'блюд')]
1275	Обязательно будем заходить к вам по всем поводам, и без оных, и конечно будем рекомендовать ваш ресторан всем своим друзьям!	[('restaurant general', 'positive', 'ресторан')]
1276	Еще раз огромное спасибо за великолепный вечер!!!	[('restaurant general', 'positive', 'NULL')]
1277	Вечер вообще был супер!!	[('restaurant general', 'positive', 'NULL')]
1278	Очень красиво и оформлены столы были.	[('ambience general', 'positive', 'столы')]
1279	И кухня вкусная, а интерьер...	[('food quality', 'positive', 'кухня'), ('ambience general', 'positive', 'интерьер')]
1280	Очень уютно и красиво, и не обычно.	[('ambience general', 'positive', 'NULL')]
1281	Атмосфера была отличная, здорово повеселились!!	[('ambience general', 'positive', 'Атмосфера')]
1282	И обслуживание официантов понравилось, т. к. они не навязчивы и не заметны, но не смотря на это бокалы всегда были полны, посуда убрана вовремя.	[('service general', 'positive', 'обслуживание официантов')]
1283	Молодцы ребята. :)	[('service general', 'positive', 'NULL')]
1284	В общем, мне там очень понравилось, с удовольствием еще туда схожу провести вечер.	[('restaurant general', 'positive', 'NULL')]
1285	Заведение отличное!!	[('restaurant general', 'positive', 'Заведение')]
1286	До этого пару раз заходил и от посещений остались приятные впечатления.	[('restaurant general', 'positive', 'NULL')]
1287	Приветливый персонал, хороший выбор пива, быстрое выполнение заказа.	[('service general', 'positive', 'персонал'), ('drinks style_options', 'positive', 'пива'), ('service general', 'positive', 'выполнение заказа')]
1288	Порадовало и наличие своего пива по приемлемой цене и неплохого вкуса.	[('drinks quality', 'neutral', 'пива'), ('drinks prices', 'neutral', 'пива')]
1289	Однако, в пятницу, когда пришел уже непосредственно отмечать и решил заказать их пива, мне сказали что в наличии остался только один сорт, причем не местного пива.	[('drinks style_options', 'negative', 'пива')]
1290	Я расстроился, но не отменять же все, тем более приглашенные стали помаленьку подходить...	[('restaurant general', 'negative', 'NULL')]
1291	Только через полчаса нам принесли заказанное пиво.	[('service general', 'negative', 'NULL')]
1292	В следующий раз официантку удалось подозвать, когда бокалы уже 10 минут были пусты...	[('service general', 'negative', 'официантку')]
1293	Через несколько минут официатка принесла 1 бокал и сказала, что пива больше нет!!!	[('service general', 'negative', 'официатка'), ('drinks style_options', 'negative', 'пива')]
1294	Больше оставаться в этом заведение не хотелось.	[('restaurant general', 'negative', 'заведение')]
1295	Так что вечер удалось спасти, а от Глобуса остался тяжелый неприятный осадок...	[('restaurant general', 'negative', 'Глобуса')]
1296	Остались всем довольны.	[('restaurant general', 'positive', 'NULL')]
1297	На счет еды не могу сказать точно…За один раз оценить всё невозможно, но то, что заказали, соответствовало своим вкусовым качествам и моему вкусу(заказали роллы Филадельфия, греческий салат и пиво).	[('food quality', 'neutral', 'роллы Филадельфия'), ('food quality', 'neutral', 'греческий салат'), ('drinks quality', 'neutral', 'пиво')]
1298	Меню разнообразное, цены адекватные.	[('food style_options', 'positive', 'Меню'), ('restaurant prices', 'neutral', 'Меню')]
1299	Понравился интерьер.	[('ambience general', 'positive', 'интерьер')]
1300	Столики есть на любой вкус и с диванами и у окна и напротив сцены.	[('ambience general', 'positive', 'Столики')]
1301	Очень хорошая музыка, в тот вечер выступали Egeiro Project (отдельное им спасибо).	[('ambience general', 'positive', 'музыка')]
1302	Уютное место для вечернего отдыха.	[('ambience general', 'positive', 'место')]
1303	Обязательно придём ещё. />	[('restaurant general', 'positive', 'NULL')]
1304	"Совершенно замечательно провели вечер в ""Кухне""!"	[('restaurant general', 'positive', 'Кухне')]
1305	Безумно нравится интерьер своей изысканной простотой - уютно и тепло.	[('ambience general', 'positive', 'интерьер')]
1306	Очень радует дружелюбная атмосфера, царящая в Кухне.	[('ambience general', 'positive', 'атмосфера'), ('restaurant general', 'positive', 'Кухне')]
1307	Отдельное спасибо за обслуживание нашей официантке (к сожалению, имени не знаю) - отлично знала меню, ненавязчиво помогала определиться с выбором блюд.	[('service general', 'positive', 'обслуживание'), ('service general', 'positive', 'официантке')]
1308	Все что заказали, съели с огромным удовольствием!	[('food quality', 'positive', 'NULL')]
1309	"Салат Пампелон понравился очень - шпинат с голубым сыром под фантастической заправкой оказался ""что-то с чем-то""!"	[('food quality', 'positive', 'Салат Пампелон'), ('food quality', 'positive', 'шпинат с голубым сыром'), ('food quality', 'positive', 'заправкой')]
1310	Безумно вкусными оказались и крем супы из чечевицы и лисичек.	[('food quality', 'positive', 'крем супы из чечевицы и лисичек')]
1311	До десерта у меня дело не дошло - так наелась салатом и супом, что не смогла даже кусочка попробовать.	[('food quality', 'positive', 'салатом'), ('food quality', 'positive', 'супом')]
1312	Но тот десерт, что заказали подруги выглядел очень аппетитно, и по их восторженным возгласам, было понятно, что их ожидания оправдались ;).	[('food quality', 'positive', 'десерт')]
1313	Так что если хотите провести время в уютной, располагающей, дружелюбной атмосфере и при этом вкусно поесть, то Кухня - именно то, что надо ;)	[('ambience general', 'positive', 'атмосфере'), ('food quality', 'positive', 'Кухня'), ('restaurant general', 'positive', 'Кухня')]
1314	Впечатление осталось не из лучших.	[('restaurant general', 'negative', 'NULL')]
1315	Во-первых, меню ждали минут 15 (хотя народу было не очень много), потом еще 15мин, чтобы сделать заказ, цены чуть выше среднего по городу, но при этом качество оставляет желать лучшего, у салатов порции маленькие, а мясо вообще резиновое, за все проведенное время пепельницу не разу не поменяли.	[('restaurant prices', 'negative', 'NULL'), ('service general', 'negative', 'NULL'), ('food style_options', 'negative', 'салатов'), ('food quality', 'negative', 'мясо')]
1316	Помещение достаточно большое, есть некурящая зона и детская комната (причем она находится за стеклом рядом с некурящей зоной, очень удобно наблюдать за детьми).	[('ambience general', 'positive', 'Помещение'), ('restaurant miscellaneous', 'positive', 'некурящая зона'), ('restaurant miscellaneous', 'positive', 'детская комната')]
1317	Около окна есть столики на двоих с забаными плетеными гамаками вместо стульев.	[('ambience general', 'positive', 'плетеными гамаками')]
1318	Есть небольшой танцпол рядом с фотаном (играют там неплохой хаус, кстати), очень много плазменных панелей, расшитые диванчики, видно, что люди постарались с интерьером.	[('ambience general', 'positive', 'танцпол'), ('ambience general', 'positive', 'хаус'), ('ambience general', 'positive', 'плазменных панелей'), ('ambience general', 'positive', 'диванчики'), ('ambience general', 'positive', 'интерьером')]
1319	Отделка везде использована недорогая, но само пространство выглядит уютно и празднично.	[('ambience general', 'neutral', 'Отделка'), ('ambience general', 'positive', 'пространство')]
1320	Гардероб тоже присутствует.	[('restaurant miscellaneous', 'neutral', 'Гардероб')]
1321	Кухня особого впечатления не вызвала, порции маловаты, но для бара сойдет, хотя цены показались несколько завышенными.	[('food prices', 'negative', 'Кухня'), ('food quality', 'neutral', 'Кухн'), ('food style_options', 'neutral', 'порции')]
1322	Расстроило отсутствие мидий и несколько пересушенные сухарики, которые готовили довольно долго.	[('food style_options', 'negative', 'мидий'), ('food quality', 'negative', 'сухарики')]
1323	Подруга заказывала суши, сказала вкусные.	[('food quality', 'positive', 'суши')]
1324	Небольшой выбор пива (но пиво отличное), вообще показалась, что выбор алкоголя для бара невелик.	[('drinks style_options', 'negative', 'пива'), ('drinks quality', 'positive', 'пиво'), ('drinks style_options', 'negative', 'алкоголя')]
1325	Коктейли очень красивые, причем фото есть в меню, сразу видишь, что заказываешь, очень удобно.	[('drinks style_options', 'positive', 'Коктейли')]
1326	Сервис порадовал, так как при довольно заполненном зале, официант ждать не заставлял, переодически появлялся забарть посуду и поинтересоваться, не нужно ли чего.	[('service general', 'positive', 'Сервис'), ('service general', 'positive', 'официант')]
1327	В целом понравилась, поставила галочку.	[('restaurant general', 'positive', 'NULL')]
1328	Хотела бы выразить благодарность за, неожиданно приятное впечатление, которое произвел на меня персонал и атмосфера Вашего ресторана!	[('service general', 'positive', 'персонал'), ('ambience general', 'positive', 'атмосфера'), ('restaurant general', 'positive', 'ресторана')]
1329	Мы приехали компанией 14.02, заранее забронировав стол, девушка по телефону была очень приветлива и вежлива, когда мы зашли в ресторан нас сразу встретили и проводили за желаемый столик на террасе с видом на причал, официантка-молодец, она не заставила себя долго ждать и отлично ориентировалась в меню, помогла нам выбрать желаемые блюда.	[('service general', 'positive', 'девушка'), ('service general', 'positive', 'официантка')]
1330	Очень уютная атмосфера, был Джазовый вечер, музыка тоже очень порадовала!	[('ambience general', 'positive', 'атмосфера'), ('ambience general', 'positive', 'музыка')]
1331	Обязательно придем еще раз, будет приятно,если нам выдадут карту постоянного гостя!:-)	[('restaurant general', 'positive', 'NULL')]
1332	Ресторан довольно уютный, милая домашняя обстановка.	[('restaurant general', 'positive', 'Ресторан'), ('ambience general', 'positive', 'обстановка')]
1333	Людей было мало, поэтому нам достался столик у окна с видом на Большой проспект.	[('ambience general', 'positive', 'NULL')]
1334	Еда вкусная, но порции не большие.	[('food quality', 'positive', 'Еда'), ('food style_options', 'negative', 'порции')]
1335	У всех было довольно прилично приготовлено.	[('food quality', 'neutral', 'NULL')]
1336	Салаты вообще оказались вкуснейшими.	[('food quality', 'positive', 'Салаты')]
1337	М-мми.	[('food quality', 'positive', 'NULL')]
1338	Вкусно.	[('food quality', 'positive', 'NULL')]
1339	Один недостаток, что нас обслуживали очень долго.	[('service general', 'negative', 'NULL')]
1340	На наше замечание девушка сказала, что у них какие-то проблемы на кухне.	[('service general', 'negative', 'девушка')]
1341	Мы не стали выяснять, что за проблемы, но настроение было подпорчено.	[('restaurant general', 'negative', 'NULL')]
1342	Цены средние.	[('restaurant prices', 'neutral', 'NULL')]
1343	А так не плохо.	[('restaurant general', 'positive', 'NULL')]
1344	Очень вкусное.	[('food quality', 'positive', 'NULL')]
1345	ПОНРАВИЛОСЬ ВСЁ!!!	[('restaurant general', 'positive', 'NULL')]
1346	Наверное, я консерватор, т.к. люблю заведения именно такого плана: хороший интерьер, негромкая музыка, спокойная атмосфера, вежливый и учтивый персонал.	[('ambience general', 'positive', 'интерьер'), ('ambience general', 'positive', 'музыка'), ('ambience general', 'positive', 'атмосфера'), ('service general', 'positive', 'персонал')]
1347	Зал был пуст наполовину, девушка сама предложила местечко в углу для нас (я, супруга и сын 6 лет).	[('service general', 'positive', 'девушка')]
1348	Блюда, которые заказали, понравились все без исключения.	[('food quality', 'positive', 'Блюда')]
1349	"Супруге понравилось приготовленные овощи, салаты ""Цезарь"" тоже на славу, лосось -без вопросов и т.д."	[('food quality', 'positive', 'овощи'), ('food quality', 'positive', 'салаты Цезарь'), ('food quality', 'positive', 'лосось')]
1350	Официантка следила за столом и вовремя меняла пепельницу и добавляла вина, т.е.	[('service general', 'positive', 'Официантка')]
1351	сервис как он должен быть - в классическом стиле.	[('service general', 'positive', 'сервис')]
1352	Ну не знаю какие минусы найти!	[('restaurant general', 'positive', 'NULL')]
1353	Всё здорово.	[('restaurant general', 'positive', 'NULL')]
1354	Были здесь первый раз и, точно, не последний!	[('restaurant general', 'positive', 'NULL')]
1355	Зал замечательный.	[('ambience general', 'positive', 'Зал')]
1356	Мы выбрали среднее в ценовой категории меню.	[('restaurant prices', 'neutral', 'меню')]
1357	Когда пришли, меня удивило небольшое кол-во закусок.	[('food style_options', 'negative', 'закусок')]
1358	Мне казалось, что должно быть больше.	[('food style_options', 'negative', 'NULL')]
1359	Сырная тарелка поразила засохшим сыром.	[('food quality', 'negative', 'Сырная тарелка'), ('food quality', 'negative', 'сыром')]
1360	Фрукты были на последнем издыхании.	[('food quality', 'negative', 'Фрукты')]
1361	Когда попробовала салаты- пришла в ужас.	[('food quality', 'negative', 'салаты')]
1362	По качеству тянут на забегаловку, а не на банкетный зал.	[('restaurant general', 'negative', 'NULL')]
1363	Еда понравилась.	[('food quality', 'positive', 'Еда')]
1364	Но, такое впечатление, что на банкет готовит кто-то другой.	[('food quality', 'negative', 'NULL')]
1365	Горячее тоже не понравилось.	[('food quality', 'negative', 'Горячее')]
1366	Свадьба, конечно, прошла весело, но качество еды ее не украсило.	[('food quality', 'negative', 'еды')]
1367	К моему удивлению, официанты мне сказали, что я могу сама все собрать со столов, они за отдельную плату дадут мне контейнеры.	[('service general', 'negative', 'официанты')]
1368	После ТРИДЦАТИ минут пререканий, мне удалось заставить их кое-что сложить.	[('service general', 'negative', 'NULL')]
1369	Оставшийся алкоголь, воду и соки собирали сами.	[('service general', 'negative', 'NULL')]
1370	Когда он сказал, что этот зал уже занят на нужную дату- я обрадовалась.	[('restaurant general', 'neutral', 'NULL')]
1371	Интерьер - понравился, кухня - тоже.	[('ambience general', 'positive', 'Интерьер'), ('food quality', 'positive', 'кухня')]
1372	А вот обслуживание.... то ли обслуга стремилась начать отмечать 8-е марта побыстрее (мы приехали туда около 21.30,девушка при входе сказала, что ресторан работает до 23.00, хотя ЗАРАНЕЕ, когда делалась бронь столика, НАС НИКТО НЕ ПРЕДУПРЕДИЛ, ЧТО РЕСТОРАН БУДЕТ РАБОТАТЬ ДО 23.00)	[('service general', 'negative', 'обслуживание'), ('service general', 'negative', 'обслуга'), ('service general', 'negative', 'девушка')]
1373	Заказ принесли довольно быстро, но как только мы приступили к еде, девушка хамски попросила нас пересесть за другой столик.	[('service general', 'positive', 'NULL'), ('service general', 'negative', 'девушка')]
1374	Я естественно, отказалась.	[('service general', 'negative', 'NULL')]
1375	Настроение испорчено не было (просто было неприятно), но чаевых мы не оставили.	[('service general', 'negative', 'чаевых')]
1376	Ресторан Ваш, рекомендовать никому не буду.	[('restaurant general', 'negative', 'NULL')]
1377	Очень понравилось!	[('restaurant general', 'positive', 'NULL')]
1378	Огромное спасибо поварам, очень вкусные блюда!!!!!	[('service general', 'positive', 'поварам'), ('food quality', 'positive', 'блюда')]
1379	Заказывали бивштексы, нет слов как вкусно)))	[('food quality', 'positive', 'бивштексы')]
1380	Готовят очень быстро и главное качественно, сразу чувствуется, что там работают мастера своего дела!	[('service general', 'positive', 'NULL')]
1381	Спасибо огромное за хорошее обслуживание, приятную атмосферу и гостеприимных официантов!	[('service general', 'positive', 'обслуживание'), ('ambience general', 'positive', 'атмосферу'), ('service general', 'positive', 'официантов')]
1382	Надеемся еще не раз посетить это замечательное, уютное место с великолепной кухней и доброжелательным персоналом.	[('ambience general', 'positive', 'место'), ('restaurant general', 'positive', 'место'), ('food quality', 'positive', 'кухней'), ('service general', 'positive', 'персоналом')]
1383	сначала не хотела заходить-слишком уж все ярко и броско!	[('ambience general', 'negative', 'NULL')]
1384	Я сначала подумала, что это и есть такое кафе, но поднявшись на второй этаж была шокирована количеством людей!!	[('ambience general', 'negative', 'второй этаж')]
1385	Просто нереально много людей!!	[('ambience general', 'negative', 'NULL')]
1386	Официантку пришлось долго ждать-при условии того, что позвали ее сами, да и не один раз!!	[('service general', 'negative', 'Официантку')]
1387	"Пиво принесли быстро..когда пила-заметила, что стакан внизу грязный,как от кефира.подумала:""ну вот, началось!!"" но потом пригледелась и поняла, что это такой стаканчик с индикатором..как бы это сказать..градуса, что ниже 0)))))"	[('service general', 'positive', 'NULL')]
1388	Салат принесли быстро-очень понравился!!	[('service general', 'positive', 'NULL'), ('food quality', 'positive', 'Салат')]
1389	Думала, что будет хуже..	[('food quality', 'neutral', 'NULL')]
1390	Овощи свежие цыпленка долго ждали..наверно с полчаса.	[('service general', 'negative', 'NULL'), ('food quality', 'positive', 'Овощи')]
1391	Но это того стоило..хорошо приготовлен, приправа в меру.	[('food quality', 'positive', 'приправа')]
1392	Чеснок как надо.	[('food quality', 'neutral', 'Чеснок')]
1393	Соус прилагается, но мне он не понравился..может конечно из-за хлеба так как я его макала в соус..	[('food quality', 'negative', 'Соус')]
1394	Вообще впечатления остались приятные официантка которая нас обслуживала очень приятная и простая девушка, чего конечно нельзя сказать об администраторах..но да Бог с ними!!	[('service general', 'positive', 'официантка'), ('service general', 'positive', 'девушка'), ('service general', 'negative', 'администраторах')]
1395	Свое ДР решила там отмечать	[('restaurant general', 'positive', 'NULL')]
1396	Порадовало, что угодила ресторанным вкусам спутницы.	[('restaurant general', 'positive', 'NULL')]
1397	На входе девушки спросили о наших предпочтениях и проводили на второй этаж.	[('service general', 'positive', 'девушки')]
1398	Предложили выбрать столик.	[('service general', 'positive', 'NULL')]
1399	Мягкие диваны с россыпью подушек.	[('ambience general', 'positive', 'диваны'), ('ambience general', 'positive', 'подушек')]
1400	Довольно приятная негромкая музыка и легкий полумрак.	[('ambience general', 'positive', 'музыка'), ('ambience general', 'neutral', 'полумрак')]
1401	Второй был приятен и учтив, и как оказалось на память знал составляющие всех блюд.	[('service general', 'positive', 'NULL')]
1402	Он же помог спутнице с выбором вина, а мне с коктейльным напитком, а их тут на любой вкус и цвет, как говориться.	[('service general', 'positive', 'NULL'), ('drinks style_options', 'positive', 'вина'), ('drinks style_options', 'positive', 'коктейльным напитком')]
1403	Медальоны из говядины с запеченным картофелем были прекрасны.	[('food quality', 'positive', 'Медальоны из говядины с запеченным картофелем')]
1404	В последнее время совсем отошла от рыбы и радуюсь, когда подают хорошо приготовленное мясо.	[('food quality', 'positive', 'мясо')]
1405	Заказ принесли достаточно быстро.	[('service general', 'positive', 'NULL')]
1406	В зале постоянно находилось на обслуживании человека два, так что на зов являлись в течение минуты.	[('service general', 'positive', 'обслуживании')]
1407	Проводили с улыбками и предложением приходить еще, но это – дежурное!	[('service general', 'positive', 'NULL')]
1408	В целом отличное впечатление от данного заведения.	[('restaurant general', 'positive', 'заведения')]
1409	Надеюсь, что выберемся к вам еще компанией побольше!	[('restaurant general', 'positive', 'NULL')]
1410	Все остались очень довольны.	[('restaurant general', 'positive', 'NULL')]
1411	Нам повезло - в это время в ресторане было мало посетителей, поэтому официант (хотя, мне кажется, нас обслуживал администратор) был предоставлен только нам.	[('service general', 'positive', 'официант'), ('service general', 'positive', 'администратор')]
1412	Очень понравилось обслуживание - профессиональное, ненавязчивое, доброжелательное.	[('service general', 'positive', 'обслуживание')]
1413	Помогли с выбором, накрыли стол с холодными закусками.	[('service general', 'positive', 'NULL')]
1414	Еда очень вкусная!	[('food quality', 'positive', 'Еда')]
1415	Шашлык - выше всяческих похвал.	[('food quality', 'positive', 'Шашлык')]
1416	Обстановка, интерьер очень уютные.	[('ambience general', 'positive', 'Обстановка'), ('ambience general', 'positive', 'интерьер')]
1417	Соотношение цена/качество идеальное!	[('restaurant prices', 'positive', 'NULL')]
1418	Первые месяцы после открытия просто не могли нарадоваться такому классному местечку.	[('restaurant general', 'positive', 'местечку')]
1419	И с друзьями весело посидеть и вдвоем с молодым человеком.	[('restaurant general', 'positive', 'NULL')]
1420	Обслуживание было отличное и качество блюд на высоте.	[('service general', 'positive', 'Обслуживание'), ('food quality', 'positive', 'блюд')]
1421	Теперь как то все испортилось.	[('restaurant general', 'negative', 'NULL')]
1422	Народу стало ужасно много всегда.	[('ambience general', 'negative', 'NULL')]
1423	Сервис упал резко.	[('service general', 'negative', 'Сервис')]
1424	Последний раз нам даже не вытерли столик после прежних посетителей.	[('service general', 'negative', 'NULL')]
1425	Очень часто не бывает того что есть в меню (хотя раньше такого не было) да и качество еды испортилось на мой взгляд.	[('food style_options', 'negative', 'меню'), ('food quality', 'positive', 'еды')]
1426	А вот цены остались на прежнем уровне.	[('restaurant prices', 'negative', 'NULL')]
1427	Вобщем больше не радует это место.	[('restaurant general', 'negative', 'место')]
1428	Заведение очень приятное, маленькое уютное - но это скорее кафе, чем ресторан.	[('ambience general', 'positive', 'Заведение'), ('restaurant general', 'positive', 'Заведение')]
1429	Два этажа - на втором намного уютнее )) нас сразу встретили, раздели, проводили и разместили ))	[('service general', 'positive', 'NULL'), ('ambience general', 'positive', 'этажа')]
1430	Огромное спасибо гардеробщику-официанту-бармену в одном лице, симпатичному и дружелюбному афроамериканцу ))	[('service general', 'positive', 'гардеробщику-официанту-бармену'), ('service general', 'positive', 'афроамериканцу')]
1431	Пробовали различные роллы, готовили их очень быстро 5-10 минут, особенно вкусные запеченные и филадельфия быда хороша, но я не поняла, почему роллов было где 5, где, 6, а где 7 )))	[('food quality', 'positive', 'роллы'), ('food quality', 'positive', 'филадельфия'), ('food style_options', 'negative', 'роллов')]
1432	Ценник в этом заведении на мой взгляд ресторанный, хотя может это из-за того что роллы довольно большие.	[('restaurant prices', 'negative', 'заведении'), ('food style_options', 'positive', 'роллы')]
1433	В целом мне понравилось - очень большой выбор суши, роллов, салатов, супов и других горячих блюд.	[('food style_options', 'positive', 'суши'), ('food style_options', 'positive', 'роллов'), ('food style_options', 'positive', 'салатов'), ('food style_options', 'positive', 'супов'), ('food style_options', 'positive', 'горячих блюд')]
1434	Местечко уютное, интерьер - интересный и качественно сделанный, кухня хорошая.	[('ambience general', 'positive', 'Местечко'), ('ambience general', 'positive', 'интерьер'), ('food quality', 'positive', 'кухня')]
1435	Пришли, по-началу было все хорошо, официантка принесла меню сразу же, через пару минут подошла взять заказ, через минут 5 принесла пиво, еще через 5 закуски, на этом все приятное закончилось.	[('service general', 'positive', 'официантка')]
1436	Потом официантка как будто пропала, было не дозваться, чтобы что-то дозаказать, очень долго приходилось ждать, в итоге посчитали неправильно, в счет внесли на 2 пункта больше, чем мы заказывали.	[('service general', 'negative', 'официантка')]
1437	И эта официантка вместо, того чтобы вежливо разобраться, поступила по-хамски, в итоге принесла новый счет, со словами, не знаю...я не помню, что вы заказывали, но будь по-вашему...короче, подпортила настроение....так что приду я в это заведение еще не скоро снова	[('service general', 'negative', 'официантка'), ('restaurant general', 'negative', 'заведение')]
1438	Интерьер: еще с улицы ресторан притягивает уютной атмосферой и приглушенным светом.	[('ambience general', 'positive', 'Интерьер'), ('ambience general', 'positive', 'атмосферой'), ('ambience general', 'positive', 'приглушенным светом')]
1439	Попав внутрь впечатление становятся еще лучше.	[('ambience general', 'positive', 'NULL')]
1440	Кирпичные стены, добротная мебель, современный интерьер...	[('ambience general', 'positive', 'мебель'), ('ambience general', 'positive', 'интерьер')]
1441	Сервис: встретили приветливо, повесили одежду в шкаф, проводили за стол.	[('service general', 'positive', 'Сервис')]
1442	Обслуживали быстро и качественно, рекомендуя то или иное блюдо.	[('service general', 'positive', 'NULL')]
1443	Вообщем приятно и ненавязчиво.	[('service general', 'positive', 'NULL')]
1444	Персонал старается, надеюсь так будет продолжаться и дальше.	[('service general', 'positive', 'Персонал')]
1445	Кухня: хачапури по-аджарски - много сыра, мягкое тесто... отлично.	[('food quality', 'positive', 'хачапури по-аджарски'), ('food quality', 'positive', 'сыра'), ('food quality', 'positive', 'тесто')]
1446	Салат с лососем - большая порция, необычная заправка, вцелом понравилось.	[('food quality', 'positive', 'Салат с лососем'), ('food style_options', 'positive', 'порция'), ('food quality', 'positive', 'заправка')]
1447	Салат от шеф-повара с курицей - ничего лишнего, необычного, но вкусно.	[('food quality', 'positive', 'Салат от шеф-повара с курицей')]
1448	Тирамису - выше всяких похвал.	[('food quality', 'positive', 'Тирамису')]
1449	Очень нежный крем, хорошая пропитка.	[('food quality', 'positive', 'крем'), ('food quality', 'positive', 'пропитка')]
1450	В соотношении цены и качества - очень даже.	[('food prices', 'positive', 'NULL')]
1451	Хорошо, что открываются не смотря ни на что, рестораны с качественной кухней и хорошим обслуживанием.	[('restaurant general', 'positive', 'рестораны'), ('food quality', 'positive', 'кухней'), ('service general', 'positive', 'обслуживанием')]
1452	Вернусь ли? - да, безусловно, ведь столько еще в меню осталось не опробованным)	[('restaurant general', 'positive', 'NULL')]
1453	"Как было сказано: ""Самые вкусные суши в городе!"", так и получилось."	[('food quality', 'positive', 'суши')]
1454	Место и интерьер: Ресторан расположен в спальном районе, сам бы я в него не поехал, но тут было по пути.	[('location general', 'negative', 'спальном районе')]
1455	Интерьер аккуратный, спокойный, комфортный.	[('ambience general', 'positive', 'Интерьер')]
1456	Кухня: прекрасные суши, свежая рыба, правильно сваренный рис, как запеченные, таки и классичесикие суши и роллы чудо как хороши.	[('food quality', 'positive', 'Кухня'), ('food quality', 'positive', 'суши'), ('food quality', 'positive', 'рыба'), ('food quality', 'positive', 'рис'), ('food quality', 'positive', 'классичесикие суши'), ('food quality', 'positive', 'роллы')]
1457	Все порции внушительного размера:)	[('food style_options', 'positive', 'порции')]
1458	Ну очень вкусно.	[('food quality', 'positive', 'NULL')]
1459	А еще дают вкусные вареники с вишней, что тоже не плохо.	[('food quality', 'positive', 'вареники с вишней')]
1460	Сервис: быстро, по делу, без ошибок.	[('service general', 'positive', 'Сервис')]
1461	Цены средние, суши от 55 рублей, роллы до 600, напитки не дорогие.	[('food prices', 'neutral', 'NULL'), ('food prices', 'neutral', 'роллы'), ('drinks prices', 'positive', 'напитки')]
1462	Общее впечатление приятное.	[('restaurant general', 'positive', 'NULL')]
1463	Если окажетесь в районе Ленинского проспекта, идеальное место для любителей японской кухни.	[('restaurant general', 'positive', 'место')]
1464	Рекомендую ресторан, как ресторан для обеда, ужина.	[('restaurant general', 'positive', 'ресторан')]
1465	А вот зайти и перекусить просто, без повода-да. мне понравилось. -1 балл за кофе, он не вкусный.	[('restaurant general', 'positive', 'NULL'), ('drinks quality', 'negative', 'кофе')]
1466	Общее впечатление приятное.	[('restaurant general', 'positive', 'NULL')]
1467	Спасибо за вкусный обед!	[('restaurant general', 'positive', 'NULL')]
1468	Мы из Москвы,посетили на выходные Питер и Ваш замечательный ресторан!	[('restaurant general', 'positive', 'ресторан')]
1469	Понравилось все:и необычно выполненный интерьер,и хорошее обслуживание официантки с рекомендацией блюд,прекрасный вид из окна,и самое главное очень хорошая кухня!!!	[('ambience general', 'positive', 'интерьер'), ('service general', 'positive', 'обслуживание'), ('service general', 'positive', 'официантки'), ('location general', 'positive', 'вид из окна'), ('food quality', 'positive', 'кухня')]
1470	"Цена полностью соответствует качеству,все очень вкусно,что на мой взгляд редкость для Питера,где мало действительно хороших ресторанов.""BELLINI"" один из них!"	[('food quality', 'positive', 'NULL'), ('food prices', 'positive', 'NULL'), ('restaurant general', 'positive', 'BELLINI')]
1471	В следующий раз когда будем в Питере обязательно будем у Вас,спасибо!	[('restaurant general', 'positive', 'NULL')]
1472	Были приятно удивлены простатой интерьера, качеством кухни(спасибо огромное шеф повару),огромный выбор закусок к пиву.	[('ambience general', 'positive', 'интерьера'), ('food quality', 'positive', 'кухни'), ('food style_options', 'positive', 'закусок к пиву')]
1473	"Особенно понравились ""перчики халапена"" (кажется так называлось это бесподобное блюдо),умеренные цены, большие порции."	[('food quality', 'positive', 'перчики халапена'), ('food style_options', 'positive', 'порции'), ('food prices', 'neutral', 'порции')]
1474	Немного ресторанов в городе, где можно так вкусно итак не дорого покушать!!!!	[('food prices', 'positive', 'NULL'), ('food quality', 'positive', 'NULL')]
1475	Приятно удивил обслуживающий персонал.	[('service general', 'positive', 'обслуживающий персонал')]
1476	Девушка, которая нас обслуживала, с редким именем Антонина, хорошо разбирается в предсталенной рестораном еде и умело порекомендовала нам разные закуски.	[('service general', 'positive', 'Девушка')]
1477	А какое пиво!!!	[('drinks quality', 'positive', 'пиво')]
1478	Их около 10 сортов на любой вкус.	[('food style_options', 'positive', 'NULL')]
1479	бармен стал нам просто другом.	[('service general', 'positive', 'бармен')]
1480	На любой вопрос о пиве он умело подобрал каждому из нас пиво по вкусу.	[('service general', 'positive', 'NULL'), ('drinks quality', 'positive', 'пиво')]
1481	Всё было замечательно в этом пивном баре!!!!	[('restaurant general', 'positive', 'пивном баре')]
1482	Всем Гроссенштрассе!!!!!!!!!!!!!!!!!	[('restaurant general', 'positive', 'Гроссенштрассе')]
1483	Но в последнее время и кухня и обслуживание ухудшились: то суши были настолько солеными, что есть их было невозможно, то пирожок к первому блюду был подан после того, как само первое было съедено.	[('food quality', 'negative', 'кухня'), ('service general', 'negative', 'обслуживание'), ('food quality', 'negative', 'суши')]
1484	Через 20 минут ожидания спросили официантку Любовь о том, скоро ли будет подан суп.	[('service general', 'negative', 'официантку')]
1485	Отказались от супа и попросили книгу отзывов.	[('service general', 'negative', 'NULL')]
1486	Книгу принесли довольно быстро, а еще через 5 минут - суп, кушать который уже не было желания.	[('service general', 'negative', 'NULL')]
1487	Попросили подойти к нам или управляющего или другого администратора.	[('service general', 'negative', 'управляющего'), ('service general', 'negative', 'администратора')]
1488	Через пять минут подошла девушка, которая не представившись спросила о наших претензиях.	[('service general', 'negative', 'девушка')]
1489	На наше замечание о том, что порцию супа мы были вынуждены ждать около получаса, последовало не извинение, а фраза о том, что много клиентов.	[('service general', 'negative', 'NULL')]
1490	Для ресторана такого уровня не допустимо, чтобы расхлябанность и неисполнительность персонала сказывались на общем впечатлении о заведении.	[('service general', 'negative', 'персонала'), ('restaurant general', 'negative', 'заведении')]
1491	из всех посещенных мной ресторанов китайской кухни Тан Жен на гороховой - самой любимый.	[('restaurant general', 'positive', 'Тан Жен')]
1492	Это место, чтобы хорошо, вкусно и просто поесть.	[('food quality', 'positive', 'NULL'), ('restaurant general', 'positive', 'место')]
1493	Зато вы получите отличную кухню и быстрое, качественное обслуживание.	[('food quality', 'positive', 'кухню'), ('service general', 'positive', 'обслуживание')]
1494	Из года в год ресторан не становится хуже, что не может не радовать.	[('restaurant general', 'positive', 'ресторан')]
1495	Несмотря на бешеную популярность, владельцы держат марку и не позволяют себе экономить на качестве еды.	[('food quality', 'positive', 'еды')]
1496	Более того, даже когда зал полный ( а это бывает в 99,9% случаев), вы не будете ждать меню или официанта дольше 2-х минут.	[('service general', 'positive', 'официанта')]
1497	Простой пример: 14 февраля, в полный аншлаг, от момента, когда мы сели за стол до момента, когда нам вынесли первое блюдо, прошло минут 15.	[('service general', 'positive', 'NULL')]
1498	И было вкусно.	[('food quality', 'positive', 'NULL')]
1499	ВКУСНО.	[('food quality', 'positive', 'NULL')]
1500	Единственный минус - нужно обязательно бронировать столик.	[('service general', 'negative', 'NULL')]
1501	И я не ошиблась.	[('restaurant general', 'positive', 'NULL')]
1502	А 31 мая посетили с друзьями это замечательное место!	[('restaurant general', 'positive', 'место')]
1503	Все были в восторге!	[('restaurant general', 'positive', 'NULL')]
1504	Интерьер средневекового замка, обстановка, обслуживание превзошли все ожидания.	[('ambience general', 'positive', 'Интерьер'), ('ambience general', 'positive', 'обстановка'), ('service general', 'positive', 'обслуживание')]
1505	Цены приемлемые, блюда оригинально,со вкусом оформлены, и, самое главное, всё очень вкусно, порции хорошие.	[('food prices', 'neutral', 'NULL'), ('food quality', 'positive', 'блюда'), ('food style_options', 'positive', 'блюда'), ('food style_options', 'positive', 'порции')]
1506	Сразу было видно, что все продукты свежие!	[('food quality', 'positive', 'продукты')]
1507	В каждом блюде замечаешь неравнодушное отношение его автора.	[('food quality', 'positive', 'блюде')]
1508	Очень порадовал персонал: администраторы Елена, Марина, официант Николай.	[('service general', 'positive', 'персонал'), ('service general', 'positive', 'администраторы'), ('service general', 'positive', 'официант')]
1509	Хочу отметить доброжелательное, вежливое, внимательное и при этом ненавязчивое обслуживание!	[('service general', 'positive', 'обслуживание')]
1510	Все мои пожелания по поводу организации и проведения моего праздника были учтены, то есть не пришлось бегать и напоминать.	[('service general', 'positive', 'NULL')]
1511	Ушли мы сытые и довольные с массой приятных впечатлений!	[('food quality', 'positive', 'NULL')]
1512	Отмечу также как человек, увлекающийся фотографией,что фотографии на фоне этого замечательного средневекового интерьера получаются просто фантастические!	[('ambience general', 'positive', 'интерьера')]
1513	Цвет, свет, оформление стен - всё очень сочетается.	[('ambience general', 'positive', 'Цвет'), ('ambience general', 'positive', 'свет'), ('ambience general', 'positive', 'оформление стен')]
1514	До сих пор остается чувство, что мы побывали в другом времени, в другом измерении.	[('ambience general', 'positive', 'NULL')]
1515	Всем советую!	[('restaurant general', 'positive', 'NULL')]
1516	Первый раз посетили с друзьями этот уютный ресторанчик месяца два назад.	[('ambience general', 'positive', 'ресторанчик')]
1517	Впечатляет все!	[('restaurant general', 'positive', 'Впечатляет все')]
1518	Вкусное пиво(особенно ячменное :) и суджук к нему в виде закуски :), атмосфера, приветливый персонал!	[('drinks quality', 'positive', 'пиво'), ('food quality', 'positive', 'суджук'), ('ambience general', 'positive', 'атмосфера'), ('service general', 'positive', 'персонал')]
1519	Миниатюрная девушка(по-моему, администратор ресторана)высокий профессионал своего дела: ненавязчивое обслуживание, дружелюбный подход к посетителям, внимательное отношение к клиентам.	[('service general', 'positive', 'девушка'), ('service general', 'positive', 'администратор ресторана'), ('service general', 'positive', 'обслуживание'), ('service general', 'positive', 'подход к посетителям'), ('service general', 'positive', 'отношение к клиентам')]
1520	Спасибо Вам большое!!!	[('restaurant general', 'positive', 'NULL')]
1521	"Воспользовалась акцией на myfant.ru Очень довольна, что выбрала ""Восточный Экспресс""."	[('restaurant general', 'positive', 'Восточный Экспресс')]
1522	Идеальное место, чтобы посидеть и пообщаться в уютной обстановке людям не очень юным.	[('restaurant general', 'positive', 'место'), ('ambience general', 'positive', 'обстановке')]
1523	Все три раза сидели в зале для курящих - очень милые и удобные диванчики-купе.	[('ambience general', 'positive', 'диванчики-купе')]
1524	Хорошая вентиляция и меньше народу.	[('ambience general', 'positive', 'вентиляция')]
1525	Кухня и обслуживание - все очень понравилось мне и моим гостям.	[('food quality', 'positive', 'Кухня'), ('service general', 'positive', 'обслуживание')]
1526	Большое спасибо всем сотрудникам ресторана.	[('service general', 'positive', 'сотрудникам ресторана')]
1527	С удовольствием приду ещё и без акции.	[('restaurant general', 'positive', 'NULL')]
1528	"Из блюд, которые брала, больше всего понравился салат ""Кавказский"" - нежный с оригинальной кислинкой грейпфрута."	[('food quality', 'positive', 'салат Кавказский'), ('food quality', 'positive', 'грейпфрута')]
1529	Салат с малосольным лососем, тоже был хорош Из горячего брала Дораду с овощами.	[('food quality', 'positive', 'Салат с малосольным лососем'), ('food quality', 'positive', 'Дораду с овощами')]
1530	Вкусно - оригинально подан овощной гарнир.	[('food quality', 'positive', 'овощной гарнир'), ('food style_options', 'positive', 'овощной гарнир')]
1531	Форель, запеченная с овощами с соусом из петрушки - вкусное, легкое и красиво оформленное блюдо.	[('food quality', 'positive', 'Форель, запеченная с овощами с соусом из петрушки'), ('food quality', 'positive', 'блюдо')]
1532	Легкое тонкое тесто, сочное мясо - прекрасно.	[('food quality', 'positive', 'тесто'), ('food quality', 'positive', 'мясо')]
1533	Морс - из натуральной клюквы, как домашний.	[('food quality', 'positive', 'Морс - из натуральной клюквы')]
1534	На десерт - брали вишневый штрудель (много вишни с шариком мороженого), горячий яблочный пирог (тоже понравился), клубнчный десерт - по-моему панакота с клубничным пюре, (нежный и вкусный)	[('food quality', 'positive', 'вишневый штрудель'), ('food quality', 'positive', 'вишни'), ('food quality', 'positive', 'мороженого'), ('food quality', 'positive', 'яблочный пирог'), ('food quality', 'positive', 'клубнчный десерт'), ('food quality', 'positive', 'панакота с клубничным пюре')]
1535	В общем мы отлично провели время и вкусно поели в этом уютном ресторане.	[('food quality', 'positive', 'NULL'), ('restaurant general', 'positive', 'ресторане'), ('ambience general', 'positive', 'ресторане')]
1536	Приятная атмосфера, живая музыка (немного громко правда показалось).	[('ambience general', 'positive', 'атмосфера'), ('ambience general', 'neutral', 'живая музыка')]
1537	Заказывали еще днем утку по пекински с супом (важно!), вечером наслаждались едой.	[('food quality', 'positive', 'утку по пекински с супом'), ('food quality', 'positive', 'едой')]
1538	Общее впечатление - отличное место, есть конечно несколько недостатков: чай зачем то принесли в самом начале (просили девушку остановиться от выполнения церемонии чаяналивания, но видимо она совсем не говорит по русски :))), порции конечо не такие огромные как обычно бывает в китайских ресторанах (особено рис - такого больше нигде не встречал:))), и суп к утке так и не принесли.	[('restaurant general', 'positive', 'место'), ('service general', 'negative', 'девушку'), ('food style_options', 'negative', 'порции'), ('food style_options', 'negative', 'суп к утке')]
1539	А в остальном все прекрасно: и девушка администратор (помогла нам сделать выбор блюд), уютная атмосфера, в зале не накуренно, обслуживание очень даже быстрое, официатки внимательные, еда вкусная.	[('service general', 'positive', 'девушка администратор'), ('ambience general', 'positive', 'атмосфера'), ('ambience general', 'neutral', 'зале'), ('service general', 'positive', 'обслуживание'), ('service general', 'positive', 'официатки'), ('food quality', 'positive', 'еда')]
1540	"В целом приличный китайский ресторан, еда конечно чуть дороже, чем скажем в ""Харбине"", но ресторан того стоит."	[('restaurant prices', 'neutral', 'китайский ресторан'), ('restaurant general', 'positive', 'китайский ресторан')]
1541	Можно его рекомендовать к посещению в следующий раз.	[('restaurant general', 'positive', 'NULL')]
1542	Спасибо.	[('restaurant general', 'positive', 'NULL')]
1543	Всё очень понравилось - и кухня, и обслуживание, и обстановка. этот ресторан сразу стал любимым, поэтому время от времени туда заглядываем.	[('food quality', 'positive', 'кухня'), ('service general', 'positive', 'обслуживание'), ('ambience general', 'positive', 'обстановка'), ('restaurant general', 'positive', 'ресторан')]
1544	Готовят в Арагви очень вкусно, ждать еду приходится недолго.	[('service general', 'positive', 'NULL'), ('food quality', 'positive', 'еду')]
1545	Заказывали зелень с овощами, так там принесли этогго добра целую корзинку.))	[('food quality', 'positive', 'зелень с овощами')]
1546	шашлык на любителя- кому-то нравится из телятины, кому-то из свинины.	[('food quality', 'neutral', 'шашлык')]
1547	Очень вкусные чебуреки!	[('food quality', 'positive', 'чебуреки')]
1548	десертов немного, но тоже очень вкусные.	[('food quality', 'positive', 'десертов')]
1549	Пробовали лёгкий десерт и печёную грушу. жаль,что нет грузинских вин... но их нигде нет.	[('drinks style_options', 'negative', 'грузинских вин')]
1550	Музыка в ресторане негромкая, обстановка располагает к общению.	[('ambience general', 'positive', 'Музыка'), ('ambience general', 'positive', 'обстановка')]
1551	Так что если нужно спокойное, приятное место, где можно вкусно и недорого поесть, Арагви - самый лучший вариант!приходите, не пожалеете!	[('food quality', 'positive', 'NULL'), ('restaurant prices', 'positive', 'Арагви'), ('restaurant general', 'positive', 'Арагви')]
1552	Я читала негативные отзывы об этом ресторане, но уж очень мне понравился интерьер, поэтому сочла их преувеличенными.	[('ambience general', 'positive', 'интерьер')]
1553	Я Вам скажу, теперь уже на собственном опыте, обслуживание как таковое там просто отсутствует.	[('service general', 'negative', 'обслуживание')]
1554	Заказ долго не принимали, в огромном зале было занято три столика (!)	[('service general', 'negative', 'NULL')]
1555	Далее, ждем напитки.	[('service general', 'negative', 'NULL')]
1556	Один сок принесли, а вот апельсинового сока не оказалось (!), официант уточнила на какой заменить и ушла.	[('food style_options', 'negative', 'апельсинового сока'), ('service general', 'negative', 'официант')]
1557	Ждем минут 10-15 напиток не несут.	[('service general', 'negative', 'NULL')]
1558	Только после того, как мы подошли к бару, и напомнили о себе сок принесли.	[('service general', 'negative', 'NULL')]
1559	На столе нет ни салфеток, ни специй, их просто не принесли..	[('service general', 'negative', 'NULL')]
1560	Еда не понравилась.	[('food quality', 'negative', 'Еда')]
1561	Несоответствие цены и качества.	[('food prices', 'negative', 'NULL')]
1562	Все симпатично, но не очень вкусно.	[('food style_options', 'positive', 'NULL'), ('food quality', 'negative', 'NULL')]
1563	Понравился только кофе.	[('drinks quality', 'positive', 'кофе')]
1564	Пирожных указанных в меню не было.	[('food style_options', 'negative', 'Пирожных')]
1565	Ушли разочарованными, потеряли часа 1.5-2, но удовольствия не получили.	[('restaurant general', 'negative', 'NULL')]
1566	Официантка, как будто под легкими наркотиками слушала не внимательно и не чего не записывала, в результате после 25 минутного ожидания принесли не то блюдо, которое заказывали.	[('service general', 'negative', 'Официантка')]
1567	Отказались.	[('service general', 'negative', 'NULL')]
1568	Время было позднее много есть мы не могли , но сказав 3 блюда китайской кухни и 2 японской мы не нашли не одного действительно вкусного.	[('food quality', 'negative', 'блюда китайской кухни')]
1569	Кухня претензионная и не вкусная.	[('food quality', 'negative', 'Кухня')]
1570	Кроме того в счет уже включены чаевые, а это 10 % , за такое обслуживание я не дала и 2 х..	[('service general', 'negative', 'обслуживание')]
1571	Из положительного только интерьер.	[('ambience general', 'positive', 'интерьер')]
1572	Но очень не удобная мебель.	[('ambience general', 'negative', 'мебель')]
1573	В общем, в это заведение мы больше не пойдем.	[('restaurant general', 'negative', 'заведение')]
1574	Нам понравилось абсолютно все!!!	[('restaurant general', 'positive', 'NULL')]
1575	Очень хороший ресторан.	[('restaurant general', 'positive', 'ресторан')]
1576	Прекрасное банкетное меню, хорошая кухня и очень демократичные цены.	[('food style_options', 'positive', 'банкетное меню'), ('food quality', 'positive', 'кухня'), ('food prices', 'positive', 'кухня')]
1577	Вкусный шашлык, хороший ассортимент блюд.	[('food quality', 'positive', 'шашлык'), ('food style_options', 'positive', 'ассортимент блюд')]
1578	Было очень весело!	[('ambience general', 'positive', 'NULL')]
1579	Атмосфера позитивная домашняя, потому что уютная обстановка и приветливый персонал.	[('ambience general', 'positive', 'Атмосфера'), ('ambience general', 'positive', 'обстановка'), ('service general', 'positive', 'персонал')]
1580	Интересная развлекательная программа и живая музыка на высшем уровне.	[('ambience general', 'positive', 'развлекательная программа'), ('ambience general', 'positive', 'живая музыка')]
1581	Спасибо Вам большое!!!	[('restaurant general', 'positive', 'NULL')]
1582	Отметили у вас новый год теперь будем заходить почаще.	[('restaurant general', 'positive', 'NULL')]
1583	Все было как и в новый год на высшем уровне а музыканты не дали скучать.	[('restaurant general', 'positive', 'NULL'), ('ambience general', 'positive', 'музыканты')]
1584	Хороший кальян по приемлемым ценам.	[('restaurant miscellaneous', 'positive', 'кальян')]
1585	Ставлю 5 из 5 и всем рекомендую для отдыха с друзьями и семьей.	[('restaurant general', 'positive', 'NULL')]
1586	Сразу было очарована обслуживающим персоналом: встречают так, как будто ждали именно тебя и очень рады визиту.	[('service general', 'positive', 'обслуживающим персоналом')]
1587	Кофе вкусное, тортики отменные.	[('food quality', 'positive', 'Кофе'), ('food quality', 'positive', 'тортики')]
1588	Выбор пива небольшой, но это нормально все-таки это больше кондитерская...	[('drinks style_options', 'neutral', 'пива')]
1589	Хотя все нашли себе напиток по вкусу, есть и Тиммерманс и Невское.	[('drinks style_options', 'positive', 'напиток'), ('drinks style_options', 'positive', 'Тиммерманс'), ('drinks style_options', 'positive', 'Невское')]
1590	Очень понравились закусочки: и жаренные крылышки, и особенно кальмары.	[('food quality', 'positive', 'закусочки'), ('food quality', 'positive', 'жаренные крылышки'), ('food quality', 'positive', 'кальмары')]
1591	Правда без соуса, в меню мы соуса тоже не обнаружили, но приветливая девушка-официантка на наш вопрос о соусе, предложила 2 вида и сразу же принесла.	[('food style_options', 'negative', 'соуса'), ('service general', 'positive', 'девушка-официантка')]
1592	Интерьер неплохой, жалко только, что диванчики и плазменная панель только в зале для некурящих.	[('ambience general', 'neutral', 'Интерьер')]
1593	Обслуживание на 10, все вовремя, мило и с улыбкой.	[('service general', 'positive', 'Обслуживание')]
1594	Отлично, что появилось такое приятное местечко в нашем районе.	[('restaurant general', 'positive', 'местечко')]
1595	Первое, что бросилось в глаза - вежливый персонал.	[('service general', 'positive', 'персонал')]
1596	С улыбкой открыли дверь, предложили оставить пальто, быстро принесли меню и также быстро подошли уже спросить заказ, как только я выбрала для себя желаемое (и как они только поняли?).	[('service general', 'positive', 'NULL')]
1597	Интерьер ресторана выполнен в приятных светлых тонах, есть удобные (интересные) столики возле стен, Но вот места в центре ресторана немного разочаровывают, т.к. они весьма неуютные.	[('ambience general', 'positive', 'Интерьер'), ('ambience general', 'positive', 'столики'), ('ambience general', 'negative', 'места в центре ресторана')]
1598	Заказ принесли очень быстро и приготовлено все было качественно и вкусно.	[('food quality', 'positive', 'NULL'), ('service general', 'positive', 'NULL')]
1599	Порции средние, блюда хорошо оформлены.	[('food style_options', 'neutral', 'Порции'), ('food style_options', 'positive', 'блюда')]
1600	Так что от ресторана остались только хорошие впечатления.	[('restaurant general', 'positive', 'ресторана')]
1601	Спасибо ресторану La Fabrik за приятный вечер!)	[('restaurant general', 'positive', 'ресторану La Fabrik')]
1602	Впечатления остались самые замечательные.	[('restaurant general', 'positive', 'NULL')]
1603	Я сама в паулайнере была не в первый раз, и всегда тут хорошее обслуживание и вкусная кухня.	[('service general', 'positive', 'обслуживание'), ('food quality', 'positive', 'кухня')]
1604	Про пиво вообще говорить нечего, оно выше всех похвал!	[('drinks quality', 'positive', 'пиво')]
1605	Да, еще по поводу столиков...у нас никогда не возникало проблем с его заказом...	[('service general', 'neutral', 'NULL')]
1606	Персонал вежливый, никто нам не хамил и не обсчитывал.	[('service general', 'positive', 'Персонал')]
1607	Обслуживала наш столик девушка Мария, еще раз хочется сказать ей большое спасибо!	[('service general', 'positive', 'девушка')]
1608	Очень приветливая девушка!	[('service general', 'positive', 'девушка')]
1609	У нас на столе никогда не было больше 2 окрков в пепельнице, с такой частотой она их меняла.	[('service general', 'positive', 'NULL')]
1610	Была очень приветлива, посоянно к нам подходила, уточняла не нужно ли чего-нибудь еще.	[('service general', 'positive', 'NULL')]
1611	И в то же время это не выглядело как-то навязчиво.	[('service general', 'positive', 'NULL')]
1612	Горячее принесли через 15 минут после заказа, мы даже и не ожидали такой оперативности!	[('service general', 'positive', 'NULL')]
1613	В общем, впечатления остались самые положительные! (это впрочем, как всегда!)	[('restaurant general', 'positive', 'NULL')]
1614	Обязательно будем приходить сюда ещеи еще!	[('restaurant general', 'positive', 'NULL')]
1615	Вчера побывал в нем в очередной раз и понял: если хочешь беспройгрышный вариант нужно идти сюда.	[('restaurant general', 'positive', 'NULL')]
1616	Что меня удивляет в этом,так это то,что кухня (качество)не меняется уже 8!!!лет.	[('food quality', 'positive', 'кухня')]
1617	Это дорогого стоит.	[('restaurant general', 'positive', 'NULL')]
1618	Порции большие и очень сытные.	[('food style_options', 'positive', 'Порции')]
1619	Качество мяса превосходно.	[('food quality', 'positive', 'Качество мяса')]
1620	Готовят быстро но КАЧЕСТВЕННО!	[('food quality', 'positive', 'NULL')]
1621	В общем 5 по еде.	[('food quality', 'positive', 'еде')]
1622	В целом мне он нравится.	[('ambience general', 'positive', 'NULL')]
1623	Довольно стильно,тона очень хороши подобраны.	[('ambience general', 'positive', 'NULL')]
1624	Единственное,я бы все же завесил большие окна,выходящие на Некрасова,какой-нить полупрозрачной тюлью.	[('ambience general', 'neutral', 'большие окна')]
1625	Большие проемы окон смотрятся немного голо.	[('ambience general', 'negative', 'проемы окон')]
1626	Обслуживанию я бы поставил 4-ку.	[('service general', 'positive', 'Обслуживанию')]
1627	Все хорошо,быстро,но видно что официанты не профи.	[('service general', 'neutral', 'официанты')]
1628	Меня лично это не напрягает.	[('service general', 'neutral', 'NULL')]
1629	Поразило то,что после КАЖДОГО посетителя меняется белоснежная скатерть на столе,даже если она абсолютно чистая.	[('service general', 'positive', 'NULL')]
1630	Мне было приятно это видеть.	[('service general', 'positive', 'NULL')]
1631	В общем рекомендую.	[('restaurant general', 'positive', 'NULL')]
1632	И поесть можно,и поговорить (музыка очень приятная и негромкая) и даму привести и день рождения отметить.	[('ambience general', 'positive', 'музыка')]
1633	Ходил и ходить буду.	[('restaurant general', 'positive', 'NULL')]
1634	Первым нас встретил парковщик, помог припарковаться и даже открыл двери и вежливо нас поприветствовал.	[('service general', 'positive', 'парковщик')]
1635	Интерьер ресторана мне нравится, я люблю такой дизайн.	[('ambience general', 'positive', 'Интерьер'), ('ambience general', 'positive', 'дизайн')]
1636	Все просто и со вкусом, много интересных мелочей.	[('ambience general', 'positive', 'NULL')]
1637	Нас обслуживала приятная девушка.	[('service general', 'positive', 'девушка')]
1638	Она была внимательна и ненавязчива и помогла мне с выбором пасты, подробно рассказав состав и способ приготовления блюда.	[('service general', 'positive', 'NULL')]
1639	Меню ресторана большое в виде журнала, есть все что угодно....вареники, суши, вок, пасты и т.д.	[('food style_options', 'positive', 'Меню')]
1640	Дизайн меню интересный, дизайнеры молодцы!	[('restaurant miscellaneous', 'positive', 'Дизайн меню')]
1641	Суп был вкусный, но паста была просто божественна.	[('food quality', 'positive', 'Суп'), ('food quality', 'positive', 'паста')]
1642	Много соуса, мягкое мясо утки.	[('food quality', 'positive', 'соуса'), ('food quality', 'positive', 'мясо утки')]
1643	Пастой я была очень довольна)))	[('food quality', 'positive', 'Пастой')]
1644	Нам все очень понравилось.	[('food quality', 'positive', 'NULL')]
1645	От визита мы получили положительные эмоции...поболтали и вкусно поели!	[('restaurant general', 'positive', 'NULL'), ('food quality', 'positive', 'NULL')]
1646	Будем приезжать еще в этот ресторан.	[('restaurant general', 'positive', 'ресторан')]
1647	Спасибо поварам и персоналу за хорошие эмоции!	[('food quality', 'positive', 'поварам'), ('service general', 'positive', 'персоналу')]
1648	Немного попридираться, наверное, можно - но в целом никаких особенных нареканий.	[('restaurant general', 'neutral', 'NULL')]
1649	Очень вежливые официантки, встречающие всех гостей сразу у входа.	[('service general', 'positive', 'официантки')]
1650	Приятный, располагающий интерьер, удобные диванчики.	[('ambience general', 'positive', 'интерьер'), ('ambience general', 'positive', 'диванчики')]
1651	Возможно, слишком мягко-утопающие, но для расслабленного вечера в приятной компании - самое то.	[('ambience general', 'neutral', 'NULL')]
1652	Девушка, которая обслуживала наш столик (не знаю, как зовут, к сожалению) - внимательна и предупредительна, с удовольствием отвечала на все наши вопросы.	[('service general', 'positive', 'Девушка')]
1653	Грязная посуда на столе не задерживалась, о приборах напоминать не приходилось, пепельница менялась в лет.	[('service general', 'positive', 'NULL')]
1654	Потрясающе вкусные фирменные роллы, неожиданно (для японского ресторана) большие порции горячего.	[('food quality', 'positive', 'роллы'), ('food style_options', 'positive', 'порции горячего')]
1655	К кухне - никаких претензий; возможно, горячее можно было бы и чуть побыстрее - но мы не торопились и в плавное течение вечера небольшая задержка в принципе вписывалась.	[('service general', 'neutral', 'NULL'), ('food quality', 'neutral', 'кухне')]
1656	В целом - впечатления только положительные, думаю придем еще - тем более, что живем недалеко.	[('restaurant general', 'positive', 'NULL')]
1657	Увидели рекламу данного ресторана в ресторанном дворике и решили попробовать ...и не пожалели!!!(	[('restaurant general', 'positive', 'ресторана')]
1658	проводила за столик у окна(вид чудесный),подали меню.	[('service general', 'positive', 'NULL'), ('location general', 'positive', 'вид')]
1659	Блюд в меню не много но выбрать есть из чего!	[('food style_options', 'neutral', 'Блюд')]
1660	Напитки нам принесли быстро, после сразу же салаты и горячее.	[('service general', 'positive', 'NULL')]
1661	Всё было очень вкусно и красиво!	[('food quality', 'positive', 'NULL'), ('food style_options', 'positive', 'NULL')]
1662	Атмосфера потрясающая: мебель, приборы, посуда, вид из окна, свечи, обслуживание!	[('ambience general', 'positive', 'Атмосфера'), ('ambience general', 'positive', 'мебель'), ('food style_options', 'positive', 'приборы'), ('food style_options', 'positive', 'посуда'), ('location general', 'positive', 'вид из окна'), ('ambience general', 'positive', 'свечи'), ('service general', 'positive', 'обслуживание')]
1663	В общем нам с супругой ОЧЕНЬ всё понравилось!	[('restaurant general', 'positive', 'NULL')]
1664	Придём ещё к Вам и посоветуем своим друзьям!!!	[('restaurant general', 'positive', 'NULL')]
1665	Ресторан замечательный!	[('restaurant general', 'positive', 'Ресторан')]
1666	Очень приятный и вежливый персонал, уже на входе встречают, складывается ощущение, что давно ждали в гости.	[('service general', 'positive', 'персонал')]
1667	Большой выбор блюд, готовят отлично и быстро.	[('food style_options', 'positive', 'выбор блюд'), ('food quality', 'positive', 'блюд')]
1668	Порции большие - то, что осталось упаковывают с собой.	[('food quality', 'positive', 'Порции'), ('service general', 'positive', 'NULL')]
1669	Очень понравилось, что звучит тихая и спокойная музыка, очень расслабляющая обстановка.	[('ambience general', 'positive', 'музыка'), ('ambience general', 'positive', 'обстановка')]
1670	Потрясающий интерьер, словно попадаешь в сказку.	[('ambience general', 'positive', 'интерьер')]
1671	Вечер запоминлся надолго.	[('restaurant general', 'positive', 'NULL')]
1672	Спасибо!	[('restaurant general', 'positive', 'NULL')]
1673	Отличное место!	[('restaurant general', 'positive', 'место')]
1674	Могу сказать,что это был замечательный вечер, респект шеф-повару!!	[('food quality', 'positive', 'шеф-повару')]
1675	Все было невероятно вкусно и оригинально!	[('food quality', 'positive', 'NULL')]
1676	Интерьер,конечно, поражает сразу, уже на улице все очень мило хорошенькая елочка и туи,фонарики новогоднее настроение, внутри уютно и шикарно,мягкие диваны,свечи, белый рояль.	[('ambience general', 'positive', 'Интерьер'), ('ambience general', 'positive', 'елочка'), ('ambience general', 'positive', 'туи'), ('ambience general', 'positive', 'фонарики'), ('ambience general', 'positive', 'диваны'), ('ambience general', 'positive', 'свечи'), ('ambience general', 'positive', 'белый рояль')]
1677	Для нашего случая это просто 100%попадание, еще в этот вечер была живая музыка, пианистка играла за белым роялем.	[('ambience general', 'positive', 'живая музыка'), ('ambience general', 'positive', 'пианистка')]
1678	Персонал могу сказать меня тоже порадовал, на входе нас встретила улыбающаяся хостесс уже сразу впечатление положительное и до конца вечера оно таким и осталось!	[('service general', 'positive', 'Персонал'), ('service general', 'positive', 'хостесс')]
1679	Официанты тоже очень внимательные и вежливые, не могу вспомнить момента, когда бы нам что-то не понравилось!	[('service general', 'positive', 'Официанты')]
1680	В общем отличный ресторан, всем рекомендую и с удовольствием вернусь туда сам.	[('restaurant general', 'positive', 'ресторан')]
1681	Спасибо!	[('restaurant general', 'positive', 'NULL')]
1682	В целом, мне и моим друзьям очень нравится этот ресторан, обслуживание там неплохое, официанты и администраторы всегда стараются помочь.	[('restaurant general', 'positive', 'ресторан'), ('service general', 'neutral', 'обслуживание'), ('service general', 'positive', 'официанты'), ('service general', 'positive', 'администраторы')]
1683	Очень радует то, что по вечерам, где-то с 9 часов, играет живая музыка, можно потанцевать и прекрасно провести время.	[('ambience general', 'positive', 'живая музыка')]
1684	Публика достойная, цены умеренные, собственная пивоварня производит отменное пшеничное и ячменное пиво, закуски тоже очень неплохие, вкусная сырная и мясная тарелка, отличные молочные и алкогольные коктейли.	[('food prices', 'neutral', 'NULL'), ('ambience general', 'neutral', 'Публика'), ('drinks quality', 'positive', 'пивоварня'), ('drinks quality', 'positive', 'пшеничное и ячменное пиво'), ('food quality', 'positive', 'закуски'), ('food quality', 'positive', 'сырная и мясная тарелка'), ('drinks quality', 'positive', 'молочные и алкогольные коктейли')]
1685	В целом, очень хорошее, достойное заведение, правда огорчает то, что столики на четверг, пятницу и выходные надо бронировать где-то за 3 недели.	[('restaurant general', 'positive', 'заведение')]
1686	Но все равно, рекомендую посетить этот ресторан, не пожалеете!	[('restaurant general', 'positive', 'ресторан')]
1687	Первое , что понравилось при входе в ресторан..нас проводили, сразу узнали, что я заказала столик.	[('service general', 'positive', 'NULL')]
1688	Второй этаж просто рай какой-то=)	[('ambience general', 'positive', 'Второй этаж')]
1689	Очень красивый интерьер, такой нежный и уютный.	[('ambience general', 'positive', 'интерьер')]
1690	Далее что...меню разнообразное, на любой вкус, но при детальном рассмотрении в итоге остановилась на рыбе, потому как лично мне больше ничего не приглянулось (пиццу покушать можно в других более специализированных местах, паста...ну это я и дома сделаю, суп..не для праздника).	[('food style_options', 'positive', 'меню')]
1691	Цены на вино просто бешенные..хотя, может для такого ресторана это и нормально, но вот в соотношении с едой мне показалось дорого!	[('drinks prices', 'negative', 'вино')]
1692	В общем в целом кухня приближена к итальянской, но вот чего-то супер фееричного я не увидела, поэтому только 8.	[('food quality', 'neutral', 'кухня')]
1693	Что касаемо обслуживания...то тут я хочу сказать, что претензий особы Читать дальшех нет, тарелки убирались вовремя, но и заинтересованности в нас особо у девушек не было.	[('service general', 'neutral', 'обслуживания'), ('service general', 'neutral', 'девушек')]
1694	Народу было не так уж и много( за соседним столиком сидела одна тоже большая компания), так что вполне можно было бы порасторопнее и поживее.	[('service general', 'negative', 'NULL')]
1695	Мы сидели в семером, оставили пять тысяч, а вот какого-то удовлетворения от обслуживания и приема не получили, хотя все было вкусно, красиво подано и украшено.	[('food style_options', 'positive', 'NULL'), ('food quality', 'positive', 'NULL'), ('service general', 'neutral', 'обслуживания'), ('service general', 'neutral', 'приема')]
1696	За обслуживание только 6.	[('service general', 'negative', 'обслуживание')]
1697	В ресторане очень вкусная еда, в частности- суши, роллы, свинной шашлык,теплый мексиканский салат(рекомендую)!!! 2.	[('food quality', 'positive', 'еда'), ('food quality', 'positive', 'суши'), ('food quality', 'positive', 'роллы'), ('food quality', 'positive', 'свинной шашлык'), ('food quality', 'positive', 'теплый мексиканский салат')]
1698	Слегка не уютно, от большого пространства и не много прохладно(зимой), но летом - это супер виды из окна!!! 3.	[('ambience general', 'negative', 'большого пространства'), ('location general', 'positive', 'виды из окна')]
1699	Сервис, на мой взгляд очень хороший, начиная от встречи гостя до проводов.	[('service general', 'positive', 'Сервис'), ('service general', 'positive', 'встречи гостя'), ('service general', 'positive', 'проводов')]
1700	Персонал очень вежливый (особенно официантка Анастасия),приветливый и хорошо знает состав блюд, что не мало важно.	[('service general', 'positive', 'Персонал'), ('service general', 'positive', 'официантка')]
1701	В целом очень приятное впечатление!!!	[('restaurant general', 'positive', 'NULL')]
1702	Всем рекомендую!!	[('restaurant general', 'positive', 'NULL')]
1703	Интерьер оставляет желать лучшего, но может быть для такого завидения это нормально.	[('ambience general', 'neutral', 'Интерьер')]
1704	Ужасно накурено, незнаю как у них на счет кондиционеров, это учесть что в ресторане есть детская комната и детское меню.	[('ambience general', 'negative', 'кондиционеров')]
1705	Надо хотя бы сделать для курящих отдельную зону что-ли.	[('ambience general', 'negative', 'NULL')]
1706	Очень понравился салат Дор-брю(помидоры, огурцы, перец,свежие сырые шампиньоны, сыр Дор-брю, масло), Фирменное блюдо колбаски к пиву, которые при подаче поджигают, если честно, думала что фирменное блюдо должно быть посолиднее.	[('food quality', 'positive', 'салат Дор-брю'), ('food quality', 'positive', 'Фирменное блюдо колбаски к пиву')]
1707	Горячее неплохое, но нагриль было непохоже.	[('food quality', 'neutral', 'Горячее')]
1708	Громко играет музыка поэтому офицанток незваться и неслышат иногда блюда для заказа, сидишь ждешь 50 мин, а оказывается оно не заказано ждешь еще 50 мин (так написано вменю время приготовления 40-50 мин).	[('ambience general', 'negative', 'музыка'), ('service general', 'negative', 'офицанток')]
1709	Девушка офицантка все время говорила что она это не готовит быстрее не может и очень замученый вид.	[('service general', 'negative', 'Девушка офицантка')]
1710	В целом неплохо.	[('restaurant general', 'positive', 'NULL')]
1711	Можно зайти попить пиво с колбасками вечером.	[('drinks quality', 'positive', 'пиво'), ('food quality', 'positive', 'колбасками')]
1712	Ресторан очень хороший!!!	[('restaurant general', 'positive', 'Ресторан')]
1713	Кухня замечательная, обслуживание на 10.	[('food quality', 'positive', 'Кухня'), ('service general', 'positive', 'обслуживание')]
1714	Не пришлось ждать меню, как это обычно бывает в некоторых ресторанах.	[('service general', 'positive', 'NULL')]
1715	Мы сели, заказали грузинские блюда, шампанское, через минут 5 нам принесли самое вкусное шампанское, которое я пила в жизни. ....	[('drinks quality', 'positive', 'шампанское')]
1716	Заказ тоже не пришлось ждать очень долго, минут 20, нормально.	[('service general', 'neutral', 'NULL')]
1717	Мы кушали, кушали, и никак не могли насладиться едой, она была такой вкусной, необычной, т.к. я была первый раз в грузинском ресторане.	[('food quality', 'positive', 'едой')]
1718	Там спокойно, музыка такая спокойная и восточная...)))	[('ambience general', 'positive', 'музыка')]
1719	Мне очень понравилось!!!!	[('restaurant general', 'positive', 'NULL')]
1720	"Если Вы ищите ресторан для какого-либо важного события, можете смело идти в ""ТБИЛИСО""!!!"	[('restaurant general', 'positive', 'ТБИЛИСО')]
1721	предоплату за заказ не оставляли,(что выгодно отличило этот ресторан от других,учитывая что наше событие было запланировано на вечер пятницы).	[('service general', 'positive', 'NULL'), ('restaurant general', 'positive', 'ресторан')]
1722	Ресторан выгодно отличается спокойной атмосферой,приятной, НЕ громкой живой музыкой,что оставляет шанс для приятной беседы.	[('ambience general', 'positive', 'атмосферой'), ('ambience general', 'positive', 'живой музыкой')]
1723	Обслуживание не навязчивое,я бы сказала незаметное,очень приятные официанты,сразу принесли вазу для цветов,приняли заказ,все очень вежливо,с хорошим знанием меню и доброжелательностью.	[('service general', 'positive', 'Обслуживание'), ('service general', 'positive', 'официанты'), ('service general', 'positive', 'знанием меню')]
1724	Кухня порадовала разнообразием,хорошим,информативным меню,по которому легко можно было выбрать блюдо на любой вкус,так как представлена японская,русская ,грузинская кухня.	[('food style_options', 'positive', 'Кухня'), ('food style_options', 'positive', 'меню')]
1725	Порции большие,посуда хорошая,вкус отменный.	[('food style_options', 'positive', 'Порции'), ('food style_options', 'positive', 'посуда')]
1726	Чек немного выше ,чем в других ресторанах,этого класса,но наши положительные эмоции стоили этого.	[('restaurant general', 'positive', 'NULL'), ('restaurant prices', 'neutral', 'NULL')]
1727	Очень приятно провели время,очень рады что выбрали этот ресторан ,довольны остались уровнем сервиса и кухней.	[('restaurant general', 'positive', 'ресторан'), ('service general', 'positive', 'сервиса'), ('food quality', 'positive', 'кухней')]
1728	Заказ ждали час,то есть даже салаты нам принесли только через час,почему-то вместе с горячим.	[('service general', 'negative', 'NULL')]
1729	За соседним столиком перепутали заказ и после часа ожидания люди получили совсем не то,что хотели.	[('service general', 'negative', 'NULL')]
1730	Паста,ризотто...были неплохи.	[('food quality', 'neutral', 'Паста'), ('food quality', 'neutral', 'ризотто')]
1731	В принципе ничего выдающегося,но мы ничего и не ожидали, просто зашли пообедать.	[('food quality', 'neutral', 'NULL')]
1732	Не понравилось долгое ожидание и какая то отчужденность официанта,который просто ушел на улицу посидеть на скамеечке...в то время как мы хотели расплатиться.	[('service general', 'negative', 'официанта')]
1733	Посидел минут 10,поболтал с кем-то и наконец таки пришел к нам,но с таким видом типа че?не подождать что ли...вежливости и желания обслуживать гостей я у него не заметила.	[('service general', 'negative', 'NULL')]
1734	Уютно,тесно,с сервисом нам не повезло.	[('ambience general', 'neutral', 'NULL'), ('service general', 'negative', 'сервисом')]
1735	Супчики вкусные.	[('food quality', 'positive', 'Супчики')]
1736	Загляну туда еще на чаек и десерт,если буду идти мимо.	[('restaurant general', 'neutral', 'NULL')]
1737	Кухня хорошая, ничего сказать не могу, но вот сервис и обслуживание последнее время (с начала лета) оставляют желать лучшего.	[('food quality', 'positive', 'Кухня'), ('service general', 'negative', 'сервис'), ('service general', 'negative', 'обслуживание')]
1738	Официантки постоянно что-то забывают, при небольшом количестве посетителей заказ приходится ждать иногда до 40-50 минут!!!	[('service general', 'negative', 'Официантки')]
1739	Пиво разливное приносили не то, что без пены, без пузыриков....	[('drinks quality', 'negative', 'Пиво')]
1740	Надеюсь, васаби измениться снова в лучшую сторону.	[('restaurant general', 'negative', 'васаби')]
1741	В целом остались самые лучшие впечатления.	[('restaurant general', 'positive', 'NULL')]
1742	При в ходе в паб, все сотрудники дружественно здороваются,далее милая девушка официантка предложила нам пару столов на выбор.	[('service general', 'positive', 'сотрудники'), ('service general', 'positive', 'девушка официантка')]
1743	Почти сразу нам подали меню, сообщив, что у данного заведения очень интересный выбор пива, поскольку мы не был знакомы с ассортиментом Английского пива, нам предоставили комментарии к интересующим позициям и даже принесли небольшое количество на пробу, что несомненно приятно!	[('service general', 'positive', 'NULL'), ('drinks style_options', 'positive', 'выбор пива')]
1744	Перепробовали почти весь пивной ряд, каждый нашел пиво по вкусу.	[('drinks quality', 'positive', 'пиво')]
1745	Кухня порадовала, большая пивная тарелка, действительно оказалась большой и вкусной!	[('food quality', 'positive', 'Кухня'), ('food quality', 'positive', 'пивная тарелка'), ('drinks style_options', 'positive', 'пивная тарелка')]
1746	Разнообразные закуски совсем не банальные как в большинстве заведений.	[('food style_options', 'positive', 'закуски')]
1747	Из горячих блюд могу посоветовать Фиш & Чипс, Стрейк Нью-Йорк.	[('food quality', 'positive', 'Фиш & Чипс'), ('food quality', 'positive', 'Стрейк Нью-Йорк')]
1748	Но минус тоже присутствует, коллега под конец вечера захотела десерт и остановила свой выбор на сорбете, но узнав что за 150 рублей она получить 50 гр, то есть один шарик слегка расстроилась.	[('food prices', 'negative', 'сорбете')]
1749	Все таки это дороговато.	[('food prices', 'negative', 'NULL')]
1750	Интерьер довольно приятный классический для паба, по телевизорам транслируют футбольные матчи.	[('ambience general', 'positive', 'Интерьер')]
1751	В целом хорошая, душевная обстановка.	[('ambience general', 'positive', 'обстановка')]
1752	Несомненно вернемся еще не раз!	[('restaurant general', 'positive', 'NULL')]
1753	Хочу выразить большую благодарность прежде всего руководству ресторана, обслуживающему персоналу и конечно же тем сотрудникам, которые готовят посетителям заведения столь вкусные блюда.	[('restaurant general', 'positive', 'руководству ресторана'), ('service general', 'positive', 'обслуживающему персоналу'), ('service general', 'positive', 'сотрудникам'), ('food quality', 'positive', 'блюда')]
1754	Понравилось абсолютно все.	[('restaurant general', 'positive', 'NULL')]
1755	Конечно же впечатляет интерьер: уютно и красиво.	[('ambience general', 'positive', 'интерьер')]
1756	Стол был шикарный.	[('food quality', 'positive', 'Стол')]
1757	Нас обслуживал официант Бахрам, спасибо ему.	[('service general', 'positive', 'официант')]
1758	Хочу отметить, что для ресторана такого уровня цены не высокие.	[('restaurant general', 'positive', 'ресторана'), ('restaurant prices', 'positive', 'ресторана')]
1759	Долго (минут 15-20)ждали в гардеробе, пока нас пригласят внутрь, хотя было уже достаточно поздно и когда мы вошли оказалось, что зал был полупустой.	[('service general', 'negative', 'NULL')]
1760	Интерьер интересный.	[('ambience general', 'positive', 'Интерьер')]
1761	Горячее готовилось минут 10... быстро - не спорю, но КАК за 10 минут можно приготовить конину?	[('food quality', 'negative', 'Горячее')]
1762	Было полное ощущение и от вида и от вкуса, что блюда стояли уже пару суток и были просто разогреты в микроволновке.	[('food quality', 'negative', 'блюда')]
1763	Никакой соли, никаких специй, совершенно пресная еда (хотя, не спорю, кто-то любит и так, но официанты могли бы предупредить и поставить на стол побольше специй)!	[('food quality', 'negative', 'соли'), ('food quality', 'negative', 'специй'), ('food quality', 'negative', 'еда'), ('service general', 'negative', 'официанты')]
1764	Сервировано просто никак.	[('food style_options', 'negative', 'NULL')]
1765	Доесть не смогли.	[('food quality', 'negative', 'NULL')]
1766	Настроение импортилось.	[('restaurant general', 'negative', 'NULL')]
1767	Самым съедобным оказался салат из зелени и овощей, согласитесь, сложно испортить.	[('food quality', 'neutral', 'салат из зелени и овощей')]
1768	Цены в общем, средние,но при такой кухне совершенно неоправданные.	[('food prices', 'negative', 'кухне'), ('food quality', 'negative', 'кухне')]
1769	Мы и за доплату больше туда не пойдём.	[('restaurant general', 'negative', 'NULL')]
1770	"Нормальное заведение, но на мой взгляд, не ""великолепное""."	[('restaurant general', 'neutral', 'заведение')]
1771	Во-первых, очень шумно: зал небольшой и когда все разом разговаривают (а посетителей было много), получается такой гул, что не слышно, о чем говорят твои спутники, сидящие напротив и сами столы расположены довольно близко друг к другу.	[('ambience general', 'negative', 'зал'), ('ambience general', 'negative', 'столы')]
1772	Во-вторых, довольно-таки дорого.	[('food prices', 'negative', 'NULL')]
1773	В-третьих, обслуживание: было очень неприятно топтаться в центре зала в верхней одежде (все официанты бегали по залу, никто не встретил и не показал где гардероб - он оказался шкафом между туалетами:)), официантка приносила сначала блюда, а потом уже приборы, счет несли довольно долго, когда уходили, девушка из гардероба выдала не все куртки и ушла... мелочи, но из них складывается впечатление.	[('service general', 'negative', 'обслуживание'), ('service general', 'negative', 'официанты'), ('service general', 'negative', 'официантка'), ('service general', 'negative', 'девушка из гардероба')]
1774	Интерьер и месторасположение ресторана понравились.	[('ambience general', 'positive', 'Интерьер'), ('location general', 'positive', 'месторасположение')]
1775	Кухня неплохая, никаких претензий, попробовала равиоли с трюфелями и рикоттой (380 р.) и крем-суп из тыквы с пармезаном (380 р.) (так получилось, что выбрала самые недорогие блюда из меню:)).	[('food quality', 'neutral', 'Кухня'), ('food quality', 'neutral', 'равиоли с трюфелями и рикоттой'), ('food quality', 'neutral', 'крем-суп из тыквы с пармезаном')]
1776	Провели корпоратив в ресторане Le Glamure(хрустальный зал) все очень понравилось, рекомендую!!	[('restaurant general', 'positive', 'Le Glamure')]
1777	Отличная кухня, обслуживание на высшем уровне,обстановка внутри как на картинке, давно такой красоты не видела=)	[('food quality', 'positive', 'кухня'), ('service general', 'positive', 'обслуживание'), ('ambience general', 'positive', 'обстановка')]
1778	Очень хороший, уютный ресторан.	[('restaurant general', 'positive', 'ресторан'), ('ambience general', 'positive', 'ресторан')]
1779	Приветливые официанты, вкусная еда и красивый интерьер.	[('service general', 'positive', 'официанты'), ('food quality', 'positive', 'еда'), ('ambience general', 'positive', 'интерьер')]
1780	Обязательно вернемся в это место еще не раз!	[('restaurant general', 'positive', 'место')]
1781	Отдельное спасибо Кате, нашей ведущей;)	[('service general', 'positive', 'ведущей')]
1782	Понравилась сама обстановка ресторана - очень красивая, интерьер радует глаз, во - вторых, кормили на убой))	[('food style_options', 'positive', 'NULL'), ('ambience general', 'positive', 'обстановка ресторана'), ('ambience general', 'positive', 'интерьер')]
1783	всего было много, и все было вкусно! в конце вечера мы забрали то, что осталось из еды и доедали дома.	[('food quality', 'positive', 'еды'), ('food style_options', 'positive', 'еды')]
1784	"Из выбранного нами меню, мне очень понравился салат ""Лагуна"", баклажаны и рулетики с грибами."	[('food quality', 'positive', 'салат Лагуна'), ('food quality', 'positive', 'баклажаны'), ('food quality', 'positive', 'рулетики с грибами')]
1785	Я выбрала рыбу-стейк из форели, на мой взгляд блюдо было сочным и вкусным.	[('food quality', 'positive', 'рыбу-стейк из форели'), ('food quality', 'positive', 'блюдо')]
1786	В - третьих, обслуживание и отношение персонала очень радушное.	[('service general', 'positive', 'обслуживание'), ('service general', 'positive', 'персонала')]
1787	Очень веселый и позитивный человек, профессионал своего дела.	[('service general', 'positive', 'человек')]
1788	Спасибо ему отдельное!	[('service general', 'positive', 'NULL')]
1789	Директор - душевный человек, все пожелания учитывает и советует, что и как лучше сделать.	[('service general', 'positive', 'Директор')]
1790	В итоге могу сказать, что нам понравилось! мы хорошо отдохнули, ничто не испортило настроения, почти никаких промахов не было за исключением мелочей, без которых, как мы понимаем, не обойтись.	[('restaurant general', 'positive', 'NULL')]
1791	Мы остались очень довольны выбором ресторана.	[('restaurant general', 'positive', 'ресторана')]
1792	Спасибо!	[('restaurant general', 'positive', 'NULL')]
1793	А помоему, очень приличное заведение.	[('restaurant general', 'positive', 'заведение')]
1794	Очень порадовала живая музыка.	[('ambience general', 'positive', 'живая музыка')]
1795	Ребята, как оказалось, зажигать умеют на все 100!.	[('ambience general', 'positive', 'Ребята')]
1796	Публика от мала до велмка отрывалась весь вечер Но за эо уже большое спасибо лично им, хотя и администрацию бара тоже есть за что поблагодарить-концерт был совершенно бесплатный!	[('ambience general', 'positive', 'Публика'), ('service general', 'positive', 'администрацию бара')]
1797	Еще там очень пикольный бармен- внешне напоминает повара из мультиков!	[('service general', 'positive', 'бармен')]
1798	На обслуживание тоже не жалуюсь, хотя и идеальным пока назвать сложным.	[('service general', 'neutral', 'обслуживание')]
1799	На концерте официантку было не дождаться, видимо сказывалась большая сумотоха вокруг.	[('service general', 'negative', 'официантку')]
1800	Конечно, не могу не отметить пиво! за него бы отдельно ввела шкалу и поставила 11...из 10! то есть больше, чем отлично!	[('drinks quality', 'positive', 'пиво')]
1801	Да и цены для заведения такого уровня не могут не радовать-настоящее пиво от 100 руб.	[('restaurant general', 'positive', 'заведения'), ('drinks prices', 'positive', 'пиво'), ('drinks quality', 'positive', 'пиво')]
1802	Вобщем хочется сказать ОГРОМНОЕ СПАСИБО администрации!	[('service general', 'positive', 'администрации')]
1803	Так держать:)	[('restaurant general', 'positive', 'NULL')]
1804	При входе в ресторан вас встречают необычный интерьер, охранник и приветливый администратор.	[('ambience general', 'neutral', 'интерьер'), ('service general', 'positive', 'администратор')]
1805	Проходите в один из четырех залов, а далее как обычно: усаживаетесь, ждете официанта (благо он приходит достаточно быстро), заказываете еду и ждете минут 15-20.	[('service general', 'neutral', 'официанта')]
1806	Обстановка в ресторане достаточно интересная.	[('ambience general', 'positive', 'Обстановка')]
1807	Если брать во внимание кухню, то как придется: вцелом сами блюда вкусные, но все зависит, наверное от повара или от его настроения, от качетсва самих продуктов или чего-то другого, не знаю..., в общем побывав в данном ресторане несколько раз и заказывая одно и то же горячее я была очень сильно разочарована, т.к. в первый раз мне принесли шикарное мясное блюдо, но во второй раз я, мягко говоря, очень сильно пожалела заказав его: мясо жесткое, не жуется, ножом режется плохо, да еще и еле теплое... мрак.	[('food quality', 'neutral', 'блюда'), ('food quality', 'positive', 'мясное блюдо'), ('food quality', 'negative', 'мясо')]
1808	А вцелом очень даже неплохое заведение.	[('restaurant general', 'positive', 'заведение')]
1809	Кто не был советую попробовать.	[('restaurant general', 'positive', 'NULL')]
1810	Зашли на прошлой неделе в Нельсон паб с друзьями попить пива,нас удивило приветствие персонала,настолько доброжелательных людей мы еще не видели!	[('service general', 'positive', 'персонала')]
1811	Нас обслуживала официантка Евгения,мы ее знаем еще с другого ресторана,очень хорошая и добрая девушка,всегда подскажет и посоветует,что можно покушать,и что можно выпить.	[('service general', 'positive', 'официантка'), ('service general', 'positive', 'девушка')]
1812	Пили пиво в этом заведении и нам очень понравилось,пиво было свежее.	[('drinks quality', 'positive', 'пиво'), ('drinks quality', 'positive', 'пиво')]
1813	Заказывали пасты,настолько они были вкусные,что мы готовы были заказать и по второй порции,но не смогли,потому что в Нельсон пабе большие и вкусные блюда.	[('food quality', 'positive', 'пасты'), ('food quality', 'positive', 'блюда'), ('food style_options', 'positive', 'блюда')]
1814	Очень понравился интерьер заведения.	[('ambience general', 'positive', 'интерьер')]
1815	В общем понравилось все.	[('restaurant general', 'positive', 'NULL')]
1816	Кухня вкусная,обслуживание на 100%,а еще хотелось бы попросить персонал,чтобы ребята всегда оставались такими доброжелательными и жизнерадостными.	[('food quality', 'positive', 'Кухня'), ('service general', 'positive', 'обслуживание'), ('service general', 'positive', 'персонал')]
1817	Всем советую посетить Нельсон паб и получить там только хорошие эмоции!!!	[('restaurant general', 'positive', 'Нельсон паб')]
1818	Хороший ресторан с неплохим обслуживанием.	[('restaurant general', 'positive', 'ресторан'), ('service general', 'neutral', 'обслуживанием')]
1819	Оба раза остались довольны.	[('restaurant general', 'positive', 'NULL')]
1820	Уютный интерьер в итальянском стиле, вежливые и внимательные девушки официанты, приятная музыка без бум-бумов.	[('ambience general', 'positive', 'интерьер'), ('service general', 'positive', 'девушки официанты'), ('ambience general', 'positive', 'музыка')]
1821	Кухня – не плохая, хотя, некоторые блюда, были приготовлены не по правилам.	[('food quality', 'neutral', 'Кухня'), ('food style_options', 'negative', 'блюда')]
1822	А что самое главное - не много людей.	[('ambience general', 'positive', 'NULL')]
1823	Ресторан хорошо подходит для романтического ужина.	[('restaurant general', 'positive', 'Ресторан')]
1824	Все очень понравилось: красиво украшенный зал, уютный интерьер, доброжелательный персонал)))	[('ambience general', 'positive', 'зал'), ('ambience general', 'positive', 'интерьер'), ('service general', 'positive', 'персонал')]
1825	Обслуживание на очень высоком уровне!!	[('service general', 'positive', 'Обслуживание')]
1826	Нигде раньше такого не встречала...официанты очень внимательные, всегда было на столе чисто и даже не приходилось себе ничего наливать и накладывать!	[('service general', 'positive', 'официанты')]
1827	Особенно хочу отметить официанта Елену, к сожалению фамилию не знаю, которая обслуживала стол жениха и невесты!))))	[('service general', 'positive', 'официанта')]
1828	Спасибо Вам большое!!!))))))))))))))	[('restaurant general', 'positive', 'NULL')]
1829	Как и 3 года назад, в меню ничего нового, одни пиццы и пасты.	[('food style_options', 'negative', 'меню')]
1830	На мой взгляд, в меню нужно добавлять новые блюда хотя бы раз в год, чтобы людям было интересно попробовать что-то новое.	[('food style_options', 'negative', 'меню')]
1831	Закусывать одними пиццами, пастами и совершенно одинаковыми салатами (их штук 8 и они все из овощей с моцареллой) - лично мне было стыдно перед подругами, что я привела их в этот ресторан, потому что действительно выбор блюд невелик.	[('food style_options', 'negative', 'пиццами'), ('food style_options', 'negative', 'пастами'), ('food style_options', 'negative', 'салатами'), ('food style_options', 'negative', 'овощей с моцареллой'), ('restaurant general', 'negative', 'ресторан'), ('food style_options', 'negative', 'выбор блюд')]
1832	Если рассматривать это заведение с точки зрения заехать поесть - хорошее место, настоящая итальянская кухня и не дорого.	[('restaurant general', 'positive', 'место'), ('food prices', 'positive', 'итальянская кухня'), ('food quality', 'positive', 'итальянская кухня')]
1833	В общем, заведение очень приятное и хозяин талантлив, сделал и кафе и ресторан вместе, и с самого открытия сюда валят толпы народу.	[('restaurant general', 'positive', 'заведение'), ('restaurant general', 'positive', 'хозяин')]
1834	Хочется, чтобы мой отзыв дошел до администрации, и они начали разнообразить кухню мясными блюдами, гарнирами, интересными салатами и супами.	[('food style_options', 'negative', 'кухню')]
1835	Ходил с девушкой 22.12- ей очень понравилось.	[('restaurant general', 'positive', 'NULL')]
1836	Оч мило провели время- вкусная еда и красиво оформленный зал.	[('food quality', 'positive', 'еда'), ('ambience general', 'positive', 'зал')]
1837	Сразу как зашли, к нам подошел официант.	[('service general', 'positive', 'официант')]
1838	Очень не люблю, когда сидишь и подолгу ждешь, когда на тебя обратят внимание, здесь все наоборот очень быстро, вежливо.	[('service general', 'positive', 'NULL')]
1839	Заказ то же не пришлось оч долго ждать.	[('service general', 'positive', 'NULL')]
1840	В общем вечер прошел на ОТЛИЧНО, в следующий раз обязательно к Вам приведу свою девушку.	[('restaurant general', 'positive', 'NULL')]
1841	Хотелось бы сказать огромное спасибо всем сотрудникам данного заведения.	[('restaurant general', 'positive', 'NULL')]
1842	Гостей вместе с нами было 47 человек, в зале было свободно и места для танцев, о котором я очень переживала, было предостаточно.	[('ambience general', 'positive', 'зале'), ('ambience general', 'positive', 'места для танцев')]
1843	Администраторы помогли нам с оформлением зала и поиском ведущих (за которых тоже большое спасибо).	[('service general', 'positive', 'Администраторы')]
1844	Все было очень вкусно, широкий выбор блюд, большие порции, а главное гости были сыты и довольны.	[('food style_options', 'positive', 'выбор блюд'), ('food quality', 'positive', 'блюд'), ('food style_options', 'positive', 'порции')]
1845	В общем, все прошло на 5+.	[('restaurant general', 'positive', 'NULL')]
1846	Обязательно будем рекомендовать вас всем знакомым.	[('restaurant general', 'positive', 'NULL')]
1847	Еще раз спасибо!	[('restaurant general', 'positive', 'NULL')]
1848	Кухня - 10 отлично, всё было вкусно.	[('food quality', 'positive', 'Кухня')]
1849	Интерьер - 10 замечательный, уютный.	[('ambience general', 'positive', 'Интерьер')]
1850	Сервис - 6.	[('service general', 'neutral', 'Сервис')]
1851	Уже была 2 раза в Манго, поэтому его выбрала.	[('restaurant general', 'positive', 'Манго')]
1852	А когда пришли, оказалось что сотрудники зала ничего об этой брони не знают.	[('service general', 'negative', 'сотрудники')]
1853	Управляющего на месте нет.	[('service general', 'negative', 'Управляющего')]
1854	Столики у стенок с диванами заняты все.	[('ambience general', 'negative', 'Столики')]
1855	В целом вечер оказался неплох!	[('restaurant general', 'neutral', 'NULL')]
1856	Всё что заказали поесть и попить - вкусно!	[('food quality', 'positive', 'NULL'), ('drinks quality', 'positive', 'NULL')]
1857	Приносили всё вовремя.	[('service general', 'positive', 'NULL')]
1858	Сделали нам скидку как имениннику и комплимент - кувшинчик с лимонадом собственного приготовления.	[('service general', 'positive', 'NULL')]
1859	Тоже вкусный.	[('drinks quality', 'positive', 'NULL')]
1860	В общем сделали всё, чтоб мы остались довольны.	[('service general', 'positive', 'NULL')]
1861	Девочки-официантки умнички.	[('service general', 'positive', 'Девочки-официантки')]
1862	Поэтому оценка за сервис не самая низкая ))	[('service general', 'neutral', 'сервис')]
1863	Не знаю кто виноват, в том что сотрудники зала не знаю ничего о брони..	[('service general', 'negative', 'сотрудники')]
1864	Но если управляющий уходит куда-то, на мой взгляд, он непременно должен оставить информацию о заказанных столах кому-то!	[('service general', 'negative', 'управляющий')]
1865	Очень хочется написать благодарность!	[('restaurant general', 'positive', 'NULL')]
1866	Всем советую! мы бронировали стол заранее, причем хотели конкретный.	[('restaurant general', 'positive', 'NULL')]
1867	Никаких проблем не возникло, пришли за 10 минут до назначенного времени, стол был готов.	[('service general', 'neutral', 'NULL')]
1868	Девушка администратор - очень вежливая, улыбчивая, проводила, сразу принесла меню.	[('service general', 'positive', 'Девушка администратор')]
1869	Не прошло и минуты как появился официант.	[('service general', 'positive', 'официант')]
1870	Но от меня ему огромное спасибо!	[('service general', 'positive', 'NULL')]
1871	Ненавязчивый, всегда в поле зрения, угадывает жедания, с юмором.	[('service general', 'positive', 'NULL')]
1872	Еду принесли очень быстро, на любой вопрос по меню, официант отвечает не задумываясь, очень профессионально отработал.	[('service general', 'positive', 'официант')]
1873	В ресторане было очень много посетителей, но при этом ты людей за соседними столами практически не слышишь.	[('ambience general', 'neutral', 'NULL')]
1874	Планировка ресторана продумана отлично, музыка очень приятная и приглушенная.	[('ambience general', 'positive', 'Планировка'), ('ambience general', 'positive', 'музыка')]
1875	Мы были в полном восторге.	[('restaurant general', 'positive', 'NULL')]
1876	Три часа пролетели на одном дыхании.	[('restaurant general', 'positive', 'NULL')]
1877	Всем рекомендую сходить, но столик лучше забронировать, особенно на вечер!	[('restaurant general', 'positive', 'NULL')]
1878	Цены вполне приемлемые: за большую пиццу и 6 коктейлей мы заплатили 2200	[('food prices', 'neutral', 'пиццу'), ('drinks prices', 'neutral', 'коктейлей')]
1879	Мне все очень понравилось.	[('restaurant general', 'positive', 'NULL')]
1880	Огромное спасибо официанту Дмитрию - очень вежлив и приветлив!	[('service general', 'positive', 'официанту')]
1881	Заказывали по салату Цезарю, пасту и пиццу - все понравилось!	[('food quality', 'positive', 'салату Цезарю'), ('food quality', 'positive', 'пасту'), ('food quality', 'positive', 'пиццу')]
1882	Еще Дмитрий псоветовал нам очень вкусное белое вино, а узнав, что у меня праздник - в подарок мы получили фруктовую тарелку!	[('service general', 'positive', 'NULL'), ('drinks quality', 'positive', 'белое вино')]
1883	Хочу отметить интерьер - стильный, теплый и уютный.	[('ambience general', 'positive', 'интерьер')]
1884	Зайдем еще не раз!	[('restaurant general', 'positive', 'NULL')]
1885	Рекомендую.	[('restaurant general', 'positive', 'NULL')]
1886	Остались очень довольны.	[('restaurant general', 'positive', 'NULL')]
1887	Плюсы: - Довольно приятный интерьер, приглушенный, мягкий свет, тихая музыка (не мешает общаться).	[('ambience general', 'positive', 'интерьер'), ('ambience general', 'positive', 'свет'), ('ambience general', 'positive', 'музыка')]
1888	- Большой выбор блюд и довольно разнообразный.	[('food style_options', 'positive', 'выбор блюд')]
1889	- Нас очень быстро обслужили.	[('service general', 'positive', 'NULL')]
1890	Сразу же подали напитки, немногим позже принесли салаты и, не успели мы доесть, как стали подавать горячее.	[('service general', 'positive', 'NULL')]
1891	Причем вино подали сразу и оно было уже сильно охлажденное, что особенно понравилось.	[('service general', 'positive', 'NULL'), ('drinks style_options', 'positive', 'вино')]
1892	- Очень порадовала кухня.	[('food quality', 'positive', 'кухня')]
1893	Всё было очень вкусно!	[('food quality', 'positive', 'NULL')]
1894	Мы заказали довольно разнообразные блюда и понравилось абсолютно всё!	[('food quality', 'positive', 'блюда')]
1895	Поварам отдельное спасибо!	[('food quality', 'positive', 'Поварам')]
1896	Поели от души и в удовольствие))) - Ну и конечно, очень удивил и порадовал счет))	[('restaurant prices', 'positive', 'NULL'), ('food quality', 'positive', 'NULL')]
1897	Нас было 6 человек, заказали мы салаты, два вида блюд с баклажанами, тофу, утку, рыбу, два вида мяса, мелочи и плюс алкоголь (умеренно) и обошлось в три с копейками.	[('restaurant prices', 'positive', 'NULL')]
1898	Причем порции были огромные.	[('food style_options', 'positive', 'порции')]
1899	Мы переели))	[('food quality', 'positive', 'NULL')]
1900	Минусы: - Очень не понравилось, что в зале курят.	[('ambience general', 'negative', 'зале')]
1901	А т.к. зал общий, то в итоге вся одежда провоняла((	[('ambience general', 'negative', 'зал')]
1902	- Не очень понравились туалеты.	[('restaurant miscellaneous', 'negative', 'туалеты')]
1903	Вроде чисто, но как то не опрятно что ли.	[('restaurant miscellaneous', 'negative', 'NULL')]
1904	В целом впечатление очень хорошее.	[('restaurant general', 'positive', 'NULL')]
1905	Конечно же, мы ещё вернемся.	[('restaurant general', 'positive', 'NULL')]
1906	Вот идем мы с мамой после театра довольные и счастливые, и на свою беду решаю отвести ее в длинный хвост.	[('restaurant general', 'negative', 'длинный хвост')]
1907	Когда мы вошли нас очень мило встретили и предложили расположиться на первом этаже, не долго думая сели почти у входа рядом со стойкой бара.	[('service general', 'positive', 'NULL')]
1908	после того как мы сели прошло 10 минут и нам перенесли меню, чему мама очень обрадовалась, очень быстро выбрали что будем есть и стали ждать официанта, при входе стояла девушка хостес, которая очень мило разговаривала по телефону со своей подружкой, все официанты пробегали мимо нас, на робкие слова, девушка/молодой человек можно вас?	[('service general', 'negative', 'девушка хостес'), ('service general', 'negative', 'официанты')]
1909	Нам отвечали откровенным игнором, через пол часа ожидания мы просто встали и ушли, настроение было испорчено, а так хотелось порадовать маму !!!!	[('service general', 'negative', 'NULL')]
1910	Но обслуживание оставляет желать лучшего.	[('service general', 'negative', 'обслуживание')]
1911	Итак 40 минут времени потрачено впустую, и никакого результата	[('service general', 'negative', 'NULL')]
1912	И это место именно то, что надо!	[('restaurant general', 'positive', 'место')]
1913	И даже лучше.	[('restaurant general', 'positive', 'NULL')]
1914	Правда сам факт того, что нам удалось посидеть в этом заведении считаю везением - увидели свободный столик почти в углу - просто повезло что он был свободен.	[('restaurant general', 'positive', 'заведении')]
1915	Пробовали коктейли- прекрасные, чувствуется, что сделаны из хороших напитков, как положено.	[('drinks quality', 'positive', 'коктейли'), ('drinks quality', 'positive', 'напитков')]
1916	Отдельное спасибо официантке- она просто угадывала наши желания, и советовала то, что нам и хотелось.	[('service general', 'positive', 'официантке')]
1917	Обслуживание 10 баллов.	[('service general', 'positive', 'Обслуживание')]
1918	Еда вкусная.	[('food quality', 'positive', 'Еда')]
1919	Еще стоит отметить прекрасный, уютный и стильный интерьер и безупречно подобранный музыкальный фон (для тех, кому это важно).	[('ambience general', 'positive', 'интерьер'), ('ambience general', 'positive', 'музыкальный фон')]
1920	Ощущение было, что я дома, и все свои.	[('restaurant general', 'positive', 'NULL')]
1921	"Спасибо, ""радио"" за отличный вечер!"	[('restaurant general', 'positive', 'радио')]
1922	Были впервые, остались довольны, кухня и обслуживание превзошли наши ожидание, не везде встречают так, как будто мы пришли в гости к друзьям))))	[('food quality', 'positive', 'кухня'), ('service general', 'positive', 'обслуживание')]
1923	Девушка-администратор вошла в положение, и моментально решила вопрос (уже через пару минут мы расположились в центре зала на мягких диванах) и тут же сама приняла заказ.	[('service general', 'positive', 'Девушка-администратор'), ('ambience general', 'positive', 'диванах')]
1924	Обстановка в ресторане вообще очень приятная и домашняя, грязные тарелки исчезали со стола незаметно, весь персонал приятные и улыбчивые ребята.	[('ambience general', 'positive', 'Обстановка'), ('service general', 'positive', 'персонал')]
1925	По кухне: очень понравился палтус со шпинатом, такого нежного палтуса мы нигде не встречали, впечатлил салат из запеченых овощей)) в основном все порадовало, ушли довольные и сытые.	[('food quality', 'positive', 'палтус со шпинатом'), ('food quality', 'positive', 'палтуса'), ('food quality', 'positive', 'салат из запеченых овощей')]
1926	А еще, мы не стали заказывать десерты, т. к. наш ужин получился довольно сытным, но, приятно удивились, когда нас угостили вкусняшками в маленьких рюмочках, (по-моему панакота).	[('service general', 'positive', 'NULL'), ('food quality', 'positive', 'панакота')]
1927	Теперь мы частые гости в этом заведении, все семейные праздники будем отмечать в Марчеллисе.	[('restaurant general', 'positive', 'заведении'), ('restaurant general', 'positive', 'Марчеллисе')]
1928	Ребята, так держать, спасибо большое.	[('restaurant general', 'positive', 'NULL')]
1929	S.: не могу не отметить трепетного отношения к детям в этом ресторане, моим малышам там настолько понравилось, еле увели домой))))	[('service general', 'positive', 'отношения к детям')]
1930	Хочу выразить огромную благодарность этому ресторану за самый лучший и не мало важный день в жизни нашей фирмы.	[('restaurant general', 'positive', 'ресторану')]
1931	В первую очередь хочу поблагодарить администрацию, за отличное и преданное отношение к своему делу.	[('service general', 'positive', 'администрацию')]
1932	При встрече всегда дружелюбны,были выслушаны все наши пожелания и дали хорошие советы, как было бы еще лучше.	[('service general', 'positive', 'NULL')]
1933	Еще порадовало что в ресторане есть спец предложение от шеф-повара.	[('food style_options', 'positive', 'спец предложение от шеф-повара')]
1934	Судак просто сказка, очень вкусный и красивый и весь коллектив был просто в восторге.	[('food quality', 'positive', 'Судак'), ('food style_options', 'positive', 'Судак')]
1935	Про зал могу сказать что он очень красивый и уютный, очень понравился интерьер.	[('ambience general', 'positive', 'зал'), ('ambience general', 'positive', 'интерьер')]
1936	Отдельное спасибо шеф-повару этого ресторана за прекрасный и красивый стол.	[('food style_options', 'positive', 'стол')]
1937	Все было очень вкусно и красиво оформлено.	[('food quality', 'positive', 'NULL'), ('food style_options', 'positive', 'NULL')]
1938	Официанты дружелюбные и улыбчивые.	[('service general', 'positive', 'Официанты')]
1939	Все делали во время и не навязчиво.	[('service general', 'positive', 'NULL')]
1940	Мы остались очень довольны от проведенного вечера.	[('restaurant general', 'positive', 'NULL')]
1941	Нам все очень понравилось, спасибо вам огромное за превосходный праздник.	[('restaurant general', 'positive', 'NULL')]
1942	Будем Вас рекомендовать всем своим друзьям и знакомым.	[('restaurant general', 'positive', 'NULL')]
1943	Хочу выразить огромную благодарность этому ресторана за самый лучший и важный день в моей жизни.	[('restaurant general', 'positive', 'ресторана')]
1944	В первую очередь хочу поблагодарить администратора Наталью, за отличное и преданное отношение к своему делу.	[('service general', 'positive', 'администратора')]
1945	При встрече всегда дружелюбна, выслушала все наши пожелания и дала хорошие советы, как было бы еще лучше.	[('service general', 'positive', 'NULL')]
1946	Еще порадовало что можно заказать в ресторане все что вы хотите.	[('service general', 'positive', 'NULL')]
1947	Шоколадный фонтан просто сказка, очень вкусный и красивый.	[('food quality', 'positive', 'Шоколадный фонтан'), ('food style_options', 'positive', 'Шоколадный фонтан')]
1948	Про зал могу сказать что он очень красивый и уютный, очень понравился интерьер.	[('ambience general', 'positive', 'зал'), ('ambience general', 'positive', 'интерьер')]
1949	Отдельное спасибо шеф-повару этого ресторана за прекрасный и красивый стол.	[('food style_options', 'positive', 'стол')]
1950	Все было очень вкусно и красиво оформлено.	[('food quality', 'positive', 'NULL'), ('food style_options', 'positive', 'NULL')]
1951	Официанты дружелюбные и улыбчивые.	[('service general', 'positive', 'Официанты')]
1952	Все делали во время и не навязчиво.	[('service general', 'positive', 'NULL')]
1953	А еще мы получили подарок очень миленький и вкусный тортик.	[('service general', 'positive', 'NULL'), ('food quality', 'positive', 'тортик')]
1954	Все гости остались очень довольны от проведенного вечера.	[('restaurant general', 'positive', 'NULL')]
1955	Нам все очень понравилось, спасибо вам огромное за превосходный праздник.	[('restaurant general', 'positive', 'NULL')]
1956	Будем Вас рекомендовать всем своим друзьям и знакомым.	[('restaurant general', 'positive', 'NULL')]
1957	По пятницам и выходным народу всегда много, мест просто нет, приходится садиться за столик маленький у окна, не совсем удобный, но если выбора нет-сойдет.	[('ambience general', 'negative', 'столик')]
1958	Пиво вкусное, как правило беру вайнштефан светлое - уже классика, иногда пробую что-то новое.	[('drinks quality', 'positive', 'Пиво'), ('drinks quality', 'positive', 'вайнштефан светлое')]
1959	Еда в целом вкусная, претензий нет, порции адекватные.	[('food quality', 'neutral', 'Еда'), ('food style_options', 'neutral', 'порции')]
1960	В целом хорошее место, удобное по расположению в центре города прямо у метро, советую.	[('restaurant general', 'positive', 'место'), ('location general', 'positive', 'центре города')]
1961	Мне так там нравитсяяяя!!!!!!!!!	[('restaurant general', 'positive', 'NULL')]
1962	Интерьер модный, современный, музыка замечательная, девушки красивые, еда потрясающая, все что не закажешь оказывается вкуснотищей!	[('ambience general', 'positive', 'Интерьер'), ('ambience general', 'positive', 'музыка'), ('service general', 'positive', 'девушки'), ('food quality', 'positive', 'еда')]
1963	Рубленные котлетки из лосося и судака с голландским соусом и белой спаржей, куриное филе с котлетками из кабачков, салат из тунца, десерт с бананами....да все вкусно, можно открыть меню, ткнуть пальцем в первое попавшееся блюдо и не ошибетесь!	[('food quality', 'positive', 'Рубленные котлетки из лосося и судака с голландским соусом и белой спаржей'), ('food quality', 'positive', 'куриное филе с котлетками из кабачков'), ('food quality', 'positive', 'салат из тунца'), ('food quality', 'positive', 'десерт с бананами')]
1964	Обслуживание всегда было очень хорошее и достойное, все приветливые, улыбаются!	[('service general', 'positive', 'Обслуживание')]
1965	Единственное был тут один нюанс, зашли с подругой в субботу перекусить, девушка хостес сплошной позитив, был вечер, практически все столы были заняты или зарезервированы, но она все равно нашла нам очень хорошее место.	[('service general', 'positive', 'девушка хостес')]
1966	Сели, принес официант меню, ушел, ждали минут 20 пока подойдет к нам еще, заказали, заказ принесли буквально через 15 минут, это порадовало, при полной загрузке ресторана, приготовили все быстро, есть хотелось сильно))	[('service general', 'neutral', 'официант')]
1967	Пустые тарелки долго не забирал, пустую чашку с кофе вообще не замечал, забрал тарелки, но оставил все грязные приборы, потом вообще подошел к столу, забрал сахарницу и поставил на соседний стол, там мужчины сидели чаек попивали, а ниче так что моя подруга кофе пила и сахар ей был нужен!	[('service general', 'negative', 'NULL')]
1968	Ну вообщем странный какой-то, где-то в облаках летал)))	[('service general', 'negative', 'NULL')]
1969	Но нас это не испугает, ходили и будем ходить в Шатер!!!	[('restaurant general', 'positive', 'Шатер')]
1970	Все было просто великолепно!	[('restaurant general', 'positive', 'NULL')]
1971	Все остались довольны и кухней, и интерьером и обслуживанием.	[('food quality', 'positive', 'кухней'), ('ambience general', 'positive', 'интерьером'), ('service general', 'positive', 'обслуживанием')]
1972	Большое спасибо администрации и персоналу ресторана!	[('service general', 'positive', 'администрации'), ('service general', 'positive', 'персоналу ресторана')]
1973	Всегда шли навстречу нашим пожеланиям и все сделали на высшем уровне.	[('service general', 'positive', 'NULL')]
1974	Банкетное меню было за 4 т.р. - очень много еды на человека получилось и еда (во всяком случае, горячие закуски и вторые блюда) была очень хорошей.	[('food quality', 'positive', 'еда'), ('food quality', 'positive', 'горячие закуски'), ('food quality', 'positive', 'вторые блюда')]
1975	Выбрали именно этот ресторан , прежде всего, из-за его пивоварни, ну и, как оказалось, у друга была дисконтная карта этого заведения :)	[('drinks quality', 'positive', 'пивоварни')]
1976	Пиво здесь действительно оказалось обалденным, просто выше всех похвал!	[('drinks quality', 'positive', 'Пиво')]
1977	Первый раз попробовал свежесваренное пиво, теперь, наверное, никогда больше не смогу пить обычное разливное, а бутылочное - так тем более :))	[('drinks quality', 'positive', 'свежесваренное пиво')]
1978	кухня нас тоже очень порадовала!	[('food quality', 'positive', 'кухня')]
1979	Заказал много всего – и закуски, и горячее… даже не могу что-то выделить особенно . все оказалось очень вкусным.	[('food quality', 'positive', 'закуски'), ('food quality', 'positive', 'горячее')]
1980	Наш стол обслуживали сразу несколько официантов, так что все блюда и напитки выносились очень оперативно, грязная посуда и пепельницы тоже исчезали со стола молниеносно и заменялись на чистое.	[('service general', 'positive', 'официантов')]
1981	Молодцы, ребята, за такое обслуживание не жалко и чаевые оставлять.	[('service general', 'positive', 'обслуживание')]
1982	Развлекательная программа ресторана тоже понравилась, не только попили – поели, но и потанцевать удалось, короче, было весело :)	[('ambience general', 'positive', 'Развлекательная программа')]
1983	Подведу итог: днюха прошла на Ура, я и мои друзья остались безумно довольны, за это огромное спасибо всему персоналу Паберти!	[('service general', 'positive', 'персоналу Паберти')]
1984	Интерьер симпатичный, типичный для Гинзы, мягкие диваны, большие столы, теплые цвета, красивые девушки..)))	[('ambience general', 'positive', 'Интерьер'), ('ambience general', 'positive', 'диваны'), ('ambience general', 'positive', 'столы'), ('ambience general', 'positive', 'цвета'), ('ambience general', 'positive', 'девушки')]
1985	Вообщем все располагает к приятному времяпрепровождению!	[('restaurant general', 'positive', 'NULL')]
1986	Обслуживание на достойном уровне!	[('service general', 'positive', 'Обслуживание')]
1987	Сомелье приятный молодой человек, ненавязчиво помогал в выборе, официантка была очень вежливая, со своими обязанностями справлялась на отлично!)	[('service general', 'positive', 'Сомелье'), ('service general', 'positive', 'молодой человек'), ('service general', 'positive', 'официантка')]
1988	Еда оооочень вкусная)разрекламированная шаверма оказалась выше всяких похвал) мне как раз последнее время очень хотелось ее поесть, но покупать в ларьках около метро очень боязно было, поэтому я осталась довольна своим выбором)))ребята ели салат овощной с крабом и креветками, стейк из говядины с пюре - салат прекрасен, стейк еще лучше)	[('food quality', 'positive', 'Еда'), ('food quality', 'positive', 'шаверма'), ('food quality', 'positive', 'салат'), ('food quality', 'positive', 'стейк')]
1989	И напоследок десерт, миндальный рулет....я не знаю как выразить это в словах, но вот пишу и уже облизываюсь!!!!	[('food quality', 'positive', 'десерт'), ('food quality', 'positive', 'миндальный рулет')]
1990	Нереально вкусный рулет, тает во рту, высшее наслаждение!!!	[('food quality', 'positive', 'рулет')]
1991	ПРОБУЙТЕ ОБЯЗАТЕЛЬНО!!!! итог- хочу еще и побольше!))))	[('food quality', 'positive', 'NULL')]
1992	И до сих пор это место лучшее для меня.	[('restaurant general', 'positive', 'место')]
1993	Всегда если речь заходит о мясе, я обязательно упомяну Абажур.	[('food quality', 'positive', 'мясе'), ('restaurant general', 'positive', 'Абажур')]
1994	Мясо превосходно, и в голове даже не возникает мыслей о другом заведении если я хочу покушать мяса.	[('food quality', 'positive', 'Мясо')]
1995	Но даже с отличной кухней, я бы не вернулся туда, если бы общение официанта с посетителем не было таким душевным.	[('food quality', 'positive', 'кухней'), ('service general', 'positive', 'официанта')]
1996	Официанты знают чётко своё дело, расскажут о всех блюдах, дадут совет, что выбрать, не тупят если спросить состав блюда.	[('service general', 'positive', 'Официанты')]
1997	Ну и главное для меня, просто приятные люди, спасибо вам ребята.	[('service general', 'positive', 'люди')]
1998	И именно из за человеческого отношения официантов, я рад просто зайти на чашку кофе в свободное время.	[('service general', 'positive', 'официантов')]
1999	Кухней доволен всей, действительно мне нравится всё, не даром я до сих пор считаю это место лучшим для себя.	[('food quality', 'positive', 'Кухней'), ('restaurant general', 'positive', 'место')]
2000	Но выделю из меню утку!	[('food quality', 'positive', 'утку')]
2001	Вы обязаны попробовать, это нечеловечески вкусно!(был бы рад увидеть повара и поблагодарить)	[('food quality', 'positive', 'NULL')]
2002	Ну и конечно возьмите чашечку кофе.	[('drinks quality', 'positive', 'кофе')]
2003	Интерьер приятный, освещение мягкое, места удобные, музыка подобранна хорошо)	[('ambience general', 'positive', 'Интерьер'), ('ambience general', 'positive', 'освещение'), ('ambience general', 'positive', 'места'), ('ambience general', 'positive', 'музыка')]
2004	Что тут ещё добавишь, я люблю Абажур))	[('restaurant general', 'positive', 'Абажур')]
2005	"Огромное спасибо ресторану ""Империя"" за чудесный ужин!"	[('restaurant general', 'positive', 'ресторану Империя')]
2006	Все было на высоте: интерьер ресторана интересный,причем в жизни выглядит еще лучше,чем на фото (много скульптур,интересные лампы,большие мягкие диваны), вежливые и быстрые официанты, спокойная музыка (после 20:00 живое выступление - было интересно послушать), и конечно же - очень вкусная еда!	[('ambience general', 'positive', 'интерьер'), ('ambience general', 'positive', 'скульптур'), ('ambience general', 'positive', 'лампы'), ('ambience general', 'positive', 'диваны'), ('service general', 'positive', 'официанты'), ('ambience general', 'positive', 'музыка'), ('ambience general', 'positive', 'живое выступление'), ('food quality', 'positive', 'еда')]
2007	Особенно хотелось бы отметить стейки (они выше всяких похвал) и десерт (мы пробовали Альмонд -готовится в самом ресторане,неописуемо вкусно)!	[('food quality', 'positive', 'стейки'), ('food quality', 'positive', 'десерт'), ('food quality', 'positive', 'Альмонд')]
2008	"Как итог, хотелось бы посоветовать ""Империю"" не только как ресторан для празднования свадеб,дней рождений (красивые большие залы,удобный танцпол,живая музыка вам обязательно понравятся),но и как место с уютной романтической обстановкой!"	[('restaurant general', 'positive', 'Империю'), ('ambience general', 'positive', 'залы'), ('ambience general', 'positive', 'танцпол'), ('ambience general', 'positive', 'живая музыка'), ('ambience general', 'positive', 'обстановкой')]
2009	Мы провели отличный пятничный вечер!	[('restaurant general', 'positive', 'NULL')]
2010	Обязательно посетим вас еще!	[('restaurant general', 'positive', 'NULL')]
2011	Отличное кафе!!!!	[('restaurant general', 'positive', 'кафе')]
2012	Все было замечательно - вкусная и обильная еда, большие блюда, обстановка, вежливая администратор Александра.	[('food quality', 'positive', 'еда'), ('food style_options', 'positive', 'блюда'), ('ambience general', 'positive', 'обстановка'), ('service general', 'positive', 'администратор')]
2013	Небольшое уютное кафе.	[('ambience general', 'positive', 'кафе')]
2014	Очень низкие цены (и это с учетом того, что место находится на Невском проспекте).	[('food prices', 'positive', 'NULL')]
2015	Я уже не первый раз сюда хожу и всегда очень довольна.	[('restaurant general', 'positive', 'NULL')]
2016	Очень вкусные хачапури с сыром, вкусный лосось (кусок очень большой и сытный).	[('food quality', 'positive', 'хачапури с сыром'), ('food quality', 'positive', 'лосось'), ('food style_options', 'positive', 'кусок')]
2017	И много другой вкусной еды.	[('food quality', 'positive', 'еды')]
2018	У меня все друзья решили сюда прийти еще не раз.	[('restaurant general', 'positive', 'NULL')]
2019	Если говорить о минусах: Минус, пожалуй, один: Внизу не очень красивый антураж.	[('ambience general', 'negative', 'антураж')]
2020	ПО крайней мере, мне не очень нравится.	[('restaurant general', 'neutral', 'NULL')]
2021	На верхнем этаже все супер!!!!	[('ambience general', 'positive', 'верхнем этаже')]
2022	НО зато внизу можно попеть караоке!	[('ambience general', 'positive', 'караоке')]
2023	Есть ооочень вкусный кальян.	[('restaurant miscellaneous', 'positive', 'кальян')]
2024	В общем, порекомендую это место всем тем, кто хочет вкусно, сытно и не очень дорого отметить какой-нибудь праздник или просто посидеть вдвоем в уютной обстановке.	[('restaurant general', 'positive', 'место'), ('restaurant prices', 'neutral', 'место'), ('ambience general', 'positive', 'обстановке')]
2025	Очень-очень довольна!!!!	[('restaurant general', 'positive', 'NULL')]
2026	Встретили радушно, большой букет поставили в большую вазу.	[('service general', 'positive', 'NULL')]
2027	Помогли сесть за стол.	[('service general', 'positive', 'NULL')]
2028	"Предложили хлеб на выбор ( в дальнейшем за вечер неоднократно подходил молодой человек и предлагал хлеб ""какой желаете"") и три вида масла."	[('service general', 'positive', 'молодой человек')]
2029	Вечер в ресторане Палкин прошел в изысканной обстановке, созданной вежливым и внимательным персоналом.	[('ambience general', 'positive', 'обстановке'), ('service general', 'positive', 'персоналом')]
2030	Обслуживали аккуратно и незаметно, хотя гостей как наших так и иностранцев было много.	[('service general', 'positive', 'NULL')]
2031	Блюда за наш стол подавались гостям одновременно.	[('service general', 'positive', 'NULL')]
2032	Комплименты от шеф-повара, салаты, закуски, горячие блюда оригинальны и великолепны.	[('food quality', 'positive', 'Комплименты от шеф-повара'), ('food quality', 'positive', 'салаты'), ('food quality', 'positive', 'закуски'), ('food quality', 'positive', 'горячие блюда')]
2033	А какое шоу нам показали двое молодых людей, занятых приготовлением заказанного десерта, прямо в зале перед нашим столиком.	[('ambience general', 'positive', 'шоу')]
2034	Большое спасибо персоналу ресторана за прекрасный вечер.	[('service general', 'positive', 'персоналу')]
2035	Свадьба была чудесная, настроение было испорчено здесь!	[('restaurant general', 'negative', 'NULL')]
2036	Все по порядку, банкетное меню 2000 на человека, дело было не в цене, хотелось просто видеть богатый стол, администратор уверила, что этого вполне достаточно, хотя у нас было меню на 18 человек, а двое не смогли прийти и сумма заказа была больше чем 2000 на человека и все равно еды было мало!	[('food style_options', 'negative', 'еды')]
2037	Смешно смотрелось 6 маленьких кусочков красной рыбы на здоровом блюде и т.д.	[('food style_options', 'negative', 'красной рыбы')]
2038	Я понимаю красивая посуда и оформление стола, но не стоит смешить гостей 6 рулетиками на огромном блюде!	[('food style_options', 'positive', 'посуда'), ('food style_options', 'positive', 'оформление стола'), ('food style_options', 'negative', 'рулетиками')]
2039	Я уже молчу, что они берут 10% за обслуживание, а у нас всего был 1 официант, алкоголя на столе не было и он один явно не успевал всем подливать, в итоге гости сидели с пустыми бокалами!	[('restaurant prices', 'negative', 'обслуживание'), ('service general', 'negative', 'официант')]
2040	Он один не успевал всем одновременно подать горячее и десерт, в итоге чай уже остыл, к тому времени, когда поспел десерт!	[('service general', 'negative', 'NULL')]
2041	Может здесь и неплохо поужинать, но банкет явно не стоит здесь делать!	[('restaurant general', 'negative', 'NULL')]
2042	Не портите себе праздник!	[('restaurant general', 'negative', 'NULL')]
2043	Специально зарегистрировался, чтобы оставить отзыв о банкете, потому что здесь мне очень понравилось!	[('restaurant general', 'positive', 'NULL')]
2044	Зал очень яркий, уютный, есть отельная зона, где можно было посидеть отдохнуть от танцев.	[('ambience general', 'positive', 'Зал')]
2045	Танцевали весь вечер!	[('ambience general', 'positive', 'Танцевали весь вечер')]
2046	Насколько знаю от друзей, им тут и ведущего и музыканта посоветовали, было здорово!	[('service general', 'positive', 'ведущего'), ('service general', 'positive', 'музыканта')]
2047	Очень весело, музыка хорошая, конкурсы и для молодых и для взрослых!	[('ambience general', 'positive', 'музыка'), ('ambience general', 'positive', 'конкурсы')]
2048	Еда превосходная, особенно понравился стейк из говядины со шпинатом и фирменный салат из морепродуктов!	[('food quality', 'positive', 'Еда'), ('food quality', 'positive', 'стейк из говядины со шпинатом'), ('food quality', 'positive', 'салат из морепродуктов')]
2049	Жена тоже в восторге.	[('restaurant general', 'positive', 'NULL')]
2050	Вообще стол был накрыл действительно шикарно.	[('food style_options', 'positive', 'стол')]
2051	Большие тарелки, богато украшено, хотя ребята, которые заказывали банкет, сказали, что цены умеренные.	[('restaurant prices', 'positive', 'NULL'), ('food style_options', 'positive', 'тарелки')]
2052	Теперь готовлюсь свой юбилей тоже здесь отметить, а дочка про свадьбу думает.	[('restaurant general', 'positive', 'NULL')]
2053	Хорошо очень, молодцы, спасибо большое!	[('restaurant general', 'positive', 'NULL')]
2054	Хочу выразить огромную благодарность ресторану Браво-Лаудес и отдельное спасибо ее владельцу Майклу!!!!!	[('restaurant general', 'positive', 'ресторану Браво-Лаудес'), ('restaurant general', 'positive', 'владельцу')]
2055	Когда мы пришли туда первый раз мы сразу же почувствовали,что это именно то место где должна пройти наша свадьба.	[('restaurant general', 'positive', 'место')]
2056	Майкл,все подробно нам рассказал,помог определиться со всем.	[('service general', 'positive', 'NULL')]
2057	Мы отмечали в большом зале,он был украшен просто шикарно фонтаны из шариков,с потолка свисали сердца,все было в красных тонах,а про наше место я уже молчу,подсветка,шикарные цветы на столе,вообще все украшение было шикарным,каждый стульчик был украшен.	[('ambience general', 'positive', 'большом зале'), ('ambience general', 'positive', 'фонтаны из шариков'), ('ambience general', 'positive', 'потолка'), ('ambience general', 'positive', 'в красных тонах'), ('ambience general', 'positive', 'подсветка'), ('ambience general', 'positive', 'цветы на столе'), ('ambience general', 'positive', 'украшение'), ('ambience general', 'positive', 'стульчик')]
2058	Что касается меню,мы заказывали по 2150 на человека,еды было такое огромное количество,что мы еще три дня ели.	[('food style_options', 'positive', 'еды')]
2059	Наши гости до сих пор вспоминают,что такой вкуснятины они еще не разу в жизни не ели,при чем даже по прошествии двух дней салаты оставались свежими!!!!!	[('food quality', 'positive', 'салаты')]
2060	А как они украшены нет слов!!!!	[('food style_options', 'positive', 'NULL')]
2061	Персонал отличный!!!!!	[('service general', 'positive', 'Персонал')]
2062	Все делали не заметно,создавалось такое впечатление ,что их вообще нет.	[('service general', 'positive', 'NULL')]
2063	Вообщем ресторан шикарный,если вы захотите отмечать свою свадьбу,то советую именно Браво-Лаудес!!!!!	[('restaurant general', 'positive', 'ресторан'), ('restaurant general', 'positive', 'Браво-Лаудес')]
2064	Вы не пожалеете!!!	[('restaurant general', 'positive', 'NULL')]
2065	Приятный итальянский ресторанчик без претензий.	[('restaurant general', 'neutral', 'ресторанчик')]
2066	Из минусов по обслуживанию только то, что долго ждали официанта с меню.	[('service general', 'neutral', 'обслуживанию'), ('service general', 'negative', 'официанта')]
2067	Интерьер простой как внутри, так и снаружи.	[('ambience general', 'neutral', 'Интерьер')]
2068	Порции достаточно большие; все было вкусно, а вот Цезарь с курицей очень расстроил, соус был невкусный с рыбным запахом.	[('food style_options', 'positive', 'Порции'), ('food quality', 'positive', 'Порции'), ('food quality', 'negative', 'Цезарь с курицей'), ('food quality', 'negative', 'соус')]
2069	Хорошее место для вкусной трапезы итальянской кухни по умеренной цене.	[('restaurant general', 'positive', 'место'), ('food quality', 'positive', 'итальянской кухни'), ('restaurant prices', 'neutral', 'итальянской кухни')]
2070	Остались хорошие впечатления.	[('restaurant general', 'positive', 'NULL')]
2071	Началось с того, что пришли туда в субботу, зал набит, мест не было.	[('ambience general', 'negative', 'NULL')]
2072	"Ждали минут 10 и только он пришел, как к нам вышла хостесс и вежливо предложила забронированный столик, объяснив, что мы можем там посидеть пока не появятся ""хозяева""(к нашей радости, они так и не объявились)."	[('service general', 'positive', 'хостесс')]
2073	Обслуживание понравилось, персонал вежливый, заказы приносят достаточно быстро.	[('service general', 'positive', 'Обслуживание'), ('service general', 'positive', 'персонал')]
2074	Цены очень приемлемые, особенно на пиво.	[('drinks prices', 'positive', 'пиво')]
2075	Еда вкусная и сытная.	[('food quality', 'positive', 'Еда')]
2076	Порадовало, стоящее в углу пианино, можно было подойти поиграть=)	[('restaurant miscellaneous', 'positive', 'пианино')]
2077	В общем, мы остались очень довольны.	[('restaurant general', 'positive', 'NULL')]
2078	Довольны очень!	[('restaurant general', 'positive', 'NULL')]
2079	Великолепный вид на залив из окна, сине-белый интерьер зала создают ощущение уюта и чистоты.	[('location general', 'positive', 'вид на залив'), ('ambience general', 'positive', 'интерьер зала')]
2080	Прекрасная атмосфера, уютно и тепло (в том числе на душе!), отличное обслуживание Что касается кухни - вкусно.	[('ambience general', 'positive', 'атмосфера'), ('service general', 'positive', 'обслуживание'), ('food quality', 'positive', 'кухни')]
2081	Соотношение цена/качество разумное.	[('restaurant prices', 'neutral', 'NULL')]
2082	Живая музыка порадовала, девушка-певица понравилась очень.	[('ambience general', 'positive', 'Живая музыка'), ('ambience general', 'positive', 'девушка-певица')]
2083	И потанцевали с удовольствием, и просто послушали.	[('ambience general', 'positive', 'NULL')]
2084	Замечательно провели время, обязательно будем заходить и без повода.	[('restaurant general', 'positive', 'NULL')]
2085	Спасибо.	[('restaurant general', 'positive', 'NULL')]
2086	Встретила нас прекрасная девушка администратор, проводила до столика.	[('service general', 'positive', 'девушка администратор')]
2087	Место оказалось просто замечательным.	[('restaurant general', 'positive', 'Место')]
2088	Интересный интерьер, все красочное и при этом очень домашняя обстановка.	[('ambience general', 'positive', 'интерьер'), ('ambience general', 'positive', 'обстановка')]
2089	Обслужили нас по высшему разряду.	[('service general', 'positive', 'NULL')]
2090	Очень грамотный официант Андрей, за что ему отдельное спасибо.	[('service general', 'positive', 'официант')]
2091	Уделял нам достаточного много времени и при этом не был навязчивым.	[('service general', 'positive', 'NULL')]
2092	Порекомендовал отличный чай, от которого мы были в восторге.	[('service general', 'positive', 'NULL'), ('drinks quality', 'positive', 'чай')]
2093	Меню очень разнообразное.	[('food style_options', 'positive', 'Меню')]
2094	Принесли заказ быстро.	[('service general', 'positive', 'NULL')]
2095	Все вкусно.	[('food quality', 'positive', 'NULL')]
2096	Буду рекомендовать сходить друзьям и знакомым.	[('restaurant general', 'positive', 'NULL')]
2097	На мой взгляд явно произошли изменения к лучшему.	[('restaurant general', 'positive', 'NULL')]
2098	У входа вежливо встречают, предлагают зал для курящих и не курящих.	[('service general', 'positive', 'NULL')]
2099	Только сел за выбранный мною столик, меню сразу на столе, только выбирай.	[('service general', 'positive', 'NULL')]
2100	Выбрал официант тут как тут.	[('service general', 'positive', 'официант')]
2101	Чайничек зеленого чаю с жасмином не заставил себя ждать.	[('service general', 'positive', 'NULL')]
2102	Стали быстро готовить.	[('service general', 'positive', 'NULL')]
2103	Доев первое блюдо, сразу же принесли второе.	[('service general', 'positive', 'NULL')]
2104	При этом из новинок, что мой столик обслуживал не один официант как часто бывает, а группа, в данный момент менее занятой.	[('service general', 'positive', 'NULL')]
2105	От этого явно скорость подачи блюд и мое настроение явно повысились.	[('service general', 'positive', 'подачи блюд')]
2106	Расчет произошел также быстро.	[('service general', 'positive', 'NULL')]
2107	До свидания на выходе сказали.	[('service general', 'positive', 'NULL')]
2108	Желание зайти сюда еще появилось.	[('restaurant general', 'positive', 'NULL')]
2109	Официанты в массе своем мужчины, как рассказывают это фишка суши, позволяющая увеличить быстроту обслуживания.	[('service general', 'positive', 'Официанты')]
2110	Она работает, действительно, работает.	[('service general', 'positive', 'NULL')]
2111	Над чем еще нужно работать заведению это над кухней, он пока не на уровне сервиса.	[('food quality', 'negative', 'кухней'), ('service general', 'positive', 'сервиса')]
2112	Итак, когда мы приехали закуски уже были готовы, все было вкусно и как должно быть.	[('food quality', 'positive', 'закуски')]
2113	Официантка, все делала четко.	[('service general', 'positive', 'Официантка')]
2114	Бокалы были полны, тарелки пустые во время убирались.	[('service general', 'positive', 'NULL')]
2115	После заказа прошло около полу часа, а может и больше, когда к о мне подошла официантка и сказала, что на кухне нет света, и надо делать другой заказ на горячее (на углях).	[('service general', 'negative', 'официантка')]
2116	Да, закуски, как-то смягчили желание поесть, но не на столько, чтобы ждать еще час.	[('service general', 'negative', 'NULL')]
2117	Делать было нечего, все опять сели за стол и стали выбирать себе другие блюда, через 20 минут был сделан еще один заказ.	[('service general', 'negative', 'NULL')]
2118	И через 30 минут стало совсем смешно, когда ко мне подошла администратор и сказала, что горячего на углях не будет.	[('service general', 'negative', 'NULL')]
2119	Будет выполнен первоначальный заказ.	[('service general', 'positive', 'NULL')]
2120	Через 15 минут, на столах появился наш заказ.	[('service general', 'neutral', 'NULL')]
2121	заказанный заранее (наполеон) не оправдал моих ожиданий, ну что ж на вкус и цвет товарища нет.	[('food quality', 'negative', 'наполеон')]
2122	Что касается интерьера, то он очень подходит для торжеств, удалось поработать с фотографом в интерьерах зала VIP.	[('ambience general', 'positive', 'интерьера')]
2123	Рекомендую, но. видимо, ВСЮ кухню надо заказывать заранее. а лучше еще и попробовать!	[('restaurant general', 'positive', 'NULL')]
2124	Я и семья остались очень довольны проведенным временем в ресторане.	[('restaurant general', 'positive', 'ресторане')]
2125	Еда очень вкусная, достаточно хороший выбор блюд, ценник более чем соответствует качеству.	[('food prices', 'positive', 'Еда'), ('food quality', 'positive', 'Еда'), ('food style_options', 'positive', 'блюд')]
2126	Очень приятное, ненавязчивое обслуживание.	[('service general', 'positive', 'обслуживание')]
2127	В конце вечера принесли комплимент от ресторана в качестве большого блюда с фруктами.	[('service general', 'positive', 'NULL')]
2128	Еще хотелось бы отметить, что несмотря на достаточно большое кол-во людей в ресторане, не чувствуешь дискомфорта, по ощущениям напоминает настоящий итальянский ресторан.	[('ambience general', 'positive', 'NULL')]
2129	На входе встретил приветливый официант, сразу проводил до столика, даже успели с ним обменяться парочкой шуточек)	[('service general', 'positive', 'официант')]
2130	Милый интерьер, очень даже располагает к приятным беседам и хорошему времяпрепровождению!	[('ambience general', 'positive', 'интерьер')]
2131	Теперь о самом приятном, о еде..)	[('food quality', 'positive', 'еде')]
2132	Было вкусно, очень по домашнему и знаете, можно даже сказать приготовлено с любовью))	[('food quality', 'positive', 'NULL')]
2133	Котлетки нежнейшие, пюре вкусное, но было чуть теплое, хачапури превзошло все ожидания, съели за две минуты)))	[('food quality', 'positive', 'Котлетки'), ('food style_options', 'negative', 'пюре'), ('food quality', 'positive', 'пюре'), ('food quality', 'positive', 'хачапури')]
2134	"Вообщем мы остались очень довольны, думаю что обязательно приду туда еще попробовать салатик ""Оливье""))"	[('restaurant general', 'positive', 'NULL'), ('food quality', 'positive', 'салатик Оливье')]
2135	Все не собраться было написать отзыв об этом прекрасном и замечательном ресторане.	[('restaurant general', 'positive', 'ресторане')]
2136	"Отмечала свой день рождения в красивейшем зале ""Царский""."	[('ambience general', 'positive', 'зале Царский')]
2137	Очень красивый интерьер, все гости это отметили.	[('ambience general', 'positive', 'интерьер')]
2138	Стол просто ломился от блюд, все было ооооочень вкусно и достойно оформлено, хотя меню обошлось мне в приемлемые деньги, алкоголь был свой.	[('food quality', 'positive', 'блюд'), ('food style_options', 'positive', 'блюд'), ('food prices', 'neutral', 'меню')]
2139	Да, особо хочу отметить организацию моего торжества и работу официантов.	[('service general', 'positive', 'работу официантов')]
2140	Не надо было никого специально звать/ждать, они сами замечали чего не хватает, что принести, кому налить)))	[('service general', 'positive', 'NULL')]
2141	Ребята вы супер!	[('service general', 'positive', 'Ребята')]
2142	С нами была управляющая другого ресторана и она очень хорошо отзывалась о работе и работниках ресторана.	[('service general', 'positive', 'работниках ресторана')]
2143	"Также была очень удивлена , что в конце вечера мне все предложили упаковать в пакеты. ""Сытинъ"" - Вы молодцы!"	[('service general', 'positive', 'NULL')]
2144	Так держать!	[('restaurant general', 'positive', 'NULL')]
2145	Спасибо за прекрасный праздник.	[('restaurant general', 'positive', 'NULL')]
2146	Отдельное спасибо управляющей Юлии, она мне помогла составить меню так, чтобы мои гости были довольны.	[('service general', 'positive', 'управляющей')]
2147	Чувствуется профессионализм))))	[('service general', 'positive', 'NULL')]
2148	Интерьер ресторана очень интересный.	[('ambience general', 'positive', 'Интерьер')]
2149	Обслуживающий персонал , конечно, испортил весь праздничный вечер лично для нас и наших друзей.	[('service general', 'negative', 'Обслуживающий персонал')]
2150	Во-первых, вовремя обслуживания, официант Анастасия уронила грязные приборы на гостя.	[('service general', 'negative', 'официант')]
2151	Во- вторых, постоянно забирала посуду в которой еще находилась еда, а пустую посуду оставляла на столе.	[('service general', 'negative', 'NULL')]
2152	В конце вечера заказав воду принесла ее через 20 минут, при этом сказав, что она все это время кушала, ей было не когда.	[('service general', 'negative', 'NULL')]
2153	Все приносилось отдельно , с разницей во времени 10 минут.	[('service general', 'negative', 'NULL')]
2154	Я бы не рекомендовала идти в данный ресторан.	[('restaurant general', 'negative', 'ресторан')]
2155	Недавно в нем сделали ремонт и теперь там светло и уютно.	[('ambience general', 'positive', 'NULL')]
2156	Кухня очень нравится, часто ходим туда с друзьями и там же отмечаем праздники (н-р день рождения).	[('food quality', 'positive', 'Кухня')]
2157	Обслуживание на высоком уровне, персонал работает очень хорошо и всегда внимателен к гостям.	[('service general', 'positive', 'Обслуживание'), ('service general', 'positive', 'персонал')]
2158	Рекомендую это кафе как для тех, кто просто хочет попить кофе в спокойной обстановке, так и для тех, кто хочет отметить день рождения или какой-то другой праздник.	[('restaurant general', 'positive', 'кафе'), ('ambience general', 'positive', 'обстановке')]
2159	Шли с прекрасным настроением, ушли с впечатлением на троечку.	[('restaurant general', 'negative', 'NULL')]
2160	Лучший зал в ресторане, сделан курящим.	[('ambience general', 'negative', 'зал')]
2161	То есть хочешь смотреть на Неву и Эрмитаж, дыши дымом.	[('ambience general', 'negative', 'NULL')]
2162	Еда тоже ничем не порадовала.	[('food quality', 'negative', 'Еда')]
2163	Брали: - чебурек - ребенок съел, остался доволен - карпачо сибаса - так себе, мало - вкус странный - стейк из тунца - тоже так себе, пожалел что взял. - салат с креветками и крабом - так себе, - шашлык ягненка - нормально - запеченный сыр - принесли чуть теплым - шоколадная шкатулка - ребенку понравилось - кокосовые шоты - вкусно Сервис слишком навязчивый, официант подходил каждые 2 минуты, при этом за столом не особо следил.	[('food quality', 'positive', 'чебурек'), ('food quality', 'negative', 'карпачо сибаса'), ('food style_options', 'negative', 'карпачо сибаса'), ('food quality', 'negative', 'стейк из тунца'), ('food quality', 'negative', 'салат с креветками и крабом'), ('food quality', 'neutral', 'шашлык ягненка'), ('food quality', 'positive', 'шоколадная шкатулка'), ('food quality', 'positive', 'кокосовые шоты'), ('service general', 'negative', 'Сервис'), ('service general', 'negative', 'официант')]
2164	Видимо малоопытный и слишком старался.	[('service general', 'negative', 'NULL')]
2165	Думаю больше сюда не соберемся.	[('restaurant general', 'negative', 'NULL')]
2166	Вывод напишу сразу: дружелюбно, вкусно и приятно.	[('food quality', 'positive', 'NULL'), ('service general', 'positive', 'NULL')]
2167	В субботу вечером свободных мест было достаточно, чтобы выбрать понравившееся.	[('ambience general', 'positive', 'NULL')]
2168	Есть и удобные диванчики и круглый стол для большой компании.	[('ambience general', 'positive', 'диванчики')]
2169	Официант-бармен - изюминка этого заведения))	[('service general', 'positive', 'Официант-бармен')]
2170	Заказ приняли быстро, принесли тоже.	[('service general', 'positive', 'NULL')]
2171	Все своевременно, сидеть над пустой тарелкой не пришлось.	[('service general', 'positive', 'NULL')]
2172	Еда вкусная, замечаний нет.	[('food quality', 'positive', 'Еда')]
2173	Стейк был именно стейком, а не куском жаренного мяса.	[('food quality', 'positive', 'Стейк')]
2174	Хорошие приборы, новая посуда, позитивный интерьер.	[('food style_options', 'positive', 'приборы'), ('food style_options', 'positive', 'посуда'), ('ambience general', 'positive', 'интерьер')]
2175	Там хочется посидеть подольше.	[('restaurant general', 'positive', 'NULL')]
2176	Чек был на 860 руб. имхо это даже дешево!	[('restaurant prices', 'positive', 'NULL')]
2177	Кофе был в подарок!	[('service general', 'positive', 'NULL')]
2178	Давненько я не покидала заведение такой довольной.	[('restaurant general', 'positive', 'заведени')]
2179	За десертом я туда точно вернусь, приходите и Вы, настоятельно рекомендую!	[('restaurant general', 'positive', 'NULL')]
2180	В общем производит вполне приличное впечатление, НО...	[('restaurant general', 'neutral', 'NULL')]
2181	обслуживание отвратное.	[('service general', 'negative', 'обслуживание')]
2182	Минут 10 мы ждали, что к нам кто-то подойдет и принесет меню.	[('service general', 'negative', 'NULL')]
2183	Потом еще минут 15 пытались заказать, всем было не до нас.	[('service general', 'negative', 'NULL')]
2184	Через 30 минут мне принесли салат, еще минут через 10 - блины.	[('service general', 'negative', 'NULL')]
2185	Когда же я спросила про морс и хлеб - прошло еще минут 10, получили только морс.	[('service general', 'negative', 'NULL')]
2186	Время поджимало было уже не до пасты, я попросила счет, который принесли незамедлительно.	[('service general', 'negative', 'NULL')]
2187	Мы еще подождали минут 10, когда же принесут пасту, но видимо не судьба была ее поесть.	[('service general', 'negative', 'NULL')]
2188	Из того, что мы успели попробовать, все было вкусно, так что по кухне претензий нет, но вот сервис - это что-то.	[('food quality', 'positive', 'кухне'), ('service general', 'negative', 'сервис')]
2189	Идите в этот ресторан только тогда, когда у вас есть в запасе 3-4 часа, иначе никуда не успеете.	[('service general', 'negative', 'NULL')]
2190	У нас было всего 1.5 часа, но вот все, что заказали, поесть не удалось к сожалению.	[('service general', 'negative', 'NULL')]
2191	В целом все понравилось!	[('restaurant general', 'positive', 'NULL')]
2192	Еда была свежая и вкусная, официанты приветливые, интерьер очень интересный, особенно всех поразил туалет с аквариумами!	[('food quality', 'positive', 'Еда'), ('service general', 'positive', 'официанты'), ('ambience general', 'positive', 'интерьер'), ('restaurant miscellaneous', 'positive', 'туалет с аквариумами')]
2193	Очень хорошее расположение в центре города, с красивыми видами из окна!	[('location general', 'positive', 'расположение в центре города'), ('location general', 'positive', 'видами из окна')]
2194	Но на наш праздник для детей нам не поставили стулья, хотя накануне мы это обговаривали и нам сказали, что ни каких проблем поставим!	[('service general', 'negative', 'NULL')]
2195	В итоге одному поставили с горем пополам, а второй сидел весь банкет на ручках( и то видно они не выдержали и ушли с ребенком пораньше не дождавшись горячего (их горячее нам кстати с собой не завернули) и некоторым гостям не понравилось, что еду накладывали в тарелки..так как многие не все ели...	[('service general', 'negative', 'NULL')]
2196	В целом всем советую этот ресторан для проведения банкета!	[('restaurant general', 'positive', 'ресторан')]
2197	В конце нам все завернули с собой и отдали б/а напитки, алкоголя не осталось...	[('service general', 'positive', 'NULL')]
2198	Недавно пришли компанией, давно не были в этом заведении и лучше бы не приходили!!!!	[('restaurant general', 'negative', 'заведении')]
2199	Была пятница, людей в зале под завязку, сели за единственный свободный стол, так столы стоят настолько близко, что выйти из- за него невозможно((( но это не самое страшное......	[('ambience general', 'negative', 'зале'), ('ambience general', 'negative', 'столы')]
2200	Очень долго несут заказ либо вобще про тебя забывают, все время приходят и переспрашивают( ну если у тебя плохая память- возьми бумагу и записывай) .	[('service general', 'negative', 'NULL')]
2201	Мы брали горячее, салатики, пиво и закуски к пиву, которые так и не дождались, хотя по прошествии часа 1 раз даже напомнили, чего мы делать не должны в принципе.	[('service general', 'negative', 'NULL')]
2202	Но вот в счет их ВКЛЮЧИТЬ они не забыли!!!!	[('service general', 'negative', 'NULL')]
2203	Еду приносят черти как, во- первых без приборов, все время нужно напоминать, во вторых, по времени ужасно,1 из нас уже час как поел, а второму еще даже готовить видимо не начали.	[('service general', 'negative', 'NULL')]
2204	Официанта то не дождешься, то еще доесть не успел, уже тарелку забирают.	[('service general', 'negative', 'Официанта')]
2205	В зале стоит галдеж, музыку вобще не слышно.	[('ambience general', 'negative', 'зале'), ('ambience general', 'negative', 'музыку')]
2206	В это заведение мы раньше ходили с удовольствием, что случилось- непонятно.	[('restaurant general', 'negative', 'заведение')]
2207	Больше ни ногой!!!!	[('restaurant general', 'positive', 'NULL')]
2208	Цены пивного ресторана, а обслуживание дешевой привокзальной пивнушки(((((((	[('restaurant prices', 'negative', 'NULL'), ('service general', 'negative', 'обслуживание')]
2209	Хотим выразить вам огромную благодарность!!!!17 июля отмечали у вас свадьбу в новом зале на Галерной!!!	[('restaurant general', 'positive', 'NULL')]
2210	Все ,ну очень довольны!!!	[('restaurant general', 'positive', 'NULL')]
2211	Большой,красивый зал, вежливые официанты, вкусная еда, никаких конфликтов и возражений со стороны персонала!!!	[('ambience general', 'positive', 'зал'), ('service general', 'positive', 'официанты'), ('food quality', 'positive', 'еда'), ('service general', 'positive', 'персонала')]
2212	Места много,меню хорошее, а зал украшать вообще не нужно!	[('ambience general', 'positive', 'Места'), ('food style_options', 'positive', 'меню'), ('ambience general', 'positive', 'зал')]
2213	Здорово,что у вас своя кондитерская,цены те же,а торт был наивкуснейший!!!	[('food prices', 'positive', 'кондитерская'), ('food quality', 'positive', 'кондитерская'), ('food quality', 'positive', 'торт')]
2214	Официанты очень внимательные и доброжелательные!!подходили,спрашивали,все ли хорошо, что лучше принести, на столе не было пустых бутылок и грязных салфеток!	[('service general', 'positive', 'Официанты')]
2215	Все было просто супер!!!	[('restaurant general', 'positive', 'NULL')]
2216	Персонал все собрал и отдал нам,вплоть до наших начатых бутылок вина!	[('service general', 'positive', 'Персонал')]
2217	Отдельное спасибо Валентине!!!	[('service general', 'positive', 'NULL')]
2218	Очень помогла с меню и свадебным тортом!	[('service general', 'positive', 'NULL')]
2219	Да и вообще, расскажет ,что и как лучше сделать, учтет все предпочтения!	[('service general', 'positive', 'NULL')]
2220	Ни за что не переживали ни до свадьбы,ни в день свадьбы!	[('restaurant general', 'positive', 'NULL')]
2221	Побольше вам благодарных клиентов!!!!	[('restaurant general', 'positive', 'NULL')]
2222	Это,действительно,место,в котором стоит отмечать свадьбы!!!	[('restaurant general', 'positive', 'место')]
2223	Ура-ура-ура!!!	[('restaurant general', 'positive', 'NULL')]
2224	У Уже давно знаю это место, почти 2 года - всегда ходил сюда по праздникам, если оказывался рядом с ЦПКиО.	[('restaurant general', 'neutral', 'место')]
2225	Для нас конечно дороговато, но мне всегда нравилось атмосфера этого места и вкусная кухня.	[('food prices', 'negative', 'NULL'), ('ambience general', 'positive', 'атмосфера'), ('food quality', 'positive', 'кухня')]
2226	Здесь для детей есть свое меню, комната и возможность устроить хорошую веселую программу.	[('food style_options', 'positive', 'меню'), ('restaurant miscellaneous', 'positive', 'комната'), ('ambience general', 'positive', 'программу')]
2227	Аниматоры были отличными и устроили детям настоящий праздник.	[('service general', 'positive', 'Аниматоры')]
2228	Получилось очень хорошо.	[('service general', 'positive', 'NULL')]
2229	Еще из моих личных преимуществ - прекрасный выбор вина.	[('drinks style_options', 'positive', 'выбор вина')]
2230	Мне давно пора было сказать им большое спасибо.	[('restaurant general', 'positive', 'NULL')]
2231	Ценник повыше среднего.	[('restaurant prices', 'negative', 'NULL')]
2232	В первый раз работал хороший официант - все дружелюбно и быстро.	[('service general', 'positive', 'официант')]
2233	Кухня до итальянской не дотягивает - если только размером порции.	[('food quality', 'negative', 'Кухня')]
2234	Второе посещение этого ресторана очень разочаровало.	[('restaurant general', 'negative', 'ресторана')]
2235	Разочарование номер раз - заказать бизнес-ланч можно только, сидя внутри помещения.	[('service general', 'negative', 'NULL')]
2236	В помещении летом жарко.	[('ambience general', 'negative', 'помещении')]
2237	Ну и заказать один бизнес-ланч, если ты пришел вдвоем нельзя (???)	[('service general', 'negative', 'NULL')]
2238	И все это сопровождалось надменным выражением лица официантки.	[('service general', 'negative', 'официантки')]
2239	А теперь и друзей отговорим и сами не пойдем.	[('restaurant general', 'negative', 'NULL')]
2240	Обычный совковый ресторанчик с итальянским названием.	[('restaurant general', 'negative', 'ресторанчик')]
2241	Место просто потрясающее!	[('restaurant general', 'positive', 'Место')]
2242	Сказать, что нам понравилось - не сказать ничего!))	[('restaurant general', 'positive', 'NULL')]
2243	Рояль с цветами рядом с входом в ресторан, изысканный интерьер внутри ресторана.	[('ambience general', 'positive', 'Рояль с цветами'), ('ambience general', 'positive', 'интерьер')]
2244	Чудесная сервировка, очень много еды на столе))))	[('food style_options', 'positive', 'сервировка'), ('food style_options', 'positive', 'еды')]
2245	Брали меню за 1900, хоть все ели активно, но, всё равно, много чего осталось (всё упаковали потом с собой).	[('service general', 'positive', 'NULL'), ('food style_options', 'positive', 'NULL')]
2246	Официанты очень вежливые и незаметные, прекрасное обслуживание!	[('service general', 'positive', 'Официанты'), ('service general', 'positive', 'обслуживание')]
2247	Боялись, что будет мало места (было 46 человек), но в итоге тесноты не было, и оставалось довольно много места для танцев))	[('ambience general', 'positive', 'места для танцев')]
2248	В общем, придраться совершенно не к чему, и все гости остались в восторге от вечера, проведенного там.	[('restaurant general', 'positive', 'NULL')]
2249	Большое спасибо!!	[('restaurant general', 'positive', 'NULL')]
2250	Были 4 раза из них только 1 раз нормально обслужили: 1 раз не дали меню, очень долго несли напитки; 2 раз не принесли салат, но в счет включили; 3 раз вообще эпик фейл - хамское и небрежное отношение официантов...	[('service general', 'negative', 'отношение официантов')]
2251	"Меню на столе нет при этом официантка подходит и спрашивает: ""Что вы выбрали?"" Из чего?"	[('service general', 'negative', 'официантка')]
2252	После этого нам дали меню ланча (обычное меню видимо только одно на весь ресторан).	[('service general', 'negative', 'NULL')]
2253	После этого официантка удалилась и больше к столу не подходила прождав минут 10, позвали другую.	[('service general', 'negative', 'официантка')]
2254	Вместо заказанного супа принесла другой, через 2 мин. поменяла.	[('service general', 'negative', 'NULL')]
2255	Напитки принесла только после десерта (после просьбы принести напитки!!!!).	[('service general', 'negative', 'NULL')]
2256	Да кухня отличная, кеталонский крем чудо.	[('food quality', 'positive', 'кухня'), ('food quality', 'positive', 'кеталонский крем')]
2257	Но где берут таких официантов???	[('service general', 'negative', 'официантов')]
2258	Так как торжество планировалось на 25 человек, места для наших гостей было вполне достаточно и для танцев в том числе.	[('ambience general', 'positive', 'места для наших гостей')]
2259	Менеджер Алексей, который принимал наш заказ и подписывал договор, провёл всё мероприятие сам, чем очень нас порадовал.	[('service general', 'positive', 'Менеджер')]
2260	В меню мы выбирали разнообразные блюда и все они были очень вкусными.	[('food quality', 'positive', 'блюда')]
2261	Стол был богатым и ярким.	[('food style_options', 'positive', 'Стол')]
2262	Украшать зал отдельно не пришлось, интерьер очень уютный и располагающий для торжественного мероприятия.	[('ambience general', 'positive', 'интерьер')]
2263	Все остались очень довольны, едой, сервисом и доброжелательной атмосферой в ресторане.	[('food quality', 'positive', 'едой'), ('service general', 'positive', 'сервисом'), ('ambience general', 'positive', 'атмосферой')]
2264	Спасибо большое Алексею, за наш праздник!	[('service general', 'positive', 'NULL')]
2265	Если бы мне пришлось второй раз выбирать ресторан, я не усомнившись сделала выбор в пользу Duplex!	[('restaurant general', 'positive', 'Duplex')]
2266	Очень нравится этот ресторан!	[('restaurant general', 'positive', 'ресторан')]
2267	В тихом месте,есть,где припарковать машину,интерьер очень уютный!)	[('location general', 'positive', 'месте'), ('ambience general', 'positive', 'интерьер')]
2268	Ходим сюда с подругой поболтать и съесть бизнес-ланч,а с мужем поесть хорошее мясо и попить вино!)	[('food quality', 'positive', 'мясо'), ('drinks quality', 'neutral', 'вино')]
2269	Бизнес-ланч по сравнению с другими ресторанами не самый дешевый,но качество цене соответствует полностью!!!	[('food prices', 'neutral', 'Бизнес-ланч'), ('food quality', 'positive', 'Бизнес-ланч')]
2270	Порции не маленькие и наедаешься очень хорошо!	[('food style_options', 'positive', 'Порции')]
2271	Вариант меню тоже можно выбрать по желанию)	[('food style_options', 'positive', 'меню')]
2272	Мы очень любим пить чай и очень радует,что к чаю всегда приносят комплимент от ресторана-2 булочки с кремом(когда не на диете-можно),а раньше было 2 варианта фруктового пюре...	[('service general', 'positive', 'NULL')]
2273	В пост закадычном яблоко печеное-очень вкусно!	[('food quality', 'positive', 'яблоко печеное')]
2274	Недавно попробывала салат с рукколой и креветками-вкусно и оригинальная заправка!)	[('food quality', 'positive', 'салат с рукколой и креветками'), ('food quality', 'neutral', 'заправка')]
2275	Про обслуживание могу сказать отдельно,мне нравится,что официанты не малолетки,а очень приятные и взрослые мужчины!)	[('service general', 'positive', 'официанты'), ('service general', 'positive', 'мужчины')]
2276	Он всегда переживает,чтобы мы вкусно поели и все на столе у нас было хорошо!	[('service general', 'positive', 'NULL')]
2277	За это ему отдельное спасибо!)	[('service general', 'positive', 'NULL')]
2278	Но и другие официанты-молодцы,всегда следят за чистотой стола,даже если это не его...	[('service general', 'positive', 'официанты')]
2279	Так что мы всем удовлетворены и ходим сюда достаточно часто.	[('restaurant general', 'positive', 'NULL')]
2280	Спасибо за прекрасную и разнообразную кухню и хорошее отношение к клиентам!!!	[('food quality', 'positive', 'кухню'), ('service general', 'positive', 'отношение к клиентам')]
2281	Уже на пороге почувствовав легкую прохладу кондиционера и услышав приятную музыку, поняли, что сделали правильный выбор!	[('ambience general', 'positive', 'кондиционера'), ('ambience general', 'positive', 'музыку')]
2282	Девушки администраторы вежливые и приятные, уютная атмосфера, ненавящево стильный интерьер, удобные столики, чисто и со вкусом.	[('service general', 'positive', 'Девушки администраторы'), ('ambience general', 'positive', 'атмосфера'), ('ambience general', 'positive', 'интерьер'), ('ambience general', 'positive', 'столики')]
2283	Разнообразие блюд, официанты компетентные, назовут ингредиенты, посоветуют что- то в соответствии с вашими предпочтениями в еде.	[('food style_options', 'positive', 'блюд'), ('service general', 'positive', 'официанты')]
2284	Пообедали замечательно, быстро, сытно и что самое главное- очень вкусно!	[('food quality', 'positive', 'NULL'), ('service general', 'positive', 'NULL')]
2285	Потрясающие десерты, я как настоящий ценитель сладкого, ставлю самую высокую оценку.	[('food quality', 'positive', 'десерты')]
2286	На самом деле можно много расхваливать, но, наверное, каждому стоит самому оценить.	[('restaurant general', 'positive', 'NULL')]
2287	Могу смело рекомендовать это место тем, кто хотел бы ты посидеть в приятной атомосфере и получить удовольствие от хороших и качественно приготовленных блюд!	[('restaurant general', 'positive', 'место'), ('ambience general', 'positive', 'атомосфере'), ('food quality', 'positive', 'блюд')]
2288	Здесь объективно - отличное место.	[('restaurant general', 'positive', 'место')]
2289	На днях, в командировку, приезжали коллеги по работе и мы, вчетвером, забрели в этот замечательный ресторанчик на Каменоостровском.	[('restaurant general', 'positive', 'ресторанчик')]
2290	Кушали достаточно много, очень понравилась кухня.	[('food quality', 'positive', 'кухня')]
2291	В общем, это не первое мое посещение данного заведения, и котлетки и роллы здесь я уже пробовал, но на этот раз, приготовлены они были по-другому, вкуснее и сочнее, как мне показалось.	[('food quality', 'positive', 'котлетки'), ('food quality', 'positive', 'роллы')]
2292	Ролл вообще был замечательным, сравнение с ним не выдержали бы блюда из традиционных Питерских сетевых заведений японской кухни))	[('food quality', 'positive', 'Ролл')]
2293	Расстройство принесла информация о том, что котлетки из лосося и креветок хотят убрать из меняю(.	[('food quality', 'positive', 'котлетки из лосося и креветок')]
2294	Коллегам. так же, очень понравились блюда.	[('food quality', 'positive', 'блюда')]
2295	В особенности суп из двух рыб, стейк из лосося и бефстроганов с пюре.	[('food quality', 'positive', 'суп из двух рыб'), ('food quality', 'positive', 'стейк из лосося'), ('food quality', 'positive', 'бефстроганов с пюре')]
2296	Интерьер тоже поменялся, но не особо изменил своему стилю, обслуживание, как и раньше осталось на достаточно неплохом уровне, в общем мы остались довольны, спасибо!	[('ambience general', 'neutral', 'Интерьер'), ('service general', 'neutral', 'обслуживание')]
2297	Спасибо!	[('restaurant general', 'positive', 'NULL')]
2298	Место очень интересное.	[('restaurant general', 'positive', 'Место')]
2299	Обслуживание просто кошмар.	[('service general', 'negative', 'Обслуживание')]
2300	На что официант нам сказал, что заказ должен быть на 1500р. и если нет, то он даже открывать столик не будет.	[('service general', 'negative', 'официант')]
2301	Потом он высказал, что вообще у них клиенты по 25 000 оставляют, и вообще...	[('service general', 'negative', 'NULL')]
2302	Мы конечно, заказали коктейли еще, но честно говоря, при всей крутизне антуража больше туда идти не хочется.	[('restaurant general', 'negative', 'NULL'), ('ambience general', 'positive', 'антуража')]
2303	И дело не в деньгах, а в отношении.	[('service general', 'negative', 'отношении')]
2304	Уж если так все жестко - то предупредили бы о депозите, все равно ведь по телефону бронировать...	[('service general', 'negative', 'NULL')]
2305	Еда, довольно вкусная, но очень маленькие порции (как вообще у нас в России в ресторанах почему-то).	[('food quality', 'positive', 'Еда'), ('food style_options', 'negative', 'Еда')]
2306	Очень приятное уютное местечко.	[('restaurant general', 'positive', 'местечко'), ('ambience general', 'positive', 'местечко')]
2307	Хороший ценник на блюда.	[('food prices', 'positive', 'блюда')]
2308	Интерьер и сервис плотные - 9 баллов.	[('ambience general', 'positive', 'Интерьер'), ('service general', 'positive', 'сервис')]
2309	Удобное место расположение, есть парковка.	[('location general', 'positive', 'место расположение'), ('restaurant miscellaneous', 'positive', 'парковка')]
2310	Блюда не могу сказать, что понравились все, но некоторые очень достойные.	[('food quality', 'neutral', 'Блюда')]
2311	Единственный недостаток этого места, это кол-во людей в выходные дни и то, как справляются с этим потоком официанты и повара.	[('service general', 'negative', 'официанты'), ('service general', 'negative', 'повара')]
2312	Надеюсь, что все таки они решат эту проблему- долгого обслуживания, но в целом, нам очень нравится это место и мы всем рекомендуем его, особенно в будние дни!!!!)	[('service general', 'negative', 'обслуживания'), ('restaurant general', 'positive', 'место')]
2313	Нам ОЧЕНЬ всё понравилось!!!	[('restaurant general', 'positive', 'NULL')]
2314	Приятный интерьер (всё как на фото), наверное даже в реале уютнее.	[('ambience general', 'positive', 'интерьер')]
2315	Все блюда очень вкусные,приготовлены по-домашнему.	[('food quality', 'positive', 'блюда')]
2316	Повару большой респект.	[('food quality', 'positive', 'Повару')]
2317	Блюдо хинкали состоит из 4 штук, хороших размеров, после салата и кусочка хачапури я еле съела.	[('food style_options', 'positive', 'хинкали')]
2318	Муж тоже заказывал хинкали(после Чихиртмы) и сказал, что можно было взять одну порцию на двоих.	[('food style_options', 'positive', 'хинкали')]
2319	Друг заказал пиво,харчо и лагман, в итоге часть лагмана он не доел, хотя покушать он очень любит:).	[('food style_options', 'positive', 'лагман')]
2320	Так что порции всех блюд нормальные и главное действительно всё приготовлено по-домашнему.	[('food style_options', 'positive', 'порции')]
2321	Обслуживание тоже было на высоком уровне, всё не навязчиво, но с толком.	[('service general', 'positive', 'Обслуживание')]
2322	Ресторан рекомендую.	[('restaurant general', 'positive', 'Ресторан')]
2323	Руководству ресторана хочу пожелать удачи в бизнесе и главное держите эту планку качественной кухни и замечательного обслуживания.	[('restaurant general', 'positive', 'Руководству ресторана'), ('food quality', 'positive', 'кухни'), ('service general', 'positive', 'обслуживания')]
2324	Я редко пишу отрицательные отзывы, но в данном случае просто считаю это делом принципа.	[('restaurant general', 'negative', 'NULL')]
2325	Скажем так, такого отвратительного впечатления от посещения ресторана/паба у меня давное не было.	[('restaurant general', 'negative', 'ресторана/паба')]
2326	Встретила и обслуживала нас откровенно хамоватая официантка.	[('service general', 'negative', 'официантка')]
2327	Половина блюд из меню в наличии не было.	[('food style_options', 'negative', 'блюд из меню')]
2328	На вопрос почему так официантка ответила с вызовом, что вчера все было, а сегодня закончилось.	[('service general', 'negative', 'официантка')]
2329	Ждали мы их, ждали, пришла офицантка и сообщила что она их уронила на пол, и что это были последние палочки и вообщем палочек не будет.	[('service general', 'negative', 'офицантка')]
2330	Мой друг заказал цезарь с креветками (курицы не оказалось), который оказался и на вид и на вкус совершенно отвратительным.	[('food quality', 'negative', 'цезарь с креветками'), ('food style_options', 'negative', 'курицы')]
2331	Потом официантка не слишком вежливо поинтересовалась знаем ли мы что они работают в воскресенье до 11ти.	[('service general', 'negative', 'официантка')]
2332	Ходить туда не советую, может конечно в более людные дни они поадекватнее персонал ставят и блюда все в наличии, но что-то мне подсказывает что врятли.	[('restaurant general', 'negative', 'NULL'), ('service general', 'negative', 'NULL')]
2333	Недавно праздновала день рождение на 40 человек, это было просто незабываемо.	[('restaurant general', 'positive', 'NULL')]
2334	Очень вкусная пицца и салаты на закуску, большой выбор горячих блюд на любой вкус, все гости были удивлены качеством приготовления и очень вкусными блюдами.	[('food quality', 'positive', 'пицца'), ('food quality', 'positive', 'салаты на закуску'), ('food style_options', 'positive', 'горячих блюд'), ('food quality', 'positive', 'блюдами')]
2335	Заказали большой торт тирамису на десерт, собственного приготовления- это было очень вкусно, но места в животе уже не оставалось, поэтому раздавали гостям в домой.	[('food quality', 'positive', 'торт тирамису')]
2336	Тихая, приятная музыка.	[('ambience general', 'positive', 'музыка')]
2337	Очень внимательные официанты и администраторы.	[('service general', 'positive', 'официанты'), ('service general', 'positive', 'администраторы')]
2338	Спасибо вам огромное за праздник и очень душевную обстановку:))	[('ambience general', 'positive', 'NULL'), ('restaurant general', 'positive', 'NULL')]
2339	Очень не понравилось обслуживание!	[('service general', 'negative', 'обслуживание')]
2340	Были вчера вечером, заказали, принесли достаточно быстро, но вот потом про нас как-будто забыли, мы допили напитки и хотели повторить их, но к нам пол часа никто не подходил, официанты бегали мимо, но в нашу сторону даже не смотрели, несмотря на то, что мы всеми силами пытались обратить на себя внимание.	[('service general', 'negative', 'официанты')]
2341	В итоге мне пришлось подойти к барной стойке и позвать кого-нибудь.	[('restaurant general', 'negative', 'NULL')]
2342	"Потом мы ждали напитки около 40 минут, а на вопрос- где наши напитки, нам было выдано:-""а что, вам еще их не приносили????""."	[('service general', 'negative', 'NULL')]
2343	"Удивило также то, что с гостями в ""Плюшкине"" не прощаются."	[('service general', 'negative', 'NULL')]
2344	Резкий контраст плохого сервиса и очень вкусной кухни и уютного интерьера....!!!!	[('service general', 'negative', 'сервиса'), ('food quality', 'positive', 'кухни'), ('ambience general', 'positive', 'интерьера')]
2345	Зашла днем пообедать, встретили достаточно радушно, спросили в первые я в заведение или уже была, это говорит о том, что персонал заботлив к своим гостям и помнит всех постоянных)	[('service general', 'positive', 'персонал')]
2346	Мне помогли с выбором столика и рассказали о всех акциях и предложениях.	[('service general', 'positive', 'NULL')]
2347	Особенно порадовала 50% скидка на японское меню)	[('food prices', 'positive', 'японское меню')]
2348	Обслуживание быстрое и внимательное, еда понравилась, ассортимент бара большой но я пила только чай, так как пришла пообедать и о качестве напитков сказать ничего не могу.	[('service general', 'positive', 'Обслуживание'), ('food quality', 'positive', 'еда'), ('food style_options', 'positive', 'ассортимент бара')]
2349	При расчете официант красочно рассказал о программе в выходные дни, о вечеринках и артистах, просто не смогла ему отказать и обещала обязательно придти!	[('service general', 'positive', 'официант')]
2350	Вообще мое впечатление достаточно положительное об этом заведение и я планирую его посещать теперь часто.	[('restaurant general', 'positive', 'заведение')]
2351	Однако, наш последний визит перечеркнул все позитивные впечатления.	[('restaurant general', 'negative', 'NULL')]
2352	"Мы с мужем пришли вечером, нас никто не встретил, мы долго стояли у входа и присели сами, в растерянности, и спустя минут 10 (!), к нам подошел кто-то в зауженных спущенных джинсах, дал меню и сказал: "" - Ожидайте официанта"", так как сам не смог нам помочь в выборе напитков."	[('service general', 'negative', 'NULL')]
2353	Ужас этого вечера продолжался!	[('restaurant general', 'negative', 'NULL')]
2354	Далее к нам подошел официант, который как мне показалось, меню даже не открывал, в отличии меня, изучившей его за 20 минут ожидания!	[('service general', 'negative', 'официант')]
2355	Сделали заказ, поели с горем пополам.	[('food quality', 'negative', 'NULL')]
2356	Оказывается, что их больше нет в меню!	[('food style_options', 'negative', 'меню')]
2357	К сожалению, мы так и не поняли, что происходит с рестораном, жаль, что должного уровня уже нет и придется искать новый любимый ресторан.	[('restaurant general', 'negative', 'рестораном')]
2358	Довольны кухней, сервисом, обстановкой и ценами.	[('restaurant prices', 'positive', 'кухней'), ('food quality', 'positive', 'кухней'), ('service general', 'positive', 'сервисом'), ('ambience general', 'positive', 'обстановкой')]
2359	Заказывали пиццу - очень вкусная, реально отличная пицца.	[('food quality', 'positive', 'пицца')]
2360	Официант вежливый, быстрый, отвечает на вопросы, никаких претензий.	[('service general', 'positive', 'Официант')]
2361	Единственный минус - столики маленькие, если несколько тарелок, то помещаются с трудом, и в целом внутри тесновато, столики близко расположены, так что хорошо слышно, о чем говорят за соседним столиком.	[('ambience general', 'negative', 'столики'), ('ambience general', 'negative', 'столики')]
2362	Зайти пообедать - хороший выбор, что-то обсудить и посидеть спокойно - не самое подходящее место.	[('restaurant miscellaneous', 'neutral', 'место')]
2363	Ради пиццы приду еще не один раз!	[('food quality', 'positive', 'пиццы')]
2364	Интерьер неплохой, но специфический, уж очень итальянский, подруге не понравилось, так что может быть, не каждому покажется симпатичным.	[('ambience general', 'neutral', 'Интерьер')]
2365	Но это не так важно, как вкусная еда и нормальное обслуживание :)	[('food quality', 'positive', 'еда'), ('service general', 'neutral', 'обслуживание')]
2366	Заказ принял практически сразу, даже удалось вступить с ним в диалог, посоветовал и рыбку, и винишко.	[('service general', 'positive', 'NULL')]
2367	По поводу обслуживания что могу сказать - назойливости официанта мы не почувствовали, но и вниманием были не обделены.	[('service general', 'positive', 'официанта')]
2368	По жестам или взглядам он понимал, что мы нуждаемся в его помощи и моментально реагировал.	[('service general', 'positive', 'NULL')]
2369	Мне всегда нравилось, как готовят здесь.	[('food quality', 'positive', 'NULL')]
2370	Рыбка была сочной, овощи на гриле и хлебная корзина - просто восхищение!!	[('food quality', 'positive', 'Рыбка'), ('food quality', 'positive', 'овощи на гриле'), ('food quality', 'positive', 'хлебная корзина')]
2371	Корзину заказываем всегда одну, а потом еще несколько раз по одной!	[('food quality', 'positive', 'Корзину')]
2372	Невозможно от нее отказаться!	[('food quality', 'positive', 'NULL')]
2373	Что касается интерьера все хорошо, но только один минус для меня.	[('ambience general', 'positive', 'интерьера')]
2374	Слишком тесно, столы расположены близко друг к другу, волей не волей слышишь соседние разговоры и не только..	[('ambience general', 'negative', 'столы')]
2375	Подводя итог, могу сказать, что визитом остались довольны!	[('restaurant general', 'positive', 'NULL')]
2376	Ждите нас снова!	[('restaurant general', 'positive', 'NULL')]
2377	Выбор был сделан по нескольким качествам данного места: прекрасное меню (большой выбор), вкуснейшая выпечка!!!, отличный сервис, хорошее расположение (метро рядом), красивый интерьер, присутствие естественного освещения делает атмосферу еще уютнее, цена соответствует качеству!!!	[('restaurant prices', 'positive', 'NULL'), ('restaurant general', 'positive', 'места'), ('food style_options', 'positive', 'меню'), ('food quality', 'positive', 'выпечка'), ('service general', 'positive', 'сервис'), ('location general', 'positive', 'расположение'), ('ambience general', 'positive', 'интерьер'), ('ambience general', 'positive', 'атмосферу')]
2378	Хотим сказать ОГРОМНОЕ спасибо всему персоналу!!!!!	[('service general', 'positive', 'персоналу')]
2379	Отдельно благодарим ЗАМЕЧАТЕЛЬНОГО менеджера по банкетам Анну, которая профессионально помогла: все подробно рассказала о кухне и самом ресторане, помогла с выбором блюд, напитков, выпечки и украшением зала, качественно донесла до нас всю необходимую информацию и суперски организовала наш праздник!!!	[('service general', 'positive', 'менеджера')]
2380	Мы будем посещать Вас вновь и вновь!!!	[('restaurant general', 'positive', 'NULL')]
2381	Спасибо!!!	[('restaurant general', 'positive', 'NULL')]
2382	Все понравилось!	[('restaurant general', 'positive', 'NULL')]
2383	Сервис на высочайшем уровне, большой выбор по меню и напиткам )приятный интерьер, тихо, спокойно!	[('service general', 'positive', 'Сервис'), ('food style_options', 'positive', 'меню'), ('drinks style_options', 'positive', 'напиткам'), ('ambience general', 'positive', 'интерьер')]
2384	Официантка Марина,была вежлива,приветлива очень быстро приняла заказ)очень порадовала кухня, быстро готовят, невероятно все было вкусно.	[('service general', 'positive', 'Официантка'), ('food quality', 'positive', 'кухня')]
2385	Ребята работают в команде,все время администратор помогал официантам.	[('service general', 'positive', 'Ребята'), ('service general', 'positive', 'администратор')]
2386	Спасибо вам огромное )	[('restaurant general', 'positive', 'NULL')]
2387	Удачи вам и процветания!!!	[('restaurant general', 'positive', 'NULL')]
2388	Место достаточно комфортное, есть диванчики.	[('ambience general', 'positive', 'Место'), ('ambience general', 'positive', 'диванчики')]
2389	Играла приятная музыка, что также порадовало.	[('ambience general', 'positive', 'музыка')]
2390	Овощной салат также пришёлся по вкусу.	[('food quality', 'positive', 'Овощной салат')]
2391	Мясная и сырная тарелки вполне себе обычные, но что-то негативное сказать про них нельзя.	[('food quality', 'neutral', 'Мясная и сырная тарелки')]
2392	Ребята заказывали в основном стейки из мяса и лосося, и по их довольным лицам можно было понять, что еда определённо вкусная и доставляет удовольствие.	[('food quality', 'positive', 'стейки из мяса и лосося'), ('food quality', 'positive', 'еда')]
2393	Не хватало лишь комплимента от шеф-повара, но это так, придирки.	[('service general', 'neutral', 'комплимента от шеф-повара')]
2394	Тут никаких сюрпризов, разве что ассортимент пива можно сделать и больше, не как в пабах, но 3-4 варианта самое то.	[('drinks style_options', 'negative', 'ассортимент пива')]
2395	Навязывание хайнекена не приветсвую.	[('service general', 'negative', 'NULL')]
2396	Атмосфера в ресторане приятная, располагает к отдыху.	[('ambience general', 'positive', 'Атмосфера')]
2397	Обслуживание оказалось на высоте, вполне возможно, что из-за обозначенных нами амбиций на объём заказа и как следствие будущий чай. не знаю.	[('service general', 'positive', 'Обслуживание')]
2398	Но девушка оказалась очень доброй, внимательной и просто красивой :)	[('service general', 'positive', 'девушка')]
2399	В общем, советую.	[('restaurant general', 'positive', 'NULL')]
2400	"Действительно, все оказалось ""на уровне""."	[('restaurant general', 'positive', 'NULL')]
2401	Понравился красивый интерьер и вежливое, довольно быстрое обслуживание.	[('ambience general', 'positive', 'интерьер'), ('service general', 'positive', 'обслуживание')]
2402	Но самое главное - все было ОЧЕНЬ вкусно.	[('food quality', 'positive', 'NULL')]
2403	Посидели с друзьями просто замечательно и все ушли в хорошем настроении.	[('restaurant general', 'positive', 'NULL')]
2404	Обязательно зайду туда еще.	[('restaurant general', 'positive', 'NULL')]
2405	Отличный ресторан или скорее кафе.	[('restaurant general', 'positive', 'ресторан'), ('restaurant general', 'positive', 'кафе')]
2406	Очень уютная обстановка, хороший персонал, приятный интерьер.	[('ambience general', 'positive', 'обстановка'), ('service general', 'positive', 'персонал'), ('ambience general', 'positive', 'интерьер')]
2407	Из минусов - шумный лифт который возит еду из кухни, которая на первом этаже, хотя идея интересная.	[('ambience general', 'neutral', 'лифт')]
2408	Ну и для кого-то минус, а для меня плюс, хозяин заведения против алкоголя и в его заведениях он не продается принципиально.	[('drinks style_options', 'neutral', 'алкоголя')]
2409	Искала долго, так как по натуре достаточно привередливый человек и нашла это прекрасное кафе.	[('restaurant general', 'positive', 'кафе')]
2410	Здесь есть все: интерьер, вкусные необычные блюда, вода на столе, что особенно приятно и внимательный, гостеприимный персонал, что является редкостью для нашего города.	[('ambience general', 'positive', 'интерьер'), ('food quality', 'positive', 'блюда'), ('service general', 'positive', 'персонал')]
2411	Сказать, что все остались довольны моим выбором, это ничего сказать.	[('restaurant general', 'positive', 'NULL')]
2412	Теперь это наше любимое место.	[('restaurant general', 'positive', 'место')]
2413	Спасибо Mon Petit Cafe за праздник.	[('restaurant general', 'positive', 'Mon Petit Cafe')]
2414	Не могу не написать отзыв, поскольку до сих пор нахожусь под впечатлением от посещения этого места.	[('restaurant general', 'positive', 'места')]
2415	На банкете были люди разного возраста и не было ни одного, кому бы не понравилось что-либо.	[('restaurant general', 'positive', 'NULL')]
2416	Замечательно всё: и помещение(сидели в центральном зале второго этажа) и кухня, и внешний вид стола.	[('ambience general', 'positive', 'помещение'), ('ambience general', 'positive', 'центральном зале'), ('food quality', 'positive', 'кухня'), ('food style_options', 'positive', 'внешний вид стола')]
2417	Но больше всего порадовали сотрудники - администратор, которая помогла грамотно составить заказ, а так же официант Мария, работа которой выше всяких похвал.	[('service general', 'positive', 'сотрудники'), ('service general', 'positive', 'администратор'), ('service general', 'positive', 'официант'), ('service general', 'positive', 'работа')]
2418	Приветливая,улыбчивая,все приносила и уносила вовремя,спрашивала все ли нравится,советовала по до заказам.	[('service general', 'positive', 'NULL')]
2419	Ранее я был во многих ресторанах, но обслуживание в этом - на высшем уровне.	[('service general', 'positive', 'обслуживание')]
2420	Спасибо коллективу!	[('restaurant general', 'positive', 'коллективу')]
2421	Непременно посетим вас ещё и будем советовать ваш ресторан нашим друзьям.	[('restaurant general', 'positive', 'ресторан')]
2422	Регулярно с друзьями посещаем данный ресторан!	[('restaurant general', 'positive', 'ресторан')]
2423	Если хочется провести выходные в какой-нибудь компании душевно, весело, вкусно, то ресторан очень хорошо для этого подходит!	[('food quality', 'positive', 'NULL'), ('restaurant general', 'positive', 'ресторан')]
2424	Прекрасная Маргарита, вкусная еда и отличная музыка!!!	[('food quality', 'positive', 'Маргарита'), ('food quality', 'positive', 'еда'), ('ambience general', 'positive', 'музыка')]
2425	Живу в другом районе, но с радостью приезжаю именно сюда, да простят меня остальные мексиканские рестораны, за мексиканкой едой, атмосферой и отлично провести вечер!	[('food quality', 'positive', 'мексиканкой едой'), ('ambience general', 'positive', 'атмосферой')]
2426	В общем, место ни разу не подводило, рекомендую!	[('restaurant general', 'positive', 'место')]
2427	Вечер начал радовать тем, что быстро добрались, ресторан достаточно удобно расположен.	[('location general', 'positive', 'ресторан')]
2428	Нас приятно встретили и провели к столику, вручили меню.	[('service general', 'positive', 'NULL')]
2429	Все как положено, с искренней улыбкой (кажется, это был администратор).	[('service general', 'positive', 'администратор')]
2430	Вскоре появился не менее дружелюбный официант и поинтересовался, готовы ли мы сделать заказ.	[('service general', 'positive', 'официант')]
2431	Заведение с очень с приятным интерьероом, в теплых тонах.	[('ambience general', 'positive', 'интерьероом')]
2432	Было очень комфортно и уютно!	[('ambience general', 'positive', 'NULL')]
2433	Для себя отметили, что зал прекрасно подойдет и для празднования каких-то масштабных событий.	[('ambience general', 'positive', 'зал')]
2434	Принесенные блюда тоже очень понравились!!!(повару за это отдельное спасибо!!!)	[('food quality', 'positive', 'блюда')]
2435	Лосось просто таял во рту, салат Цезарь вообще вне всяких похвал!	[('food quality', 'positive', 'Лосось'), ('food quality', 'positive', 'салат Цезарь')]
2436	Название не запомнил, но выглядело это «нечто» красочно, очень красивая подача.	[('food style_options', 'positive', 'подача')]
2437	В целом, очень хорошо провели вечер! девушке тоже всё понравилось!!!	[('restaurant general', 'positive', 'NULL')]
2438	S. приедем еще не раз)	[('restaurant general', 'positive', 'NULL')]
2439	"Недавно открыла для себя это кафе "" На Парах"", нигде больше не встречала кухни, где все блюда готовятся на пару."	[('restaurant general', 'positive', 'кафе  На Парах'), ('food style_options', 'positive', 'блюда')]
2440	Я слежу за своим здоровьем и я была приятно удивлена, что блюда на пару не только могут быть полезными, но и очень вкусными.	[('food quality', 'positive', 'блюда на пару')]
2441	При каждом новом посещении я стараюсь пробовать новые блюда из меню, особенно мне понравились: цезарь с курицей, лосось со шпинатным соусом, чай облепиховый и тирамису от шеф повара.	[('food quality', 'positive', 'цезарь с курицей'), ('food quality', 'positive', 'лосось со шпинатным соусом'), ('drinks quality', 'positive', 'чай облепиховый'), ('food quality', 'positive', 'тирамису')]
2442	В целом ребята молодцы кальян сделали хорошо, но делали его очень долго.	[('restaurant miscellaneous', 'positive', 'кальян')]
2443	Обстановка кафе вполне располагающая к отдыху-удобная мягкая мебель, зоны столиков разделены шторами, но в помещении прохладно когда открывается и закрывается входная дверь если сидеть около входа.	[('ambience general', 'positive', 'Обстановка'), ('ambience general', 'positive', 'мягкая мебель'), ('ambience general', 'positive', 'столиков'), ('ambience general', 'negative', 'помещении')]
2444	Несмотря на все это ,сейчас это одно из моих любимых заведений, рекомендую всем своим знакомым.	[('restaurant general', 'positive', 'заведений')]
2445	Очень понравилось.	[('restaurant general', 'positive', 'NULL')]
2446	Обстановка располагает к душевному застолью с тостами, речами и беседам (помещение маленькое, уютное и не шумное).	[('ambience general', 'positive', 'Обстановка'), ('ambience general', 'positive', 'помещение')]
2447	Интерьер удивляет и радует глаз, даёт возможность насладиться живописью петербургских художников.	[('ambience general', 'positive', 'Интерьер'), ('ambience general', 'positive', 'живописью')]
2448	Кухня: банкетное меню 1800 рубчел вполне устроило своим разнообразием, вкусом и количеством.	[('food quality', 'positive', 'банкетное меню'), ('food style_options', 'positive', 'банкетное меню')]
2449	Плюс порадовала возможность принести собственный алкоголь и сладкое, хотя, как выяснилось позже, шеф-повар выпекает очень вкусные торты, о которых мы, к сожалению, не знали заранее.	[('service general', 'positive', 'NULL'), ('food quality', 'positive', 'торты')]
2450	Насторожило отсутствие большого выбора горячего (красная рыба или говядина), однако большие порции и изысканность вкуса приятно впечатлили.	[('food style_options', 'negative', 'горячего'), ('food quality', 'positive', 'порции'), ('food style_options', 'positive', 'порции')]
2451	Обслуживание на высоком уровне (тихо, незаметно, деликатно).	[('service general', 'positive', 'Обслуживание')]
2452	В конце вечера были упакованы и отданы излишки еды, алкоголя и сока.	[('service general', 'positive', 'NULL')]
2453	При желании есть место для танцев.	[('ambience general', 'positive', 'место для танцев')]
2454	Официанты любезно разрешают поставить любую музыку.	[('service general', 'positive', 'Официанты')]
2455	Долго искали хорошее место и не прогадали.	[('restaurant general', 'positive', 'место')]
2456	Единственное что зацепило - дизайн кафе,уж очень красивый.	[('ambience general', 'positive', 'дизайн')]
2457	Заказала себе салат,так мне даже было жалко его съесть,настолько было красиво украшен))я уже не говорю,что было очень вкусно).	[('food style_options', 'positive', 'салат'), ('food quality', 'positive', 'салат')]
2458	Очень понравилось ненавязчивое и качественное обслуживание.	[('service general', 'positive', 'обслуживание')]
2459	Спасибо Вам большое за уютную атмосферу,от Вас даже не хотелось уходить,все настолько было тепло и радушно!)	[('service general', 'positive', 'NULL'), ('ambience general', 'positive', 'атмосферу')]
2460	Приятное заведение.	[('restaurant general', 'positive', 'заведение')]
2461	Действительно много места, как в самих залах, так и в холлах и гардеробе.	[('ambience general', 'positive', 'залах'), ('ambience general', 'positive', 'холлах'), ('restaurant miscellaneous', 'positive', 'гардеробе')]
2462	Вокруг все тихо и спокойно.	[('ambience general', 'positive', 'NULL')]
2463	Администратор проводила к столику, тут же подошел официант предложил меню.	[('service general', 'positive', 'Администратор'), ('service general', 'positive', 'официант')]
2464	По вкусу все понравилось, порции хорошие – наелась, ну и можно отметить оформление блюд.	[('food quality', 'positive', 'NULL'), ('food style_options', 'positive', 'порции'), ('food style_options', 'positive', 'оформление блюд')]
2465	Цены средние.	[('restaurant prices', 'neutral', 'NULL')]
2466	Но не ошиблись, чудесная детская комната, замечательная няня, все дети при деле, что-то лепят, что-то мастерят, их не видно-не слышно!	[('restaurant miscellaneous', 'positive', 'детская комната'), ('service general', 'positive', 'няня')]
2467	Сотрудники вообще молодцы, всю организацию праздника на себя взяли.	[('service general', 'positive', 'Сотрудники')]
2468	Мы приезжали несколько раз, присматривались, столик выбирали, так они сразу говорят как и что лучше сделать, куда сесть, в какое время лучше начать праздник, что из закусок на стол поставить.	[('service general', 'positive', 'NULL')]
2469	А когда мы пришли в день праздника, даже шариками украсили наш стол! (	[('service general', 'positive', 'NULL')]
2470	Ресторан красивый, большой, людей много, но никто не кому не мешает.	[('ambience general', 'positive', 'Ресторан')]
2471	Еда вкусная, детям понравилась пицца, друзья хвалили пасту с морепродуктами, мужу понравилась свинина с грибами, а мне очень понравилась лазанья с лососем, вкусно и сытно.	[('food quality', 'positive', 'Еда'), ('food quality', 'positive', 'пицца'), ('food quality', 'positive', 'пасту с морепродуктами'), ('food quality', 'positive', 'свинина с грибами'), ('food quality', 'positive', 'лазанья с лососем')]
2472	Хоть и не дешево все это вышло, но оно того стоило.	[('food prices', 'neutral', 'NULL')]
2473	Голова не о чем не болит, дети довольны, друзьям тоже понравилось.	[('restaurant general', 'positive', 'NULL')]
2474	Праздник удался!	[('restaurant general', 'positive', 'NULL')]
2475	Хорошо,что есть теперь такое место у нас в районе.	[('restaurant general', 'positive', 'место')]
2476	Остались очень довольны.	[('restaurant general', 'positive', 'NULL')]
2477	Хотим поблагодарить шеф повара за отменные салаты и горячее.	[('food quality', 'positive', 'салаты'), ('food quality', 'positive', 'горячее')]
2478	Порции большие, а главное – ВКУСНО!	[('food style_options', 'positive', 'Порции'), ('food quality', 'positive', 'Порции')]
2479	Попробовали местное пиво – понравилось.	[('drinks quality', 'positive', 'местное пиво')]
2480	Очень приятно, что цены не высокие, а обслуживание на 5 баллов.	[('restaurant prices', 'positive', 'NULL'), ('service general', 'positive', 'обслуживание')]
2481	Официантки симпатичные девочки.	[('service general', 'positive', 'Официантки')]
2482	В ресторане весело, гостей много.	[('ambience general', 'positive', 'NULL')]
2483	Интерьер тоже очень оригинальный.	[('ambience general', 'positive', 'Интерьер')]
2484	Очень хорошо отдохнули, спасибо за прием!	[('restaurant general', 'positive', 'NULL')]
2485	Удивлена наличием негативных отзывов о данном заведении, т.к. я лично осталась в полном восторге от ВСЕГО: прекрасное обслуживание, приветливый персонал, демократичные цены, очень вкусная еда и большие порции, ненавязчивый интерьер, все чисто и аккуратно, отличное качество какаоке!	[('restaurant prices', 'positive', 'NULL'), ('restaurant general', 'positive', 'заведении'), ('service general', 'positive', 'обслуживание'), ('service general', 'positive', 'персонал'), ('food quality', 'positive', 'еда'), ('food style_options', 'positive', 'порции'), ('ambience general', 'positive', 'интерьер'), ('ambience general', 'positive', 'какаоке')]
2486	Еще из плюсов- при заказе банкета есть специальное предложение по алкоголю (можно приобрети вино, шампанское и водку по ценам производителя).	[('drinks prices', 'positive', 'алкоголю'), ('drinks prices', 'positive', 'вино'), ('drinks prices', 'positive', 'шампанское'), ('drinks prices', 'positive', 'водку')]
2487	Праздновала там свое ДР - я и гости оставлись на 100% довольны!!	[('restaurant general', 'positive', 'NULL')]
2488	Огромное спасибо персоналу!	[('service general', 'positive', 'персоналу')]
2489	обязательно придем к Вам снова!!	[('restaurant general', 'positive', 'NULL')]
2490	Замечательный ресторан!!!	[('restaurant general', 'positive', 'ресторан')]
2491	Осталось очень приятное впечатление!!!	[('restaurant general', 'positive', 'NULL')]
2492	Идеальное место для деловых встреч и отдыха в компании друзей, а так же для проведения свадебных мероприятий!!!	[('restaurant general', 'positive', 'место')]
2493	У ресторана есть своя атмосфера…спокойная и очень очень уютная!	[('ambience general', 'positive', 'атмосфера')]
2494	Красивый интерьер, удобные мягкие кресла и диванчики, спокойная приятная музыка!	[('ambience general', 'positive', 'интерьер'), ('ambience general', 'positive', 'кресла'), ('ambience general', 'positive', 'диванчики'), ('ambience general', 'positive', 'музыка')]
2495	Отличное меню и очень вкусные блюда!	[('food style_options', 'positive', 'меню'), ('food quality', 'positive', 'блюда')]
2496	Внимательный приветливый персонал!	[('service general', 'positive', 'персонал')]
2497	Хотим сказать огромное спасибо персоналу за внимательное отношение к нам и нашим гостям, а так же за красиво декорированные и украшенные свадебный зал и столы!!!	[('service general', 'positive', 'персоналу'), ('ambience general', 'positive', 'свадебный зал'), ('ambience general', 'positive', 'столы')]
2498	Огромное спасибо шефу и всем поварам за такие вкусные и красиво оформленные блюда на банкете!!!	[('food style_options', 'positive', 'блюда'), ('food quality', 'positive', 'блюда')]
2499	Отдельную огромную благодарность мы хотим выразить управляющей рестораном Ольге за ее большую проделанную работу!!!	[('service general', 'positive', 'управляющей рестораном')]
2500	Она очень помогла в выборе меню, в декорировании свадебного зала, прекрасно организовала наше мероприятие!!!	[('service general', 'positive', 'NULL')]
2501	Настоящий профессионал и очень доброжелательный и внимательный человек!!!	[('service general', 'positive', 'NULL')]
2502	Будем обязательно заезжать в этот ресторан покушать и отметить праздники!	[('restaurant general', 'positive', 'ресторан')]
2503	Мы с друзьями остались очень довольны посещением этого заведения, народу не много...уютные,мягкие диванчики)	[('restaurant general', 'positive', 'заведения'), ('ambience general', 'positive', 'диванчики')]
2504	Очень приветливый персонал,все девушки в один голос здороваются как только заходишь) и улыбаются))очень приятно ..	[('service general', 'positive', 'персонал'), ('service general', 'positive', 'девушки')]
2505	Заказанные блюда принесли очень даже быстро...или это время так быстро пролетело,за счет уютной атмосферы..заказывали стейк из говядины,шашлычки из грибов,солянку,цезарь из курицы,овощи на гриле, все очень понравилось...	[('service general', 'positive', 'NULL'), ('ambience general', 'positive', 'атмосферы'), ('food quality', 'positive', 'стейк из говядины'), ('food quality', 'positive', 'шашлычки из грибов'), ('food quality', 'positive', 'солянку'), ('food quality', 'positive', 'цезарь из курицы'), ('food quality', 'positive', 'овощи на гриле')]
2506	ОООЧЕНЬ!) спасибо повару!	[('food quality', 'positive', 'повару')]
2507	цена и качество соответствуют..	[('restaurant prices', 'positive', 'NULL')]
2508	солянка 200 руб, цезарь 250 ,стейк 550, не очень завышены цены,надеемся и дальше такими же будут!)) планируем там провести банкет... на Петроградской один из лучших ресторанов.....советуем всем)	[('food prices', 'positive', 'солянка'), ('food prices', 'positive', 'цезарь'), ('food prices', 'positive', 'стейк'), ('restaurant general', 'positive', 'ресторанов')]
2509	Очень благодарны персоналу за качественное обслуживание.	[('service general', 'positive', 'персоналу'), ('service general', 'positive', 'обслуживание')]
2510	Ресторан очень уютный, вид из окон шикарный на центр города.	[('ambience general', 'positive', 'Ресторан'), ('location general', 'positive', 'вид из окон')]
2511	Еда была вкусная, все свежее и оформление блюд особенно порадовало!	[('food quality', 'positive', 'Еда'), ('food style_options', 'positive', 'оформление блюд')]
2512	В Санкт-Петербурге мы посетили очень много ресторанов, но теперь буду всем советовать зайти именно в это чудесное место!	[('restaurant general', 'positive', 'место')]
2513	Еще раз спасибо, обязательно вернемся вновь!!!	[('restaurant general', 'positive', 'NULL')]
2514	Обстановка приятная, столы большие, обслуживание порадовало, персонал внимательный.	[('ambience general', 'positive', 'Обстановка'), ('ambience general', 'positive', 'столы'), ('service general', 'positive', 'обслуживание'), ('service general', 'positive', 'персонал')]
2515	Очень понравился официант Шахид, отвечал на все вопросы относительно блюд, заказ не пришлось долго ждать.	[('service general', 'positive', 'официант')]
2516	Еда понравилась, порции большие, красиво оформлены, все вкусно.	[('food quality', 'positive', 'Еда'), ('food style_options', 'positive', 'порции')]
2517	Все столики были заняты, но никто не мешал спокойно поговорить, музыка играла не громко.	[('ambience general', 'neutral', 'музыка')]
2518	Очень вкусные десерты: тирамису, черничный пирог и черный лес.	[('food quality', 'positive', 'десерты'), ('food quality', 'positive', 'тирамису'), ('food quality', 'positive', 'черничный пирог'), ('food quality', 'positive', 'черный лес')]
2519	По ценам с купонами получилось вполне приемлемо.	[('restaurant prices', 'neutral', 'NULL')]
2520	С бутылочкой вина, салатами, горячим и десертами получилось меньше 1000 рублей на человека.	[('restaurant prices', 'positive', 'NULL')]
2521	официантку ждали в течении получаса, она прибежала, поставила бутылку водки и умчала.	[('service general', 'negative', 'официантку')]
2522	Я алкоголь не пью и что бы заказать чай и дочке лимонад мне пришлось идти к барной стойке и искать кого-нибудь, что бы приняли заказ.	[('service general', 'negative', 'NULL')]
2523	Заказ нам начали приносить по крохам, учитывая то, что мы заказывали заранее.	[('service general', 'negative', 'NULL')]
2524	Десерт я после еды прождала еще минут 15.	[('service general', 'negative', 'NULL')]
2525	Гардероб: я выходила из дубовой комнаты три раза и два из них наблюдала, как уходящие люди ждали пока им найдут одежду.	[('service general', 'negative', 'Гардероб')]
2526	"В ""Чайном доме"" я ела с трудом, она не вкусная."	[('food quality', 'negative', 'NULL')]
2527	В общем, одни нервы и негатив от этого местечка, мы не ели, а ждали и вспоминали что там было заказано.	[('restaurant general', 'negative', 'местечка')]
2528	Обслуга на минусе, от официантов ни улыбки, ни сервиса.	[('service general', 'negative', 'Обслуга'), ('service general', 'negative', 'официантов'), ('service general', 'negative', 'сервиса')]
2529	Туда я больше не ходок	[('restaurant general', 'negative', 'NULL')]
2530	Прекрасное вино, вкусная еда с красивой подачей, спокойная атмосфера и замечательное обслуживание.	[('drinks quality', 'positive', 'вино'), ('food quality', 'positive', 'еда'), ('food style_options', 'positive', 'подачей'), ('ambience general', 'positive', 'атмосфера'), ('service general', 'positive', 'обслуживание')]
2531	Что касается оценок (от 1 - 10): - 7 ставлю за кухню потому, что хотелось бы больше разнообразия в меню по основным блюдам. - 5 за интерьер - не очень уютно на этих стульях, сумочку никуда не поставить, оптимальные места у окна (относительно комфортно) - 10 за сервис - всегда внимательный и в то же время незаметный персонал, что и должно соответствовать ресторанному обслуживанию.	[('food style_options', 'negative', 'основным блюдам'), ('ambience general', 'negative', 'интерьер'), ('ambience general', 'negative', 'стульях'), ('ambience general', 'positive', 'места у окна'), ('service general', 'positive', 'сервис'), ('service general', 'positive', 'персонал')]
2532	Хочу выразить большую благодарность прежде всего руководству ресторана, обслуживающему персоналу и конечно же тем поварам, которые готовят посетителям заведения столь вкусные блюда.	[('service general', 'positive', 'руководству ресторана'), ('service general', 'positive', 'обслуживающему персоналу'), ('service general', 'positive', 'поварам'), ('food quality', 'positive', 'вкусные'), ('food quality', 'positive', 'блюда')]
2533	Понравилось абсолютно все.	[('restaurant general', 'positive', 'NULL')]
2534	Конечно же впечатляет интерьер: уютно и красиво.	[('ambience general', 'positive', 'интерьер')]
2535	Стол был шикарный.	[('food quality', 'positive', 'Стол')]
2536	Хочу отметить, что для ресторана такого уровня цены не высокие.	[('food prices', 'neutral', 'NULL')]
2537	Хочется снова окунуться в незабываемую атмосферу, которая присуща данному заведению.	[('ambience general', 'positive', 'атмосферу')]
2538	Выбрали для романтического вечера Макарену и очень довольны выбором!	[('restaurant general', 'positive', 'Макарену')]
2539	Меню отменное, столько всего, что решили заходить почаще чтобы попробовать разные блюда.	[('food quality', 'positive', 'Меню'), ('food quality', 'positive', 'блюда')]
2540	Коктейли очень вкусные и необычные, есть из чего выбрать.	[('food quality', 'positive', 'Коктейли')]
2541	Все очень вкусно и сытно, порции большие, объелись!	[('food quality', 'positive', 'порции')]
2542	Отличный кальян, сполна насладились, прекрасный молодой человек кальянщик, приветливый, помог определиться с выбором и не прогадал!	[('food quality', 'positive', 'кальян'), ('service general', 'positive', 'кальянщик')]
2543	Красивый интерьер, были на втором этаже у окна.	[('ambience general', 'positive', 'интерьер')]
2544	Музыка понравилась, не давит громкостью как во многих заведениях, а создает уютную романтичную атмосферу.	[('ambience general', 'positive', 'Музыка'), ('ambience general', 'positive', 'атмосферу')]
2545	Персонал дружелюбный, все улыбаются, постоянно подходят убирают со стола, предложили оформить накопительную скидку, что очень даже неплохо!	[('service general', 'positive', 'Персонал'), ('service general', 'positive', 'накопительную скидку')]
2546	В общем, спасибо за прекрасный вечер!	[('restaurant general', 'positive', 'NULL')]
2547	приехали к друзьям в Питер из Москвы на Новый Год 2013 , которые повели нас в это заведение.	[('restaurant general', 'positive', 'заведение')]
2548	Все очень понравилось: кухня, интерьер,еда , да и чек на шестерых человек с алкоголем порадовал :)	[('food quality', 'positive', 'кухня'), ('ambience general', 'positive', 'интерьер'), ('food quality', 'positive', 'еда'), ('food prices', 'positive', 'чек')]
2549	Очень уютное место , только вот площадь ресторана небольшая, что есть небольшой минус,может оказаться,что свободных мест не будет! а так все замечательно	[('ambience general', 'positive', 'NULL'), ('restaurant general', 'positive', 'место')]
2550	Решил написать отзыв о ресторане в котором отметили прекрасный весений праздник, прочитал отзывы edik077 и Rules77777и понял что либо мы были вразных ресторанах, либо у ребят что-то незаладилось.	[('restaurant general', 'positive', 'ресторане')]
2551	Столик бронировали заранее и сделали так как предложил администратор т.е. сделали предварительный заказ, когда придя увидели полностью заполненый ресторан поняли что совет нам дали действительно правильный, в ресторане было человек 70-80, тут действительно горячее блюдо можно ждать весьма долго.	[('service general', 'positive', 'администратор')]
2552	Меню достаточно разнообразное и весьма вкусное, мне и моим друзьям понравилось всё что нам принесли, а принесли нам немало.	[('food quality', 'positive', 'Меню'), ('food style_options', 'positive', 'Меню')]
2553	Обслуживание может и не самое лучьшее в городе, но официанты делали всё что нужно.	[('service general', 'neutral', 'официанты')]
2554	Должен сказать что ждать нам всёравно пришлось, не очень долго конечно, но всё-же.	[('service general', 'neutral', 'NULL')]
2555	Интерьер хороший, удобные диваны.	[('ambience general', 'positive', 'Интерьер'), ('ambience general', 'positive', 'диваны')]
2556	Очень хорошая музыкальная программа и весёлый ведущий.	[('ambience general', 'positive', 'музыкальная программа'), ('ambience general', 'positive', 'ведущий')]
2557	В общем я остался доволен своим выбором, и тем как мы провели вечер, хороший ресторан, уютный и кухня хорошая.	[('ambience general', 'positive', 'NULL'), ('restaurant general', 'positive', 'ресторан'), ('food quality', 'positive', 'кухня')]
2558	Руководству и персоналу СПАСИБО.	[('restaurant general', 'positive', 'Руководству'), ('service general', 'positive', 'персоналу')]
2559	Мы посетили этот замечательный ресторанчик поздним вечером, ближе к полуночи, когда уже нигде не кормили по-настоящему.	[('restaurant general', 'positive', 'ресторанчик')]
2560	"""Квартиру №55"" выбрали из-за расположения и графика работы, ну и отзывы неплохие."	[('restaurant general', 'positive', 'Квартиру №55'), ('location general', 'positive', 'расположения')]
2561	Накормили и напоили нас в эту холодную ночь замечательно вкусно.	[('food quality', 'positive', 'NULL'), ('drinks quality', 'positive', 'NULL')]
2562	"Не хочется употреблять слова сервис, обслуживание, т.к. нас не ""обслуживали"", а радушно встречали, очень по-домашнему."	[('service general', 'positive', 'NULL')]
2563	Помогли с заказом, посоветовали хорошее и недорогое вино.	[('service general', 'positive', 'NULL'), ('drinks prices', 'positive', 'вино'), ('drinks quality', 'positive', 'вино')]
2564	Правда, заказ принесли не быстро, хотя кроме нас в ресторане было занято всего 2 столика и там уже люди давно сидели, пили чай.	[('service general', 'negative', 'NULL')]
2565	Салаты готовили минут 20, потом еще ждали горячее.	[('service general', 'negative', 'NULL')]
2566	Гостям очень понравились пожарские котлеты и тушеная телятина.	[('food quality', 'positive', 'пожарские котлеты'), ('food quality', 'positive', 'тушеная телятина')]
2567	Я брала буженину на гриле - это восторг!	[('food quality', 'positive', 'буженину на гриле')]
2568	Салаты были сытные и довольно вкусные, но как-то не запомнились.	[('food quality', 'neutral', 'Салаты')]
2569	Порции не огромные, но и не маленькие, мы наелись и не решились еще взять по десерту, хотя официант очень советовал и хвалил их десерты.	[('food style_options', 'neutral', 'Порции'), ('service general', 'neutral', 'официант')]
2570	Так что, у нас есть повод придти в квартиру еще раз!	[('restaurant general', 'positive', 'квартиру')]
2571	"Хочу сказать большое спасибо ""ночному персоналу"" ресторана, который сделал наш поздний ужин таким приятным!"	[('service general', 'positive', 'ночному персоналу')]
2572	"Я выбрал ""Мидзуки"" основываясь на отзывах с этого сайта, и не ошибся - очень уютное место, вкусная еда (заказывали роллы и рис с курицей), музыка ненавязчивая и тихая."	[('restaurant general', 'positive', 'Мидзуки'), ('restaurant general', 'positive', 'место'), ('food quality', 'positive', 'еда'), ('food quality', 'positive', 'роллы'), ('food quality', 'positive', 'рис с курицей'), ('ambience general', 'neutral', 'музыка')]
2573	Сервис - хороший, - официантки, заметив что на них смотришь, - не делают вид, что не заметили, а подходят:)	[('service general', 'positive', 'Сервис'), ('service general', 'positive', 'официантки')]
2574	Ждать заказа пришлось не больше, чем ожидаешь от ресторана - тарелки появились ровно в тот момент, когда мне в первый раз пришло в голову, что пора бы уже всё-таки принести))	[('service general', 'neutral', 'NULL')]
2575	В общем, вечер провели замечательно, теперь буду водить туда друзей.	[('restaurant general', 'positive', 'NULL')]
2576	А вот заказ приносили достаточно долго - но на улице с пивом никуда не спешишь :)	[('service general', 'negative', 'NULL')]
2577	Гриль нам понравился, пиво тоже.	[('food quality', 'positive', 'Гриль'), ('drinks quality', 'positive', 'пиво')]
2578	Маленький выбор вина, нет классичсеских сортов пива.	[('drinks style_options', 'negative', 'выбор вина'), ('drinks style_options', 'negative', 'пива')]
2579	Но в общем, впечатление хорошее.	[('restaurant general', 'positive', 'NULL')]
2580	От сервиса, от кухни и от атмосферы.	[('service general', 'positive', 'сервиса'), ('food quality', 'positive', 'кухни'), ('ambience general', 'positive', 'атмосферы')]
2581	Вокруг люди улыбчивые, всем весело, музыка приятная.	[('ambience general', 'positive', 'музыка')]
2582	Мы еще вернемся!	[('restaurant general', 'positive', 'NULL')]
2583	"Два этажа, очень спокойный, но стильный интерьер, само место неожиданно располагает к тому, чтобы провести там время за разговором, а ""заодно"" и поесть."	[('ambience general', 'positive', 'интерьер'), ('ambience general', 'positive', 'место')]
2584	Так как от дома идти недалеко, облюбовали ресторан для семейных бесед: здесь слышно собеседника, даже когда полный зал посетителей.	[('ambience general', 'positive', 'ресторан')]
2585	Обслуживание на уровне.	[('service general', 'neutral', 'Обслуживание')]
2586	И встречают, и провожают (без страшных криков на японском:)), и заказ повторят, и очередность блюд соблюдают, и пепельницу меняют без дополнительной просьбы.	[('service general', 'positive', 'NULL')]
2587	Суши в Асахи так себе, но их можно и не заказывать - есть отличные роллы, в любой по вашему желанию добавят сыр Филадельфия, кроме того, есть роллы без риса; неплохие сашими, замечательные легкие салаты (с лососем, крабом, тунцом), порции салатов большие, из горячего - душевный лосось терияки.	[('food quality', 'neutral', 'Суши'), ('food quality', 'positive', 'роллы'), ('food style_options', 'positive', 'сыр Филадельфия'), ('food style_options', 'positive', 'роллы без риса'), ('food quality', 'neutral', 'сашими'), ('food quality', 'positive', 'салаты'), ('food style_options', 'positive', 'порции салатов'), ('food quality', 'positive', 'лосось терияки')]
2588	Из всех японских заведений в районе Московская-Электросила здесь самый вкусный крабовый суп.	[('food quality', 'positive', 'крабовый суп')]
2589	До 18 часов две суши по цене одной, плюс бесплатно доставляют еду домой.	[('service general', 'positive', 'NULL'), ('food prices', 'positive', 'суши')]
2590	В общем, приличное место, можно рекомендовать как для переговоров, так и для романтической встречи.	[('restaurant general', 'positive', 'место')]
2591	Бываю здесь минимум раз в неделю.	[('restaurant general', 'positive', 'NULL')]
2592	Пришли, все уже было готово.	[('service general', 'positive', 'NULL')]
2593	И это было здорово!	[('restaurant general', 'positive', 'NULL')]
2594	Очень уютный, небольшой ресторан.	[('ambience general', 'positive', 'ресторан')]
2595	Интерьер - спокойные, теплые цвета.	[('ambience general', 'neutral', 'Интерьер')]
2596	Очень вежливый, приятный персонал.	[('service general', 'positive', 'персонал')]
2597	Все было на высшем уровне!!	[('restaurant general', 'positive', 'NULL')]
2598	Кухня - изумительная!	[('food quality', 'positive', 'Кухня')]
2599	Мне и моим гостям все очень понравилось.	[('restaurant general', 'positive', 'NULL')]
2600	К тому же, была живая музыка)	[('ambience general', 'positive', 'живая музыка')]
2601	Но нам очень хотелось танцевать, т.к. певец исполнял очень хорошие песни!	[('ambience general', 'positive', 'песни')]
2602	"Вообщем, я очень довольна, что свой День Рождения отправздновала в ресторане ""КЭТ""."	[('restaurant general', 'positive', 'ресторане КЭТ')]
2603	Впечатления, у меня и у моих гостей, остались замечательные!!!	[('restaurant general', 'positive', 'NULL')]
2604	Советую посетить ресторан)))	[('restaurant general', 'positive', 'ресторан')]
2605	Я с удовольствием еще раз приду!	[('restaurant general', 'positive', 'NULL')]
2606	Кухня - 10, Интерьер - 10, Сервис - 10.	[('food quality', 'positive', 'Кухня'), ('ambience general', 'positive', 'Интерьер'), ('service general', 'positive', 'Сервис')]
2607	Спасибо всей команде ресторана!!!	[('service general', 'positive', 'команде ресторана')]
2608	Все было очень и очень замечательно!!!!	[('restaurant general', 'positive', 'NULL')]
2609	Отлично провели время.	[('restaurant general', 'positive', 'NULL')]
2610	Хорошая кухня и обслуживание, приятная атмосфера.	[('food quality', 'positive', 'кухня'), ('service general', 'positive', 'обслуживание'), ('ambience general', 'positive', 'атмосфера')]
2611	Очень порадовал подарок от шеф-повара для молодых.	[('service general', 'positive', 'подарок от шеф-повара')]
2612	Спасибо вам большое!	[('restaurant general', 'positive', 'NULL')]
2613	Всем советую сходить туда, цены приемлемые.	[('restaurant prices', 'positive', 'NULL')]
2614	Часто приходим сюда с семьей или друзьями, потому что здесь всегда можно вкусно поесть и приятно провести вечер.	[('restaurant general', 'positive', 'NULL'), ('food quality', 'positive', 'NULL')]
2615	Очень разнообразное меню, до сих пор всё не перепробовали.	[('food style_options', 'positive', 'меню')]
2616	Очень радует, что есть японская и итальянская кухни.	[('food style_options', 'positive', 'японская и итальянская кухни')]
2617	Паста и суши всегда на отлично!	[('food quality', 'positive', 'Паста'), ('food quality', 'positive', 'суши')]
2618	Очень нравится блюда на гриле.	[('food quality', 'positive', 'блюда на гриле')]
2619	В общем, к еде никаих претензий.	[('food quality', 'neutral', 'еде')]
2620	Сам интерьер спокойный и приятный.	[('ambience general', 'positive', 'интерьер')]
2621	Официанты внимательные, но ненавящивые.	[('service general', 'positive', 'Официанты')]
2622	С удовольствием посещаем этот ресторан)))	[('restaurant general', 'positive', 'ресторан')]
2623	Хотели новых впечатлений, и, хочу сказать, что получили мы их с полна!!	[('restaurant general', 'positive', 'NULL')]
2624	Приятный мужчина, несмотря на то, что он не понимал по русски- мы нашли общий язык).	[('service general', 'positive', 'мужчина')]
2625	Очень виртуозно, а главное вкусно он готовил нам деликатесные блюда.	[('service general', 'positive', 'NULL'), ('food quality', 'positive', 'блюда')]
2626	В большим интересом наблюдали за профессионалом своего дела.	[('service general', 'positive', 'NULL')]
2627	Честно говоря, приготовленные блюда по вкусу чень похожи на блюда в ресторанах Тайланда, хотя мясной стейк немного не удался.	[('food quality', 'neutral', 'блюда'), ('food quality', 'negative', 'мясной стейк')]
2628	Приятный, не напрягающий внешний вид зала, уютно и ненавязчиво.	[('ambience general', 'positive', 'внешний вид зала')]
2629	Отдельное спасибо официантке Оксане- практически от нас не отходила.	[('service general', 'positive', 'официантке')]
2630	Очень огорчили посетители VIP-зала (стыдно за наших): В зале есть небольшой аквариум, в котором плавает довольно крупная рыба, так вот один мужчина, видимо немного выпив- от этой рыбы ни как не мог отстать, ну её богу, как будто в зоопарк пришел!	[('ambience general', 'negative', 'посетители VIP-зала')]
2631	В общем- всё очень понравилось, процветания Вам!	[('restaurant general', 'positive', 'NULL')]
2632	С удовольствием придем к Вам снова!	[('restaurant general', 'positive', 'NULL')]
2633	Обстановка приличная,мне лично такая по вкусу,но телевизор 90-х годов стоящий в зале удивил меня,и картину дополняет неработающий фонтан в центре зала.	[('ambience general', 'neutral', 'Обстановка'), ('ambience general', 'negative', 'телевизор'), ('ambience general', 'negative', 'фонтан в центре зала')]
2634	А фоновой музыкой было радио.	[('ambience general', 'negative', 'фоновой музыкой')]
2635	Заказ приняли быстро...и все,на этом сервис закончился.	[('service general', 'negative', 'сервис')]
2636	Пришлось ждать чай больше 20 минут, принесли салат.	[('service general', 'negative', 'NULL')]
2637	Что готовят плохо сказать не могу,съедобно.	[('food quality', 'neutral', 'NULL')]
2638	Рис также ждали вместе с чаем больше 20 мин.,но я то думаю,китайский ресторан,как на востоке оформляют блюда мы все хорошо знаем,всегда все украшено и выглядит очень аппетитно,так вот,нам рис принесли на тарелке в таком виде,что я даже есть не стал его.	[('service general', 'negative', 'NULL'), ('food style_options', 'negative', 'рис')]
2639	Как будто с пола поднятый рис был,огромные комки.	[('food style_options', 'negative', 'рис')]
2640	Работала,то одна,то другая официантка,и каждая думала что нас уже обслужили и принесли заказ.	[('service general', 'negative', 'официантка')]
2641	Приятно были удивлены смене интерьера.	[('ambience general', 'positive', 'интерьера')]
2642	Стало очень уютно и комфортно.	[('ambience general', 'positive', 'NULL')]
2643	Деревянные столы и стулья прекрасно вписались в атмосферу этого заведения.	[('ambience general', 'positive', 'столы'), ('ambience general', 'positive', 'стулья'), ('ambience general', 'positive', 'атмосферу')]
2644	Обслуживание тоже понравилось.	[('service general', 'positive', 'Обслуживание')]
2645	Официантки вежливые и приветливые.	[('service general', 'positive', 'Официантки')]
2646	Мы выбрали блюда, но их не оказалось в наличии.	[('food style_options', 'negative', 'блюда')]
2647	Нам объяснили, что это вызвано сменой меню, т.к поменялся шеф-повар, и что новое меню у них в печати, и поэтому некоторые блюда отсутствовали.	[('food style_options', 'negative', 'блюда')]
2648	Порекомендовали заказать новый салат «От Шефа» с куриной грудкой и апельсинами – понравился, очень вкусный.	[('food quality', 'positive', 'салат «От Шефа» с куриной грудкой и апельсинами')]
2649	Еще попробовали их фирменную рульку, которая (как написано в меню) приготовлена по чешскому рецепту – ОЧЕНЬ ВКУСНО!!!	[('food quality', 'positive', 'рульку')]
2650	Очень удобным оказалось то, что можно заказать сразу трехлитровую башню, можно самим наливать себе пиво в бокал, пили Пилзнер – вкус довольно неплохой, но для меня горьковато, наверно сорт такой.	[('service general', 'positive', 'NULL'), ('drinks quality', 'neutral', 'Пилзнер')]
2651	Попробовала другое пиво, выбрала вишневое, мне очень понравился его необычный вкус, всем девушкам советую.	[('drinks quality', 'positive', 'пиво'), ('drinks quality', 'positive', 'вишневое')]
2652	В общем, вечером остались довольные, но хотелось бы попробовать и блюда уже из нового меню.	[('restaurant general', 'positive', 'NULL')]
2653	Небольшой и уютный ресторан.	[('ambience general', 'positive', 'ресторан.')]
2654	При входе нас встретил элегантный мужчина, который принял верхнюю одежду и проводил в зал.	[('service general', 'positive', 'мужчина')]
2655	Встречающий гостей хозяин - это много значит, такое в Питере я еще не встречал.	[('service general', 'positive', 'хозяин')]
2656	Внутри ресторан достаточно уютный, но вот столики маленькие, четвером за одним столиком уже тесновато, особенно когда набираешь блюда.	[('restaurant general', 'positive', 'ресторан'), ('ambience general', 'negative', 'столики')]
2657	Меню ресторана достаточно утонченное, но не блещет 10 салатами, 10 вторыми блюдами и т.д.	[('food style_options', 'neutral', 'Меню')]
2658	Но, в то же время кухня в нем превосходная, все блюда там изысканные и очень вкусные.	[('food quality', 'positive', 'кухня'), ('food quality', 'positive', 'блюда')]
2659	Блюдо было нежнейшим, таяло во рту!	[('food quality', 'positive', 'Блюдо')]
2660	Порции небольшие, но и не маленькие, самое то, что бы все съесть, что заказал.	[('food style_options', 'neutral', 'Порции')]
2661	Ресторан очень уютный, чувствуешь себя как дома.	[('ambience general', 'positive', 'Ресторан')]
2662	Обслуживание хорошее, кухня вкусная.	[('service general', 'positive', 'Обслуживание'), ('food quality', 'positive', 'кухня')]
2663	Но, скажу сразу, что ресторан не дешевый, примерный счет 2000 руб на человека.	[('restaurant prices', 'negative', 'NULL')]
2664	Хотя, если не смотреть на цену, то ресторан смело можно рекомендовать к посещению.	[('restaurant general', 'positive', 'ресторан')]
2665	Данный ресторан я включу в свой белый список, и буду всегда иметь его на примете.	[('restaurant general', 'positive', 'ресторан')]
2666	Вкусно.	[('food quality', 'positive', 'NULL')]
2667	"Обслуживание ""на уровне""."	[('service general', 'neutral', 'Обслуживание')]
2668	"Вот на этот ""уровень"" оно и ориентированно, не на клиента ))"	[('service general', 'negative', 'NULL')]
2669	Обслуживающего персонала было явно больше, чем гостей.	[('service general', 'negative', 'Обслуживающего персонала')]
2670	"Девушка категорично сказала: ""нет, большие столы - для больших компаний, и один из них зарезервирован""."	[('service general', 'negative', 'Девушка')]
2671	Смешно, один занят, один зарезервирован, и еще несколько пустуют, но мы не можем сесть где нравится, т.к. нас только двое.	[('service general', 'negative', 'NULL')]
2672	Кухня, действительно хороша.	[('food quality', 'positive', 'Кухня')]
2673	Музыка тоже.	[('ambience general', 'positive', 'Музыка')]
2674	Первый раз пишу отзыв о ресторане, настолько меня впечатлило данное место.	[('restaurant general', 'positive', 'место')]
2675	Прекрасная кухня, уютный интерьер, доброжелательные официанты, очень дружественная атмосфера!	[('food quality', 'positive', 'кухня'), ('ambience general', 'positive', 'интерьер'), ('service general', 'positive', 'официанты'), ('ambience general', 'positive', 'атмосфера')]
2676	Невозможно уйти оттуда с плохим настроением и голодным, порции очень большие!))	[('food style_options', 'positive', 'порции')]
2677	Особенно порадовал ценник...качественная еда за небольшие деньги.	[('food quality', 'positive', 'еда'), ('food prices', 'positive', 'еда')]
2678	Ходили с молодым человеком, заказали омлет по-баварски 260р., салат с теплой куриной печенью 260р., пиво 0,5л. 220р. и бокал белого вина 250р., все вместе обошлось нам всего лишь в 990р.	[('food prices', 'positive', 'омлет по-баварски'), ('food prices', 'positive', 'салат с теплой куриной печенью'), ('drinks prices', 'positive', 'пиво'), ('drinks prices', 'positive', 'белого вина')]
2679	Вообщем впечатление прекрасное, будем заходить еще!!!)))))	[('restaurant general', 'positive', 'NULL')]
2680	Были с друзьями в пабе Метрополь, всё очень понравилось.	[('restaurant general', 'positive', 'пабе Метрополь')]
2681	При входе открывает дверь швейцар, далее стойка с хостес, все очень вежливые, просторная гардеробная, красивая лестница.	[('service general', 'positive', 'швейцар'), ('ambience general', 'positive', 'гардеробная'), ('ambience general', 'positive', 'лестница')]
2682	Интерьер на очень достойном уровне, чувствуется что заведение держит свою марку.	[('ambience general', 'positive', 'Интерьер'), ('restaurant general', 'positive', 'заведение')]
2683	В пабе большие деревянные столы, удобные стулья, есть телевизоры, в тот день крутили какой-то концерт.	[('ambience general', 'positive', 'столы'), ('ambience general', 'positive', 'стулья'), ('ambience general', 'positive', 'телевизоры')]
2684	Ненавязчивый и услужливый официант, даже не записывал наш заказ, всё запоминал, видимо знает своё дело :)	[('service general', 'positive', 'официант')]
2685	Сразу скажу про цены, это не забегаловка, поэтому на хороший ужин с пивом, одному человеку нужно как минимум иметь при себе 1500 руб.	[('restaurant general', 'positive', 'NULL')]
2686	Но если вы действительно хотите провести приятный вечер в приличном месте, то оно того стоит.	[('restaurant general', 'positive', 'месте')]
2687	Порции не маленькие, а пиво вкусное, блюда готовили не очень долго, мы не успели утомиться в ожидании.	[('food quality', 'positive', 'Порции'), ('food quality', 'positive', 'пиво')]
2688	В общем, впечатления от паба позитивные, спасибо персоналу ресторанного комплекса за то, что стараетесь сделать клиентов довольными!!!	[('restaurant general', 'positive', 'паба'), ('service general', 'positive', 'персоналу')]
2689	Отдельное спасибо за красоту, за интерьеры!	[('ambience general', 'positive', 'красоту'), ('ambience general', 'positive', 'интерьеры')]
2690	Наши опасения оказались напрасны, места были...	[('ambience general', 'positive', 'NULL')]
2691	А если точнее, мы вошли в абсолютно пустое помещение - симпатичное, полутемное, с приятным декором, но подозрительно безлюдное.	[('ambience general', 'negative', 'NULL'), ('ambience general', 'positive', 'декором')]
2692	Выбрав понравившийся столик мы присели и тут же появилась официантка, которая принесла меню и ответила на мои вопросы о завозе устриц.	[('ambience general', 'positive', 'столик'), ('service general', 'positive', 'официантка')]
2693	Сразу же отмечу обслуживание - придраться не к чему, все четко и ненавязчиво; единственное, горячее долго не несли, но это уже мелочи.	[('service general', 'negative', 'NULL'), ('service general', 'positive', 'обслуживание')]
2694	Не могу сказать, что это лучшие устрицы в моей жизни, но в целом, весьма неплохие.	[('food quality', 'neutral', 'устрицы')]
2695	В качестве горячего ела филе норвежского лосося с овощами и креветками - чудесное блюдо.	[('food quality', 'positive', 'горячего'), ('food quality', 'positive', 'филе норвежского лосося с овощами и креветками')]
2696	Позжже захотелось еще чая с десертами, но - увы! - десертов не оказалось вовсе...	[('food style_options', 'negative', 'десертов')]
2697	Не скажу, что буду посещать это заведение часто, но скорее всего, однажды зайду туда еще раз.	[('restaurant general', 'positive', 'NULL')]
2698	И первое, что поражает при входе в ресторан - замечательный очень необычный интерьер, ничего подобного в ресторанах нашего города я не встречала.	[('service general', 'positive', 'ресторан'), ('ambience general', 'positive', 'интерьер')]
2699	Следующее на что обращаешь внимание, попав в ресторан, - это очень дружелюбный персонал.	[('restaurant general', 'positive', 'ресторан'), ('service general', 'positive', 'персонал')]
2700	Официанты всегда улыбчивы и готовы помочь в выборе блюд.	[('service general', 'positive', 'Официанты')]
2701	Я уже успела попробовать многое из меню.	[('food quality', 'positive', 'меню')]
2702	Например, вчера я заказывала крем-суп из лосося и равиолли с грибами.	[('food quality', 'positive', 'крем-суп из лосося'), ('food quality', 'positive', 'равиолли с грибами')]
2703	Порции очень большие, всё вкусно.	[('food quality', 'positive', 'NULL')]
2704	В ресторане Roll & Roll я всегда с уверенностью заказываю новые блюда, потому что я ни разу не разочаровалась в своём выборе.	[('restaurant general', 'positive', 'ресторане Roll & Roll'), ('food quality', 'positive', 'блюда')]
2705	В ресторане представлен большой выбор алкоголя по разумным ценам: много сортов разливного пива и обширная винная карта.	[('restaurant general', 'positive', 'ресторане'), ('food quality', 'positive', 'выбор алкоголя'), ('food prices', 'positive', 'ценам'), ('food quality', 'positive', 'разливного пива'), ('food quality', 'positive', 'винная карта')]
2706	А также можно попробовать очень вкусные коктейли, приготовленные барменом.	[('food quality', 'positive', 'коктейли')]
2707	Ресторан Roll & Roll стал не только любимым в этом районе, но и ,пожалуй, во всем городе.	[('restaurant general', 'positive', 'Ресторан Roll & Roll')]
2708	Мне нравится этот ресторан, была там дважды и, полагаю, приду еще.	[('restaurant general', 'positive', 'ресторан')]
2709	Очень вкусная кухня, только порции такие большие, что съев салат, тяжело осилить основное блюдо...))	[('food quality', 'positive', 'кухня')]
2710	Впрочем, думаю, мужчинам размер порций наоборот понравится!	[('food quality', 'positive', 'порций')]
2711	Хорошее вино.	[('food quality', 'positive', 'вино')]
2712	Интерьер приятный - правда, мне больше понравился первый зал - он более ресторанного типа, а многие любят сидеть во втором, напоминающем по интерьеру греческую таверну.	[('ambience general', 'positive', 'Интерьер'), ('ambience general', 'positive', 'первый зал'), ('ambience general', 'positive', 'интерьеру')]
2713	Обслуживание было более чем достойное - приятные официантки, все без задержек, все с улыбкой.	[('service general', 'positive', 'Обслуживание'), ('service general', 'positive', 'официантки')]
2714	В общем, атмосфера более чем радушная.	[('ambience general', 'positive', 'атмосфера')]
2715	Наконец нашли подходящее время, чтобы оставить свой отзыв и выразить благодарность этому прекрасному ресторану!	[('restaurant general', 'positive', 'ресторану')]
2716	Очень красивый и уютный каминный зал, прекрасный декор и интерьер!	[('ambience general', 'positive', 'каминный зал'), ('ambience general', 'positive', 'декор'), ('ambience general', 'positive', 'интерьер')]
2717	Именно каминный зал мы выбрали для проведения своего праздника.	[('ambience general', 'positive', 'каминный зал')]
2718	Хочется присоединиться ко всем положительным отзывам в адрес всего персонала ресторана.	[('service general', 'positive', 'персонала ресторана')]
2719	Приятно было работать с администратором Сергеем, хочется выразить отдельную благодарность его стараниям и усилиям в организации и непосредственно проведении торжества.	[('service general', 'positive', 'администратором')]
2720	Очень дружелюбный и внимательный коллектив официантов, все было во время и, кстати, от подачи блюд до элементарной чистоты на столах.	[('service general', 'positive', 'коллектив официантов'), ('service general', 'positive', 'подачи блюд')]
2721	Было приятно общаться со всем персоналом- вежливые, улыбчивые и дружелюбные.	[('service general', 'positive', 'персоналом')]
2722	Понравилась и кухня -очень красивая сервировка и подача блюд, да и вкус блюд оставил самые положительные впечатления, было вкусно и относительно не дорого.	[('food prices', 'positive', 'NULL'), ('food quality', 'positive', 'кухня'), ('food quality', 'positive', 'сервировка'), ('food quality', 'positive', 'подача блюд'), ('food quality', 'positive', 'вкус блюд')]
2723	На следующее же день администратор Сергей связался с нами и порадовал нас хорошей новостью!	[('service general', 'positive', 'администратор')]
2724	"Сидели ждали заказ минут 30, потом к нам подошел человек ""на кочерге"" и сказал, что он очень извиняется и что шашлык скоро принесут...через минут 10 нам принесли холодное мясо ( причем что мы взяли 2 разных)..."	[('service general', 'negative', 'человек'), ('food quality', 'negative', 'мясо')]
2725	Когда мы сказали, что шашлык холодный перед нами снова извинился все тот же мужчина и предложил его подогреть... на вкус он был просто отстой (мой муж половину просто не съел, хотя обычно есть все, что не приколочено)...	[('food quality', 'negative', 'шашлык'), ('service general', 'negative', 'мужчина'), ('food quality', 'negative', 'вкус')]
2726	Это единственное заведение, в котором мы не оставили на чай за последние 5 лет!	[('service general', 'negative', 'NULL'), ('restaurant general', 'negative', 'заведение')]
2727	Никому не посоветую еду из данного заведения.	[('food quality', 'negative', 'NULL'), ('restaurant general', 'negative', 'заведения')]
2728	Хотя счет нам принесли за минуту.	[('service general', 'positive', 'NULL')]
2729	Впечатления остались только хорошие,интерьер помогает расслабиться,очень уютно.	[('restaurant general', 'positive', 'Впечатления'), ('ambience general', 'positive', 'интерьер')]
2730	Готовят вкусно и достаточно быстро,на мой взгляд.	[('food quality', 'positive', 'NULL')]
2731	Обслуживала нас приятная,веселая девушка,успевала и еду приносить, и коктейли мешать,еще и скидку нам сделала.	[('service general', 'positive', 'девушка'), ('food prices', 'positive', 'скидку')]
2732	Именно в это кафе приду отмечать свой день рождения.	[('restaurant general', 'positive', 'кафе')]
